episode_id,subject_id,k,seed,class_label,trial_key,record_id,repetition_id,session_id,split_name
grabmyo-S12-K2-seed3401,12,2,3401,hand_close,grabmyo-S012-D1-hand_close-T02,grabmyo-S012-D1-hand_close-T02,grabmyo-S012-D1-hand_close-T02,1,validation
grabmyo-S12-K2-seed3401,12,2,3401,hand_close,grabmyo-S012-D1-hand_close-T06,grabmyo-S012-D1-hand_close-T06,grabmyo-S012-D1-hand_close-T06,1,validation
grabmyo-S12-K2-seed3401,12,2,3401,rest,grabmyo-S012-D1-rest-T05,grabmyo-S012-D1-rest-T05,grabmyo-S012-D1-rest-T05,1,validation
grabmyo-S12-K2-seed3401,12,2,3401,rest,grabmyo-S012-D1-rest-T07,grabmyo-S012-D1-rest-T07,grabmyo-S012-D1-rest-T07,1,validation
grabmyo-S12-K2-seed3401,12,2,3401,wrist_extension,grabmyo-S012-D1-wrist_extension-T01,grabmyo-S012-D1-wrist_extension-T01,grabmyo-S012-D1-wrist_extension-T01,1,validation
grabmyo-S12-K2-seed3401,12,2,3401,wrist_extension,grabmyo-S012-D1-wrist_extension-T07,grabmyo-S012-D1-wrist_extension-T07,grabmyo-S012-D1-wrist_extension-T07,1,validation
grabmyo-S12-K2-seed3401,12,2,3401,wrist_flexion,grabmyo-S012-D1-wrist_flexion-T02,grabmyo-S012-D1-wrist_flexion-T02,grabmyo-S012-D1-wrist_flexion-T02,1,validation
grabmyo-S12-K2-seed3401,12,2,3401,wrist_flexion,grabmyo-S012-D1-wrist_flexion-T06,grabmyo-S012-D1-wrist_flexion-T06,grabmyo-S012-D1-wrist_flexion-T06,1,validation
grabmyo-S13-K2-seed3401,13,2,3401,hand_close,grabmyo-S013-D1-hand_close-T04,grabmyo-S013-D1-hand_close-T04,grabmyo-S013-D1-hand_close-T04,1,validation
grabmyo-S13-K2-seed3401,13,2,3401,hand_close,grabmyo-S013-D1-hand_close-T07,grabmyo-S013-D1-hand_close-T07,grabmyo-S013-D1-hand_close-T07,1,validation
grabmyo-S13-K2-seed3401,13,2,3401,rest,grabmyo-S013-D1-rest-T03,grabmyo-S013-D1-rest-T03,grabmyo-S013-D1-rest-T03,1,validation
grabmyo-S13-K2-seed3401,13,2,3401,rest,grabmyo-S013-D1-rest-T04,grabmyo-S013-D1-rest-T04,grabmyo-S013-D1-rest-T04,1,validation
grabmyo-S13-K2-seed3401,13,2,3401,wrist_extension,grabmyo-S013-D1-wrist_extension-T04,grabmyo-S013-D1-wrist_extension-T04,grabmyo-S013-D1-wrist_extension-T04,1,validation
grabmyo-S13-K2-seed3401,13,2,3401,wrist_extension,grabmyo-S013-D1-wrist_extension-T06,grabmyo-S013-D1-wrist_extension-T06,grabmyo-S013-D1-wrist_extension-T06,1,validation
grabmyo-S13-K2-seed3401,13,2,3401,wrist_flexion,grabmyo-S013-D1-wrist_flexion-T01,grabmyo-S013-D1-wrist_flexion-T01,grabmyo-S013-D1-wrist_flexion-T01,1,validation
grabmyo-S13-K2-seed3401,13,2,3401,wrist_flexion,grabmyo-S013-D1-wrist_flexion-T03,grabmyo-S013-D1-wrist_flexion-T03,grabmyo-S013-D1-wrist_flexion-T03,1,validation
grabmyo-S25-K2-seed3401,25,2,3401,hand_close,grabmyo-S025-D1-hand_close-T03,grabmyo-S025-D1-hand_close-T03,grabmyo-S025-D1-hand_close-T03,1,validation
grabmyo-S25-K2-seed3401,25,2,3401,hand_close,grabmyo-S025-D1-hand_close-T05,grabmyo-S025-D1-hand_close-T05,grabmyo-S025-D1-hand_close-T05,1,validation
grabmyo-S25-K2-seed3401,25,2,3401,rest,grabmyo-S025-D1-rest-T04,grabmyo-S025-D1-rest-T04,grabmyo-S025-D1-rest-T04,1,validation
grabmyo-S25-K2-seed3401,25,2,3401,rest,grabmyo-S025-D1-rest-T07,grabmyo-S025-D1-rest-T07,grabmyo-S025-D1-rest-T07,1,validation
grabmyo-S25-K2-seed3401,25,2,3401,wrist_extension,grabmyo-S025-D1-wrist_extension-T02,grabmyo-S025-D1-wrist_extension-T02,grabmyo-S025-D1-wrist_extension-T02,1,validation
grabmyo-S25-K2-seed3401,25,2,3401,wrist_extension,grabmyo-S025-D1-wrist_extension-T03,grabmyo-S025-D1-wrist_extension-T03,grabmyo-S025-D1-wrist_extension-T03,1,validation
grabmyo-S25-K2-seed3401,25,2,3401,wrist_flexion,grabmyo-S025-D1-wrist_flexion-T03,grabmyo-S025-D1-wrist_flexion-T03,grabmyo-S025-D1-wrist_flexion-T03,1,validation
grabmyo-S25-K2-seed3401,25,2,3401,wrist_flexion,grabmyo-S025-D1-wrist_flexion-T07,grabmyo-S025-D1-wrist_flexion-T07,grabmyo-S025-D1-wrist_flexion-T07,1,validation
grabmyo-S26-K2-seed3401,26,2,3401,hand_close,grabmyo-S026-D1-hand_close-T04,grabmyo-S026-D1-hand_close-T04,grabmyo-S026-D1-hand_close-T04,1,validation
grabmyo-S26-K2-seed3401,26,2,3401,hand_close,grabmyo-S026-D1-hand_close-T06,grabmyo-S026-D1-hand_close-T06,grabmyo-S026-D1-hand_close-T06,1,validation
grabmyo-S26-K2-seed3401,26,2,3401,rest,grabmyo-S026-D1-rest-T01,grabmyo-S026-D1-rest-T01,grabmyo-S026-D1-rest-T01,1,validation
grabmyo-S26-K2-seed3401,26,2,3401,rest,grabmyo-S026-D1-rest-T02,grabmyo-S026-D1-rest-T02,grabmyo-S026-D1-rest-T02,1,validation
grabmyo-S26-K2-seed3401,26,2,3401,wrist_extension,grabmyo-S026-D1-wrist_extension-T02,grabmyo-S026-D1-wrist_extension-T02,grabmyo-S026-D1-wrist_extension-T02,1,validation
grabmyo-S26-K2-seed3401,26,2,3401,wrist_extension,grabmyo-S026-D1-wrist_extension-T03,grabmyo-S026-D1-wrist_extension-T03,grabmyo-S026-D1-wrist_extension-T03,1,validation
grabmyo-S26-K2-seed3401,26,2,3401,wrist_flexion,grabmyo-S026-D1-wrist_flexion-T04,grabmyo-S026-D1-wrist_flexion-T04,grabmyo-S026-D1-wrist_flexion-T04,1,validation
grabmyo-S26-K2-seed3401,26,2,3401,wrist_flexion,grabmyo-S026-D1-wrist_flexion-T05,grabmyo-S026-D1-wrist_flexion-T05,grabmyo-S026-D1-wrist_flexion-T05,1,validation
grabmyo-S29-K2-seed3401,29,2,3401,hand_close,grabmyo-S029-D1-hand_close-T03,grabmyo-S029-D1-hand_close-T03,grabmyo-S029-D1-hand_close-T03,1,validation
grabmyo-S29-K2-seed3401,29,2,3401,hand_close,grabmyo-S029-D1-hand_close-T05,grabmyo-S029-D1-hand_close-T05,grabmyo-S029-D1-hand_close-T05,1,validation
grabmyo-S29-K2-seed3401,29,2,3401,rest,grabmyo-S029-D1-rest-T03,grabmyo-S029-D1-rest-T03,grabmyo-S029-D1-rest-T03,1,validation
grabmyo-S29-K2-seed3401,29,2,3401,rest,grabmyo-S029-D1-rest-T06,grabmyo-S029-D1-rest-T06,grabmyo-S029-D1-rest-T06,1,validation
grabmyo-S29-K2-seed3401,29,2,3401,wrist_extension,grabmyo-S029-D1-wrist_extension-T01,grabmyo-S029-D1-wrist_extension-T01,grabmyo-S029-D1-wrist_extension-T01,1,validation
grabmyo-S29-K2-seed3401,29,2,3401,wrist_extension,grabmyo-S029-D1-wrist_extension-T06,grabmyo-S029-D1-wrist_extension-T06,grabmyo-S029-D1-wrist_extension-T06,1,validation
grabmyo-S29-K2-seed3401,29,2,3401,wrist_flexion,grabmyo-S029-D1-wrist_flexion-T02,grabmyo-S029-D1-wrist_flexion-T02,grabmyo-S029-D1-wrist_flexion-T02,1,validation
grabmyo-S29-K2-seed3401,29,2,3401,wrist_flexion,grabmyo-S029-D1-wrist_flexion-T07,grabmyo-S029-D1-wrist_flexion-T07,grabmyo-S029-D1-wrist_flexion-T07,1,validation
grabmyo-S33-K2-seed3401,33,2,3401,hand_close,grabmyo-S033-D1-hand_close-T01,grabmyo-S033-D1-hand_close-T01,grabmyo-S033-D1-hand_close-T01,1,validation
grabmyo-S33-K2-seed3401,33,2,3401,hand_close,grabmyo-S033-D1-hand_close-T07,grabmyo-S033-D1-hand_close-T07,grabmyo-S033-D1-hand_close-T07,1,validation
grabmyo-S33-K2-seed3401,33,2,3401,rest,grabmyo-S033-D1-rest-T03,grabmyo-S033-D1-rest-T03,grabmyo-S033-D1-rest-T03,1,validation
grabmyo-S33-K2-seed3401,33,2,3401,rest,grabmyo-S033-D1-rest-T04,grabmyo-S033-D1-rest-T04,grabmyo-S033-D1-rest-T04,1,validation
grabmyo-S33-K2-seed3401,33,2,3401,wrist_extension,grabmyo-S033-D1-wrist_extension-T03,grabmyo-S033-D1-wrist_extension-T03,grabmyo-S033-D1-wrist_extension-T03,1,validation
grabmyo-S33-K2-seed3401,33,2,3401,wrist_extension,grabmyo-S033-D1-wrist_extension-T04,grabmyo-S033-D1-wrist_extension-T04,grabmyo-S033-D1-wrist_extension-T04,1,validation
grabmyo-S33-K2-seed3401,33,2,3401,wrist_flexion,grabmyo-S033-D1-wrist_flexion-T03,grabmyo-S033-D1-wrist_flexion-T03,grabmyo-S033-D1-wrist_flexion-T03,1,validation
grabmyo-S33-K2-seed3401,33,2,3401,wrist_flexion,grabmyo-S033-D1-wrist_flexion-T05,grabmyo-S033-D1-wrist_flexion-T05,grabmyo-S033-D1-wrist_flexion-T05,1,validation
grabmyo-S34-K2-seed3401,34,2,3401,hand_close,grabmyo-S034-D1-hand_close-T05,grabmyo-S034-D1-hand_close-T05,grabmyo-S034-D1-hand_close-T05,1,validation
grabmyo-S34-K2-seed3401,34,2,3401,hand_close,grabmyo-S034-D1-hand_close-T07,grabmyo-S034-D1-hand_close-T07,grabmyo-S034-D1-hand_close-T07,1,validation
grabmyo-S34-K2-seed3401,34,2,3401,rest,grabmyo-S034-D1-rest-T01,grabmyo-S034-D1-rest-T01,grabmyo-S034-D1-rest-T01,1,validation
grabmyo-S34-K2-seed3401,34,2,3401,rest,grabmyo-S034-D1-rest-T06,grabmyo-S034-D1-rest-T06,grabmyo-S034-D1-rest-T06,1,validation
grabmyo-S34-K2-seed3401,34,2,3401,wrist_extension,grabmyo-S034-D1-wrist_extension-T01,grabmyo-S034-D1-wrist_extension-T01,grabmyo-S034-D1-wrist_extension-T01,1,validation
grabmyo-S34-K2-seed3401,34,2,3401,wrist_extension,grabmyo-S034-D1-wrist_extension-T03,grabmyo-S034-D1-wrist_extension-T03,grabmyo-S034-D1-wrist_extension-T03,1,validation
grabmyo-S34-K2-seed3401,34,2,3401,wrist_flexion,grabmyo-S034-D1-wrist_flexion-T01,grabmyo-S034-D1-wrist_flexion-T01,grabmyo-S034-D1-wrist_flexion-T01,1,validation
grabmyo-S34-K2-seed3401,34,2,3401,wrist_flexion,grabmyo-S034-D1-wrist_flexion-T03,grabmyo-S034-D1-wrist_flexion-T03,grabmyo-S034-D1-wrist_flexion-T03,1,validation
grabmyo-S35-K2-seed3401,35,2,3401,hand_close,grabmyo-S035-D1-hand_close-T02,grabmyo-S035-D1-hand_close-T02,grabmyo-S035-D1-hand_close-T02,1,validation
grabmyo-S35-K2-seed3401,35,2,3401,hand_close,grabmyo-S035-D1-hand_close-T07,grabmyo-S035-D1-hand_close-T07,grabmyo-S035-D1-hand_close-T07,1,validation
grabmyo-S35-K2-seed3401,35,2,3401,rest,grabmyo-S035-D1-rest-T05,grabmyo-S035-D1-rest-T05,grabmyo-S035-D1-rest-T05,1,validation
grabmyo-S35-K2-seed3401,35,2,3401,rest,grabmyo-S035-D1-rest-T07,grabmyo-S035-D1-rest-T07,grabmyo-S035-D1-rest-T07,1,validation
grabmyo-S35-K2-seed3401,35,2,3401,wrist_extension,grabmyo-S035-D1-wrist_extension-T01,grabmyo-S035-D1-wrist_extension-T01,grabmyo-S035-D1-wrist_extension-T01,1,validation
grabmyo-S35-K2-seed3401,35,2,3401,wrist_extension,grabmyo-S035-D1-wrist_extension-T02,grabmyo-S035-D1-wrist_extension-T02,grabmyo-S035-D1-wrist_extension-T02,1,validation
grabmyo-S35-K2-seed3401,35,2,3401,wrist_flexion,grabmyo-S035-D1-wrist_flexion-T02,grabmyo-S035-D1-wrist_flexion-T02,grabmyo-S035-D1-wrist_flexion-T02,1,validation
grabmyo-S35-K2-seed3401,35,2,3401,wrist_flexion,grabmyo-S035-D1-wrist_flexion-T06,grabmyo-S035-D1-wrist_flexion-T06,grabmyo-S035-D1-wrist_flexion-T06,1,validation
grabmyo-S41-K2-seed3401,41,2,3401,hand_close,grabmyo-S041-D1-hand_close-T02,grabmyo-S041-D1-hand_close-T02,grabmyo-S041-D1-hand_close-T02,1,validation
grabmyo-S41-K2-seed3401,41,2,3401,hand_close,grabmyo-S041-D1-hand_close-T03,grabmyo-S041-D1-hand_close-T03,grabmyo-S041-D1-hand_close-T03,1,validation
grabmyo-S41-K2-seed3401,41,2,3401,rest,grabmyo-S041-D1-rest-T02,grabmyo-S041-D1-rest-T02,grabmyo-S041-D1-rest-T02,1,validation
grabmyo-S41-K2-seed3401,41,2,3401,rest,grabmyo-S041-D1-rest-T05,grabmyo-S041-D1-rest-T05,grabmyo-S041-D1-rest-T05,1,validation
grabmyo-S41-K2-seed3401,41,2,3401,wrist_extension,grabmyo-S041-D1-wrist_extension-T04,grabmyo-S041-D1-wrist_extension-T04,grabmyo-S041-D1-wrist_extension-T04,1,validation
grabmyo-S41-K2-seed3401,41,2,3401,wrist_extension,grabmyo-S041-D1-wrist_extension-T06,grabmyo-S041-D1-wrist_extension-T06,grabmyo-S041-D1-wrist_extension-T06,1,validation
grabmyo-S41-K2-seed3401,41,2,3401,wrist_flexion,grabmyo-S041-D1-wrist_flexion-T01,grabmyo-S041-D1-wrist_flexion-T01,grabmyo-S041-D1-wrist_flexion-T01,1,validation
grabmyo-S41-K2-seed3401,41,2,3401,wrist_flexion,grabmyo-S041-D1-wrist_flexion-T03,grabmyo-S041-D1-wrist_flexion-T03,grabmyo-S041-D1-wrist_flexion-T03,1,validation
grabmyo-S12-K2-seed3402,12,2,3402,hand_close,grabmyo-S012-D1-hand_close-T01,grabmyo-S012-D1-hand_close-T01,grabmyo-S012-D1-hand_close-T01,1,validation
grabmyo-S12-K2-seed3402,12,2,3402,hand_close,grabmyo-S012-D1-hand_close-T06,grabmyo-S012-D1-hand_close-T06,grabmyo-S012-D1-hand_close-T06,1,validation
grabmyo-S12-K2-seed3402,12,2,3402,rest,grabmyo-S012-D1-rest-T02,grabmyo-S012-D1-rest-T02,grabmyo-S012-D1-rest-T02,1,validation
grabmyo-S12-K2-seed3402,12,2,3402,rest,grabmyo-S012-D1-rest-T03,grabmyo-S012-D1-rest-T03,grabmyo-S012-D1-rest-T03,1,validation
grabmyo-S12-K2-seed3402,12,2,3402,wrist_extension,grabmyo-S012-D1-wrist_extension-T05,grabmyo-S012-D1-wrist_extension-T05,grabmyo-S012-D1-wrist_extension-T05,1,validation
grabmyo-S12-K2-seed3402,12,2,3402,wrist_extension,grabmyo-S012-D1-wrist_extension-T06,grabmyo-S012-D1-wrist_extension-T06,grabmyo-S012-D1-wrist_extension-T06,1,validation
grabmyo-S12-K2-seed3402,12,2,3402,wrist_flexion,grabmyo-S012-D1-wrist_flexion-T01,grabmyo-S012-D1-wrist_flexion-T01,grabmyo-S012-D1-wrist_flexion-T01,1,validation
grabmyo-S12-K2-seed3402,12,2,3402,wrist_flexion,grabmyo-S012-D1-wrist_flexion-T07,grabmyo-S012-D1-wrist_flexion-T07,grabmyo-S012-D1-wrist_flexion-T07,1,validation
grabmyo-S13-K2-seed3402,13,2,3402,hand_close,grabmyo-S013-D1-hand_close-T03,grabmyo-S013-D1-hand_close-T03,grabmyo-S013-D1-hand_close-T03,1,validation
grabmyo-S13-K2-seed3402,13,2,3402,hand_close,grabmyo-S013-D1-hand_close-T05,grabmyo-S013-D1-hand_close-T05,grabmyo-S013-D1-hand_close-T05,1,validation
grabmyo-S13-K2-seed3402,13,2,3402,rest,grabmyo-S013-D1-rest-T01,grabmyo-S013-D1-rest-T01,grabmyo-S013-D1-rest-T01,1,validation
grabmyo-S13-K2-seed3402,13,2,3402,rest,grabmyo-S013-D1-rest-T06,grabmyo-S013-D1-rest-T06,grabmyo-S013-D1-rest-T06,1,validation
grabmyo-S13-K2-seed3402,13,2,3402,wrist_extension,grabmyo-S013-D1-wrist_extension-T01,grabmyo-S013-D1-wrist_extension-T01,grabmyo-S013-D1-wrist_extension-T01,1,validation
grabmyo-S13-K2-seed3402,13,2,3402,wrist_extension,grabmyo-S013-D1-wrist_extension-T03,grabmyo-S013-D1-wrist_extension-T03,grabmyo-S013-D1-wrist_extension-T03,1,validation
grabmyo-S13-K2-seed3402,13,2,3402,wrist_flexion,grabmyo-S013-D1-wrist_flexion-T03,grabmyo-S013-D1-wrist_flexion-T03,grabmyo-S013-D1-wrist_flexion-T03,1,validation
grabmyo-S13-K2-seed3402,13,2,3402,wrist_flexion,grabmyo-S013-D1-wrist_flexion-T04,grabmyo-S013-D1-wrist_flexion-T04,grabmyo-S013-D1-wrist_flexion-T04,1,validation
grabmyo-S25-K2-seed3402,25,2,3402,hand_close,grabmyo-S025-D1-hand_close-T05,grabmyo-S025-D1-hand_close-T05,grabmyo-S025-D1-hand_close-T05,1,validation
grabmyo-S25-K2-seed3402,25,2,3402,hand_close,grabmyo-S025-D1-hand_close-T06,grabmyo-S025-D1-hand_close-T06,grabmyo-S025-D1-hand_close-T06,1,validation
grabmyo-S25-K2-seed3402,25,2,3402,rest,grabmyo-S025-D1-rest-T02,grabmyo-S025-D1-rest-T02,grabmyo-S025-D1-rest-T02,1,validation
grabmyo-S25-K2-seed3402,25,2,3402,rest,grabmyo-S025-D1-rest-T05,grabmyo-S025-D1-rest-T05,grabmyo-S025-D1-rest-T05,1,validation
grabmyo-S25-K2-seed3402,25,2,3402,wrist_extension,grabmyo-S025-D1-wrist_extension-T02,grabmyo-S025-D1-wrist_extension-T02,grabmyo-S025-D1-wrist_extension-T02,1,validation
grabmyo-S25-K2-seed3402,25,2,3402,wrist_extension,grabmyo-S025-D1-wrist_extension-T07,grabmyo-S025-D1-wrist_extension-T07,grabmyo-S025-D1-wrist_extension-T07,1,validation
grabmyo-S25-K2-seed3402,25,2,3402,wrist_flexion,grabmyo-S025-D1-wrist_flexion-T04,grabmyo-S025-D1-wrist_flexion-T04,grabmyo-S025-D1-wrist_flexion-T04,1,validation
grabmyo-S25-K2-seed3402,25,2,3402,wrist_flexion,grabmyo-S025-D1-wrist_flexion-T06,grabmyo-S025-D1-wrist_flexion-T06,grabmyo-S025-D1-wrist_flexion-T06,1,validation
grabmyo-S26-K2-seed3402,26,2,3402,hand_close,grabmyo-S026-D1-hand_close-T04,grabmyo-S026-D1-hand_close-T04,grabmyo-S026-D1-hand_close-T04,1,validation
grabmyo-S26-K2-seed3402,26,2,3402,hand_close,grabmyo-S026-D1-hand_close-T06,grabmyo-S026-D1-hand_close-T06,grabmyo-S026-D1-hand_close-T06,1,validation
grabmyo-S26-K2-seed3402,26,2,3402,rest,grabmyo-S026-D1-rest-T02,grabmyo-S026-D1-rest-T02,grabmyo-S026-D1-rest-T02,1,validation
grabmyo-S26-K2-seed3402,26,2,3402,rest,grabmyo-S026-D1-rest-T07,grabmyo-S026-D1-rest-T07,grabmyo-S026-D1-rest-T07,1,validation
grabmyo-S26-K2-seed3402,26,2,3402,wrist_extension,grabmyo-S026-D1-wrist_extension-T02,grabmyo-S026-D1-wrist_extension-T02,grabmyo-S026-D1-wrist_extension-T02,1,validation
grabmyo-S26-K2-seed3402,26,2,3402,wrist_extension,grabmyo-S026-D1-wrist_extension-T05,grabmyo-S026-D1-wrist_extension-T05,grabmyo-S026-D1-wrist_extension-T05,1,validation
grabmyo-S26-K2-seed3402,26,2,3402,wrist_flexion,grabmyo-S026-D1-wrist_flexion-T01,grabmyo-S026-D1-wrist_flexion-T01,grabmyo-S026-D1-wrist_flexion-T01,1,validation
grabmyo-S26-K2-seed3402,26,2,3402,wrist_flexion,grabmyo-S026-D1-wrist_flexion-T02,grabmyo-S026-D1-wrist_flexion-T02,grabmyo-S026-D1-wrist_flexion-T02,1,validation
grabmyo-S29-K2-seed3402,29,2,3402,hand_close,grabmyo-S029-D1-hand_close-T04,grabmyo-S029-D1-hand_close-T04,grabmyo-S029-D1-hand_close-T04,1,validation
grabmyo-S29-K2-seed3402,29,2,3402,hand_close,grabmyo-S029-D1-hand_close-T07,grabmyo-S029-D1-hand_close-T07,grabmyo-S029-D1-hand_close-T07,1,validation
grabmyo-S29-K2-seed3402,29,2,3402,rest,grabmyo-S029-D1-rest-T02,grabmyo-S029-D1-rest-T02,grabmyo-S029-D1-rest-T02,1,validation
grabmyo-S29-K2-seed3402,29,2,3402,rest,grabmyo-S029-D1-rest-T07,grabmyo-S029-D1-rest-T07,grabmyo-S029-D1-rest-T07,1,validation
grabmyo-S29-K2-seed3402,29,2,3402,wrist_extension,grabmyo-S029-D1-wrist_extension-T01,grabmyo-S029-D1-wrist_extension-T01,grabmyo-S029-D1-wrist_extension-T01,1,validation
grabmyo-S29-K2-seed3402,29,2,3402,wrist_extension,grabmyo-S029-D1-wrist_extension-T05,grabmyo-S029-D1-wrist_extension-T05,grabmyo-S029-D1-wrist_extension-T05,1,validation
grabmyo-S29-K2-seed3402,29,2,3402,wrist_flexion,grabmyo-S029-D1-wrist_flexion-T05,grabmyo-S029-D1-wrist_flexion-T05,grabmyo-S029-D1-wrist_flexion-T05,1,validation
grabmyo-S29-K2-seed3402,29,2,3402,wrist_flexion,grabmyo-S029-D1-wrist_flexion-T07,grabmyo-S029-D1-wrist_flexion-T07,grabmyo-S029-D1-wrist_flexion-T07,1,validation
grabmyo-S33-K2-seed3402,33,2,3402,hand_close,grabmyo-S033-D1-hand_close-T06,grabmyo-S033-D1-hand_close-T06,grabmyo-S033-D1-hand_close-T06,1,validation
grabmyo-S33-K2-seed3402,33,2,3402,hand_close,grabmyo-S033-D1-hand_close-T07,grabmyo-S033-D1-hand_close-T07,grabmyo-S033-D1-hand_close-T07,1,validation
grabmyo-S33-K2-seed3402,33,2,3402,rest,grabmyo-S033-D1-rest-T02,grabmyo-S033-D1-rest-T02,grabmyo-S033-D1-rest-T02,1,validation
grabmyo-S33-K2-seed3402,33,2,3402,rest,grabmyo-S033-D1-rest-T05,grabmyo-S033-D1-rest-T05,grabmyo-S033-D1-rest-T05,1,validation
grabmyo-S33-K2-seed3402,33,2,3402,wrist_extension,grabmyo-S033-D1-wrist_extension-T01,grabmyo-S033-D1-wrist_extension-T01,grabmyo-S033-D1-wrist_extension-T01,1,validation
grabmyo-S33-K2-seed3402,33,2,3402,wrist_extension,grabmyo-S033-D1-wrist_extension-T03,grabmyo-S033-D1-wrist_extension-T03,grabmyo-S033-D1-wrist_extension-T03,1,validation
grabmyo-S33-K2-seed3402,33,2,3402,wrist_flexion,grabmyo-S033-D1-wrist_flexion-T02,grabmyo-S033-D1-wrist_flexion-T02,grabmyo-S033-D1-wrist_flexion-T02,1,validation
grabmyo-S33-K2-seed3402,33,2,3402,wrist_flexion,grabmyo-S033-D1-wrist_flexion-T07,grabmyo-S033-D1-wrist_flexion-T07,grabmyo-S033-D1-wrist_flexion-T07,1,validation
grabmyo-S34-K2-seed3402,34,2,3402,hand_close,grabmyo-S034-D1-hand_close-T04,grabmyo-S034-D1-hand_close-T04,grabmyo-S034-D1-hand_close-T04,1,validation
grabmyo-S34-K2-seed3402,34,2,3402,hand_close,grabmyo-S034-D1-hand_close-T05,grabmyo-S034-D1-hand_close-T05,grabmyo-S034-D1-hand_close-T05,1,validation
grabmyo-S34-K2-seed3402,34,2,3402,rest,grabmyo-S034-D1-rest-T02,grabmyo-S034-D1-rest-T02,grabmyo-S034-D1-rest-T02,1,validation
grabmyo-S34-K2-seed3402,34,2,3402,rest,grabmyo-S034-D1-rest-T03,grabmyo-S034-D1-rest-T03,grabmyo-S034-D1-rest-T03,1,validation
grabmyo-S34-K2-seed3402,34,2,3402,wrist_extension,grabmyo-S034-D1-wrist_extension-T05,grabmyo-S034-D1-wrist_extension-T05,grabmyo-S034-D1-wrist_extension-T05,1,validation
grabmyo-S34-K2-seed3402,34,2,3402,wrist_extension,grabmyo-S034-D1-wrist_extension-T06,grabmyo-S034-D1-wrist_extension-T06,grabmyo-S034-D1-wrist_extension-T06,1,validation
grabmyo-S34-K2-seed3402,34,2,3402,wrist_flexion,grabmyo-S034-D1-wrist_flexion-T03,grabmyo-S034-D1-wrist_flexion-T03,grabmyo-S034-D1-wrist_flexion-T03,1,validation
grabmyo-S34-K2-seed3402,34,2,3402,wrist_flexion,grabmyo-S034-D1-wrist_flexion-T04,grabmyo-S034-D1-wrist_flexion-T04,grabmyo-S034-D1-wrist_flexion-T04,1,validation
grabmyo-S35-K2-seed3402,35,2,3402,hand_close,grabmyo-S035-D1-hand_close-T03,grabmyo-S035-D1-hand_close-T03,grabmyo-S035-D1-hand_close-T03,1,validation
grabmyo-S35-K2-seed3402,35,2,3402,hand_close,grabmyo-S035-D1-hand_close-T04,grabmyo-S035-D1-hand_close-T04,grabmyo-S035-D1-hand_close-T04,1,validation
grabmyo-S35-K2-seed3402,35,2,3402,rest,grabmyo-S035-D1-rest-T05,grabmyo-S035-D1-rest-T05,grabmyo-S035-D1-rest-T05,1,validation
grabmyo-S35-K2-seed3402,35,2,3402,rest,grabmyo-S035-D1-rest-T06,grabmyo-S035-D1-rest-T06,grabmyo-S035-D1-rest-T06,1,validation
grabmyo-S35-K2-seed3402,35,2,3402,wrist_extension,grabmyo-S035-D1-wrist_extension-T03,grabmyo-S035-D1-wrist_extension-T03,grabmyo-S035-D1-wrist_extension-T03,1,validation
grabmyo-S35-K2-seed3402,35,2,3402,wrist_extension,grabmyo-S035-D1-wrist_extension-T04,grabmyo-S035-D1-wrist_extension-T04,grabmyo-S035-D1-wrist_extension-T04,1,validation
grabmyo-S35-K2-seed3402,35,2,3402,wrist_flexion,grabmyo-S035-D1-wrist_flexion-T01,grabmyo-S035-D1-wrist_flexion-T01,grabmyo-S035-D1-wrist_flexion-T01,1,validation
grabmyo-S35-K2-seed3402,35,2,3402,wrist_flexion,grabmyo-S035-D1-wrist_flexion-T02,grabmyo-S035-D1-wrist_flexion-T02,grabmyo-S035-D1-wrist_flexion-T02,1,validation
grabmyo-S41-K2-seed3402,41,2,3402,hand_close,grabmyo-S041-D1-hand_close-T01,grabmyo-S041-D1-hand_close-T01,grabmyo-S041-D1-hand_close-T01,1,validation
grabmyo-S41-K2-seed3402,41,2,3402,hand_close,grabmyo-S041-D1-hand_close-T05,grabmyo-S041-D1-hand_close-T05,grabmyo-S041-D1-hand_close-T05,1,validation
grabmyo-S41-K2-seed3402,41,2,3402,rest,grabmyo-S041-D1-rest-T01,grabmyo-S041-D1-rest-T01,grabmyo-S041-D1-rest-T01,1,validation
grabmyo-S41-K2-seed3402,41,2,3402,rest,grabmyo-S041-D1-rest-T04,grabmyo-S041-D1-rest-T04,grabmyo-S041-D1-rest-T04,1,validation
grabmyo-S41-K2-seed3402,41,2,3402,wrist_extension,grabmyo-S041-D1-wrist_extension-T02,grabmyo-S041-D1-wrist_extension-T02,grabmyo-S041-D1-wrist_extension-T02,1,validation
grabmyo-S41-K2-seed3402,41,2,3402,wrist_extension,grabmyo-S041-D1-wrist_extension-T03,grabmyo-S041-D1-wrist_extension-T03,grabmyo-S041-D1-wrist_extension-T03,1,validation
grabmyo-S41-K2-seed3402,41,2,3402,wrist_flexion,grabmyo-S041-D1-wrist_flexion-T04,grabmyo-S041-D1-wrist_flexion-T04,grabmyo-S041-D1-wrist_flexion-T04,1,validation
grabmyo-S41-K2-seed3402,41,2,3402,wrist_flexion,grabmyo-S041-D1-wrist_flexion-T07,grabmyo-S041-D1-wrist_flexion-T07,grabmyo-S041-D1-wrist_flexion-T07,1,validation
grabmyo-S12-K2-seed3403,12,2,3403,hand_close,grabmyo-S012-D1-hand_close-T01,grabmyo-S012-D1-hand_close-T01,grabmyo-S012-D1-hand_close-T01,1,validation
grabmyo-S12-K2-seed3403,12,2,3403,hand_close,grabmyo-S012-D1-hand_close-T02,grabmyo-S012-D1-hand_close-T02,grabmyo-S012-D1-hand_close-T02,1,validation
grabmyo-S12-K2-seed3403,12,2,3403,rest,grabmyo-S012-D1-rest-T02,grabmyo-S012-D1-rest-T02,grabmyo-S012-D1-rest-T02,1,validation
grabmyo-S12-K2-seed3403,12,2,3403,rest,grabmyo-S012-D1-rest-T04,grabmyo-S012-D1-rest-T04,grabmyo-S012-D1-rest-T04,1,validation
grabmyo-S12-K2-seed3403,12,2,3403,wrist_extension,grabmyo-S012-D1-wrist_extension-T01,grabmyo-S012-D1-wrist_extension-T01,grabmyo-S012-D1-wrist_extension-T01,1,validation
grabmyo-S12-K2-seed3403,12,2,3403,wrist_extension,grabmyo-S012-D1-wrist_extension-T04,grabmyo-S012-D1-wrist_extension-T04,grabmyo-S012-D1-wrist_extension-T04,1,validation
grabmyo-S12-K2-seed3403,12,2,3403,wrist_flexion,grabmyo-S012-D1-wrist_flexion-T01,grabmyo-S012-D1-wrist_flexion-T01,grabmyo-S012-D1-wrist_flexion-T01,1,validation
grabmyo-S12-K2-seed3403,12,2,3403,wrist_flexion,grabmyo-S012-D1-wrist_flexion-T02,grabmyo-S012-D1-wrist_flexion-T02,grabmyo-S012-D1-wrist_flexion-T02,1,validation
grabmyo-S13-K2-seed3403,13,2,3403,hand_close,grabmyo-S013-D1-hand_close-T05,grabmyo-S013-D1-hand_close-T05,grabmyo-S013-D1-hand_close-T05,1,validation
grabmyo-S13-K2-seed3403,13,2,3403,hand_close,grabmyo-S013-D1-hand_close-T06,grabmyo-S013-D1-hand_close-T06,grabmyo-S013-D1-hand_close-T06,1,validation
grabmyo-S13-K2-seed3403,13,2,3403,rest,grabmyo-S013-D1-rest-T01,grabmyo-S013-D1-rest-T01,grabmyo-S013-D1-rest-T01,1,validation
grabmyo-S13-K2-seed3403,13,2,3403,rest,grabmyo-S013-D1-rest-T07,grabmyo-S013-D1-rest-T07,grabmyo-S013-D1-rest-T07,1,validation
grabmyo-S13-K2-seed3403,13,2,3403,wrist_extension,grabmyo-S013-D1-wrist_extension-T05,grabmyo-S013-D1-wrist_extension-T05,grabmyo-S013-D1-wrist_extension-T05,1,validation
grabmyo-S13-K2-seed3403,13,2,3403,wrist_extension,grabmyo-S013-D1-wrist_extension-T06,grabmyo-S013-D1-wrist_extension-T06,grabmyo-S013-D1-wrist_extension-T06,1,validation
grabmyo-S13-K2-seed3403,13,2,3403,wrist_flexion,grabmyo-S013-D1-wrist_flexion-T02,grabmyo-S013-D1-wrist_flexion-T02,grabmyo-S013-D1-wrist_flexion-T02,1,validation
grabmyo-S13-K2-seed3403,13,2,3403,wrist_flexion,grabmyo-S013-D1-wrist_flexion-T06,grabmyo-S013-D1-wrist_flexion-T06,grabmyo-S013-D1-wrist_flexion-T06,1,validation
grabmyo-S25-K2-seed3403,25,2,3403,hand_close,grabmyo-S025-D1-hand_close-T02,grabmyo-S025-D1-hand_close-T02,grabmyo-S025-D1-hand_close-T02,1,validation
grabmyo-S25-K2-seed3403,25,2,3403,hand_close,grabmyo-S025-D1-hand_close-T05,grabmyo-S025-D1-hand_close-T05,grabmyo-S025-D1-hand_close-T05,1,validation
grabmyo-S25-K2-seed3403,25,2,3403,rest,grabmyo-S025-D1-rest-T05,grabmyo-S025-D1-rest-T05,grabmyo-S025-D1-rest-T05,1,validation
grabmyo-S25-K2-seed3403,25,2,3403,rest,grabmyo-S025-D1-rest-T06,grabmyo-S025-D1-rest-T06,grabmyo-S025-D1-rest-T06,1,validation
grabmyo-S25-K2-seed3403,25,2,3403,wrist_extension,grabmyo-S025-D1-wrist_extension-T01,grabmyo-S025-D1-wrist_extension-T01,grabmyo-S025-D1-wrist_extension-T01,1,validation
grabmyo-S25-K2-seed3403,25,2,3403,wrist_extension,grabmyo-S025-D1-wrist_extension-T05,grabmyo-S025-D1-wrist_extension-T05,grabmyo-S025-D1-wrist_extension-T05,1,validation
grabmyo-S25-K2-seed3403,25,2,3403,wrist_flexion,grabmyo-S025-D1-wrist_flexion-T01,grabmyo-S025-D1-wrist_flexion-T01,grabmyo-S025-D1-wrist_flexion-T01,1,validation
grabmyo-S25-K2-seed3403,25,2,3403,wrist_flexion,grabmyo-S025-D1-wrist_flexion-T05,grabmyo-S025-D1-wrist_flexion-T05,grabmyo-S025-D1-wrist_flexion-T05,1,validation
grabmyo-S26-K2-seed3403,26,2,3403,hand_close,grabmyo-S026-D1-hand_close-T04,grabmyo-S026-D1-hand_close-T04,grabmyo-S026-D1-hand_close-T04,1,validation
grabmyo-S26-K2-seed3403,26,2,3403,hand_close,grabmyo-S026-D1-hand_close-T07,grabmyo-S026-D1-hand_close-T07,grabmyo-S026-D1-hand_close-T07,1,validation
grabmyo-S26-K2-seed3403,26,2,3403,rest,grabmyo-S026-D1-rest-T02,grabmyo-S026-D1-rest-T02,grabmyo-S026-D1-rest-T02,1,validation
grabmyo-S26-K2-seed3403,26,2,3403,rest,grabmyo-S026-D1-rest-T05,grabmyo-S026-D1-rest-T05,grabmyo-S026-D1-rest-T05,1,validation
grabmyo-S26-K2-seed3403,26,2,3403,wrist_extension,grabmyo-S026-D1-wrist_extension-T04,grabmyo-S026-D1-wrist_extension-T04,grabmyo-S026-D1-wrist_extension-T04,1,validation
grabmyo-S26-K2-seed3403,26,2,3403,wrist_extension,grabmyo-S026-D1-wrist_extension-T07,grabmyo-S026-D1-wrist_extension-T07,grabmyo-S026-D1-wrist_extension-T07,1,validation
grabmyo-S26-K2-seed3403,26,2,3403,wrist_flexion,grabmyo-S026-D1-wrist_flexion-T05,grabmyo-S026-D1-wrist_flexion-T05,grabmyo-S026-D1-wrist_flexion-T05,1,validation
grabmyo-S26-K2-seed3403,26,2,3403,wrist_flexion,grabmyo-S026-D1-wrist_flexion-T06,grabmyo-S026-D1-wrist_flexion-T06,grabmyo-S026-D1-wrist_flexion-T06,1,validation
grabmyo-S29-K2-seed3403,29,2,3403,hand_close,grabmyo-S029-D1-hand_close-T03,grabmyo-S029-D1-hand_close-T03,grabmyo-S029-D1-hand_close-T03,1,validation
grabmyo-S29-K2-seed3403,29,2,3403,hand_close,grabmyo-S029-D1-hand_close-T06,grabmyo-S029-D1-hand_close-T06,grabmyo-S029-D1-hand_close-T06,1,validation
grabmyo-S29-K2-seed3403,29,2,3403,rest,grabmyo-S029-D1-rest-T01,grabmyo-S029-D1-rest-T01,grabmyo-S029-D1-rest-T01,1,validation
grabmyo-S29-K2-seed3403,29,2,3403,rest,grabmyo-S029-D1-rest-T05,grabmyo-S029-D1-rest-T05,grabmyo-S029-D1-rest-T05,1,validation
grabmyo-S29-K2-seed3403,29,2,3403,wrist_extension,grabmyo-S029-D1-wrist_extension-T02,grabmyo-S029-D1-wrist_extension-T02,grabmyo-S029-D1-wrist_extension-T02,1,validation
grabmyo-S29-K2-seed3403,29,2,3403,wrist_extension,grabmyo-S029-D1-wrist_extension-T04,grabmyo-S029-D1-wrist_extension-T04,grabmyo-S029-D1-wrist_extension-T04,1,validation
grabmyo-S29-K2-seed3403,29,2,3403,wrist_flexion,grabmyo-S029-D1-wrist_flexion-T05,grabmyo-S029-D1-wrist_flexion-T05,grabmyo-S029-D1-wrist_flexion-T05,1,validation
grabmyo-S29-K2-seed3403,29,2,3403,wrist_flexion,grabmyo-S029-D1-wrist_flexion-T06,grabmyo-S029-D1-wrist_flexion-T06,grabmyo-S029-D1-wrist_flexion-T06,1,validation
grabmyo-S33-K2-seed3403,33,2,3403,hand_close,grabmyo-S033-D1-hand_close-T05,grabmyo-S033-D1-hand_close-T05,grabmyo-S033-D1-hand_close-T05,1,validation
grabmyo-S33-K2-seed3403,33,2,3403,hand_close,grabmyo-S033-D1-hand_close-T07,grabmyo-S033-D1-hand_close-T07,grabmyo-S033-D1-hand_close-T07,1,validation
grabmyo-S33-K2-seed3403,33,2,3403,rest,grabmyo-S033-D1-rest-T04,grabmyo-S033-D1-rest-T04,grabmyo-S033-D1-rest-T04,1,validation
grabmyo-S33-K2-seed3403,33,2,3403,rest,grabmyo-S033-D1-rest-T07,grabmyo-S033-D1-rest-T07,grabmyo-S033-D1-rest-T07,1,validation
grabmyo-S33-K2-seed3403,33,2,3403,wrist_extension,grabmyo-S033-D1-wrist_extension-T01,grabmyo-S033-D1-wrist_extension-T01,grabmyo-S033-D1-wrist_extension-T01,1,validation
grabmyo-S33-K2-seed3403,33,2,3403,wrist_extension,grabmyo-S033-D1-wrist_extension-T05,grabmyo-S033-D1-wrist_extension-T05,grabmyo-S033-D1-wrist_extension-T05,1,validation
grabmyo-S33-K2-seed3403,33,2,3403,wrist_flexion,grabmyo-S033-D1-wrist_flexion-T01,grabmyo-S033-D1-wrist_flexion-T01,grabmyo-S033-D1-wrist_flexion-T01,1,validation
grabmyo-S33-K2-seed3403,33,2,3403,wrist_flexion,grabmyo-S033-D1-wrist_flexion-T07,grabmyo-S033-D1-wrist_flexion-T07,grabmyo-S033-D1-wrist_flexion-T07,1,validation
grabmyo-S34-K2-seed3403,34,2,3403,hand_close,grabmyo-S034-D1-hand_close-T01,grabmyo-S034-D1-hand_close-T01,grabmyo-S034-D1-hand_close-T01,1,validation
grabmyo-S34-K2-seed3403,34,2,3403,hand_close,grabmyo-S034-D1-hand_close-T02,grabmyo-S034-D1-hand_close-T02,grabmyo-S034-D1-hand_close-T02,1,validation
grabmyo-S34-K2-seed3403,34,2,3403,rest,grabmyo-S034-D1-rest-T06,grabmyo-S034-D1-rest-T06,grabmyo-S034-D1-rest-T06,1,validation
grabmyo-S34-K2-seed3403,34,2,3403,rest,grabmyo-S034-D1-rest-T07,grabmyo-S034-D1-rest-T07,grabmyo-S034-D1-rest-T07,1,validation
grabmyo-S34-K2-seed3403,34,2,3403,wrist_extension,grabmyo-S034-D1-wrist_extension-T03,grabmyo-S034-D1-wrist_extension-T03,grabmyo-S034-D1-wrist_extension-T03,1,validation
grabmyo-S34-K2-seed3403,34,2,3403,wrist_extension,grabmyo-S034-D1-wrist_extension-T06,grabmyo-S034-D1-wrist_extension-T06,grabmyo-S034-D1-wrist_extension-T06,1,validation
grabmyo-S34-K2-seed3403,34,2,3403,wrist_flexion,grabmyo-S034-D1-wrist_flexion-T01,grabmyo-S034-D1-wrist_flexion-T01,grabmyo-S034-D1-wrist_flexion-T01,1,validation
grabmyo-S34-K2-seed3403,34,2,3403,wrist_flexion,grabmyo-S034-D1-wrist_flexion-T02,grabmyo-S034-D1-wrist_flexion-T02,grabmyo-S034-D1-wrist_flexion-T02,1,validation
grabmyo-S35-K2-seed3403,35,2,3403,hand_close,grabmyo-S035-D1-hand_close-T01,grabmyo-S035-D1-hand_close-T01,grabmyo-S035-D1-hand_close-T01,1,validation
grabmyo-S35-K2-seed3403,35,2,3403,hand_close,grabmyo-S035-D1-hand_close-T03,grabmyo-S035-D1-hand_close-T03,grabmyo-S035-D1-hand_close-T03,1,validation
grabmyo-S35-K2-seed3403,35,2,3403,rest,grabmyo-S035-D1-rest-T03,grabmyo-S035-D1-rest-T03,grabmyo-S035-D1-rest-T03,1,validation
grabmyo-S35-K2-seed3403,35,2,3403,rest,grabmyo-S035-D1-rest-T06,grabmyo-S035-D1-rest-T06,grabmyo-S035-D1-rest-T06,1,validation
grabmyo-S35-K2-seed3403,35,2,3403,wrist_extension,grabmyo-S035-D1-wrist_extension-T01,grabmyo-S035-D1-wrist_extension-T01,grabmyo-S035-D1-wrist_extension-T01,1,validation
grabmyo-S35-K2-seed3403,35,2,3403,wrist_extension,grabmyo-S035-D1-wrist_extension-T03,grabmyo-S035-D1-wrist_extension-T03,grabmyo-S035-D1-wrist_extension-T03,1,validation
grabmyo-S35-K2-seed3403,35,2,3403,wrist_flexion,grabmyo-S035-D1-wrist_flexion-T04,grabmyo-S035-D1-wrist_flexion-T04,grabmyo-S035-D1-wrist_flexion-T04,1,validation
grabmyo-S35-K2-seed3403,35,2,3403,wrist_flexion,grabmyo-S035-D1-wrist_flexion-T07,grabmyo-S035-D1-wrist_flexion-T07,grabmyo-S035-D1-wrist_flexion-T07,1,validation
grabmyo-S41-K2-seed3403,41,2,3403,hand_close,grabmyo-S041-D1-hand_close-T01,grabmyo-S041-D1-hand_close-T01,grabmyo-S041-D1-hand_close-T01,1,validation
grabmyo-S41-K2-seed3403,41,2,3403,hand_close,grabmyo-S041-D1-hand_close-T03,grabmyo-S041-D1-hand_close-T03,grabmyo-S041-D1-hand_close-T03,1,validation
grabmyo-S41-K2-seed3403,41,2,3403,rest,grabmyo-S041-D1-rest-T04,grabmyo-S041-D1-rest-T04,grabmyo-S041-D1-rest-T04,1,validation
grabmyo-S41-K2-seed3403,41,2,3403,rest,grabmyo-S041-D1-rest-T05,grabmyo-S041-D1-rest-T05,grabmyo-S041-D1-rest-T05,1,validation
grabmyo-S41-K2-seed3403,41,2,3403,wrist_extension,grabmyo-S041-D1-wrist_extension-T03,grabmyo-S041-D1-wrist_extension-T03,grabmyo-S041-D1-wrist_extension-T03,1,validation
grabmyo-S41-K2-seed3403,41,2,3403,wrist_extension,grabmyo-S041-D1-wrist_extension-T06,grabmyo-S041-D1-wrist_extension-T06,grabmyo-S041-D1-wrist_extension-T06,1,validation
grabmyo-S41-K2-seed3403,41,2,3403,wrist_flexion,grabmyo-S041-D1-wrist_flexion-T02,grabmyo-S041-D1-wrist_flexion-T02,grabmyo-S041-D1-wrist_flexion-T02,1,validation
grabmyo-S41-K2-seed3403,41,2,3403,wrist_flexion,grabmyo-S041-D1-wrist_flexion-T04,grabmyo-S041-D1-wrist_flexion-T04,grabmyo-S041-D1-wrist_flexion-T04,1,validation
grabmyo-S12-K2-seed3404,12,2,3404,hand_close,grabmyo-S012-D1-hand_close-T01,grabmyo-S012-D1-hand_close-T01,grabmyo-S012-D1-hand_close-T01,1,validation
grabmyo-S12-K2-seed3404,12,2,3404,hand_close,grabmyo-S012-D1-hand_close-T02,grabmyo-S012-D1-hand_close-T02,grabmyo-S012-D1-hand_close-T02,1,validation
grabmyo-S12-K2-seed3404,12,2,3404,rest,grabmyo-S012-D1-rest-T03,grabmyo-S012-D1-rest-T03,grabmyo-S012-D1-rest-T03,1,validation
grabmyo-S12-K2-seed3404,12,2,3404,rest,grabmyo-S012-D1-rest-T06,grabmyo-S012-D1-rest-T06,grabmyo-S012-D1-rest-T06,1,validation
grabmyo-S12-K2-seed3404,12,2,3404,wrist_extension,grabmyo-S012-D1-wrist_extension-T02,grabmyo-S012-D1-wrist_extension-T02,grabmyo-S012-D1-wrist_extension-T02,1,validation
grabmyo-S12-K2-seed3404,12,2,3404,wrist_extension,grabmyo-S012-D1-wrist_extension-T05,grabmyo-S012-D1-wrist_extension-T05,grabmyo-S012-D1-wrist_extension-T05,1,validation
grabmyo-S12-K2-seed3404,12,2,3404,wrist_flexion,grabmyo-S012-D1-wrist_flexion-T05,grabmyo-S012-D1-wrist_flexion-T05,grabmyo-S012-D1-wrist_flexion-T05,1,validation
grabmyo-S12-K2-seed3404,12,2,3404,wrist_flexion,grabmyo-S012-D1-wrist_flexion-T06,grabmyo-S012-D1-wrist_flexion-T06,grabmyo-S012-D1-wrist_flexion-T06,1,validation
grabmyo-S13-K2-seed3404,13,2,3404,hand_close,grabmyo-S013-D1-hand_close-T03,grabmyo-S013-D1-hand_close-T03,grabmyo-S013-D1-hand_close-T03,1,validation
grabmyo-S13-K2-seed3404,13,2,3404,hand_close,grabmyo-S013-D1-hand_close-T05,grabmyo-S013-D1-hand_close-T05,grabmyo-S013-D1-hand_close-T05,1,validation
grabmyo-S13-K2-seed3404,13,2,3404,rest,grabmyo-S013-D1-rest-T03,grabmyo-S013-D1-rest-T03,grabmyo-S013-D1-rest-T03,1,validation
grabmyo-S13-K2-seed3404,13,2,3404,rest,grabmyo-S013-D1-rest-T05,grabmyo-S013-D1-rest-T05,grabmyo-S013-D1-rest-T05,1,validation
grabmyo-S13-K2-seed3404,13,2,3404,wrist_extension,grabmyo-S013-D1-wrist_extension-T04,grabmyo-S013-D1-wrist_extension-T04,grabmyo-S013-D1-wrist_extension-T04,1,validation
grabmyo-S13-K2-seed3404,13,2,3404,wrist_extension,grabmyo-S013-D1-wrist_extension-T06,grabmyo-S013-D1-wrist_extension-T06,grabmyo-S013-D1-wrist_extension-T06,1,validation
grabmyo-S13-K2-seed3404,13,2,3404,wrist_flexion,grabmyo-S013-D1-wrist_flexion-T01,grabmyo-S013-D1-wrist_flexion-T01,grabmyo-S013-D1-wrist_flexion-T01,1,validation
grabmyo-S13-K2-seed3404,13,2,3404,wrist_flexion,grabmyo-S013-D1-wrist_flexion-T06,grabmyo-S013-D1-wrist_flexion-T06,grabmyo-S013-D1-wrist_flexion-T06,1,validation
grabmyo-S25-K2-seed3404,25,2,3404,hand_close,grabmyo-S025-D1-hand_close-T03,grabmyo-S025-D1-hand_close-T03,grabmyo-S025-D1-hand_close-T03,1,validation
grabmyo-S25-K2-seed3404,25,2,3404,hand_close,grabmyo-S025-D1-hand_close-T06,grabmyo-S025-D1-hand_close-T06,grabmyo-S025-D1-hand_close-T06,1,validation
grabmyo-S25-K2-seed3404,25,2,3404,rest,grabmyo-S025-D1-rest-T01,grabmyo-S025-D1-rest-T01,grabmyo-S025-D1-rest-T01,1,validation
grabmyo-S25-K2-seed3404,25,2,3404,rest,grabmyo-S025-D1-rest-T06,grabmyo-S025-D1-rest-T06,grabmyo-S025-D1-rest-T06,1,validation
grabmyo-S25-K2-seed3404,25,2,3404,wrist_extension,grabmyo-S025-D1-wrist_extension-T06,grabmyo-S025-D1-wrist_extension-T06,grabmyo-S025-D1-wrist_extension-T06,1,validation
grabmyo-S25-K2-seed3404,25,2,3404,wrist_extension,grabmyo-S025-D1-wrist_extension-T07,grabmyo-S025-D1-wrist_extension-T07,grabmyo-S025-D1-wrist_extension-T07,1,validation
grabmyo-S25-K2-seed3404,25,2,3404,wrist_flexion,grabmyo-S025-D1-wrist_flexion-T04,grabmyo-S025-D1-wrist_flexion-T04,grabmyo-S025-D1-wrist_flexion-T04,1,validation
grabmyo-S25-K2-seed3404,25,2,3404,wrist_flexion,grabmyo-S025-D1-wrist_flexion-T05,grabmyo-S025-D1-wrist_flexion-T05,grabmyo-S025-D1-wrist_flexion-T05,1,validation
grabmyo-S26-K2-seed3404,26,2,3404,hand_close,grabmyo-S026-D1-hand_close-T02,grabmyo-S026-D1-hand_close-T02,grabmyo-S026-D1-hand_close-T02,1,validation
grabmyo-S26-K2-seed3404,26,2,3404,hand_close,grabmyo-S026-D1-hand_close-T07,grabmyo-S026-D1-hand_close-T07,grabmyo-S026-D1-hand_close-T07,1,validation
grabmyo-S26-K2-seed3404,26,2,3404,rest,grabmyo-S026-D1-rest-T04,grabmyo-S026-D1-rest-T04,grabmyo-S026-D1-rest-T04,1,validation
grabmyo-S26-K2-seed3404,26,2,3404,rest,grabmyo-S026-D1-rest-T07,grabmyo-S026-D1-rest-T07,grabmyo-S026-D1-rest-T07,1,validation
grabmyo-S26-K2-seed3404,26,2,3404,wrist_extension,grabmyo-S026-D1-wrist_extension-T02,grabmyo-S026-D1-wrist_extension-T02,grabmyo-S026-D1-wrist_extension-T02,1,validation
grabmyo-S26-K2-seed3404,26,2,3404,wrist_extension,grabmyo-S026-D1-wrist_extension-T06,grabmyo-S026-D1-wrist_extension-T06,grabmyo-S026-D1-wrist_extension-T06,1,validation
grabmyo-S26-K2-seed3404,26,2,3404,wrist_flexion,grabmyo-S026-D1-wrist_flexion-T02,grabmyo-S026-D1-wrist_flexion-T02,grabmyo-S026-D1-wrist_flexion-T02,1,validation
grabmyo-S26-K2-seed3404,26,2,3404,wrist_flexion,grabmyo-S026-D1-wrist_flexion-T06,grabmyo-S026-D1-wrist_flexion-T06,grabmyo-S026-D1-wrist_flexion-T06,1,validation
grabmyo-S29-K2-seed3404,29,2,3404,hand_close,grabmyo-S029-D1-hand_close-T04,grabmyo-S029-D1-hand_close-T04,grabmyo-S029-D1-hand_close-T04,1,validation
grabmyo-S29-K2-seed3404,29,2,3404,hand_close,grabmyo-S029-D1-hand_close-T07,grabmyo-S029-D1-hand_close-T07,grabmyo-S029-D1-hand_close-T07,1,validation
grabmyo-S29-K2-seed3404,29,2,3404,rest,grabmyo-S029-D1-rest-T01,grabmyo-S029-D1-rest-T01,grabmyo-S029-D1-rest-T01,1,validation
grabmyo-S29-K2-seed3404,29,2,3404,rest,grabmyo-S029-D1-rest-T04,grabmyo-S029-D1-rest-T04,grabmyo-S029-D1-rest-T04,1,validation
grabmyo-S29-K2-seed3404,29,2,3404,wrist_extension,grabmyo-S029-D1-wrist_extension-T03,grabmyo-S029-D1-wrist_extension-T03,grabmyo-S029-D1-wrist_extension-T03,1,validation
grabmyo-S29-K2-seed3404,29,2,3404,wrist_extension,grabmyo-S029-D1-wrist_extension-T05,grabmyo-S029-D1-wrist_extension-T05,grabmyo-S029-D1-wrist_extension-T05,1,validation
grabmyo-S29-K2-seed3404,29,2,3404,wrist_flexion,grabmyo-S029-D1-wrist_flexion-T06,grabmyo-S029-D1-wrist_flexion-T06,grabmyo-S029-D1-wrist_flexion-T06,1,validation
grabmyo-S29-K2-seed3404,29,2,3404,wrist_flexion,grabmyo-S029-D1-wrist_flexion-T07,grabmyo-S029-D1-wrist_flexion-T07,grabmyo-S029-D1-wrist_flexion-T07,1,validation
grabmyo-S33-K2-seed3404,33,2,3404,hand_close,grabmyo-S033-D1-hand_close-T01,grabmyo-S033-D1-hand_close-T01,grabmyo-S033-D1-hand_close-T01,1,validation
grabmyo-S33-K2-seed3404,33,2,3404,hand_close,grabmyo-S033-D1-hand_close-T05,grabmyo-S033-D1-hand_close-T05,grabmyo-S033-D1-hand_close-T05,1,validation
grabmyo-S33-K2-seed3404,33,2,3404,rest,grabmyo-S033-D1-rest-T04,grabmyo-S033-D1-rest-T04,grabmyo-S033-D1-rest-T04,1,validation
grabmyo-S33-K2-seed3404,33,2,3404,rest,grabmyo-S033-D1-rest-T07,grabmyo-S033-D1-rest-T07,grabmyo-S033-D1-rest-T07,1,validation
grabmyo-S33-K2-seed3404,33,2,3404,wrist_extension,grabmyo-S033-D1-wrist_extension-T05,grabmyo-S033-D1-wrist_extension-T05,grabmyo-S033-D1-wrist_extension-T05,1,validation
grabmyo-S33-K2-seed3404,33,2,3404,wrist_extension,grabmyo-S033-D1-wrist_extension-T06,grabmyo-S033-D1-wrist_extension-T06,grabmyo-S033-D1-wrist_extension-T06,1,validation
grabmyo-S33-K2-seed3404,33,2,3404,wrist_flexion,grabmyo-S033-D1-wrist_flexion-T02,grabmyo-S033-D1-wrist_flexion-T02,grabmyo-S033-D1-wrist_flexion-T02,1,validation
grabmyo-S33-K2-seed3404,33,2,3404,wrist_flexion,grabmyo-S033-D1-wrist_flexion-T06,grabmyo-S033-D1-wrist_flexion-T06,grabmyo-S033-D1-wrist_flexion-T06,1,validation
grabmyo-S34-K2-seed3404,34,2,3404,hand_close,grabmyo-S034-D1-hand_close-T01,grabmyo-S034-D1-hand_close-T01,grabmyo-S034-D1-hand_close-T01,1,validation
grabmyo-S34-K2-seed3404,34,2,3404,hand_close,grabmyo-S034-D1-hand_close-T05,grabmyo-S034-D1-hand_close-T05,grabmyo-S034-D1-hand_close-T05,1,validation
grabmyo-S34-K2-seed3404,34,2,3404,rest,grabmyo-S034-D1-rest-T03,grabmyo-S034-D1-rest-T03,grabmyo-S034-D1-rest-T03,1,validation
grabmyo-S34-K2-seed3404,34,2,3404,rest,grabmyo-S034-D1-rest-T07,grabmyo-S034-D1-rest-T07,grabmyo-S034-D1-rest-T07,1,validation
grabmyo-S34-K2-seed3404,34,2,3404,wrist_extension,grabmyo-S034-D1-wrist_extension-T02,grabmyo-S034-D1-wrist_extension-T02,grabmyo-S034-D1-wrist_extension-T02,1,validation
grabmyo-S34-K2-seed3404,34,2,3404,wrist_extension,grabmyo-S034-D1-wrist_extension-T03,grabmyo-S034-D1-wrist_extension-T03,grabmyo-S034-D1-wrist_extension-T03,1,validation
grabmyo-S34-K2-seed3404,34,2,3404,wrist_flexion,grabmyo-S034-D1-wrist_flexion-T02,grabmyo-S034-D1-wrist_flexion-T02,grabmyo-S034-D1-wrist_flexion-T02,1,validation
grabmyo-S34-K2-seed3404,34,2,3404,wrist_flexion,grabmyo-S034-D1-wrist_flexion-T03,grabmyo-S034-D1-wrist_flexion-T03,grabmyo-S034-D1-wrist_flexion-T03,1,validation
grabmyo-S35-K2-seed3404,35,2,3404,hand_close,grabmyo-S035-D1-hand_close-T01,grabmyo-S035-D1-hand_close-T01,grabmyo-S035-D1-hand_close-T01,1,validation
grabmyo-S35-K2-seed3404,35,2,3404,hand_close,grabmyo-S035-D1-hand_close-T05,grabmyo-S035-D1-hand_close-T05,grabmyo-S035-D1-hand_close-T05,1,validation
grabmyo-S35-K2-seed3404,35,2,3404,rest,grabmyo-S035-D1-rest-T03,grabmyo-S035-D1-rest-T03,grabmyo-S035-D1-rest-T03,1,validation
grabmyo-S35-K2-seed3404,35,2,3404,rest,grabmyo-S035-D1-rest-T07,grabmyo-S035-D1-rest-T07,grabmyo-S035-D1-rest-T07,1,validation
grabmyo-S35-K2-seed3404,35,2,3404,wrist_extension,grabmyo-S035-D1-wrist_extension-T03,grabmyo-S035-D1-wrist_extension-T03,grabmyo-S035-D1-wrist_extension-T03,1,validation
grabmyo-S35-K2-seed3404,35,2,3404,wrist_extension,grabmyo-S035-D1-wrist_extension-T05,grabmyo-S035-D1-wrist_extension-T05,grabmyo-S035-D1-wrist_extension-T05,1,validation
grabmyo-S35-K2-seed3404,35,2,3404,wrist_flexion,grabmyo-S035-D1-wrist_flexion-T05,grabmyo-S035-D1-wrist_flexion-T05,grabmyo-S035-D1-wrist_flexion-T05,1,validation
grabmyo-S35-K2-seed3404,35,2,3404,wrist_flexion,grabmyo-S035-D1-wrist_flexion-T07,grabmyo-S035-D1-wrist_flexion-T07,grabmyo-S035-D1-wrist_flexion-T07,1,validation
grabmyo-S41-K2-seed3404,41,2,3404,hand_close,grabmyo-S041-D1-hand_close-T06,grabmyo-S041-D1-hand_close-T06,grabmyo-S041-D1-hand_close-T06,1,validation
grabmyo-S41-K2-seed3404,41,2,3404,hand_close,grabmyo-S041-D1-hand_close-T07,grabmyo-S041-D1-hand_close-T07,grabmyo-S041-D1-hand_close-T07,1,validation
grabmyo-S41-K2-seed3404,41,2,3404,rest,grabmyo-S041-D1-rest-T06,grabmyo-S041-D1-rest-T06,grabmyo-S041-D1-rest-T06,1,validation
grabmyo-S41-K2-seed3404,41,2,3404,rest,grabmyo-S041-D1-rest-T07,grabmyo-S041-D1-rest-T07,grabmyo-S041-D1-rest-T07,1,validation
grabmyo-S41-K2-seed3404,41,2,3404,wrist_extension,grabmyo-S041-D1-wrist_extension-T01,grabmyo-S041-D1-wrist_extension-T01,grabmyo-S041-D1-wrist_extension-T01,1,validation
grabmyo-S41-K2-seed3404,41,2,3404,wrist_extension,grabmyo-S041-D1-wrist_extension-T05,grabmyo-S041-D1-wrist_extension-T05,grabmyo-S041-D1-wrist_extension-T05,1,validation
grabmyo-S41-K2-seed3404,41,2,3404,wrist_flexion,grabmyo-S041-D1-wrist_flexion-T01,grabmyo-S041-D1-wrist_flexion-T01,grabmyo-S041-D1-wrist_flexion-T01,1,validation
grabmyo-S41-K2-seed3404,41,2,3404,wrist_flexion,grabmyo-S041-D1-wrist_flexion-T07,grabmyo-S041-D1-wrist_flexion-T07,grabmyo-S041-D1-wrist_flexion-T07,1,validation
grabmyo-S12-K2-seed3405,12,2,3405,hand_close,grabmyo-S012-D1-hand_close-T04,grabmyo-S012-D1-hand_close-T04,grabmyo-S012-D1-hand_close-T04,1,validation
grabmyo-S12-K2-seed3405,12,2,3405,hand_close,grabmyo-S012-D1-hand_close-T07,grabmyo-S012-D1-hand_close-T07,grabmyo-S012-D1-hand_close-T07,1,validation
grabmyo-S12-K2-seed3405,12,2,3405,rest,grabmyo-S012-D1-rest-T02,grabmyo-S012-D1-rest-T02,grabmyo-S012-D1-rest-T02,1,validation
grabmyo-S12-K2-seed3405,12,2,3405,rest,grabmyo-S012-D1-rest-T06,grabmyo-S012-D1-rest-T06,grabmyo-S012-D1-rest-T06,1,validation
grabmyo-S12-K2-seed3405,12,2,3405,wrist_extension,grabmyo-S012-D1-wrist_extension-T02,grabmyo-S012-D1-wrist_extension-T02,grabmyo-S012-D1-wrist_extension-T02,1,validation
grabmyo-S12-K2-seed3405,12,2,3405,wrist_extension,grabmyo-S012-D1-wrist_extension-T03,grabmyo-S012-D1-wrist_extension-T03,grabmyo-S012-D1-wrist_extension-T03,1,validation
grabmyo-S12-K2-seed3405,12,2,3405,wrist_flexion,grabmyo-S012-D1-wrist_flexion-T04,grabmyo-S012-D1-wrist_flexion-T04,grabmyo-S012-D1-wrist_flexion-T04,1,validation
grabmyo-S12-K2-seed3405,12,2,3405,wrist_flexion,grabmyo-S012-D1-wrist_flexion-T06,grabmyo-S012-D1-wrist_flexion-T06,grabmyo-S012-D1-wrist_flexion-T06,1,validation
grabmyo-S13-K2-seed3405,13,2,3405,hand_close,grabmyo-S013-D1-hand_close-T01,grabmyo-S013-D1-hand_close-T01,grabmyo-S013-D1-hand_close-T01,1,validation
grabmyo-S13-K2-seed3405,13,2,3405,hand_close,grabmyo-S013-D1-hand_close-T07,grabmyo-S013-D1-hand_close-T07,grabmyo-S013-D1-hand_close-T07,1,validation
grabmyo-S13-K2-seed3405,13,2,3405,rest,grabmyo-S013-D1-rest-T06,grabmyo-S013-D1-rest-T06,grabmyo-S013-D1-rest-T06,1,validation
grabmyo-S13-K2-seed3405,13,2,3405,rest,grabmyo-S013-D1-rest-T07,grabmyo-S013-D1-rest-T07,grabmyo-S013-D1-rest-T07,1,validation
grabmyo-S13-K2-seed3405,13,2,3405,wrist_extension,grabmyo-S013-D1-wrist_extension-T01,grabmyo-S013-D1-wrist_extension-T01,grabmyo-S013-D1-wrist_extension-T01,1,validation
grabmyo-S13-K2-seed3405,13,2,3405,wrist_extension,grabmyo-S013-D1-wrist_extension-T03,grabmyo-S013-D1-wrist_extension-T03,grabmyo-S013-D1-wrist_extension-T03,1,validation
grabmyo-S13-K2-seed3405,13,2,3405,wrist_flexion,grabmyo-S013-D1-wrist_flexion-T03,grabmyo-S013-D1-wrist_flexion-T03,grabmyo-S013-D1-wrist_flexion-T03,1,validation
grabmyo-S13-K2-seed3405,13,2,3405,wrist_flexion,grabmyo-S013-D1-wrist_flexion-T04,grabmyo-S013-D1-wrist_flexion-T04,grabmyo-S013-D1-wrist_flexion-T04,1,validation
grabmyo-S25-K2-seed3405,25,2,3405,hand_close,grabmyo-S025-D1-hand_close-T06,grabmyo-S025-D1-hand_close-T06,grabmyo-S025-D1-hand_close-T06,1,validation
grabmyo-S25-K2-seed3405,25,2,3405,hand_close,grabmyo-S025-D1-hand_close-T07,grabmyo-S025-D1-hand_close-T07,grabmyo-S025-D1-hand_close-T07,1,validation
grabmyo-S25-K2-seed3405,25,2,3405,rest,grabmyo-S025-D1-rest-T01,grabmyo-S025-D1-rest-T01,grabmyo-S025-D1-rest-T01,1,validation
grabmyo-S25-K2-seed3405,25,2,3405,rest,grabmyo-S025-D1-rest-T03,grabmyo-S025-D1-rest-T03,grabmyo-S025-D1-rest-T03,1,validation
grabmyo-S25-K2-seed3405,25,2,3405,wrist_extension,grabmyo-S025-D1-wrist_extension-T03,grabmyo-S025-D1-wrist_extension-T03,grabmyo-S025-D1-wrist_extension-T03,1,validation
grabmyo-S25-K2-seed3405,25,2,3405,wrist_extension,grabmyo-S025-D1-wrist_extension-T04,grabmyo-S025-D1-wrist_extension-T04,grabmyo-S025-D1-wrist_extension-T04,1,validation
grabmyo-S25-K2-seed3405,25,2,3405,wrist_flexion,grabmyo-S025-D1-wrist_flexion-T02,grabmyo-S025-D1-wrist_flexion-T02,grabmyo-S025-D1-wrist_flexion-T02,1,validation
grabmyo-S25-K2-seed3405,25,2,3405,wrist_flexion,grabmyo-S025-D1-wrist_flexion-T04,grabmyo-S025-D1-wrist_flexion-T04,grabmyo-S025-D1-wrist_flexion-T04,1,validation
grabmyo-S26-K2-seed3405,26,2,3405,hand_close,grabmyo-S026-D1-hand_close-T02,grabmyo-S026-D1-hand_close-T02,grabmyo-S026-D1-hand_close-T02,1,validation
grabmyo-S26-K2-seed3405,26,2,3405,hand_close,grabmyo-S026-D1-hand_close-T03,grabmyo-S026-D1-hand_close-T03,grabmyo-S026-D1-hand_close-T03,1,validation
grabmyo-S26-K2-seed3405,26,2,3405,rest,grabmyo-S026-D1-rest-T01,grabmyo-S026-D1-rest-T01,grabmyo-S026-D1-rest-T01,1,validation
grabmyo-S26-K2-seed3405,26,2,3405,rest,grabmyo-S026-D1-rest-T07,grabmyo-S026-D1-rest-T07,grabmyo-S026-D1-rest-T07,1,validation
grabmyo-S26-K2-seed3405,26,2,3405,wrist_extension,grabmyo-S026-D1-wrist_extension-T03,grabmyo-S026-D1-wrist_extension-T03,grabmyo-S026-D1-wrist_extension-T03,1,validation
grabmyo-S26-K2-seed3405,26,2,3405,wrist_extension,grabmyo-S026-D1-wrist_extension-T07,grabmyo-S026-D1-wrist_extension-T07,grabmyo-S026-D1-wrist_extension-T07,1,validation
grabmyo-S26-K2-seed3405,26,2,3405,wrist_flexion,grabmyo-S026-D1-wrist_flexion-T01,grabmyo-S026-D1-wrist_flexion-T01,grabmyo-S026-D1-wrist_flexion-T01,1,validation
grabmyo-S26-K2-seed3405,26,2,3405,wrist_flexion,grabmyo-S026-D1-wrist_flexion-T05,grabmyo-S026-D1-wrist_flexion-T05,grabmyo-S026-D1-wrist_flexion-T05,1,validation
grabmyo-S29-K2-seed3405,29,2,3405,hand_close,grabmyo-S029-D1-hand_close-T06,grabmyo-S029-D1-hand_close-T06,grabmyo-S029-D1-hand_close-T06,1,validation
grabmyo-S29-K2-seed3405,29,2,3405,hand_close,grabmyo-S029-D1-hand_close-T07,grabmyo-S029-D1-hand_close-T07,grabmyo-S029-D1-hand_close-T07,1,validation
grabmyo-S29-K2-seed3405,29,2,3405,rest,grabmyo-S029-D1-rest-T03,grabmyo-S029-D1-rest-T03,grabmyo-S029-D1-rest-T03,1,validation
grabmyo-S29-K2-seed3405,29,2,3405,rest,grabmyo-S029-D1-rest-T05,grabmyo-S029-D1-rest-T05,grabmyo-S029-D1-rest-T05,1,validation
grabmyo-S29-K2-seed3405,29,2,3405,wrist_extension,grabmyo-S029-D1-wrist_extension-T05,grabmyo-S029-D1-wrist_extension-T05,grabmyo-S029-D1-wrist_extension-T05,1,validation
grabmyo-S29-K2-seed3405,29,2,3405,wrist_extension,grabmyo-S029-D1-wrist_extension-T07,grabmyo-S029-D1-wrist_extension-T07,grabmyo-S029-D1-wrist_extension-T07,1,validation
grabmyo-S29-K2-seed3405,29,2,3405,wrist_flexion,grabmyo-S029-D1-wrist_flexion-T02,grabmyo-S029-D1-wrist_flexion-T02,grabmyo-S029-D1-wrist_flexion-T02,1,validation
grabmyo-S29-K2-seed3405,29,2,3405,wrist_flexion,grabmyo-S029-D1-wrist_flexion-T04,grabmyo-S029-D1-wrist_flexion-T04,grabmyo-S029-D1-wrist_flexion-T04,1,validation
grabmyo-S33-K2-seed3405,33,2,3405,hand_close,grabmyo-S033-D1-hand_close-T02,grabmyo-S033-D1-hand_close-T02,grabmyo-S033-D1-hand_close-T02,1,validation
grabmyo-S33-K2-seed3405,33,2,3405,hand_close,grabmyo-S033-D1-hand_close-T06,grabmyo-S033-D1-hand_close-T06,grabmyo-S033-D1-hand_close-T06,1,validation
grabmyo-S33-K2-seed3405,33,2,3405,rest,grabmyo-S033-D1-rest-T01,grabmyo-S033-D1-rest-T01,grabmyo-S033-D1-rest-T01,1,validation
grabmyo-S33-K2-seed3405,33,2,3405,rest,grabmyo-S033-D1-rest-T04,grabmyo-S033-D1-rest-T04,grabmyo-S033-D1-rest-T04,1,validation
grabmyo-S33-K2-seed3405,33,2,3405,wrist_extension,grabmyo-S033-D1-wrist_extension-T01,grabmyo-S033-D1-wrist_extension-T01,grabmyo-S033-D1-wrist_extension-T01,1,validation
grabmyo-S33-K2-seed3405,33,2,3405,wrist_extension,grabmyo-S033-D1-wrist_extension-T03,grabmyo-S033-D1-wrist_extension-T03,grabmyo-S033-D1-wrist_extension-T03,1,validation
grabmyo-S33-K2-seed3405,33,2,3405,wrist_flexion,grabmyo-S033-D1-wrist_flexion-T01,grabmyo-S033-D1-wrist_flexion-T01,grabmyo-S033-D1-wrist_flexion-T01,1,validation
grabmyo-S33-K2-seed3405,33,2,3405,wrist_flexion,grabmyo-S033-D1-wrist_flexion-T07,grabmyo-S033-D1-wrist_flexion-T07,grabmyo-S033-D1-wrist_flexion-T07,1,validation
grabmyo-S34-K2-seed3405,34,2,3405,hand_close,grabmyo-S034-D1-hand_close-T02,grabmyo-S034-D1-hand_close-T02,grabmyo-S034-D1-hand_close-T02,1,validation
grabmyo-S34-K2-seed3405,34,2,3405,hand_close,grabmyo-S034-D1-hand_close-T05,grabmyo-S034-D1-hand_close-T05,grabmyo-S034-D1-hand_close-T05,1,validation
grabmyo-S34-K2-seed3405,34,2,3405,rest,grabmyo-S034-D1-rest-T03,grabmyo-S034-D1-rest-T03,grabmyo-S034-D1-rest-T03,1,validation
grabmyo-S34-K2-seed3405,34,2,3405,rest,grabmyo-S034-D1-rest-T04,grabmyo-S034-D1-rest-T04,grabmyo-S034-D1-rest-T04,1,validation
grabmyo-S34-K2-seed3405,34,2,3405,wrist_extension,grabmyo-S034-D1-wrist_extension-T06,grabmyo-S034-D1-wrist_extension-T06,grabmyo-S034-D1-wrist_extension-T06,1,validation
grabmyo-S34-K2-seed3405,34,2,3405,wrist_extension,grabmyo-S034-D1-wrist_extension-T07,grabmyo-S034-D1-wrist_extension-T07,grabmyo-S034-D1-wrist_extension-T07,1,validation
grabmyo-S34-K2-seed3405,34,2,3405,wrist_flexion,grabmyo-S034-D1-wrist_flexion-T02,grabmyo-S034-D1-wrist_flexion-T02,grabmyo-S034-D1-wrist_flexion-T02,1,validation
grabmyo-S34-K2-seed3405,34,2,3405,wrist_flexion,grabmyo-S034-D1-wrist_flexion-T03,grabmyo-S034-D1-wrist_flexion-T03,grabmyo-S034-D1-wrist_flexion-T03,1,validation
grabmyo-S35-K2-seed3405,35,2,3405,hand_close,grabmyo-S035-D1-hand_close-T01,grabmyo-S035-D1-hand_close-T01,grabmyo-S035-D1-hand_close-T01,1,validation
grabmyo-S35-K2-seed3405,35,2,3405,hand_close,grabmyo-S035-D1-hand_close-T04,grabmyo-S035-D1-hand_close-T04,grabmyo-S035-D1-hand_close-T04,1,validation
grabmyo-S35-K2-seed3405,35,2,3405,rest,grabmyo-S035-D1-rest-T01,grabmyo-S035-D1-rest-T01,grabmyo-S035-D1-rest-T01,1,validation
grabmyo-S35-K2-seed3405,35,2,3405,rest,grabmyo-S035-D1-rest-T03,grabmyo-S035-D1-rest-T03,grabmyo-S035-D1-rest-T03,1,validation
grabmyo-S35-K2-seed3405,35,2,3405,wrist_extension,grabmyo-S035-D1-wrist_extension-T03,grabmyo-S035-D1-wrist_extension-T03,grabmyo-S035-D1-wrist_extension-T03,1,validation
grabmyo-S35-K2-seed3405,35,2,3405,wrist_extension,grabmyo-S035-D1-wrist_extension-T07,grabmyo-S035-D1-wrist_extension-T07,grabmyo-S035-D1-wrist_extension-T07,1,validation
grabmyo-S35-K2-seed3405,35,2,3405,wrist_flexion,grabmyo-S035-D1-wrist_flexion-T02,grabmyo-S035-D1-wrist_flexion-T02,grabmyo-S035-D1-wrist_flexion-T02,1,validation
grabmyo-S35-K2-seed3405,35,2,3405,wrist_flexion,grabmyo-S035-D1-wrist_flexion-T06,grabmyo-S035-D1-wrist_flexion-T06,grabmyo-S035-D1-wrist_flexion-T06,1,validation
grabmyo-S41-K2-seed3405,41,2,3405,hand_close,grabmyo-S041-D1-hand_close-T01,grabmyo-S041-D1-hand_close-T01,grabmyo-S041-D1-hand_close-T01,1,validation
grabmyo-S41-K2-seed3405,41,2,3405,hand_close,grabmyo-S041-D1-hand_close-T03,grabmyo-S041-D1-hand_close-T03,grabmyo-S041-D1-hand_close-T03,1,validation
grabmyo-S41-K2-seed3405,41,2,3405,rest,grabmyo-S041-D1-rest-T01,grabmyo-S041-D1-rest-T01,grabmyo-S041-D1-rest-T01,1,validation
grabmyo-S41-K2-seed3405,41,2,3405,rest,grabmyo-S041-D1-rest-T02,grabmyo-S041-D1-rest-T02,grabmyo-S041-D1-rest-T02,1,validation
grabmyo-S41-K2-seed3405,41,2,3405,wrist_extension,grabmyo-S041-D1-wrist_extension-T03,grabmyo-S041-D1-wrist_extension-T03,grabmyo-S041-D1-wrist_extension-T03,1,validation
grabmyo-S41-K2-seed3405,41,2,3405,wrist_extension,grabmyo-S041-D1-wrist_extension-T04,grabmyo-S041-D1-wrist_extension-T04,grabmyo-S041-D1-wrist_extension-T04,1,validation
grabmyo-S41-K2-seed3405,41,2,3405,wrist_flexion,grabmyo-S041-D1-wrist_flexion-T03,grabmyo-S041-D1-wrist_flexion-T03,grabmyo-S041-D1-wrist_flexion-T03,1,validation
grabmyo-S41-K2-seed3405,41,2,3405,wrist_flexion,grabmyo-S041-D1-wrist_flexion-T05,grabmyo-S041-D1-wrist_flexion-T05,grabmyo-S041-D1-wrist_flexion-T05,1,validation
grabmyo-S12-K2-seed3406,12,2,3406,hand_close,grabmyo-S012-D1-hand_close-T03,grabmyo-S012-D1-hand_close-T03,grabmyo-S012-D1-hand_close-T03,1,validation
grabmyo-S12-K2-seed3406,12,2,3406,hand_close,grabmyo-S012-D1-hand_close-T04,grabmyo-S012-D1-hand_close-T04,grabmyo-S012-D1-hand_close-T04,1,validation
grabmyo-S12-K2-seed3406,12,2,3406,rest,grabmyo-S012-D1-rest-T04,grabmyo-S012-D1-rest-T04,grabmyo-S012-D1-rest-T04,1,validation
grabmyo-S12-K2-seed3406,12,2,3406,rest,grabmyo-S012-D1-rest-T07,grabmyo-S012-D1-rest-T07,grabmyo-S012-D1-rest-T07,1,validation
grabmyo-S12-K2-seed3406,12,2,3406,wrist_extension,grabmyo-S012-D1-wrist_extension-T02,grabmyo-S012-D1-wrist_extension-T02,grabmyo-S012-D1-wrist_extension-T02,1,validation
grabmyo-S12-K2-seed3406,12,2,3406,wrist_extension,grabmyo-S012-D1-wrist_extension-T06,grabmyo-S012-D1-wrist_extension-T06,grabmyo-S012-D1-wrist_extension-T06,1,validation
grabmyo-S12-K2-seed3406,12,2,3406,wrist_flexion,grabmyo-S012-D1-wrist_flexion-T02,grabmyo-S012-D1-wrist_flexion-T02,grabmyo-S012-D1-wrist_flexion-T02,1,validation
grabmyo-S12-K2-seed3406,12,2,3406,wrist_flexion,grabmyo-S012-D1-wrist_flexion-T05,grabmyo-S012-D1-wrist_flexion-T05,grabmyo-S012-D1-wrist_flexion-T05,1,validation
grabmyo-S13-K2-seed3406,13,2,3406,hand_close,grabmyo-S013-D1-hand_close-T02,grabmyo-S013-D1-hand_close-T02,grabmyo-S013-D1-hand_close-T02,1,validation
grabmyo-S13-K2-seed3406,13,2,3406,hand_close,grabmyo-S013-D1-hand_close-T07,grabmyo-S013-D1-hand_close-T07,grabmyo-S013-D1-hand_close-T07,1,validation
grabmyo-S13-K2-seed3406,13,2,3406,rest,grabmyo-S013-D1-rest-T06,grabmyo-S013-D1-rest-T06,grabmyo-S013-D1-rest-T06,1,validation
grabmyo-S13-K2-seed3406,13,2,3406,rest,grabmyo-S013-D1-rest-T07,grabmyo-S013-D1-rest-T07,grabmyo-S013-D1-rest-T07,1,validation
grabmyo-S13-K2-seed3406,13,2,3406,wrist_extension,grabmyo-S013-D1-wrist_extension-T03,grabmyo-S013-D1-wrist_extension-T03,grabmyo-S013-D1-wrist_extension-T03,1,validation
grabmyo-S13-K2-seed3406,13,2,3406,wrist_extension,grabmyo-S013-D1-wrist_extension-T07,grabmyo-S013-D1-wrist_extension-T07,grabmyo-S013-D1-wrist_extension-T07,1,validation
grabmyo-S13-K2-seed3406,13,2,3406,wrist_flexion,grabmyo-S013-D1-wrist_flexion-T01,grabmyo-S013-D1-wrist_flexion-T01,grabmyo-S013-D1-wrist_flexion-T01,1,validation
grabmyo-S13-K2-seed3406,13,2,3406,wrist_flexion,grabmyo-S013-D1-wrist_flexion-T06,grabmyo-S013-D1-wrist_flexion-T06,grabmyo-S013-D1-wrist_flexion-T06,1,validation
grabmyo-S25-K2-seed3406,25,2,3406,hand_close,grabmyo-S025-D1-hand_close-T02,grabmyo-S025-D1-hand_close-T02,grabmyo-S025-D1-hand_close-T02,1,validation
grabmyo-S25-K2-seed3406,25,2,3406,hand_close,grabmyo-S025-D1-hand_close-T05,grabmyo-S025-D1-hand_close-T05,grabmyo-S025-D1-hand_close-T05,1,validation
grabmyo-S25-K2-seed3406,25,2,3406,rest,grabmyo-S025-D1-rest-T01,grabmyo-S025-D1-rest-T01,grabmyo-S025-D1-rest-T01,1,validation
grabmyo-S25-K2-seed3406,25,2,3406,rest,grabmyo-S025-D1-rest-T05,grabmyo-S025-D1-rest-T05,grabmyo-S025-D1-rest-T05,1,validation
grabmyo-S25-K2-seed3406,25,2,3406,wrist_extension,grabmyo-S025-D1-wrist_extension-T04,grabmyo-S025-D1-wrist_extension-T04,grabmyo-S025-D1-wrist_extension-T04,1,validation
grabmyo-S25-K2-seed3406,25,2,3406,wrist_extension,grabmyo-S025-D1-wrist_extension-T05,grabmyo-S025-D1-wrist_extension-T05,grabmyo-S025-D1-wrist_extension-T05,1,validation
grabmyo-S25-K2-seed3406,25,2,3406,wrist_flexion,grabmyo-S025-D1-wrist_flexion-T04,grabmyo-S025-D1-wrist_flexion-T04,grabmyo-S025-D1-wrist_flexion-T04,1,validation
grabmyo-S25-K2-seed3406,25,2,3406,wrist_flexion,grabmyo-S025-D1-wrist_flexion-T05,grabmyo-S025-D1-wrist_flexion-T05,grabmyo-S025-D1-wrist_flexion-T05,1,validation
grabmyo-S26-K2-seed3406,26,2,3406,hand_close,grabmyo-S026-D1-hand_close-T02,grabmyo-S026-D1-hand_close-T02,grabmyo-S026-D1-hand_close-T02,1,validation
grabmyo-S26-K2-seed3406,26,2,3406,hand_close,grabmyo-S026-D1-hand_close-T05,grabmyo-S026-D1-hand_close-T05,grabmyo-S026-D1-hand_close-T05,1,validation
grabmyo-S26-K2-seed3406,26,2,3406,rest,grabmyo-S026-D1-rest-T01,grabmyo-S026-D1-rest-T01,grabmyo-S026-D1-rest-T01,1,validation
grabmyo-S26-K2-seed3406,26,2,3406,rest,grabmyo-S026-D1-rest-T02,grabmyo-S026-D1-rest-T02,grabmyo-S026-D1-rest-T02,1,validation
grabmyo-S26-K2-seed3406,26,2,3406,wrist_extension,grabmyo-S026-D1-wrist_extension-T01,grabmyo-S026-D1-wrist_extension-T01,grabmyo-S026-D1-wrist_extension-T01,1,validation
grabmyo-S26-K2-seed3406,26,2,3406,wrist_extension,grabmyo-S026-D1-wrist_extension-T04,grabmyo-S026-D1-wrist_extension-T04,grabmyo-S026-D1-wrist_extension-T04,1,validation
grabmyo-S26-K2-seed3406,26,2,3406,wrist_flexion,grabmyo-S026-D1-wrist_flexion-T02,grabmyo-S026-D1-wrist_flexion-T02,grabmyo-S026-D1-wrist_flexion-T02,1,validation
grabmyo-S26-K2-seed3406,26,2,3406,wrist_flexion,grabmyo-S026-D1-wrist_flexion-T06,grabmyo-S026-D1-wrist_flexion-T06,grabmyo-S026-D1-wrist_flexion-T06,1,validation
grabmyo-S29-K2-seed3406,29,2,3406,hand_close,grabmyo-S029-D1-hand_close-T02,grabmyo-S029-D1-hand_close-T02,grabmyo-S029-D1-hand_close-T02,1,validation
grabmyo-S29-K2-seed3406,29,2,3406,hand_close,grabmyo-S029-D1-hand_close-T07,grabmyo-S029-D1-hand_close-T07,grabmyo-S029-D1-hand_close-T07,1,validation
grabmyo-S29-K2-seed3406,29,2,3406,rest,grabmyo-S029-D1-rest-T01,grabmyo-S029-D1-rest-T01,grabmyo-S029-D1-rest-T01,1,validation
grabmyo-S29-K2-seed3406,29,2,3406,rest,grabmyo-S029-D1-rest-T03,grabmyo-S029-D1-rest-T03,grabmyo-S029-D1-rest-T03,1,validation
grabmyo-S29-K2-seed3406,29,2,3406,wrist_extension,grabmyo-S029-D1-wrist_extension-T04,grabmyo-S029-D1-wrist_extension-T04,grabmyo-S029-D1-wrist_extension-T04,1,validation
grabmyo-S29-K2-seed3406,29,2,3406,wrist_extension,grabmyo-S029-D1-wrist_extension-T06,grabmyo-S029-D1-wrist_extension-T06,grabmyo-S029-D1-wrist_extension-T06,1,validation
grabmyo-S29-K2-seed3406,29,2,3406,wrist_flexion,grabmyo-S029-D1-wrist_flexion-T05,grabmyo-S029-D1-wrist_flexion-T05,grabmyo-S029-D1-wrist_flexion-T05,1,validation
grabmyo-S29-K2-seed3406,29,2,3406,wrist_flexion,grabmyo-S029-D1-wrist_flexion-T07,grabmyo-S029-D1-wrist_flexion-T07,grabmyo-S029-D1-wrist_flexion-T07,1,validation
grabmyo-S33-K2-seed3406,33,2,3406,hand_close,grabmyo-S033-D1-hand_close-T04,grabmyo-S033-D1-hand_close-T04,grabmyo-S033-D1-hand_close-T04,1,validation
grabmyo-S33-K2-seed3406,33,2,3406,hand_close,grabmyo-S033-D1-hand_close-T05,grabmyo-S033-D1-hand_close-T05,grabmyo-S033-D1-hand_close-T05,1,validation
grabmyo-S33-K2-seed3406,33,2,3406,rest,grabmyo-S033-D1-rest-T03,grabmyo-S033-D1-rest-T03,grabmyo-S033-D1-rest-T03,1,validation
grabmyo-S33-K2-seed3406,33,2,3406,rest,grabmyo-S033-D1-rest-T04,grabmyo-S033-D1-rest-T04,grabmyo-S033-D1-rest-T04,1,validation
grabmyo-S33-K2-seed3406,33,2,3406,wrist_extension,grabmyo-S033-D1-wrist_extension-T01,grabmyo-S033-D1-wrist_extension-T01,grabmyo-S033-D1-wrist_extension-T01,1,validation
grabmyo-S33-K2-seed3406,33,2,3406,wrist_extension,grabmyo-S033-D1-wrist_extension-T05,grabmyo-S033-D1-wrist_extension-T05,grabmyo-S033-D1-wrist_extension-T05,1,validation
grabmyo-S33-K2-seed3406,33,2,3406,wrist_flexion,grabmyo-S033-D1-wrist_flexion-T01,grabmyo-S033-D1-wrist_flexion-T01,grabmyo-S033-D1-wrist_flexion-T01,1,validation
grabmyo-S33-K2-seed3406,33,2,3406,wrist_flexion,grabmyo-S033-D1-wrist_flexion-T04,grabmyo-S033-D1-wrist_flexion-T04,grabmyo-S033-D1-wrist_flexion-T04,1,validation
grabmyo-S34-K2-seed3406,34,2,3406,hand_close,grabmyo-S034-D1-hand_close-T03,grabmyo-S034-D1-hand_close-T03,grabmyo-S034-D1-hand_close-T03,1,validation
grabmyo-S34-K2-seed3406,34,2,3406,hand_close,grabmyo-S034-D1-hand_close-T07,grabmyo-S034-D1-hand_close-T07,grabmyo-S034-D1-hand_close-T07,1,validation
grabmyo-S34-K2-seed3406,34,2,3406,rest,grabmyo-S034-D1-rest-T04,grabmyo-S034-D1-rest-T04,grabmyo-S034-D1-rest-T04,1,validation
grabmyo-S34-K2-seed3406,34,2,3406,rest,grabmyo-S034-D1-rest-T07,grabmyo-S034-D1-rest-T07,grabmyo-S034-D1-rest-T07,1,validation
grabmyo-S34-K2-seed3406,34,2,3406,wrist_extension,grabmyo-S034-D1-wrist_extension-T01,grabmyo-S034-D1-wrist_extension-T01,grabmyo-S034-D1-wrist_extension-T01,1,validation
grabmyo-S34-K2-seed3406,34,2,3406,wrist_extension,grabmyo-S034-D1-wrist_extension-T03,grabmyo-S034-D1-wrist_extension-T03,grabmyo-S034-D1-wrist_extension-T03,1,validation
grabmyo-S34-K2-seed3406,34,2,3406,wrist_flexion,grabmyo-S034-D1-wrist_flexion-T02,grabmyo-S034-D1-wrist_flexion-T02,grabmyo-S034-D1-wrist_flexion-T02,1,validation
grabmyo-S34-K2-seed3406,34,2,3406,wrist_flexion,grabmyo-S034-D1-wrist_flexion-T04,grabmyo-S034-D1-wrist_flexion-T04,grabmyo-S034-D1-wrist_flexion-T04,1,validation
grabmyo-S35-K2-seed3406,35,2,3406,hand_close,grabmyo-S035-D1-hand_close-T02,grabmyo-S035-D1-hand_close-T02,grabmyo-S035-D1-hand_close-T02,1,validation
grabmyo-S35-K2-seed3406,35,2,3406,hand_close,grabmyo-S035-D1-hand_close-T05,grabmyo-S035-D1-hand_close-T05,grabmyo-S035-D1-hand_close-T05,1,validation
grabmyo-S35-K2-seed3406,35,2,3406,rest,grabmyo-S035-D1-rest-T02,grabmyo-S035-D1-rest-T02,grabmyo-S035-D1-rest-T02,1,validation
grabmyo-S35-K2-seed3406,35,2,3406,rest,grabmyo-S035-D1-rest-T06,grabmyo-S035-D1-rest-T06,grabmyo-S035-D1-rest-T06,1,validation
grabmyo-S35-K2-seed3406,35,2,3406,wrist_extension,grabmyo-S035-D1-wrist_extension-T02,grabmyo-S035-D1-wrist_extension-T02,grabmyo-S035-D1-wrist_extension-T02,1,validation
grabmyo-S35-K2-seed3406,35,2,3406,wrist_extension,grabmyo-S035-D1-wrist_extension-T03,grabmyo-S035-D1-wrist_extension-T03,grabmyo-S035-D1-wrist_extension-T03,1,validation
grabmyo-S35-K2-seed3406,35,2,3406,wrist_flexion,grabmyo-S035-D1-wrist_flexion-T04,grabmyo-S035-D1-wrist_flexion-T04,grabmyo-S035-D1-wrist_flexion-T04,1,validation
grabmyo-S35-K2-seed3406,35,2,3406,wrist_flexion,grabmyo-S035-D1-wrist_flexion-T06,grabmyo-S035-D1-wrist_flexion-T06,grabmyo-S035-D1-wrist_flexion-T06,1,validation
grabmyo-S41-K2-seed3406,41,2,3406,hand_close,grabmyo-S041-D1-hand_close-T03,grabmyo-S041-D1-hand_close-T03,grabmyo-S041-D1-hand_close-T03,1,validation
grabmyo-S41-K2-seed3406,41,2,3406,hand_close,grabmyo-S041-D1-hand_close-T06,grabmyo-S041-D1-hand_close-T06,grabmyo-S041-D1-hand_close-T06,1,validation
grabmyo-S41-K2-seed3406,41,2,3406,rest,grabmyo-S041-D1-rest-T02,grabmyo-S041-D1-rest-T02,grabmyo-S041-D1-rest-T02,1,validation
grabmyo-S41-K2-seed3406,41,2,3406,rest,grabmyo-S041-D1-rest-T04,grabmyo-S041-D1-rest-T04,grabmyo-S041-D1-rest-T04,1,validation
grabmyo-S41-K2-seed3406,41,2,3406,wrist_extension,grabmyo-S041-D1-wrist_extension-T02,grabmyo-S041-D1-wrist_extension-T02,grabmyo-S041-D1-wrist_extension-T02,1,validation
grabmyo-S41-K2-seed3406,41,2,3406,wrist_extension,grabmyo-S041-D1-wrist_extension-T05,grabmyo-S041-D1-wrist_extension-T05,grabmyo-S041-D1-wrist_extension-T05,1,validation
grabmyo-S41-K2-seed3406,41,2,3406,wrist_flexion,grabmyo-S041-D1-wrist_flexion-T04,grabmyo-S041-D1-wrist_flexion-T04,grabmyo-S041-D1-wrist_flexion-T04,1,validation
grabmyo-S41-K2-seed3406,41,2,3406,wrist_flexion,grabmyo-S041-D1-wrist_flexion-T06,grabmyo-S041-D1-wrist_flexion-T06,grabmyo-S041-D1-wrist_flexion-T06,1,validation
grabmyo-S12-K2-seed3407,12,2,3407,hand_close,grabmyo-S012-D1-hand_close-T01,grabmyo-S012-D1-hand_close-T01,grabmyo-S012-D1-hand_close-T01,1,validation
grabmyo-S12-K2-seed3407,12,2,3407,hand_close,grabmyo-S012-D1-hand_close-T06,grabmyo-S012-D1-hand_close-T06,grabmyo-S012-D1-hand_close-T06,1,validation
grabmyo-S12-K2-seed3407,12,2,3407,rest,grabmyo-S012-D1-rest-T01,grabmyo-S012-D1-rest-T01,grabmyo-S012-D1-rest-T01,1,validation
grabmyo-S12-K2-seed3407,12,2,3407,rest,grabmyo-S012-D1-rest-T02,grabmyo-S012-D1-rest-T02,grabmyo-S012-D1-rest-T02,1,validation
grabmyo-S12-K2-seed3407,12,2,3407,wrist_extension,grabmyo-S012-D1-wrist_extension-T01,grabmyo-S012-D1-wrist_extension-T01,grabmyo-S012-D1-wrist_extension-T01,1,validation
grabmyo-S12-K2-seed3407,12,2,3407,wrist_extension,grabmyo-S012-D1-wrist_extension-T03,grabmyo-S012-D1-wrist_extension-T03,grabmyo-S012-D1-wrist_extension-T03,1,validation
grabmyo-S12-K2-seed3407,12,2,3407,wrist_flexion,grabmyo-S012-D1-wrist_flexion-T02,grabmyo-S012-D1-wrist_flexion-T02,grabmyo-S012-D1-wrist_flexion-T02,1,validation
grabmyo-S12-K2-seed3407,12,2,3407,wrist_flexion,grabmyo-S012-D1-wrist_flexion-T03,grabmyo-S012-D1-wrist_flexion-T03,grabmyo-S012-D1-wrist_flexion-T03,1,validation
grabmyo-S13-K2-seed3407,13,2,3407,hand_close,grabmyo-S013-D1-hand_close-T03,grabmyo-S013-D1-hand_close-T03,grabmyo-S013-D1-hand_close-T03,1,validation
grabmyo-S13-K2-seed3407,13,2,3407,hand_close,grabmyo-S013-D1-hand_close-T07,grabmyo-S013-D1-hand_close-T07,grabmyo-S013-D1-hand_close-T07,1,validation
grabmyo-S13-K2-seed3407,13,2,3407,rest,grabmyo-S013-D1-rest-T01,grabmyo-S013-D1-rest-T01,grabmyo-S013-D1-rest-T01,1,validation
grabmyo-S13-K2-seed3407,13,2,3407,rest,grabmyo-S013-D1-rest-T06,grabmyo-S013-D1-rest-T06,grabmyo-S013-D1-rest-T06,1,validation
grabmyo-S13-K2-seed3407,13,2,3407,wrist_extension,grabmyo-S013-D1-wrist_extension-T01,grabmyo-S013-D1-wrist_extension-T01,grabmyo-S013-D1-wrist_extension-T01,1,validation
grabmyo-S13-K2-seed3407,13,2,3407,wrist_extension,grabmyo-S013-D1-wrist_extension-T06,grabmyo-S013-D1-wrist_extension-T06,grabmyo-S013-D1-wrist_extension-T06,1,validation
grabmyo-S13-K2-seed3407,13,2,3407,wrist_flexion,grabmyo-S013-D1-wrist_flexion-T04,grabmyo-S013-D1-wrist_flexion-T04,grabmyo-S013-D1-wrist_flexion-T04,1,validation
grabmyo-S13-K2-seed3407,13,2,3407,wrist_flexion,grabmyo-S013-D1-wrist_flexion-T05,grabmyo-S013-D1-wrist_flexion-T05,grabmyo-S013-D1-wrist_flexion-T05,1,validation
grabmyo-S25-K2-seed3407,25,2,3407,hand_close,grabmyo-S025-D1-hand_close-T03,grabmyo-S025-D1-hand_close-T03,grabmyo-S025-D1-hand_close-T03,1,validation
grabmyo-S25-K2-seed3407,25,2,3407,hand_close,grabmyo-S025-D1-hand_close-T05,grabmyo-S025-D1-hand_close-T05,grabmyo-S025-D1-hand_close-T05,1,validation
grabmyo-S25-K2-seed3407,25,2,3407,rest,grabmyo-S025-D1-rest-T02,grabmyo-S025-D1-rest-T02,grabmyo-S025-D1-rest-T02,1,validation
grabmyo-S25-K2-seed3407,25,2,3407,rest,grabmyo-S025-D1-rest-T03,grabmyo-S025-D1-rest-T03,grabmyo-S025-D1-rest-T03,1,validation
grabmyo-S25-K2-seed3407,25,2,3407,wrist_extension,grabmyo-S025-D1-wrist_extension-T05,grabmyo-S025-D1-wrist_extension-T05,grabmyo-S025-D1-wrist_extension-T05,1,validation
grabmyo-S25-K2-seed3407,25,2,3407,wrist_extension,grabmyo-S025-D1-wrist_extension-T06,grabmyo-S025-D1-wrist_extension-T06,grabmyo-S025-D1-wrist_extension-T06,1,validation
grabmyo-S25-K2-seed3407,25,2,3407,wrist_flexion,grabmyo-S025-D1-wrist_flexion-T02,grabmyo-S025-D1-wrist_flexion-T02,grabmyo-S025-D1-wrist_flexion-T02,1,validation
grabmyo-S25-K2-seed3407,25,2,3407,wrist_flexion,grabmyo-S025-D1-wrist_flexion-T03,grabmyo-S025-D1-wrist_flexion-T03,grabmyo-S025-D1-wrist_flexion-T03,1,validation
grabmyo-S26-K2-seed3407,26,2,3407,hand_close,grabmyo-S026-D1-hand_close-T01,grabmyo-S026-D1-hand_close-T01,grabmyo-S026-D1-hand_close-T01,1,validation
grabmyo-S26-K2-seed3407,26,2,3407,hand_close,grabmyo-S026-D1-hand_close-T04,grabmyo-S026-D1-hand_close-T04,grabmyo-S026-D1-hand_close-T04,1,validation
grabmyo-S26-K2-seed3407,26,2,3407,rest,grabmyo-S026-D1-rest-T01,grabmyo-S026-D1-rest-T01,grabmyo-S026-D1-rest-T01,1,validation
grabmyo-S26-K2-seed3407,26,2,3407,rest,grabmyo-S026-D1-rest-T02,grabmyo-S026-D1-rest-T02,grabmyo-S026-D1-rest-T02,1,validation
grabmyo-S26-K2-seed3407,26,2,3407,wrist_extension,grabmyo-S026-D1-wrist_extension-T02,grabmyo-S026-D1-wrist_extension-T02,grabmyo-S026-D1-wrist_extension-T02,1,validation
grabmyo-S26-K2-seed3407,26,2,3407,wrist_extension,grabmyo-S026-D1-wrist_extension-T04,grabmyo-S026-D1-wrist_extension-T04,grabmyo-S026-D1-wrist_extension-T04,1,validation
grabmyo-S26-K2-seed3407,26,2,3407,wrist_flexion,grabmyo-S026-D1-wrist_flexion-T04,grabmyo-S026-D1-wrist_flexion-T04,grabmyo-S026-D1-wrist_flexion-T04,1,validation
grabmyo-S26-K2-seed3407,26,2,3407,wrist_flexion,grabmyo-S026-D1-wrist_flexion-T05,grabmyo-S026-D1-wrist_flexion-T05,grabmyo-S026-D1-wrist_flexion-T05,1,validation
grabmyo-S29-K2-seed3407,29,2,3407,hand_close,grabmyo-S029-D1-hand_close-T02,grabmyo-S029-D1-hand_close-T02,grabmyo-S029-D1-hand_close-T02,1,validation
grabmyo-S29-K2-seed3407,29,2,3407,hand_close,grabmyo-S029-D1-hand_close-T06,grabmyo-S029-D1-hand_close-T06,grabmyo-S029-D1-hand_close-T06,1,validation
grabmyo-S29-K2-seed3407,29,2,3407,rest,grabmyo-S029-D1-rest-T01,grabmyo-S029-D1-rest-T01,grabmyo-S029-D1-rest-T01,1,validation
grabmyo-S29-K2-seed3407,29,2,3407,rest,grabmyo-S029-D1-rest-T06,grabmyo-S029-D1-rest-T06,grabmyo-S029-D1-rest-T06,1,validation
grabmyo-S29-K2-seed3407,29,2,3407,wrist_extension,grabmyo-S029-D1-wrist_extension-T02,grabmyo-S029-D1-wrist_extension-T02,grabmyo-S029-D1-wrist_extension-T02,1,validation
grabmyo-S29-K2-seed3407,29,2,3407,wrist_extension,grabmyo-S029-D1-wrist_extension-T06,grabmyo-S029-D1-wrist_extension-T06,grabmyo-S029-D1-wrist_extension-T06,1,validation
grabmyo-S29-K2-seed3407,29,2,3407,wrist_flexion,grabmyo-S029-D1-wrist_flexion-T03,grabmyo-S029-D1-wrist_flexion-T03,grabmyo-S029-D1-wrist_flexion-T03,1,validation
grabmyo-S29-K2-seed3407,29,2,3407,wrist_flexion,grabmyo-S029-D1-wrist_flexion-T07,grabmyo-S029-D1-wrist_flexion-T07,grabmyo-S029-D1-wrist_flexion-T07,1,validation
grabmyo-S33-K2-seed3407,33,2,3407,hand_close,grabmyo-S033-D1-hand_close-T03,grabmyo-S033-D1-hand_close-T03,grabmyo-S033-D1-hand_close-T03,1,validation
grabmyo-S33-K2-seed3407,33,2,3407,hand_close,grabmyo-S033-D1-hand_close-T07,grabmyo-S033-D1-hand_close-T07,grabmyo-S033-D1-hand_close-T07,1,validation
grabmyo-S33-K2-seed3407,33,2,3407,rest,grabmyo-S033-D1-rest-T04,grabmyo-S033-D1-rest-T04,grabmyo-S033-D1-rest-T04,1,validation
grabmyo-S33-K2-seed3407,33,2,3407,rest,grabmyo-S033-D1-rest-T06,grabmyo-S033-D1-rest-T06,grabmyo-S033-D1-rest-T06,1,validation
grabmyo-S33-K2-seed3407,33,2,3407,wrist_extension,grabmyo-S033-D1-wrist_extension-T02,grabmyo-S033-D1-wrist_extension-T02,grabmyo-S033-D1-wrist_extension-T02,1,validation
grabmyo-S33-K2-seed3407,33,2,3407,wrist_extension,grabmyo-S033-D1-wrist_extension-T06,grabmyo-S033-D1-wrist_extension-T06,grabmyo-S033-D1-wrist_extension-T06,1,validation
grabmyo-S33-K2-seed3407,33,2,3407,wrist_flexion,grabmyo-S033-D1-wrist_flexion-T01,grabmyo-S033-D1-wrist_flexion-T01,grabmyo-S033-D1-wrist_flexion-T01,1,validation
grabmyo-S33-K2-seed3407,33,2,3407,wrist_flexion,grabmyo-S033-D1-wrist_flexion-T05,grabmyo-S033-D1-wrist_flexion-T05,grabmyo-S033-D1-wrist_flexion-T05,1,validation
grabmyo-S34-K2-seed3407,34,2,3407,hand_close,grabmyo-S034-D1-hand_close-T03,grabmyo-S034-D1-hand_close-T03,grabmyo-S034-D1-hand_close-T03,1,validation
grabmyo-S34-K2-seed3407,34,2,3407,hand_close,grabmyo-S034-D1-hand_close-T07,grabmyo-S034-D1-hand_close-T07,grabmyo-S034-D1-hand_close-T07,1,validation
grabmyo-S34-K2-seed3407,34,2,3407,rest,grabmyo-S034-D1-rest-T06,grabmyo-S034-D1-rest-T06,grabmyo-S034-D1-rest-T06,1,validation
grabmyo-S34-K2-seed3407,34,2,3407,rest,grabmyo-S034-D1-rest-T07,grabmyo-S034-D1-rest-T07,grabmyo-S034-D1-rest-T07,1,validation
grabmyo-S34-K2-seed3407,34,2,3407,wrist_extension,grabmyo-S034-D1-wrist_extension-T04,grabmyo-S034-D1-wrist_extension-T04,grabmyo-S034-D1-wrist_extension-T04,1,validation
grabmyo-S34-K2-seed3407,34,2,3407,wrist_extension,grabmyo-S034-D1-wrist_extension-T07,grabmyo-S034-D1-wrist_extension-T07,grabmyo-S034-D1-wrist_extension-T07,1,validation
grabmyo-S34-K2-seed3407,34,2,3407,wrist_flexion,grabmyo-S034-D1-wrist_flexion-T02,grabmyo-S034-D1-wrist_flexion-T02,grabmyo-S034-D1-wrist_flexion-T02,1,validation
grabmyo-S34-K2-seed3407,34,2,3407,wrist_flexion,grabmyo-S034-D1-wrist_flexion-T03,grabmyo-S034-D1-wrist_flexion-T03,grabmyo-S034-D1-wrist_flexion-T03,1,validation
grabmyo-S35-K2-seed3407,35,2,3407,hand_close,grabmyo-S035-D1-hand_close-T02,grabmyo-S035-D1-hand_close-T02,grabmyo-S035-D1-hand_close-T02,1,validation
grabmyo-S35-K2-seed3407,35,2,3407,hand_close,grabmyo-S035-D1-hand_close-T03,grabmyo-S035-D1-hand_close-T03,grabmyo-S035-D1-hand_close-T03,1,validation
grabmyo-S35-K2-seed3407,35,2,3407,rest,grabmyo-S035-D1-rest-T02,grabmyo-S035-D1-rest-T02,grabmyo-S035-D1-rest-T02,1,validation
grabmyo-S35-K2-seed3407,35,2,3407,rest,grabmyo-S035-D1-rest-T04,grabmyo-S035-D1-rest-T04,grabmyo-S035-D1-rest-T04,1,validation
grabmyo-S35-K2-seed3407,35,2,3407,wrist_extension,grabmyo-S035-D1-wrist_extension-T03,grabmyo-S035-D1-wrist_extension-T03,grabmyo-S035-D1-wrist_extension-T03,1,validation
grabmyo-S35-K2-seed3407,35,2,3407,wrist_extension,grabmyo-S035-D1-wrist_extension-T07,grabmyo-S035-D1-wrist_extension-T07,grabmyo-S035-D1-wrist_extension-T07,1,validation
grabmyo-S35-K2-seed3407,35,2,3407,wrist_flexion,grabmyo-S035-D1-wrist_flexion-T01,grabmyo-S035-D1-wrist_flexion-T01,grabmyo-S035-D1-wrist_flexion-T01,1,validation
grabmyo-S35-K2-seed3407,35,2,3407,wrist_flexion,grabmyo-S035-D1-wrist_flexion-T07,grabmyo-S035-D1-wrist_flexion-T07,grabmyo-S035-D1-wrist_flexion-T07,1,validation
grabmyo-S41-K2-seed3407,41,2,3407,hand_close,grabmyo-S041-D1-hand_close-T05,grabmyo-S041-D1-hand_close-T05,grabmyo-S041-D1-hand_close-T05,1,validation
grabmyo-S41-K2-seed3407,41,2,3407,hand_close,grabmyo-S041-D1-hand_close-T07,grabmyo-S041-D1-hand_close-T07,grabmyo-S041-D1-hand_close-T07,1,validation
grabmyo-S41-K2-seed3407,41,2,3407,rest,grabmyo-S041-D1-rest-T03,grabmyo-S041-D1-rest-T03,grabmyo-S041-D1-rest-T03,1,validation
grabmyo-S41-K2-seed3407,41,2,3407,rest,grabmyo-S041-D1-rest-T05,grabmyo-S041-D1-rest-T05,grabmyo-S041-D1-rest-T05,1,validation
grabmyo-S41-K2-seed3407,41,2,3407,wrist_extension,grabmyo-S041-D1-wrist_extension-T02,grabmyo-S041-D1-wrist_extension-T02,grabmyo-S041-D1-wrist_extension-T02,1,validation
grabmyo-S41-K2-seed3407,41,2,3407,wrist_extension,grabmyo-S041-D1-wrist_extension-T07,grabmyo-S041-D1-wrist_extension-T07,grabmyo-S041-D1-wrist_extension-T07,1,validation
grabmyo-S41-K2-seed3407,41,2,3407,wrist_flexion,grabmyo-S041-D1-wrist_flexion-T01,grabmyo-S041-D1-wrist_flexion-T01,grabmyo-S041-D1-wrist_flexion-T01,1,validation
grabmyo-S41-K2-seed3407,41,2,3407,wrist_flexion,grabmyo-S041-D1-wrist_flexion-T02,grabmyo-S041-D1-wrist_flexion-T02,grabmyo-S041-D1-wrist_flexion-T02,1,validation
grabmyo-S12-K2-seed3408,12,2,3408,hand_close,grabmyo-S012-D1-hand_close-T02,grabmyo-S012-D1-hand_close-T02,grabmyo-S012-D1-hand_close-T02,1,validation
grabmyo-S12-K2-seed3408,12,2,3408,hand_close,grabmyo-S012-D1-hand_close-T07,grabmyo-S012-D1-hand_close-T07,grabmyo-S012-D1-hand_close-T07,1,validation
grabmyo-S12-K2-seed3408,12,2,3408,rest,grabmyo-S012-D1-rest-T05,grabmyo-S012-D1-rest-T05,grabmyo-S012-D1-rest-T05,1,validation
grabmyo-S12-K2-seed3408,12,2,3408,rest,grabmyo-S012-D1-rest-T07,grabmyo-S012-D1-rest-T07,grabmyo-S012-D1-rest-T07,1,validation
grabmyo-S12-K2-seed3408,12,2,3408,wrist_extension,grabmyo-S012-D1-wrist_extension-T05,grabmyo-S012-D1-wrist_extension-T05,grabmyo-S012-D1-wrist_extension-T05,1,validation
grabmyo-S12-K2-seed3408,12,2,3408,wrist_extension,grabmyo-S012-D1-wrist_extension-T07,grabmyo-S012-D1-wrist_extension-T07,grabmyo-S012-D1-wrist_extension-T07,1,validation
grabmyo-S12-K2-seed3408,12,2,3408,wrist_flexion,grabmyo-S012-D1-wrist_flexion-T04,grabmyo-S012-D1-wrist_flexion-T04,grabmyo-S012-D1-wrist_flexion-T04,1,validation
grabmyo-S12-K2-seed3408,12,2,3408,wrist_flexion,grabmyo-S012-D1-wrist_flexion-T05,grabmyo-S012-D1-wrist_flexion-T05,grabmyo-S012-D1-wrist_flexion-T05,1,validation
grabmyo-S13-K2-seed3408,13,2,3408,hand_close,grabmyo-S013-D1-hand_close-T05,grabmyo-S013-D1-hand_close-T05,grabmyo-S013-D1-hand_close-T05,1,validation
grabmyo-S13-K2-seed3408,13,2,3408,hand_close,grabmyo-S013-D1-hand_close-T06,grabmyo-S013-D1-hand_close-T06,grabmyo-S013-D1-hand_close-T06,1,validation
grabmyo-S13-K2-seed3408,13,2,3408,rest,grabmyo-S013-D1-rest-T01,grabmyo-S013-D1-rest-T01,grabmyo-S013-D1-rest-T01,1,validation
grabmyo-S13-K2-seed3408,13,2,3408,rest,grabmyo-S013-D1-rest-T07,grabmyo-S013-D1-rest-T07,grabmyo-S013-D1-rest-T07,1,validation
grabmyo-S13-K2-seed3408,13,2,3408,wrist_extension,grabmyo-S013-D1-wrist_extension-T01,grabmyo-S013-D1-wrist_extension-T01,grabmyo-S013-D1-wrist_extension-T01,1,validation
grabmyo-S13-K2-seed3408,13,2,3408,wrist_extension,grabmyo-S013-D1-wrist_extension-T02,grabmyo-S013-D1-wrist_extension-T02,grabmyo-S013-D1-wrist_extension-T02,1,validation
grabmyo-S13-K2-seed3408,13,2,3408,wrist_flexion,grabmyo-S013-D1-wrist_flexion-T03,grabmyo-S013-D1-wrist_flexion-T03,grabmyo-S013-D1-wrist_flexion-T03,1,validation
grabmyo-S13-K2-seed3408,13,2,3408,wrist_flexion,grabmyo-S013-D1-wrist_flexion-T06,grabmyo-S013-D1-wrist_flexion-T06,grabmyo-S013-D1-wrist_flexion-T06,1,validation
grabmyo-S25-K2-seed3408,25,2,3408,hand_close,grabmyo-S025-D1-hand_close-T03,grabmyo-S025-D1-hand_close-T03,grabmyo-S025-D1-hand_close-T03,1,validation
grabmyo-S25-K2-seed3408,25,2,3408,hand_close,grabmyo-S025-D1-hand_close-T04,grabmyo-S025-D1-hand_close-T04,grabmyo-S025-D1-hand_close-T04,1,validation
grabmyo-S25-K2-seed3408,25,2,3408,rest,grabmyo-S025-D1-rest-T02,grabmyo-S025-D1-rest-T02,grabmyo-S025-D1-rest-T02,1,validation
grabmyo-S25-K2-seed3408,25,2,3408,rest,grabmyo-S025-D1-rest-T05,grabmyo-S025-D1-rest-T05,grabmyo-S025-D1-rest-T05,1,validation
grabmyo-S25-K2-seed3408,25,2,3408,wrist_extension,grabmyo-S025-D1-wrist_extension-T02,grabmyo-S025-D1-wrist_extension-T02,grabmyo-S025-D1-wrist_extension-T02,1,validation
grabmyo-S25-K2-seed3408,25,2,3408,wrist_extension,grabmyo-S025-D1-wrist_extension-T03,grabmyo-S025-D1-wrist_extension-T03,grabmyo-S025-D1-wrist_extension-T03,1,validation
grabmyo-S25-K2-seed3408,25,2,3408,wrist_flexion,grabmyo-S025-D1-wrist_flexion-T05,grabmyo-S025-D1-wrist_flexion-T05,grabmyo-S025-D1-wrist_flexion-T05,1,validation
grabmyo-S25-K2-seed3408,25,2,3408,wrist_flexion,grabmyo-S025-D1-wrist_flexion-T07,grabmyo-S025-D1-wrist_flexion-T07,grabmyo-S025-D1-wrist_flexion-T07,1,validation
grabmyo-S26-K2-seed3408,26,2,3408,hand_close,grabmyo-S026-D1-hand_close-T02,grabmyo-S026-D1-hand_close-T02,grabmyo-S026-D1-hand_close-T02,1,validation
grabmyo-S26-K2-seed3408,26,2,3408,hand_close,grabmyo-S026-D1-hand_close-T07,grabmyo-S026-D1-hand_close-T07,grabmyo-S026-D1-hand_close-T07,1,validation
grabmyo-S26-K2-seed3408,26,2,3408,rest,grabmyo-S026-D1-rest-T02,grabmyo-S026-D1-rest-T02,grabmyo-S026-D1-rest-T02,1,validation
grabmyo-S26-K2-seed3408,26,2,3408,rest,grabmyo-S026-D1-rest-T04,grabmyo-S026-D1-rest-T04,grabmyo-S026-D1-rest-T04,1,validation
grabmyo-S26-K2-seed3408,26,2,3408,wrist_extension,grabmyo-S026-D1-wrist_extension-T04,grabmyo-S026-D1-wrist_extension-T04,grabmyo-S026-D1-wrist_extension-T04,1,validation
grabmyo-S26-K2-seed3408,26,2,3408,wrist_extension,grabmyo-S026-D1-wrist_extension-T06,grabmyo-S026-D1-wrist_extension-T06,grabmyo-S026-D1-wrist_extension-T06,1,validation
grabmyo-S26-K2-seed3408,26,2,3408,wrist_flexion,grabmyo-S026-D1-wrist_flexion-T01,grabmyo-S026-D1-wrist_flexion-T01,grabmyo-S026-D1-wrist_flexion-T01,1,validation
grabmyo-S26-K2-seed3408,26,2,3408,wrist_flexion,grabmyo-S026-D1-wrist_flexion-T02,grabmyo-S026-D1-wrist_flexion-T02,grabmyo-S026-D1-wrist_flexion-T02,1,validation
grabmyo-S29-K2-seed3408,29,2,3408,hand_close,grabmyo-S029-D1-hand_close-T01,grabmyo-S029-D1-hand_close-T01,grabmyo-S029-D1-hand_close-T01,1,validation
grabmyo-S29-K2-seed3408,29,2,3408,hand_close,grabmyo-S029-D1-hand_close-T05,grabmyo-S029-D1-hand_close-T05,grabmyo-S029-D1-hand_close-T05,1,validation
grabmyo-S29-K2-seed3408,29,2,3408,rest,grabmyo-S029-D1-rest-T02,grabmyo-S029-D1-rest-T02,grabmyo-S029-D1-rest-T02,1,validation
grabmyo-S29-K2-seed3408,29,2,3408,rest,grabmyo-S029-D1-rest-T04,grabmyo-S029-D1-rest-T04,grabmyo-S029-D1-rest-T04,1,validation
grabmyo-S29-K2-seed3408,29,2,3408,wrist_extension,grabmyo-S029-D1-wrist_extension-T01,grabmyo-S029-D1-wrist_extension-T01,grabmyo-S029-D1-wrist_extension-T01,1,validation
grabmyo-S29-K2-seed3408,29,2,3408,wrist_extension,grabmyo-S029-D1-wrist_extension-T07,grabmyo-S029-D1-wrist_extension-T07,grabmyo-S029-D1-wrist_extension-T07,1,validation
grabmyo-S29-K2-seed3408,29,2,3408,wrist_flexion,grabmyo-S029-D1-wrist_flexion-T03,grabmyo-S029-D1-wrist_flexion-T03,grabmyo-S029-D1-wrist_flexion-T03,1,validation
grabmyo-S29-K2-seed3408,29,2,3408,wrist_flexion,grabmyo-S029-D1-wrist_flexion-T06,grabmyo-S029-D1-wrist_flexion-T06,grabmyo-S029-D1-wrist_flexion-T06,1,validation
grabmyo-S33-K2-seed3408,33,2,3408,hand_close,grabmyo-S033-D1-hand_close-T02,grabmyo-S033-D1-hand_close-T02,grabmyo-S033-D1-hand_close-T02,1,validation
grabmyo-S33-K2-seed3408,33,2,3408,hand_close,grabmyo-S033-D1-hand_close-T06,grabmyo-S033-D1-hand_close-T06,grabmyo-S033-D1-hand_close-T06,1,validation
grabmyo-S33-K2-seed3408,33,2,3408,rest,grabmyo-S033-D1-rest-T01,grabmyo-S033-D1-rest-T01,grabmyo-S033-D1-rest-T01,1,validation
grabmyo-S33-K2-seed3408,33,2,3408,rest,grabmyo-S033-D1-rest-T07,grabmyo-S033-D1-rest-T07,grabmyo-S033-D1-rest-T07,1,validation
grabmyo-S33-K2-seed3408,33,2,3408,wrist_extension,grabmyo-S033-D1-wrist_extension-T03,grabmyo-S033-D1-wrist_extension-T03,grabmyo-S033-D1-wrist_extension-T03,1,validation
grabmyo-S33-K2-seed3408,33,2,3408,wrist_extension,grabmyo-S033-D1-wrist_extension-T04,grabmyo-S033-D1-wrist_extension-T04,grabmyo-S033-D1-wrist_extension-T04,1,validation
grabmyo-S33-K2-seed3408,33,2,3408,wrist_flexion,grabmyo-S033-D1-wrist_flexion-T04,grabmyo-S033-D1-wrist_flexion-T04,grabmyo-S033-D1-wrist_flexion-T04,1,validation
grabmyo-S33-K2-seed3408,33,2,3408,wrist_flexion,grabmyo-S033-D1-wrist_flexion-T06,grabmyo-S033-D1-wrist_flexion-T06,grabmyo-S033-D1-wrist_flexion-T06,1,validation
grabmyo-S34-K2-seed3408,34,2,3408,hand_close,grabmyo-S034-D1-hand_close-T02,grabmyo-S034-D1-hand_close-T02,grabmyo-S034-D1-hand_close-T02,1,validation
grabmyo-S34-K2-seed3408,34,2,3408,hand_close,grabmyo-S034-D1-hand_close-T03,grabmyo-S034-D1-hand_close-T03,grabmyo-S034-D1-hand_close-T03,1,validation
grabmyo-S34-K2-seed3408,34,2,3408,rest,grabmyo-S034-D1-rest-T01,grabmyo-S034-D1-rest-T01,grabmyo-S034-D1-rest-T01,1,validation
grabmyo-S34-K2-seed3408,34,2,3408,rest,grabmyo-S034-D1-rest-T04,grabmyo-S034-D1-rest-T04,grabmyo-S034-D1-rest-T04,1,validation
grabmyo-S34-K2-seed3408,34,2,3408,wrist_extension,grabmyo-S034-D1-wrist_extension-T03,grabmyo-S034-D1-wrist_extension-T03,grabmyo-S034-D1-wrist_extension-T03,1,validation
grabmyo-S34-K2-seed3408,34,2,3408,wrist_extension,grabmyo-S034-D1-wrist_extension-T07,grabmyo-S034-D1-wrist_extension-T07,grabmyo-S034-D1-wrist_extension-T07,1,validation
grabmyo-S34-K2-seed3408,34,2,3408,wrist_flexion,grabmyo-S034-D1-wrist_flexion-T02,grabmyo-S034-D1-wrist_flexion-T02,grabmyo-S034-D1-wrist_flexion-T02,1,validation
grabmyo-S34-K2-seed3408,34,2,3408,wrist_flexion,grabmyo-S034-D1-wrist_flexion-T03,grabmyo-S034-D1-wrist_flexion-T03,grabmyo-S034-D1-wrist_flexion-T03,1,validation
grabmyo-S35-K2-seed3408,35,2,3408,hand_close,grabmyo-S035-D1-hand_close-T05,grabmyo-S035-D1-hand_close-T05,grabmyo-S035-D1-hand_close-T05,1,validation
grabmyo-S35-K2-seed3408,35,2,3408,hand_close,grabmyo-S035-D1-hand_close-T07,grabmyo-S035-D1-hand_close-T07,grabmyo-S035-D1-hand_close-T07,1,validation
grabmyo-S35-K2-seed3408,35,2,3408,rest,grabmyo-S035-D1-rest-T02,grabmyo-S035-D1-rest-T02,grabmyo-S035-D1-rest-T02,1,validation
grabmyo-S35-K2-seed3408,35,2,3408,rest,grabmyo-S035-D1-rest-T07,grabmyo-S035-D1-rest-T07,grabmyo-S035-D1-rest-T07,1,validation
grabmyo-S35-K2-seed3408,35,2,3408,wrist_extension,grabmyo-S035-D1-wrist_extension-T01,grabmyo-S035-D1-wrist_extension-T01,grabmyo-S035-D1-wrist_extension-T01,1,validation
grabmyo-S35-K2-seed3408,35,2,3408,wrist_extension,grabmyo-S035-D1-wrist_extension-T05,grabmyo-S035-D1-wrist_extension-T05,grabmyo-S035-D1-wrist_extension-T05,1,validation
grabmyo-S35-K2-seed3408,35,2,3408,wrist_flexion,grabmyo-S035-D1-wrist_flexion-T02,grabmyo-S035-D1-wrist_flexion-T02,grabmyo-S035-D1-wrist_flexion-T02,1,validation
grabmyo-S35-K2-seed3408,35,2,3408,wrist_flexion,grabmyo-S035-D1-wrist_flexion-T04,grabmyo-S035-D1-wrist_flexion-T04,grabmyo-S035-D1-wrist_flexion-T04,1,validation
grabmyo-S41-K2-seed3408,41,2,3408,hand_close,grabmyo-S041-D1-hand_close-T06,grabmyo-S041-D1-hand_close-T06,grabmyo-S041-D1-hand_close-T06,1,validation
grabmyo-S41-K2-seed3408,41,2,3408,hand_close,grabmyo-S041-D1-hand_close-T07,grabmyo-S041-D1-hand_close-T07,grabmyo-S041-D1-hand_close-T07,1,validation
grabmyo-S41-K2-seed3408,41,2,3408,rest,grabmyo-S041-D1-rest-T05,grabmyo-S041-D1-rest-T05,grabmyo-S041-D1-rest-T05,1,validation
grabmyo-S41-K2-seed3408,41,2,3408,rest,grabmyo-S041-D1-rest-T06,grabmyo-S041-D1-rest-T06,grabmyo-S041-D1-rest-T06,1,validation
grabmyo-S41-K2-seed3408,41,2,3408,wrist_extension,grabmyo-S041-D1-wrist_extension-T02,grabmyo-S041-D1-wrist_extension-T02,grabmyo-S041-D1-wrist_extension-T02,1,validation
grabmyo-S41-K2-seed3408,41,2,3408,wrist_extension,grabmyo-S041-D1-wrist_extension-T07,grabmyo-S041-D1-wrist_extension-T07,grabmyo-S041-D1-wrist_extension-T07,1,validation
grabmyo-S41-K2-seed3408,41,2,3408,wrist_flexion,grabmyo-S041-D1-wrist_flexion-T03,grabmyo-S041-D1-wrist_flexion-T03,grabmyo-S041-D1-wrist_flexion-T03,1,validation
grabmyo-S41-K2-seed3408,41,2,3408,wrist_flexion,grabmyo-S041-D1-wrist_flexion-T04,grabmyo-S041-D1-wrist_flexion-T04,grabmyo-S041-D1-wrist_flexion-T04,1,validation
grabmyo-S12-K2-seed3409,12,2,3409,hand_close,grabmyo-S012-D1-hand_close-T02,grabmyo-S012-D1-hand_close-T02,grabmyo-S012-D1-hand_close-T02,1,validation
grabmyo-S12-K2-seed3409,12,2,3409,hand_close,grabmyo-S012-D1-hand_close-T03,grabmyo-S012-D1-hand_close-T03,grabmyo-S012-D1-hand_close-T03,1,validation
grabmyo-S12-K2-seed3409,12,2,3409,rest,grabmyo-S012-D1-rest-T02,grabmyo-S012-D1-rest-T02,grabmyo-S012-D1-rest-T02,1,validation
grabmyo-S12-K2-seed3409,12,2,3409,rest,grabmyo-S012-D1-rest-T03,grabmyo-S012-D1-rest-T03,grabmyo-S012-D1-rest-T03,1,validation
grabmyo-S12-K2-seed3409,12,2,3409,wrist_extension,grabmyo-S012-D1-wrist_extension-T06,grabmyo-S012-D1-wrist_extension-T06,grabmyo-S012-D1-wrist_extension-T06,1,validation
grabmyo-S12-K2-seed3409,12,2,3409,wrist_extension,grabmyo-S012-D1-wrist_extension-T07,grabmyo-S012-D1-wrist_extension-T07,grabmyo-S012-D1-wrist_extension-T07,1,validation
grabmyo-S12-K2-seed3409,12,2,3409,wrist_flexion,grabmyo-S012-D1-wrist_flexion-T05,grabmyo-S012-D1-wrist_flexion-T05,grabmyo-S012-D1-wrist_flexion-T05,1,validation
grabmyo-S12-K2-seed3409,12,2,3409,wrist_flexion,grabmyo-S012-D1-wrist_flexion-T07,grabmyo-S012-D1-wrist_flexion-T07,grabmyo-S012-D1-wrist_flexion-T07,1,validation
grabmyo-S13-K2-seed3409,13,2,3409,hand_close,grabmyo-S013-D1-hand_close-T01,grabmyo-S013-D1-hand_close-T01,grabmyo-S013-D1-hand_close-T01,1,validation
grabmyo-S13-K2-seed3409,13,2,3409,hand_close,grabmyo-S013-D1-hand_close-T06,grabmyo-S013-D1-hand_close-T06,grabmyo-S013-D1-hand_close-T06,1,validation
grabmyo-S13-K2-seed3409,13,2,3409,rest,grabmyo-S013-D1-rest-T02,grabmyo-S013-D1-rest-T02,grabmyo-S013-D1-rest-T02,1,validation
grabmyo-S13-K2-seed3409,13,2,3409,rest,grabmyo-S013-D1-rest-T05,grabmyo-S013-D1-rest-T05,grabmyo-S013-D1-rest-T05,1,validation
grabmyo-S13-K2-seed3409,13,2,3409,wrist_extension,grabmyo-S013-D1-wrist_extension-T02,grabmyo-S013-D1-wrist_extension-T02,grabmyo-S013-D1-wrist_extension-T02,1,validation
grabmyo-S13-K2-seed3409,13,2,3409,wrist_extension,grabmyo-S013-D1-wrist_extension-T04,grabmyo-S013-D1-wrist_extension-T04,grabmyo-S013-D1-wrist_extension-T04,1,validation
grabmyo-S13-K2-seed3409,13,2,3409,wrist_flexion,grabmyo-S013-D1-wrist_flexion-T01,grabmyo-S013-D1-wrist_flexion-T01,grabmyo-S013-D1-wrist_flexion-T01,1,validation
grabmyo-S13-K2-seed3409,13,2,3409,wrist_flexion,grabmyo-S013-D1-wrist_flexion-T06,grabmyo-S013-D1-wrist_flexion-T06,grabmyo-S013-D1-wrist_flexion-T06,1,validation
grabmyo-S25-K2-seed3409,25,2,3409,hand_close,grabmyo-S025-D1-hand_close-T01,grabmyo-S025-D1-hand_close-T01,grabmyo-S025-D1-hand_close-T01,1,validation
grabmyo-S25-K2-seed3409,25,2,3409,hand_close,grabmyo-S025-D1-hand_close-T05,grabmyo-S025-D1-hand_close-T05,grabmyo-S025-D1-hand_close-T05,1,validation
grabmyo-S25-K2-seed3409,25,2,3409,rest,grabmyo-S025-D1-rest-T04,grabmyo-S025-D1-rest-T04,grabmyo-S025-D1-rest-T04,1,validation
grabmyo-S25-K2-seed3409,25,2,3409,rest,grabmyo-S025-D1-rest-T06,grabmyo-S025-D1-rest-T06,grabmyo-S025-D1-rest-T06,1,validation
grabmyo-S25-K2-seed3409,25,2,3409,wrist_extension,grabmyo-S025-D1-wrist_extension-T01,grabmyo-S025-D1-wrist_extension-T01,grabmyo-S025-D1-wrist_extension-T01,1,validation
grabmyo-S25-K2-seed3409,25,2,3409,wrist_extension,grabmyo-S025-D1-wrist_extension-T04,grabmyo-S025-D1-wrist_extension-T04,grabmyo-S025-D1-wrist_extension-T04,1,validation
grabmyo-S25-K2-seed3409,25,2,3409,wrist_flexion,grabmyo-S025-D1-wrist_flexion-T01,grabmyo-S025-D1-wrist_flexion-T01,grabmyo-S025-D1-wrist_flexion-T01,1,validation
grabmyo-S25-K2-seed3409,25,2,3409,wrist_flexion,grabmyo-S025-D1-wrist_flexion-T04,grabmyo-S025-D1-wrist_flexion-T04,grabmyo-S025-D1-wrist_flexion-T04,1,validation
grabmyo-S26-K2-seed3409,26,2,3409,hand_close,grabmyo-S026-D1-hand_close-T01,grabmyo-S026-D1-hand_close-T01,grabmyo-S026-D1-hand_close-T01,1,validation
grabmyo-S26-K2-seed3409,26,2,3409,hand_close,grabmyo-S026-D1-hand_close-T06,grabmyo-S026-D1-hand_close-T06,grabmyo-S026-D1-hand_close-T06,1,validation
grabmyo-S26-K2-seed3409,26,2,3409,rest,grabmyo-S026-D1-rest-T01,grabmyo-S026-D1-rest-T01,grabmyo-S026-D1-rest-T01,1,validation
grabmyo-S26-K2-seed3409,26,2,3409,rest,grabmyo-S026-D1-rest-T02,grabmyo-S026-D1-rest-T02,grabmyo-S026-D1-rest-T02,1,validation
grabmyo-S26-K2-seed3409,26,2,3409,wrist_extension,grabmyo-S026-D1-wrist_extension-T05,grabmyo-S026-D1-wrist_extension-T05,grabmyo-S026-D1-wrist_extension-T05,1,validation
grabmyo-S26-K2-seed3409,26,2,3409,wrist_extension,grabmyo-S026-D1-wrist_extension-T07,grabmyo-S026-D1-wrist_extension-T07,grabmyo-S026-D1-wrist_extension-T07,1,validation
grabmyo-S26-K2-seed3409,26,2,3409,wrist_flexion,grabmyo-S026-D1-wrist_flexion-T01,grabmyo-S026-D1-wrist_flexion-T01,grabmyo-S026-D1-wrist_flexion-T01,1,validation
grabmyo-S26-K2-seed3409,26,2,3409,wrist_flexion,grabmyo-S026-D1-wrist_flexion-T03,grabmyo-S026-D1-wrist_flexion-T03,grabmyo-S026-D1-wrist_flexion-T03,1,validation
grabmyo-S29-K2-seed3409,29,2,3409,hand_close,grabmyo-S029-D1-hand_close-T03,grabmyo-S029-D1-hand_close-T03,grabmyo-S029-D1-hand_close-T03,1,validation
grabmyo-S29-K2-seed3409,29,2,3409,hand_close,grabmyo-S029-D1-hand_close-T04,grabmyo-S029-D1-hand_close-T04,grabmyo-S029-D1-hand_close-T04,1,validation
grabmyo-S29-K2-seed3409,29,2,3409,rest,grabmyo-S029-D1-rest-T03,grabmyo-S029-D1-rest-T03,grabmyo-S029-D1-rest-T03,1,validation
grabmyo-S29-K2-seed3409,29,2,3409,rest,grabmyo-S029-D1-rest-T07,grabmyo-S029-D1-rest-T07,grabmyo-S029-D1-rest-T07,1,validation
grabmyo-S29-K2-seed3409,29,2,3409,wrist_extension,grabmyo-S029-D1-wrist_extension-T04,grabmyo-S029-D1-wrist_extension-T04,grabmyo-S029-D1-wrist_extension-T04,1,validation
grabmyo-S29-K2-seed3409,29,2,3409,wrist_extension,grabmyo-S029-D1-wrist_extension-T07,grabmyo-S029-D1-wrist_extension-T07,grabmyo-S029-D1-wrist_extension-T07,1,validation
grabmyo-S29-K2-seed3409,29,2,3409,wrist_flexion,grabmyo-S029-D1-wrist_flexion-T04,grabmyo-S029-D1-wrist_flexion-T04,grabmyo-S029-D1-wrist_flexion-T04,1,validation
grabmyo-S29-K2-seed3409,29,2,3409,wrist_flexion,grabmyo-S029-D1-wrist_flexion-T06,grabmyo-S029-D1-wrist_flexion-T06,grabmyo-S029-D1-wrist_flexion-T06,1,validation
grabmyo-S33-K2-seed3409,33,2,3409,hand_close,grabmyo-S033-D1-hand_close-T03,grabmyo-S033-D1-hand_close-T03,grabmyo-S033-D1-hand_close-T03,1,validation
grabmyo-S33-K2-seed3409,33,2,3409,hand_close,grabmyo-S033-D1-hand_close-T04,grabmyo-S033-D1-hand_close-T04,grabmyo-S033-D1-hand_close-T04,1,validation
grabmyo-S33-K2-seed3409,33,2,3409,rest,grabmyo-S033-D1-rest-T04,grabmyo-S033-D1-rest-T04,grabmyo-S033-D1-rest-T04,1,validation
grabmyo-S33-K2-seed3409,33,2,3409,rest,grabmyo-S033-D1-rest-T06,grabmyo-S033-D1-rest-T06,grabmyo-S033-D1-rest-T06,1,validation
grabmyo-S33-K2-seed3409,33,2,3409,wrist_extension,grabmyo-S033-D1-wrist_extension-T02,grabmyo-S033-D1-wrist_extension-T02,grabmyo-S033-D1-wrist_extension-T02,1,validation
grabmyo-S33-K2-seed3409,33,2,3409,wrist_extension,grabmyo-S033-D1-wrist_extension-T06,grabmyo-S033-D1-wrist_extension-T06,grabmyo-S033-D1-wrist_extension-T06,1,validation
grabmyo-S33-K2-seed3409,33,2,3409,wrist_flexion,grabmyo-S033-D1-wrist_flexion-T03,grabmyo-S033-D1-wrist_flexion-T03,grabmyo-S033-D1-wrist_flexion-T03,1,validation
grabmyo-S33-K2-seed3409,33,2,3409,wrist_flexion,grabmyo-S033-D1-wrist_flexion-T05,grabmyo-S033-D1-wrist_flexion-T05,grabmyo-S033-D1-wrist_flexion-T05,1,validation
grabmyo-S34-K2-seed3409,34,2,3409,hand_close,grabmyo-S034-D1-hand_close-T03,grabmyo-S034-D1-hand_close-T03,grabmyo-S034-D1-hand_close-T03,1,validation
grabmyo-S34-K2-seed3409,34,2,3409,hand_close,grabmyo-S034-D1-hand_close-T04,grabmyo-S034-D1-hand_close-T04,grabmyo-S034-D1-hand_close-T04,1,validation
grabmyo-S34-K2-seed3409,34,2,3409,rest,grabmyo-S034-D1-rest-T05,grabmyo-S034-D1-rest-T05,grabmyo-S034-D1-rest-T05,1,validation
grabmyo-S34-K2-seed3409,34,2,3409,rest,grabmyo-S034-D1-rest-T06,grabmyo-S034-D1-rest-T06,grabmyo-S034-D1-rest-T06,1,validation
grabmyo-S34-K2-seed3409,34,2,3409,wrist_extension,grabmyo-S034-D1-wrist_extension-T05,grabmyo-S034-D1-wrist_extension-T05,grabmyo-S034-D1-wrist_extension-T05,1,validation
grabmyo-S34-K2-seed3409,34,2,3409,wrist_extension,grabmyo-S034-D1-wrist_extension-T06,grabmyo-S034-D1-wrist_extension-T06,grabmyo-S034-D1-wrist_extension-T06,1,validation
grabmyo-S34-K2-seed3409,34,2,3409,wrist_flexion,grabmyo-S034-D1-wrist_flexion-T01,grabmyo-S034-D1-wrist_flexion-T01,grabmyo-S034-D1-wrist_flexion-T01,1,validation
grabmyo-S34-K2-seed3409,34,2,3409,wrist_flexion,grabmyo-S034-D1-wrist_flexion-T02,grabmyo-S034-D1-wrist_flexion-T02,grabmyo-S034-D1-wrist_flexion-T02,1,validation
grabmyo-S35-K2-seed3409,35,2,3409,hand_close,grabmyo-S035-D1-hand_close-T01,grabmyo-S035-D1-hand_close-T01,grabmyo-S035-D1-hand_close-T01,1,validation
grabmyo-S35-K2-seed3409,35,2,3409,hand_close,grabmyo-S035-D1-hand_close-T02,grabmyo-S035-D1-hand_close-T02,grabmyo-S035-D1-hand_close-T02,1,validation
grabmyo-S35-K2-seed3409,35,2,3409,rest,grabmyo-S035-D1-rest-T02,grabmyo-S035-D1-rest-T02,grabmyo-S035-D1-rest-T02,1,validation
grabmyo-S35-K2-seed3409,35,2,3409,rest,grabmyo-S035-D1-rest-T05,grabmyo-S035-D1-rest-T05,grabmyo-S035-D1-rest-T05,1,validation
grabmyo-S35-K2-seed3409,35,2,3409,wrist_extension,grabmyo-S035-D1-wrist_extension-T01,grabmyo-S035-D1-wrist_extension-T01,grabmyo-S035-D1-wrist_extension-T01,1,validation
grabmyo-S35-K2-seed3409,35,2,3409,wrist_extension,grabmyo-S035-D1-wrist_extension-T05,grabmyo-S035-D1-wrist_extension-T05,grabmyo-S035-D1-wrist_extension-T05,1,validation
grabmyo-S35-K2-seed3409,35,2,3409,wrist_flexion,grabmyo-S035-D1-wrist_flexion-T02,grabmyo-S035-D1-wrist_flexion-T02,grabmyo-S035-D1-wrist_flexion-T02,1,validation
grabmyo-S35-K2-seed3409,35,2,3409,wrist_flexion,grabmyo-S035-D1-wrist_flexion-T07,grabmyo-S035-D1-wrist_flexion-T07,grabmyo-S035-D1-wrist_flexion-T07,1,validation
grabmyo-S41-K2-seed3409,41,2,3409,hand_close,grabmyo-S041-D1-hand_close-T05,grabmyo-S041-D1-hand_close-T05,grabmyo-S041-D1-hand_close-T05,1,validation
grabmyo-S41-K2-seed3409,41,2,3409,hand_close,grabmyo-S041-D1-hand_close-T07,grabmyo-S041-D1-hand_close-T07,grabmyo-S041-D1-hand_close-T07,1,validation
grabmyo-S41-K2-seed3409,41,2,3409,rest,grabmyo-S041-D1-rest-T03,grabmyo-S041-D1-rest-T03,grabmyo-S041-D1-rest-T03,1,validation
grabmyo-S41-K2-seed3409,41,2,3409,rest,grabmyo-S041-D1-rest-T05,grabmyo-S041-D1-rest-T05,grabmyo-S041-D1-rest-T05,1,validation
grabmyo-S41-K2-seed3409,41,2,3409,wrist_extension,grabmyo-S041-D1-wrist_extension-T02,grabmyo-S041-D1-wrist_extension-T02,grabmyo-S041-D1-wrist_extension-T02,1,validation
grabmyo-S41-K2-seed3409,41,2,3409,wrist_extension,grabmyo-S041-D1-wrist_extension-T03,grabmyo-S041-D1-wrist_extension-T03,grabmyo-S041-D1-wrist_extension-T03,1,validation
grabmyo-S41-K2-seed3409,41,2,3409,wrist_flexion,grabmyo-S041-D1-wrist_flexion-T06,grabmyo-S041-D1-wrist_flexion-T06,grabmyo-S041-D1-wrist_flexion-T06,1,validation
grabmyo-S41-K2-seed3409,41,2,3409,wrist_flexion,grabmyo-S041-D1-wrist_flexion-T07,grabmyo-S041-D1-wrist_flexion-T07,grabmyo-S041-D1-wrist_flexion-T07,1,validation
grabmyo-S12-K2-seed3410,12,2,3410,hand_close,grabmyo-S012-D1-hand_close-T02,grabmyo-S012-D1-hand_close-T02,grabmyo-S012-D1-hand_close-T02,1,validation
grabmyo-S12-K2-seed3410,12,2,3410,hand_close,grabmyo-S012-D1-hand_close-T06,grabmyo-S012-D1-hand_close-T06,grabmyo-S012-D1-hand_close-T06,1,validation
grabmyo-S12-K2-seed3410,12,2,3410,rest,grabmyo-S012-D1-rest-T02,grabmyo-S012-D1-rest-T02,grabmyo-S012-D1-rest-T02,1,validation
grabmyo-S12-K2-seed3410,12,2,3410,rest,grabmyo-S012-D1-rest-T07,grabmyo-S012-D1-rest-T07,grabmyo-S012-D1-rest-T07,1,validation
grabmyo-S12-K2-seed3410,12,2,3410,wrist_extension,grabmyo-S012-D1-wrist_extension-T03,grabmyo-S012-D1-wrist_extension-T03,grabmyo-S012-D1-wrist_extension-T03,1,validation
grabmyo-S12-K2-seed3410,12,2,3410,wrist_extension,grabmyo-S012-D1-wrist_extension-T07,grabmyo-S012-D1-wrist_extension-T07,grabmyo-S012-D1-wrist_extension-T07,1,validation
grabmyo-S12-K2-seed3410,12,2,3410,wrist_flexion,grabmyo-S012-D1-wrist_flexion-T03,grabmyo-S012-D1-wrist_flexion-T03,grabmyo-S012-D1-wrist_flexion-T03,1,validation
grabmyo-S12-K2-seed3410,12,2,3410,wrist_flexion,grabmyo-S012-D1-wrist_flexion-T04,grabmyo-S012-D1-wrist_flexion-T04,grabmyo-S012-D1-wrist_flexion-T04,1,validation
grabmyo-S13-K2-seed3410,13,2,3410,hand_close,grabmyo-S013-D1-hand_close-T04,grabmyo-S013-D1-hand_close-T04,grabmyo-S013-D1-hand_close-T04,1,validation
grabmyo-S13-K2-seed3410,13,2,3410,hand_close,grabmyo-S013-D1-hand_close-T06,grabmyo-S013-D1-hand_close-T06,grabmyo-S013-D1-hand_close-T06,1,validation
grabmyo-S13-K2-seed3410,13,2,3410,rest,grabmyo-S013-D1-rest-T01,grabmyo-S013-D1-rest-T01,grabmyo-S013-D1-rest-T01,1,validation
grabmyo-S13-K2-seed3410,13,2,3410,rest,grabmyo-S013-D1-rest-T03,grabmyo-S013-D1-rest-T03,grabmyo-S013-D1-rest-T03,1,validation
grabmyo-S13-K2-seed3410,13,2,3410,wrist_extension,grabmyo-S013-D1-wrist_extension-T02,grabmyo-S013-D1-wrist_extension-T02,grabmyo-S013-D1-wrist_extension-T02,1,validation
grabmyo-S13-K2-seed3410,13,2,3410,wrist_extension,grabmyo-S013-D1-wrist_extension-T04,grabmyo-S013-D1-wrist_extension-T04,grabmyo-S013-D1-wrist_extension-T04,1,validation
grabmyo-S13-K2-seed3410,13,2,3410,wrist_flexion,grabmyo-S013-D1-wrist_flexion-T02,grabmyo-S013-D1-wrist_flexion-T02,grabmyo-S013-D1-wrist_flexion-T02,1,validation
grabmyo-S13-K2-seed3410,13,2,3410,wrist_flexion,grabmyo-S013-D1-wrist_flexion-T04,grabmyo-S013-D1-wrist_flexion-T04,grabmyo-S013-D1-wrist_flexion-T04,1,validation
grabmyo-S25-K2-seed3410,25,2,3410,hand_close,grabmyo-S025-D1-hand_close-T02,grabmyo-S025-D1-hand_close-T02,grabmyo-S025-D1-hand_close-T02,1,validation
grabmyo-S25-K2-seed3410,25,2,3410,hand_close,grabmyo-S025-D1-hand_close-T03,grabmyo-S025-D1-hand_close-T03,grabmyo-S025-D1-hand_close-T03,1,validation
grabmyo-S25-K2-seed3410,25,2,3410,rest,grabmyo-S025-D1-rest-T02,grabmyo-S025-D1-rest-T02,grabmyo-S025-D1-rest-T02,1,validation
grabmyo-S25-K2-seed3410,25,2,3410,rest,grabmyo-S025-D1-rest-T05,grabmyo-S025-D1-rest-T05,grabmyo-S025-D1-rest-T05,1,validation
grabmyo-S25-K2-seed3410,25,2,3410,wrist_extension,grabmyo-S025-D1-wrist_extension-T03,grabmyo-S025-D1-wrist_extension-T03,grabmyo-S025-D1-wrist_extension-T03,1,validation
grabmyo-S25-K2-seed3410,25,2,3410,wrist_extension,grabmyo-S025-D1-wrist_extension-T05,grabmyo-S025-D1-wrist_extension-T05,grabmyo-S025-D1-wrist_extension-T05,1,validation
grabmyo-S25-K2-seed3410,25,2,3410,wrist_flexion,grabmyo-S025-D1-wrist_flexion-T03,grabmyo-S025-D1-wrist_flexion-T03,grabmyo-S025-D1-wrist_flexion-T03,1,validation
grabmyo-S25-K2-seed3410,25,2,3410,wrist_flexion,grabmyo-S025-D1-wrist_flexion-T05,grabmyo-S025-D1-wrist_flexion-T05,grabmyo-S025-D1-wrist_flexion-T05,1,validation
grabmyo-S26-K2-seed3410,26,2,3410,hand_close,grabmyo-S026-D1-hand_close-T02,grabmyo-S026-D1-hand_close-T02,grabmyo-S026-D1-hand_close-T02,1,validation
grabmyo-S26-K2-seed3410,26,2,3410,hand_close,grabmyo-S026-D1-hand_close-T05,grabmyo-S026-D1-hand_close-T05,grabmyo-S026-D1-hand_close-T05,1,validation
grabmyo-S26-K2-seed3410,26,2,3410,rest,grabmyo-S026-D1-rest-T01,grabmyo-S026-D1-rest-T01,grabmyo-S026-D1-rest-T01,1,validation
grabmyo-S26-K2-seed3410,26,2,3410,rest,grabmyo-S026-D1-rest-T05,grabmyo-S026-D1-rest-T05,grabmyo-S026-D1-rest-T05,1,validation
grabmyo-S26-K2-seed3410,26,2,3410,wrist_extension,grabmyo-S026-D1-wrist_extension-T03,grabmyo-S026-D1-wrist_extension-T03,grabmyo-S026-D1-wrist_extension-T03,1,validation
grabmyo-S26-K2-seed3410,26,2,3410,wrist_extension,grabmyo-S026-D1-wrist_extension-T06,grabmyo-S026-D1-wrist_extension-T06,grabmyo-S026-D1-wrist_extension-T06,1,validation
grabmyo-S26-K2-seed3410,26,2,3410,wrist_flexion,grabmyo-S026-D1-wrist_flexion-T01,grabmyo-S026-D1-wrist_flexion-T01,grabmyo-S026-D1-wrist_flexion-T01,1,validation
grabmyo-S26-K2-seed3410,26,2,3410,wrist_flexion,grabmyo-S026-D1-wrist_flexion-T03,grabmyo-S026-D1-wrist_flexion-T03,grabmyo-S026-D1-wrist_flexion-T03,1,validation
grabmyo-S29-K2-seed3410,29,2,3410,hand_close,grabmyo-S029-D1-hand_close-T02,grabmyo-S029-D1-hand_close-T02,grabmyo-S029-D1-hand_close-T02,1,validation
grabmyo-S29-K2-seed3410,29,2,3410,hand_close,grabmyo-S029-D1-hand_close-T07,grabmyo-S029-D1-hand_close-T07,grabmyo-S029-D1-hand_close-T07,1,validation
grabmyo-S29-K2-seed3410,29,2,3410,rest,grabmyo-S029-D1-rest-T03,grabmyo-S029-D1-rest-T03,grabmyo-S029-D1-rest-T03,1,validation
grabmyo-S29-K2-seed3410,29,2,3410,rest,grabmyo-S029-D1-rest-T05,grabmyo-S029-D1-rest-T05,grabmyo-S029-D1-rest-T05,1,validation
grabmyo-S29-K2-seed3410,29,2,3410,wrist_extension,grabmyo-S029-D1-wrist_extension-T01,grabmyo-S029-D1-wrist_extension-T01,grabmyo-S029-D1-wrist_extension-T01,1,validation
grabmyo-S29-K2-seed3410,29,2,3410,wrist_extension,grabmyo-S029-D1-wrist_extension-T07,grabmyo-S029-D1-wrist_extension-T07,grabmyo-S029-D1-wrist_extension-T07,1,validation
grabmyo-S29-K2-seed3410,29,2,3410,wrist_flexion,grabmyo-S029-D1-wrist_flexion-T06,grabmyo-S029-D1-wrist_flexion-T06,grabmyo-S029-D1-wrist_flexion-T06,1,validation
grabmyo-S29-K2-seed3410,29,2,3410,wrist_flexion,grabmyo-S029-D1-wrist_flexion-T07,grabmyo-S029-D1-wrist_flexion-T07,grabmyo-S029-D1-wrist_flexion-T07,1,validation
grabmyo-S33-K2-seed3410,33,2,3410,hand_close,grabmyo-S033-D1-hand_close-T05,grabmyo-S033-D1-hand_close-T05,grabmyo-S033-D1-hand_close-T05,1,validation
grabmyo-S33-K2-seed3410,33,2,3410,hand_close,grabmyo-S033-D1-hand_close-T06,grabmyo-S033-D1-hand_close-T06,grabmyo-S033-D1-hand_close-T06,1,validation
grabmyo-S33-K2-seed3410,33,2,3410,rest,grabmyo-S033-D1-rest-T02,grabmyo-S033-D1-rest-T02,grabmyo-S033-D1-rest-T02,1,validation
grabmyo-S33-K2-seed3410,33,2,3410,rest,grabmyo-S033-D1-rest-T07,grabmyo-S033-D1-rest-T07,grabmyo-S033-D1-rest-T07,1,validation
grabmyo-S33-K2-seed3410,33,2,3410,wrist_extension,grabmyo-S033-D1-wrist_extension-T06,grabmyo-S033-D1-wrist_extension-T06,grabmyo-S033-D1-wrist_extension-T06,1,validation
grabmyo-S33-K2-seed3410,33,2,3410,wrist_extension,grabmyo-S033-D1-wrist_extension-T07,grabmyo-S033-D1-wrist_extension-T07,grabmyo-S033-D1-wrist_extension-T07,1,validation
grabmyo-S33-K2-seed3410,33,2,3410,wrist_flexion,grabmyo-S033-D1-wrist_flexion-T03,grabmyo-S033-D1-wrist_flexion-T03,grabmyo-S033-D1-wrist_flexion-T03,1,validation
grabmyo-S33-K2-seed3410,33,2,3410,wrist_flexion,grabmyo-S033-D1-wrist_flexion-T06,grabmyo-S033-D1-wrist_flexion-T06,grabmyo-S033-D1-wrist_flexion-T06,1,validation
grabmyo-S34-K2-seed3410,34,2,3410,hand_close,grabmyo-S034-D1-hand_close-T03,grabmyo-S034-D1-hand_close-T03,grabmyo-S034-D1-hand_close-T03,1,validation
grabmyo-S34-K2-seed3410,34,2,3410,hand_close,grabmyo-S034-D1-hand_close-T05,grabmyo-S034-D1-hand_close-T05,grabmyo-S034-D1-hand_close-T05,1,validation
grabmyo-S34-K2-seed3410,34,2,3410,rest,grabmyo-S034-D1-rest-T02,grabmyo-S034-D1-rest-T02,grabmyo-S034-D1-rest-T02,1,validation
grabmyo-S34-K2-seed3410,34,2,3410,rest,grabmyo-S034-D1-rest-T07,grabmyo-S034-D1-rest-T07,grabmyo-S034-D1-rest-T07,1,validation
grabmyo-S34-K2-seed3410,34,2,3410,wrist_extension,grabmyo-S034-D1-wrist_extension-T04,grabmyo-S034-D1-wrist_extension-T04,grabmyo-S034-D1-wrist_extension-T04,1,validation
grabmyo-S34-K2-seed3410,34,2,3410,wrist_extension,grabmyo-S034-D1-wrist_extension-T06,grabmyo-S034-D1-wrist_extension-T06,grabmyo-S034-D1-wrist_extension-T06,1,validation
grabmyo-S34-K2-seed3410,34,2,3410,wrist_flexion,grabmyo-S034-D1-wrist_flexion-T04,grabmyo-S034-D1-wrist_flexion-T04,grabmyo-S034-D1-wrist_flexion-T04,1,validation
grabmyo-S34-K2-seed3410,34,2,3410,wrist_flexion,grabmyo-S034-D1-wrist_flexion-T06,grabmyo-S034-D1-wrist_flexion-T06,grabmyo-S034-D1-wrist_flexion-T06,1,validation
grabmyo-S35-K2-seed3410,35,2,3410,hand_close,grabmyo-S035-D1-hand_close-T02,grabmyo-S035-D1-hand_close-T02,grabmyo-S035-D1-hand_close-T02,1,validation
grabmyo-S35-K2-seed3410,35,2,3410,hand_close,grabmyo-S035-D1-hand_close-T03,grabmyo-S035-D1-hand_close-T03,grabmyo-S035-D1-hand_close-T03,1,validation
grabmyo-S35-K2-seed3410,35,2,3410,rest,grabmyo-S035-D1-rest-T01,grabmyo-S035-D1-rest-T01,grabmyo-S035-D1-rest-T01,1,validation
grabmyo-S35-K2-seed3410,35,2,3410,rest,grabmyo-S035-D1-rest-T07,grabmyo-S035-D1-rest-T07,grabmyo-S035-D1-rest-T07,1,validation
grabmyo-S35-K2-seed3410,35,2,3410,wrist_extension,grabmyo-S035-D1-wrist_extension-T02,grabmyo-S035-D1-wrist_extension-T02,grabmyo-S035-D1-wrist_extension-T02,1,validation
grabmyo-S35-K2-seed3410,35,2,3410,wrist_extension,grabmyo-S035-D1-wrist_extension-T07,grabmyo-S035-D1-wrist_extension-T07,grabmyo-S035-D1-wrist_extension-T07,1,validation
grabmyo-S35-K2-seed3410,35,2,3410,wrist_flexion,grabmyo-S035-D1-wrist_flexion-T03,grabmyo-S035-D1-wrist_flexion-T03,grabmyo-S035-D1-wrist_flexion-T03,1,validation
grabmyo-S35-K2-seed3410,35,2,3410,wrist_flexion,grabmyo-S035-D1-wrist_flexion-T06,grabmyo-S035-D1-wrist_flexion-T06,grabmyo-S035-D1-wrist_flexion-T06,1,validation
grabmyo-S41-K2-seed3410,41,2,3410,hand_close,grabmyo-S041-D1-hand_close-T01,grabmyo-S041-D1-hand_close-T01,grabmyo-S041-D1-hand_close-T01,1,validation
grabmyo-S41-K2-seed3410,41,2,3410,hand_close,grabmyo-S041-D1-hand_close-T03,grabmyo-S041-D1-hand_close-T03,grabmyo-S041-D1-hand_close-T03,1,validation
grabmyo-S41-K2-seed3410,41,2,3410,rest,grabmyo-S041-D1-rest-T01,grabmyo-S041-D1-rest-T01,grabmyo-S041-D1-rest-T01,1,validation
grabmyo-S41-K2-seed3410,41,2,3410,rest,grabmyo-S041-D1-rest-T02,grabmyo-S041-D1-rest-T02,grabmyo-S041-D1-rest-T02,1,validation
grabmyo-S41-K2-seed3410,41,2,3410,wrist_extension,grabmyo-S041-D1-wrist_extension-T01,grabmyo-S041-D1-wrist_extension-T01,grabmyo-S041-D1-wrist_extension-T01,1,validation
grabmyo-S41-K2-seed3410,41,2,3410,wrist_extension,grabmyo-S041-D1-wrist_extension-T02,grabmyo-S041-D1-wrist_extension-T02,grabmyo-S041-D1-wrist_extension-T02,1,validation
grabmyo-S41-K2-seed3410,41,2,3410,wrist_flexion,grabmyo-S041-D1-wrist_flexion-T04,grabmyo-S041-D1-wrist_flexion-T04,grabmyo-S041-D1-wrist_flexion-T04,1,validation
grabmyo-S41-K2-seed3410,41,2,3410,wrist_flexion,grabmyo-S041-D1-wrist_flexion-T07,grabmyo-S041-D1-wrist_flexion-T07,grabmyo-S041-D1-wrist_flexion-T07,1,validation
grabmyo-S12-K2-seed3411,12,2,3411,hand_close,grabmyo-S012-D1-hand_close-T02,grabmyo-S012-D1-hand_close-T02,grabmyo-S012-D1-hand_close-T02,1,validation
grabmyo-S12-K2-seed3411,12,2,3411,hand_close,grabmyo-S012-D1-hand_close-T04,grabmyo-S012-D1-hand_close-T04,grabmyo-S012-D1-hand_close-T04,1,validation
grabmyo-S12-K2-seed3411,12,2,3411,rest,grabmyo-S012-D1-rest-T01,grabmyo-S012-D1-rest-T01,grabmyo-S012-D1-rest-T01,1,validation
grabmyo-S12-K2-seed3411,12,2,3411,rest,grabmyo-S012-D1-rest-T03,grabmyo-S012-D1-rest-T03,grabmyo-S012-D1-rest-T03,1,validation
grabmyo-S12-K2-seed3411,12,2,3411,wrist_extension,grabmyo-S012-D1-wrist_extension-T03,grabmyo-S012-D1-wrist_extension-T03,grabmyo-S012-D1-wrist_extension-T03,1,validation
grabmyo-S12-K2-seed3411,12,2,3411,wrist_extension,grabmyo-S012-D1-wrist_extension-T06,grabmyo-S012-D1-wrist_extension-T06,grabmyo-S012-D1-wrist_extension-T06,1,validation
grabmyo-S12-K2-seed3411,12,2,3411,wrist_flexion,grabmyo-S012-D1-wrist_flexion-T01,grabmyo-S012-D1-wrist_flexion-T01,grabmyo-S012-D1-wrist_flexion-T01,1,validation
grabmyo-S12-K2-seed3411,12,2,3411,wrist_flexion,grabmyo-S012-D1-wrist_flexion-T06,grabmyo-S012-D1-wrist_flexion-T06,grabmyo-S012-D1-wrist_flexion-T06,1,validation
grabmyo-S13-K2-seed3411,13,2,3411,hand_close,grabmyo-S013-D1-hand_close-T01,grabmyo-S013-D1-hand_close-T01,grabmyo-S013-D1-hand_close-T01,1,validation
grabmyo-S13-K2-seed3411,13,2,3411,hand_close,grabmyo-S013-D1-hand_close-T07,grabmyo-S013-D1-hand_close-T07,grabmyo-S013-D1-hand_close-T07,1,validation
grabmyo-S13-K2-seed3411,13,2,3411,rest,grabmyo-S013-D1-rest-T04,grabmyo-S013-D1-rest-T04,grabmyo-S013-D1-rest-T04,1,validation
grabmyo-S13-K2-seed3411,13,2,3411,rest,grabmyo-S013-D1-rest-T05,grabmyo-S013-D1-rest-T05,grabmyo-S013-D1-rest-T05,1,validation
grabmyo-S13-K2-seed3411,13,2,3411,wrist_extension,grabmyo-S013-D1-wrist_extension-T03,grabmyo-S013-D1-wrist_extension-T03,grabmyo-S013-D1-wrist_extension-T03,1,validation
grabmyo-S13-K2-seed3411,13,2,3411,wrist_extension,grabmyo-S013-D1-wrist_extension-T06,grabmyo-S013-D1-wrist_extension-T06,grabmyo-S013-D1-wrist_extension-T06,1,validation
grabmyo-S13-K2-seed3411,13,2,3411,wrist_flexion,grabmyo-S013-D1-wrist_flexion-T02,grabmyo-S013-D1-wrist_flexion-T02,grabmyo-S013-D1-wrist_flexion-T02,1,validation
grabmyo-S13-K2-seed3411,13,2,3411,wrist_flexion,grabmyo-S013-D1-wrist_flexion-T05,grabmyo-S013-D1-wrist_flexion-T05,grabmyo-S013-D1-wrist_flexion-T05,1,validation
grabmyo-S25-K2-seed3411,25,2,3411,hand_close,grabmyo-S025-D1-hand_close-T01,grabmyo-S025-D1-hand_close-T01,grabmyo-S025-D1-hand_close-T01,1,validation
grabmyo-S25-K2-seed3411,25,2,3411,hand_close,grabmyo-S025-D1-hand_close-T07,grabmyo-S025-D1-hand_close-T07,grabmyo-S025-D1-hand_close-T07,1,validation
grabmyo-S25-K2-seed3411,25,2,3411,rest,grabmyo-S025-D1-rest-T01,grabmyo-S025-D1-rest-T01,grabmyo-S025-D1-rest-T01,1,validation
grabmyo-S25-K2-seed3411,25,2,3411,rest,grabmyo-S025-D1-rest-T03,grabmyo-S025-D1-rest-T03,grabmyo-S025-D1-rest-T03,1,validation
grabmyo-S25-K2-seed3411,25,2,3411,wrist_extension,grabmyo-S025-D1-wrist_extension-T04,grabmyo-S025-D1-wrist_extension-T04,grabmyo-S025-D1-wrist_extension-T04,1,validation
grabmyo-S25-K2-seed3411,25,2,3411,wrist_extension,grabmyo-S025-D1-wrist_extension-T06,grabmyo-S025-D1-wrist_extension-T06,grabmyo-S025-D1-wrist_extension-T06,1,validation
grabmyo-S25-K2-seed3411,25,2,3411,wrist_flexion,grabmyo-S025-D1-wrist_flexion-T01,grabmyo-S025-D1-wrist_flexion-T01,grabmyo-S025-D1-wrist_flexion-T01,1,validation
grabmyo-S25-K2-seed3411,25,2,3411,wrist_flexion,grabmyo-S025-D1-wrist_flexion-T03,grabmyo-S025-D1-wrist_flexion-T03,grabmyo-S025-D1-wrist_flexion-T03,1,validation
grabmyo-S26-K2-seed3411,26,2,3411,hand_close,grabmyo-S026-D1-hand_close-T02,grabmyo-S026-D1-hand_close-T02,grabmyo-S026-D1-hand_close-T02,1,validation
grabmyo-S26-K2-seed3411,26,2,3411,hand_close,grabmyo-S026-D1-hand_close-T05,grabmyo-S026-D1-hand_close-T05,grabmyo-S026-D1-hand_close-T05,1,validation
grabmyo-S26-K2-seed3411,26,2,3411,rest,grabmyo-S026-D1-rest-T04,grabmyo-S026-D1-rest-T04,grabmyo-S026-D1-rest-T04,1,validation
grabmyo-S26-K2-seed3411,26,2,3411,rest,grabmyo-S026-D1-rest-T06,grabmyo-S026-D1-rest-T06,grabmyo-S026-D1-rest-T06,1,validation
grabmyo-S26-K2-seed3411,26,2,3411,wrist_extension,grabmyo-S026-D1-wrist_extension-T04,grabmyo-S026-D1-wrist_extension-T04,grabmyo-S026-D1-wrist_extension-T04,1,validation
grabmyo-S26-K2-seed3411,26,2,3411,wrist_extension,grabmyo-S026-D1-wrist_extension-T05,grabmyo-S026-D1-wrist_extension-T05,grabmyo-S026-D1-wrist_extension-T05,1,validation
grabmyo-S26-K2-seed3411,26,2,3411,wrist_flexion,grabmyo-S026-D1-wrist_flexion-T01,grabmyo-S026-D1-wrist_flexion-T01,grabmyo-S026-D1-wrist_flexion-T01,1,validation
grabmyo-S26-K2-seed3411,26,2,3411,wrist_flexion,grabmyo-S026-D1-wrist_flexion-T02,grabmyo-S026-D1-wrist_flexion-T02,grabmyo-S026-D1-wrist_flexion-T02,1,validation
grabmyo-S29-K2-seed3411,29,2,3411,hand_close,grabmyo-S029-D1-hand_close-T03,grabmyo-S029-D1-hand_close-T03,grabmyo-S029-D1-hand_close-T03,1,validation
grabmyo-S29-K2-seed3411,29,2,3411,hand_close,grabmyo-S029-D1-hand_close-T07,grabmyo-S029-D1-hand_close-T07,grabmyo-S029-D1-hand_close-T07,1,validation
grabmyo-S29-K2-seed3411,29,2,3411,rest,grabmyo-S029-D1-rest-T02,grabmyo-S029-D1-rest-T02,grabmyo-S029-D1-rest-T02,1,validation
grabmyo-S29-K2-seed3411,29,2,3411,rest,grabmyo-S029-D1-rest-T06,grabmyo-S029-D1-rest-T06,grabmyo-S029-D1-rest-T06,1,validation
grabmyo-S29-K2-seed3411,29,2,3411,wrist_extension,grabmyo-S029-D1-wrist_extension-T04,grabmyo-S029-D1-wrist_extension-T04,grabmyo-S029-D1-wrist_extension-T04,1,validation
grabmyo-S29-K2-seed3411,29,2,3411,wrist_extension,grabmyo-S029-D1-wrist_extension-T06,grabmyo-S029-D1-wrist_extension-T06,grabmyo-S029-D1-wrist_extension-T06,1,validation
grabmyo-S29-K2-seed3411,29,2,3411,wrist_flexion,grabmyo-S029-D1-wrist_flexion-T03,grabmyo-S029-D1-wrist_flexion-T03,grabmyo-S029-D1-wrist_flexion-T03,1,validation
grabmyo-S29-K2-seed3411,29,2,3411,wrist_flexion,grabmyo-S029-D1-wrist_flexion-T05,grabmyo-S029-D1-wrist_flexion-T05,grabmyo-S029-D1-wrist_flexion-T05,1,validation
grabmyo-S33-K2-seed3411,33,2,3411,hand_close,grabmyo-S033-D1-hand_close-T01,grabmyo-S033-D1-hand_close-T01,grabmyo-S033-D1-hand_close-T01,1,validation
grabmyo-S33-K2-seed3411,33,2,3411,hand_close,grabmyo-S033-D1-hand_close-T06,grabmyo-S033-D1-hand_close-T06,grabmyo-S033-D1-hand_close-T06,1,validation
grabmyo-S33-K2-seed3411,33,2,3411,rest,grabmyo-S033-D1-rest-T01,grabmyo-S033-D1-rest-T01,grabmyo-S033-D1-rest-T01,1,validation
grabmyo-S33-K2-seed3411,33,2,3411,rest,grabmyo-S033-D1-rest-T07,grabmyo-S033-D1-rest-T07,grabmyo-S033-D1-rest-T07,1,validation
grabmyo-S33-K2-seed3411,33,2,3411,wrist_extension,grabmyo-S033-D1-wrist_extension-T05,grabmyo-S033-D1-wrist_extension-T05,grabmyo-S033-D1-wrist_extension-T05,1,validation
grabmyo-S33-K2-seed3411,33,2,3411,wrist_extension,grabmyo-S033-D1-wrist_extension-T06,grabmyo-S033-D1-wrist_extension-T06,grabmyo-S033-D1-wrist_extension-T06,1,validation
grabmyo-S33-K2-seed3411,33,2,3411,wrist_flexion,grabmyo-S033-D1-wrist_flexion-T05,grabmyo-S033-D1-wrist_flexion-T05,grabmyo-S033-D1-wrist_flexion-T05,1,validation
grabmyo-S33-K2-seed3411,33,2,3411,wrist_flexion,grabmyo-S033-D1-wrist_flexion-T06,grabmyo-S033-D1-wrist_flexion-T06,grabmyo-S033-D1-wrist_flexion-T06,1,validation
grabmyo-S34-K2-seed3411,34,2,3411,hand_close,grabmyo-S034-D1-hand_close-T02,grabmyo-S034-D1-hand_close-T02,grabmyo-S034-D1-hand_close-T02,1,validation
grabmyo-S34-K2-seed3411,34,2,3411,hand_close,grabmyo-S034-D1-hand_close-T07,grabmyo-S034-D1-hand_close-T07,grabmyo-S034-D1-hand_close-T07,1,validation
grabmyo-S34-K2-seed3411,34,2,3411,rest,grabmyo-S034-D1-rest-T06,grabmyo-S034-D1-rest-T06,grabmyo-S034-D1-rest-T06,1,validation
grabmyo-S34-K2-seed3411,34,2,3411,rest,grabmyo-S034-D1-rest-T07,grabmyo-S034-D1-rest-T07,grabmyo-S034-D1-rest-T07,1,validation
grabmyo-S34-K2-seed3411,34,2,3411,wrist_extension,grabmyo-S034-D1-wrist_extension-T06,grabmyo-S034-D1-wrist_extension-T06,grabmyo-S034-D1-wrist_extension-T06,1,validation
grabmyo-S34-K2-seed3411,34,2,3411,wrist_extension,grabmyo-S034-D1-wrist_extension-T07,grabmyo-S034-D1-wrist_extension-T07,grabmyo-S034-D1-wrist_extension-T07,1,validation
grabmyo-S34-K2-seed3411,34,2,3411,wrist_flexion,grabmyo-S034-D1-wrist_flexion-T01,grabmyo-S034-D1-wrist_flexion-T01,grabmyo-S034-D1-wrist_flexion-T01,1,validation
grabmyo-S34-K2-seed3411,34,2,3411,wrist_flexion,grabmyo-S034-D1-wrist_flexion-T06,grabmyo-S034-D1-wrist_flexion-T06,grabmyo-S034-D1-wrist_flexion-T06,1,validation
grabmyo-S35-K2-seed3411,35,2,3411,hand_close,grabmyo-S035-D1-hand_close-T03,grabmyo-S035-D1-hand_close-T03,grabmyo-S035-D1-hand_close-T03,1,validation
grabmyo-S35-K2-seed3411,35,2,3411,hand_close,grabmyo-S035-D1-hand_close-T05,grabmyo-S035-D1-hand_close-T05,grabmyo-S035-D1-hand_close-T05,1,validation
grabmyo-S35-K2-seed3411,35,2,3411,rest,grabmyo-S035-D1-rest-T04,grabmyo-S035-D1-rest-T04,grabmyo-S035-D1-rest-T04,1,validation
grabmyo-S35-K2-seed3411,35,2,3411,rest,grabmyo-S035-D1-rest-T07,grabmyo-S035-D1-rest-T07,grabmyo-S035-D1-rest-T07,1,validation
grabmyo-S35-K2-seed3411,35,2,3411,wrist_extension,grabmyo-S035-D1-wrist_extension-T06,grabmyo-S035-D1-wrist_extension-T06,grabmyo-S035-D1-wrist_extension-T06,1,validation
grabmyo-S35-K2-seed3411,35,2,3411,wrist_extension,grabmyo-S035-D1-wrist_extension-T07,grabmyo-S035-D1-wrist_extension-T07,grabmyo-S035-D1-wrist_extension-T07,1,validation
grabmyo-S35-K2-seed3411,35,2,3411,wrist_flexion,grabmyo-S035-D1-wrist_flexion-T02,grabmyo-S035-D1-wrist_flexion-T02,grabmyo-S035-D1-wrist_flexion-T02,1,validation
grabmyo-S35-K2-seed3411,35,2,3411,wrist_flexion,grabmyo-S035-D1-wrist_flexion-T06,grabmyo-S035-D1-wrist_flexion-T06,grabmyo-S035-D1-wrist_flexion-T06,1,validation
grabmyo-S41-K2-seed3411,41,2,3411,hand_close,grabmyo-S041-D1-hand_close-T04,grabmyo-S041-D1-hand_close-T04,grabmyo-S041-D1-hand_close-T04,1,validation
grabmyo-S41-K2-seed3411,41,2,3411,hand_close,grabmyo-S041-D1-hand_close-T05,grabmyo-S041-D1-hand_close-T05,grabmyo-S041-D1-hand_close-T05,1,validation
grabmyo-S41-K2-seed3411,41,2,3411,rest,grabmyo-S041-D1-rest-T02,grabmyo-S041-D1-rest-T02,grabmyo-S041-D1-rest-T02,1,validation
grabmyo-S41-K2-seed3411,41,2,3411,rest,grabmyo-S041-D1-rest-T07,grabmyo-S041-D1-rest-T07,grabmyo-S041-D1-rest-T07,1,validation
grabmyo-S41-K2-seed3411,41,2,3411,wrist_extension,grabmyo-S041-D1-wrist_extension-T01,grabmyo-S041-D1-wrist_extension-T01,grabmyo-S041-D1-wrist_extension-T01,1,validation
grabmyo-S41-K2-seed3411,41,2,3411,wrist_extension,grabmyo-S041-D1-wrist_extension-T04,grabmyo-S041-D1-wrist_extension-T04,grabmyo-S041-D1-wrist_extension-T04,1,validation
grabmyo-S41-K2-seed3411,41,2,3411,wrist_flexion,grabmyo-S041-D1-wrist_flexion-T01,grabmyo-S041-D1-wrist_flexion-T01,grabmyo-S041-D1-wrist_flexion-T01,1,validation
grabmyo-S41-K2-seed3411,41,2,3411,wrist_flexion,grabmyo-S041-D1-wrist_flexion-T06,grabmyo-S041-D1-wrist_flexion-T06,grabmyo-S041-D1-wrist_flexion-T06,1,validation
grabmyo-S12-K2-seed3412,12,2,3412,hand_close,grabmyo-S012-D1-hand_close-T01,grabmyo-S012-D1-hand_close-T01,grabmyo-S012-D1-hand_close-T01,1,validation
grabmyo-S12-K2-seed3412,12,2,3412,hand_close,grabmyo-S012-D1-hand_close-T06,grabmyo-S012-D1-hand_close-T06,grabmyo-S012-D1-hand_close-T06,1,validation
grabmyo-S12-K2-seed3412,12,2,3412,rest,grabmyo-S012-D1-rest-T01,grabmyo-S012-D1-rest-T01,grabmyo-S012-D1-rest-T01,1,validation
grabmyo-S12-K2-seed3412,12,2,3412,rest,grabmyo-S012-D1-rest-T05,grabmyo-S012-D1-rest-T05,grabmyo-S012-D1-rest-T05,1,validation
grabmyo-S12-K2-seed3412,12,2,3412,wrist_extension,grabmyo-S012-D1-wrist_extension-T04,grabmyo-S012-D1-wrist_extension-T04,grabmyo-S012-D1-wrist_extension-T04,1,validation
grabmyo-S12-K2-seed3412,12,2,3412,wrist_extension,grabmyo-S012-D1-wrist_extension-T06,grabmyo-S012-D1-wrist_extension-T06,grabmyo-S012-D1-wrist_extension-T06,1,validation
grabmyo-S12-K2-seed3412,12,2,3412,wrist_flexion,grabmyo-S012-D1-wrist_flexion-T03,grabmyo-S012-D1-wrist_flexion-T03,grabmyo-S012-D1-wrist_flexion-T03,1,validation
grabmyo-S12-K2-seed3412,12,2,3412,wrist_flexion,grabmyo-S012-D1-wrist_flexion-T04,grabmyo-S012-D1-wrist_flexion-T04,grabmyo-S012-D1-wrist_flexion-T04,1,validation
grabmyo-S13-K2-seed3412,13,2,3412,hand_close,grabmyo-S013-D1-hand_close-T05,grabmyo-S013-D1-hand_close-T05,grabmyo-S013-D1-hand_close-T05,1,validation
grabmyo-S13-K2-seed3412,13,2,3412,hand_close,grabmyo-S013-D1-hand_close-T07,grabmyo-S013-D1-hand_close-T07,grabmyo-S013-D1-hand_close-T07,1,validation
grabmyo-S13-K2-seed3412,13,2,3412,rest,grabmyo-S013-D1-rest-T02,grabmyo-S013-D1-rest-T02,grabmyo-S013-D1-rest-T02,1,validation
grabmyo-S13-K2-seed3412,13,2,3412,rest,grabmyo-S013-D1-rest-T07,grabmyo-S013-D1-rest-T07,grabmyo-S013-D1-rest-T07,1,validation
grabmyo-S13-K2-seed3412,13,2,3412,wrist_extension,grabmyo-S013-D1-wrist_extension-T04,grabmyo-S013-D1-wrist_extension-T04,grabmyo-S013-D1-wrist_extension-T04,1,validation
grabmyo-S13-K2-seed3412,13,2,3412,wrist_extension,grabmyo-S013-D1-wrist_extension-T07,grabmyo-S013-D1-wrist_extension-T07,grabmyo-S013-D1-wrist_extension-T07,1,validation
grabmyo-S13-K2-seed3412,13,2,3412,wrist_flexion,grabmyo-S013-D1-wrist_flexion-T02,grabmyo-S013-D1-wrist_flexion-T02,grabmyo-S013-D1-wrist_flexion-T02,1,validation
grabmyo-S13-K2-seed3412,13,2,3412,wrist_flexion,grabmyo-S013-D1-wrist_flexion-T05,grabmyo-S013-D1-wrist_flexion-T05,grabmyo-S013-D1-wrist_flexion-T05,1,validation
grabmyo-S25-K2-seed3412,25,2,3412,hand_close,grabmyo-S025-D1-hand_close-T01,grabmyo-S025-D1-hand_close-T01,grabmyo-S025-D1-hand_close-T01,1,validation
grabmyo-S25-K2-seed3412,25,2,3412,hand_close,grabmyo-S025-D1-hand_close-T06,grabmyo-S025-D1-hand_close-T06,grabmyo-S025-D1-hand_close-T06,1,validation
grabmyo-S25-K2-seed3412,25,2,3412,rest,grabmyo-S025-D1-rest-T01,grabmyo-S025-D1-rest-T01,grabmyo-S025-D1-rest-T01,1,validation
grabmyo-S25-K2-seed3412,25,2,3412,rest,grabmyo-S025-D1-rest-T05,grabmyo-S025-D1-rest-T05,grabmyo-S025-D1-rest-T05,1,validation
grabmyo-S25-K2-seed3412,25,2,3412,wrist_extension,grabmyo-S025-D1-wrist_extension-T04,grabmyo-S025-D1-wrist_extension-T04,grabmyo-S025-D1-wrist_extension-T04,1,validation
grabmyo-S25-K2-seed3412,25,2,3412,wrist_extension,grabmyo-S025-D1-wrist_extension-T05,grabmyo-S025-D1-wrist_extension-T05,grabmyo-S025-D1-wrist_extension-T05,1,validation
grabmyo-S25-K2-seed3412,25,2,3412,wrist_flexion,grabmyo-S025-D1-wrist_flexion-T02,grabmyo-S025-D1-wrist_flexion-T02,grabmyo-S025-D1-wrist_flexion-T02,1,validation
grabmyo-S25-K2-seed3412,25,2,3412,wrist_flexion,grabmyo-S025-D1-wrist_flexion-T03,grabmyo-S025-D1-wrist_flexion-T03,grabmyo-S025-D1-wrist_flexion-T03,1,validation
grabmyo-S26-K2-seed3412,26,2,3412,hand_close,grabmyo-S026-D1-hand_close-T01,grabmyo-S026-D1-hand_close-T01,grabmyo-S026-D1-hand_close-T01,1,validation
grabmyo-S26-K2-seed3412,26,2,3412,hand_close,grabmyo-S026-D1-hand_close-T03,grabmyo-S026-D1-hand_close-T03,grabmyo-S026-D1-hand_close-T03,1,validation
grabmyo-S26-K2-seed3412,26,2,3412,rest,grabmyo-S026-D1-rest-T05,grabmyo-S026-D1-rest-T05,grabmyo-S026-D1-rest-T05,1,validation
grabmyo-S26-K2-seed3412,26,2,3412,rest,grabmyo-S026-D1-rest-T07,grabmyo-S026-D1-rest-T07,grabmyo-S026-D1-rest-T07,1,validation
grabmyo-S26-K2-seed3412,26,2,3412,wrist_extension,grabmyo-S026-D1-wrist_extension-T03,grabmyo-S026-D1-wrist_extension-T03,grabmyo-S026-D1-wrist_extension-T03,1,validation
grabmyo-S26-K2-seed3412,26,2,3412,wrist_extension,grabmyo-S026-D1-wrist_extension-T06,grabmyo-S026-D1-wrist_extension-T06,grabmyo-S026-D1-wrist_extension-T06,1,validation
grabmyo-S26-K2-seed3412,26,2,3412,wrist_flexion,grabmyo-S026-D1-wrist_flexion-T01,grabmyo-S026-D1-wrist_flexion-T01,grabmyo-S026-D1-wrist_flexion-T01,1,validation
grabmyo-S26-K2-seed3412,26,2,3412,wrist_flexion,grabmyo-S026-D1-wrist_flexion-T02,grabmyo-S026-D1-wrist_flexion-T02,grabmyo-S026-D1-wrist_flexion-T02,1,validation
grabmyo-S29-K2-seed3412,29,2,3412,hand_close,grabmyo-S029-D1-hand_close-T03,grabmyo-S029-D1-hand_close-T03,grabmyo-S029-D1-hand_close-T03,1,validation
grabmyo-S29-K2-seed3412,29,2,3412,hand_close,grabmyo-S029-D1-hand_close-T04,grabmyo-S029-D1-hand_close-T04,grabmyo-S029-D1-hand_close-T04,1,validation
grabmyo-S29-K2-seed3412,29,2,3412,rest,grabmyo-S029-D1-rest-T03,grabmyo-S029-D1-rest-T03,grabmyo-S029-D1-rest-T03,1,validation
grabmyo-S29-K2-seed3412,29,2,3412,rest,grabmyo-S029-D1-rest-T07,grabmyo-S029-D1-rest-T07,grabmyo-S029-D1-rest-T07,1,validation
grabmyo-S29-K2-seed3412,29,2,3412,wrist_extension,grabmyo-S029-D1-wrist_extension-T03,grabmyo-S029-D1-wrist_extension-T03,grabmyo-S029-D1-wrist_extension-T03,1,validation
grabmyo-S29-K2-seed3412,29,2,3412,wrist_extension,grabmyo-S029-D1-wrist_extension-T04,grabmyo-S029-D1-wrist_extension-T04,grabmyo-S029-D1-wrist_extension-T04,1,validation
grabmyo-S29-K2-seed3412,29,2,3412,wrist_flexion,grabmyo-S029-D1-wrist_flexion-T04,grabmyo-S029-D1-wrist_flexion-T04,grabmyo-S029-D1-wrist_flexion-T04,1,validation
grabmyo-S29-K2-seed3412,29,2,3412,wrist_flexion,grabmyo-S029-D1-wrist_flexion-T07,grabmyo-S029-D1-wrist_flexion-T07,grabmyo-S029-D1-wrist_flexion-T07,1,validation
grabmyo-S33-K2-seed3412,33,2,3412,hand_close,grabmyo-S033-D1-hand_close-T02,grabmyo-S033-D1-hand_close-T02,grabmyo-S033-D1-hand_close-T02,1,validation
grabmyo-S33-K2-seed3412,33,2,3412,hand_close,grabmyo-S033-D1-hand_close-T05,grabmyo-S033-D1-hand_close-T05,grabmyo-S033-D1-hand_close-T05,1,validation
grabmyo-S33-K2-seed3412,33,2,3412,rest,grabmyo-S033-D1-rest-T01,grabmyo-S033-D1-rest-T01,grabmyo-S033-D1-rest-T01,1,validation
grabmyo-S33-K2-seed3412,33,2,3412,rest,grabmyo-S033-D1-rest-T07,grabmyo-S033-D1-rest-T07,grabmyo-S033-D1-rest-T07,1,validation
grabmyo-S33-K2-seed3412,33,2,3412,wrist_extension,grabmyo-S033-D1-wrist_extension-T02,grabmyo-S033-D1-wrist_extension-T02,grabmyo-S033-D1-wrist_extension-T02,1,validation
grabmyo-S33-K2-seed3412,33,2,3412,wrist_extension,grabmyo-S033-D1-wrist_extension-T06,grabmyo-S033-D1-wrist_extension-T06,grabmyo-S033-D1-wrist_extension-T06,1,validation
grabmyo-S33-K2-seed3412,33,2,3412,wrist_flexion,grabmyo-S033-D1-wrist_flexion-T03,grabmyo-S033-D1-wrist_flexion-T03,grabmyo-S033-D1-wrist_flexion-T03,1,validation
grabmyo-S33-K2-seed3412,33,2,3412,wrist_flexion,grabmyo-S033-D1-wrist_flexion-T04,grabmyo-S033-D1-wrist_flexion-T04,grabmyo-S033-D1-wrist_flexion-T04,1,validation
grabmyo-S34-K2-seed3412,34,2,3412,hand_close,grabmyo-S034-D1-hand_close-T03,grabmyo-S034-D1-hand_close-T03,grabmyo-S034-D1-hand_close-T03,1,validation
grabmyo-S34-K2-seed3412,34,2,3412,hand_close,grabmyo-S034-D1-hand_close-T06,grabmyo-S034-D1-hand_close-T06,grabmyo-S034-D1-hand_close-T06,1,validation
grabmyo-S34-K2-seed3412,34,2,3412,rest,grabmyo-S034-D1-rest-T01,grabmyo-S034-D1-rest-T01,grabmyo-S034-D1-rest-T01,1,validation
grabmyo-S34-K2-seed3412,34,2,3412,rest,grabmyo-S034-D1-rest-T03,grabmyo-S034-D1-rest-T03,grabmyo-S034-D1-rest-T03,1,validation
grabmyo-S34-K2-seed3412,34,2,3412,wrist_extension,grabmyo-S034-D1-wrist_extension-T02,grabmyo-S034-D1-wrist_extension-T02,grabmyo-S034-D1-wrist_extension-T02,1,validation
grabmyo-S34-K2-seed3412,34,2,3412,wrist_extension,grabmyo-S034-D1-wrist_extension-T03,grabmyo-S034-D1-wrist_extension-T03,grabmyo-S034-D1-wrist_extension-T03,1,validation
grabmyo-S34-K2-seed3412,34,2,3412,wrist_flexion,grabmyo-S034-D1-wrist_flexion-T04,grabmyo-S034-D1-wrist_flexion-T04,grabmyo-S034-D1-wrist_flexion-T04,1,validation
grabmyo-S34-K2-seed3412,34,2,3412,wrist_flexion,grabmyo-S034-D1-wrist_flexion-T07,grabmyo-S034-D1-wrist_flexion-T07,grabmyo-S034-D1-wrist_flexion-T07,1,validation
grabmyo-S35-K2-seed3412,35,2,3412,hand_close,grabmyo-S035-D1-hand_close-T02,grabmyo-S035-D1-hand_close-T02,grabmyo-S035-D1-hand_close-T02,1,validation
grabmyo-S35-K2-seed3412,35,2,3412,hand_close,grabmyo-S035-D1-hand_close-T06,grabmyo-S035-D1-hand_close-T06,grabmyo-S035-D1-hand_close-T06,1,validation
grabmyo-S35-K2-seed3412,35,2,3412,rest,grabmyo-S035-D1-rest-T01,grabmyo-S035-D1-rest-T01,grabmyo-S035-D1-rest-T01,1,validation
grabmyo-S35-K2-seed3412,35,2,3412,rest,grabmyo-S035-D1-rest-T07,grabmyo-S035-D1-rest-T07,grabmyo-S035-D1-rest-T07,1,validation
grabmyo-S35-K2-seed3412,35,2,3412,wrist_extension,grabmyo-S035-D1-wrist_extension-T01,grabmyo-S035-D1-wrist_extension-T01,grabmyo-S035-D1-wrist_extension-T01,1,validation
grabmyo-S35-K2-seed3412,35,2,3412,wrist_extension,grabmyo-S035-D1-wrist_extension-T05,grabmyo-S035-D1-wrist_extension-T05,grabmyo-S035-D1-wrist_extension-T05,1,validation
grabmyo-S35-K2-seed3412,35,2,3412,wrist_flexion,grabmyo-S035-D1-wrist_flexion-T03,grabmyo-S035-D1-wrist_flexion-T03,grabmyo-S035-D1-wrist_flexion-T03,1,validation
grabmyo-S35-K2-seed3412,35,2,3412,wrist_flexion,grabmyo-S035-D1-wrist_flexion-T04,grabmyo-S035-D1-wrist_flexion-T04,grabmyo-S035-D1-wrist_flexion-T04,1,validation
grabmyo-S41-K2-seed3412,41,2,3412,hand_close,grabmyo-S041-D1-hand_close-T06,grabmyo-S041-D1-hand_close-T06,grabmyo-S041-D1-hand_close-T06,1,validation
grabmyo-S41-K2-seed3412,41,2,3412,hand_close,grabmyo-S041-D1-hand_close-T07,grabmyo-S041-D1-hand_close-T07,grabmyo-S041-D1-hand_close-T07,1,validation
grabmyo-S41-K2-seed3412,41,2,3412,rest,grabmyo-S041-D1-rest-T02,grabmyo-S041-D1-rest-T02,grabmyo-S041-D1-rest-T02,1,validation
grabmyo-S41-K2-seed3412,41,2,3412,rest,grabmyo-S041-D1-rest-T05,grabmyo-S041-D1-rest-T05,grabmyo-S041-D1-rest-T05,1,validation
grabmyo-S41-K2-seed3412,41,2,3412,wrist_extension,grabmyo-S041-D1-wrist_extension-T02,grabmyo-S041-D1-wrist_extension-T02,grabmyo-S041-D1-wrist_extension-T02,1,validation
grabmyo-S41-K2-seed3412,41,2,3412,wrist_extension,grabmyo-S041-D1-wrist_extension-T04,grabmyo-S041-D1-wrist_extension-T04,grabmyo-S041-D1-wrist_extension-T04,1,validation
grabmyo-S41-K2-seed3412,41,2,3412,wrist_flexion,grabmyo-S041-D1-wrist_flexion-T05,grabmyo-S041-D1-wrist_flexion-T05,grabmyo-S041-D1-wrist_flexion-T05,1,validation
grabmyo-S41-K2-seed3412,41,2,3412,wrist_flexion,grabmyo-S041-D1-wrist_flexion-T06,grabmyo-S041-D1-wrist_flexion-T06,grabmyo-S041-D1-wrist_flexion-T06,1,validation
grabmyo-S12-K2-seed3413,12,2,3413,hand_close,grabmyo-S012-D1-hand_close-T01,grabmyo-S012-D1-hand_close-T01,grabmyo-S012-D1-hand_close-T01,1,validation
grabmyo-S12-K2-seed3413,12,2,3413,hand_close,grabmyo-S012-D1-hand_close-T05,grabmyo-S012-D1-hand_close-T05,grabmyo-S012-D1-hand_close-T05,1,validation
grabmyo-S12-K2-seed3413,12,2,3413,rest,grabmyo-S012-D1-rest-T06,grabmyo-S012-D1-rest-T06,grabmyo-S012-D1-rest-T06,1,validation
grabmyo-S12-K2-seed3413,12,2,3413,rest,grabmyo-S012-D1-rest-T07,grabmyo-S012-D1-rest-T07,grabmyo-S012-D1-rest-T07,1,validation
grabmyo-S12-K2-seed3413,12,2,3413,wrist_extension,grabmyo-S012-D1-wrist_extension-T03,grabmyo-S012-D1-wrist_extension-T03,grabmyo-S012-D1-wrist_extension-T03,1,validation
grabmyo-S12-K2-seed3413,12,2,3413,wrist_extension,grabmyo-S012-D1-wrist_extension-T07,grabmyo-S012-D1-wrist_extension-T07,grabmyo-S012-D1-wrist_extension-T07,1,validation
grabmyo-S12-K2-seed3413,12,2,3413,wrist_flexion,grabmyo-S012-D1-wrist_flexion-T01,grabmyo-S012-D1-wrist_flexion-T01,grabmyo-S012-D1-wrist_flexion-T01,1,validation
grabmyo-S12-K2-seed3413,12,2,3413,wrist_flexion,grabmyo-S012-D1-wrist_flexion-T02,grabmyo-S012-D1-wrist_flexion-T02,grabmyo-S012-D1-wrist_flexion-T02,1,validation
grabmyo-S13-K2-seed3413,13,2,3413,hand_close,grabmyo-S013-D1-hand_close-T01,grabmyo-S013-D1-hand_close-T01,grabmyo-S013-D1-hand_close-T01,1,validation
grabmyo-S13-K2-seed3413,13,2,3413,hand_close,grabmyo-S013-D1-hand_close-T02,grabmyo-S013-D1-hand_close-T02,grabmyo-S013-D1-hand_close-T02,1,validation
grabmyo-S13-K2-seed3413,13,2,3413,rest,grabmyo-S013-D1-rest-T05,grabmyo-S013-D1-rest-T05,grabmyo-S013-D1-rest-T05,1,validation
grabmyo-S13-K2-seed3413,13,2,3413,rest,grabmyo-S013-D1-rest-T07,grabmyo-S013-D1-rest-T07,grabmyo-S013-D1-rest-T07,1,validation
grabmyo-S13-K2-seed3413,13,2,3413,wrist_extension,grabmyo-S013-D1-wrist_extension-T02,grabmyo-S013-D1-wrist_extension-T02,grabmyo-S013-D1-wrist_extension-T02,1,validation
grabmyo-S13-K2-seed3413,13,2,3413,wrist_extension,grabmyo-S013-D1-wrist_extension-T04,grabmyo-S013-D1-wrist_extension-T04,grabmyo-S013-D1-wrist_extension-T04,1,validation
grabmyo-S13-K2-seed3413,13,2,3413,wrist_flexion,grabmyo-S013-D1-wrist_flexion-T01,grabmyo-S013-D1-wrist_flexion-T01,grabmyo-S013-D1-wrist_flexion-T01,1,validation
grabmyo-S13-K2-seed3413,13,2,3413,wrist_flexion,grabmyo-S013-D1-wrist_flexion-T03,grabmyo-S013-D1-wrist_flexion-T03,grabmyo-S013-D1-wrist_flexion-T03,1,validation
grabmyo-S25-K2-seed3413,25,2,3413,hand_close,grabmyo-S025-D1-hand_close-T06,grabmyo-S025-D1-hand_close-T06,grabmyo-S025-D1-hand_close-T06,1,validation
grabmyo-S25-K2-seed3413,25,2,3413,hand_close,grabmyo-S025-D1-hand_close-T07,grabmyo-S025-D1-hand_close-T07,grabmyo-S025-D1-hand_close-T07,1,validation
grabmyo-S25-K2-seed3413,25,2,3413,rest,grabmyo-S025-D1-rest-T02,grabmyo-S025-D1-rest-T02,grabmyo-S025-D1-rest-T02,1,validation
grabmyo-S25-K2-seed3413,25,2,3413,rest,grabmyo-S025-D1-rest-T03,grabmyo-S025-D1-rest-T03,grabmyo-S025-D1-rest-T03,1,validation
grabmyo-S25-K2-seed3413,25,2,3413,wrist_extension,grabmyo-S025-D1-wrist_extension-T03,grabmyo-S025-D1-wrist_extension-T03,grabmyo-S025-D1-wrist_extension-T03,1,validation
grabmyo-S25-K2-seed3413,25,2,3413,wrist_extension,grabmyo-S025-D1-wrist_extension-T04,grabmyo-S025-D1-wrist_extension-T04,grabmyo-S025-D1-wrist_extension-T04,1,validation
grabmyo-S25-K2-seed3413,25,2,3413,wrist_flexion,grabmyo-S025-D1-wrist_flexion-T05,grabmyo-S025-D1-wrist_flexion-T05,grabmyo-S025-D1-wrist_flexion-T05,1,validation
grabmyo-S25-K2-seed3413,25,2,3413,wrist_flexion,grabmyo-S025-D1-wrist_flexion-T07,grabmyo-S025-D1-wrist_flexion-T07,grabmyo-S025-D1-wrist_flexion-T07,1,validation
grabmyo-S26-K2-seed3413,26,2,3413,hand_close,grabmyo-S026-D1-hand_close-T04,grabmyo-S026-D1-hand_close-T04,grabmyo-S026-D1-hand_close-T04,1,validation
grabmyo-S26-K2-seed3413,26,2,3413,hand_close,grabmyo-S026-D1-hand_close-T05,grabmyo-S026-D1-hand_close-T05,grabmyo-S026-D1-hand_close-T05,1,validation
grabmyo-S26-K2-seed3413,26,2,3413,rest,grabmyo-S026-D1-rest-T01,grabmyo-S026-D1-rest-T01,grabmyo-S026-D1-rest-T01,1,validation
grabmyo-S26-K2-seed3413,26,2,3413,rest,grabmyo-S026-D1-rest-T07,grabmyo-S026-D1-rest-T07,grabmyo-S026-D1-rest-T07,1,validation
grabmyo-S26-K2-seed3413,26,2,3413,wrist_extension,grabmyo-S026-D1-wrist_extension-T02,grabmyo-S026-D1-wrist_extension-T02,grabmyo-S026-D1-wrist_extension-T02,1,validation
grabmyo-S26-K2-seed3413,26,2,3413,wrist_extension,grabmyo-S026-D1-wrist_extension-T05,grabmyo-S026-D1-wrist_extension-T05,grabmyo-S026-D1-wrist_extension-T05,1,validation
grabmyo-S26-K2-seed3413,26,2,3413,wrist_flexion,grabmyo-S026-D1-wrist_flexion-T01,grabmyo-S026-D1-wrist_flexion-T01,grabmyo-S026-D1-wrist_flexion-T01,1,validation
grabmyo-S26-K2-seed3413,26,2,3413,wrist_flexion,grabmyo-S026-D1-wrist_flexion-T07,grabmyo-S026-D1-wrist_flexion-T07,grabmyo-S026-D1-wrist_flexion-T07,1,validation
grabmyo-S29-K2-seed3413,29,2,3413,hand_close,grabmyo-S029-D1-hand_close-T02,grabmyo-S029-D1-hand_close-T02,grabmyo-S029-D1-hand_close-T02,1,validation
grabmyo-S29-K2-seed3413,29,2,3413,hand_close,grabmyo-S029-D1-hand_close-T07,grabmyo-S029-D1-hand_close-T07,grabmyo-S029-D1-hand_close-T07,1,validation
grabmyo-S29-K2-seed3413,29,2,3413,rest,grabmyo-S029-D1-rest-T02,grabmyo-S029-D1-rest-T02,grabmyo-S029-D1-rest-T02,1,validation
grabmyo-S29-K2-seed3413,29,2,3413,rest,grabmyo-S029-D1-rest-T07,grabmyo-S029-D1-rest-T07,grabmyo-S029-D1-rest-T07,1,validation
grabmyo-S29-K2-seed3413,29,2,3413,wrist_extension,grabmyo-S029-D1-wrist_extension-T02,grabmyo-S029-D1-wrist_extension-T02,grabmyo-S029-D1-wrist_extension-T02,1,validation
grabmyo-S29-K2-seed3413,29,2,3413,wrist_extension,grabmyo-S029-D1-wrist_extension-T03,grabmyo-S029-D1-wrist_extension-T03,grabmyo-S029-D1-wrist_extension-T03,1,validation
grabmyo-S29-K2-seed3413,29,2,3413,wrist_flexion,grabmyo-S029-D1-wrist_flexion-T03,grabmyo-S029-D1-wrist_flexion-T03,grabmyo-S029-D1-wrist_flexion-T03,1,validation
grabmyo-S29-K2-seed3413,29,2,3413,wrist_flexion,grabmyo-S029-D1-wrist_flexion-T04,grabmyo-S029-D1-wrist_flexion-T04,grabmyo-S029-D1-wrist_flexion-T04,1,validation
grabmyo-S33-K2-seed3413,33,2,3413,hand_close,grabmyo-S033-D1-hand_close-T02,grabmyo-S033-D1-hand_close-T02,grabmyo-S033-D1-hand_close-T02,1,validation
grabmyo-S33-K2-seed3413,33,2,3413,hand_close,grabmyo-S033-D1-hand_close-T03,grabmyo-S033-D1-hand_close-T03,grabmyo-S033-D1-hand_close-T03,1,validation
grabmyo-S33-K2-seed3413,33,2,3413,rest,grabmyo-S033-D1-rest-T06,grabmyo-S033-D1-rest-T06,grabmyo-S033-D1-rest-T06,1,validation
grabmyo-S33-K2-seed3413,33,2,3413,rest,grabmyo-S033-D1-rest-T07,grabmyo-S033-D1-rest-T07,grabmyo-S033-D1-rest-T07,1,validation
grabmyo-S33-K2-seed3413,33,2,3413,wrist_extension,grabmyo-S033-D1-wrist_extension-T02,grabmyo-S033-D1-wrist_extension-T02,grabmyo-S033-D1-wrist_extension-T02,1,validation
grabmyo-S33-K2-seed3413,33,2,3413,wrist_extension,grabmyo-S033-D1-wrist_extension-T07,grabmyo-S033-D1-wrist_extension-T07,grabmyo-S033-D1-wrist_extension-T07,1,validation
grabmyo-S33-K2-seed3413,33,2,3413,wrist_flexion,grabmyo-S033-D1-wrist_flexion-T06,grabmyo-S033-D1-wrist_flexion-T06,grabmyo-S033-D1-wrist_flexion-T06,1,validation
grabmyo-S33-K2-seed3413,33,2,3413,wrist_flexion,grabmyo-S033-D1-wrist_flexion-T07,grabmyo-S033-D1-wrist_flexion-T07,grabmyo-S033-D1-wrist_flexion-T07,1,validation
grabmyo-S34-K2-seed3413,34,2,3413,hand_close,grabmyo-S034-D1-hand_close-T05,grabmyo-S034-D1-hand_close-T05,grabmyo-S034-D1-hand_close-T05,1,validation
grabmyo-S34-K2-seed3413,34,2,3413,hand_close,grabmyo-S034-D1-hand_close-T07,grabmyo-S034-D1-hand_close-T07,grabmyo-S034-D1-hand_close-T07,1,validation
grabmyo-S34-K2-seed3413,34,2,3413,rest,grabmyo-S034-D1-rest-T01,grabmyo-S034-D1-rest-T01,grabmyo-S034-D1-rest-T01,1,validation
grabmyo-S34-K2-seed3413,34,2,3413,rest,grabmyo-S034-D1-rest-T02,grabmyo-S034-D1-rest-T02,grabmyo-S034-D1-rest-T02,1,validation
grabmyo-S34-K2-seed3413,34,2,3413,wrist_extension,grabmyo-S034-D1-wrist_extension-T01,grabmyo-S034-D1-wrist_extension-T01,grabmyo-S034-D1-wrist_extension-T01,1,validation
grabmyo-S34-K2-seed3413,34,2,3413,wrist_extension,grabmyo-S034-D1-wrist_extension-T03,grabmyo-S034-D1-wrist_extension-T03,grabmyo-S034-D1-wrist_extension-T03,1,validation
grabmyo-S34-K2-seed3413,34,2,3413,wrist_flexion,grabmyo-S034-D1-wrist_flexion-T02,grabmyo-S034-D1-wrist_flexion-T02,grabmyo-S034-D1-wrist_flexion-T02,1,validation
grabmyo-S34-K2-seed3413,34,2,3413,wrist_flexion,grabmyo-S034-D1-wrist_flexion-T05,grabmyo-S034-D1-wrist_flexion-T05,grabmyo-S034-D1-wrist_flexion-T05,1,validation
grabmyo-S35-K2-seed3413,35,2,3413,hand_close,grabmyo-S035-D1-hand_close-T02,grabmyo-S035-D1-hand_close-T02,grabmyo-S035-D1-hand_close-T02,1,validation
grabmyo-S35-K2-seed3413,35,2,3413,hand_close,grabmyo-S035-D1-hand_close-T03,grabmyo-S035-D1-hand_close-T03,grabmyo-S035-D1-hand_close-T03,1,validation
grabmyo-S35-K2-seed3413,35,2,3413,rest,grabmyo-S035-D1-rest-T02,grabmyo-S035-D1-rest-T02,grabmyo-S035-D1-rest-T02,1,validation
grabmyo-S35-K2-seed3413,35,2,3413,rest,grabmyo-S035-D1-rest-T03,grabmyo-S035-D1-rest-T03,grabmyo-S035-D1-rest-T03,1,validation
grabmyo-S35-K2-seed3413,35,2,3413,wrist_extension,grabmyo-S035-D1-wrist_extension-T02,grabmyo-S035-D1-wrist_extension-T02,grabmyo-S035-D1-wrist_extension-T02,1,validation
grabmyo-S35-K2-seed3413,35,2,3413,wrist_extension,grabmyo-S035-D1-wrist_extension-T05,grabmyo-S035-D1-wrist_extension-T05,grabmyo-S035-D1-wrist_extension-T05,1,validation
grabmyo-S35-K2-seed3413,35,2,3413,wrist_flexion,grabmyo-S035-D1-wrist_flexion-T05,grabmyo-S035-D1-wrist_flexion-T05,grabmyo-S035-D1-wrist_flexion-T05,1,validation
grabmyo-S35-K2-seed3413,35,2,3413,wrist_flexion,grabmyo-S035-D1-wrist_flexion-T07,grabmyo-S035-D1-wrist_flexion-T07,grabmyo-S035-D1-wrist_flexion-T07,1,validation
grabmyo-S41-K2-seed3413,41,2,3413,hand_close,grabmyo-S041-D1-hand_close-T06,grabmyo-S041-D1-hand_close-T06,grabmyo-S041-D1-hand_close-T06,1,validation
grabmyo-S41-K2-seed3413,41,2,3413,hand_close,grabmyo-S041-D1-hand_close-T07,grabmyo-S041-D1-hand_close-T07,grabmyo-S041-D1-hand_close-T07,1,validation
grabmyo-S41-K2-seed3413,41,2,3413,rest,grabmyo-S041-D1-rest-T04,grabmyo-S041-D1-rest-T04,grabmyo-S041-D1-rest-T04,1,validation
grabmyo-S41-K2-seed3413,41,2,3413,rest,grabmyo-S041-D1-rest-T07,grabmyo-S041-D1-rest-T07,grabmyo-S041-D1-rest-T07,1,validation
grabmyo-S41-K2-seed3413,41,2,3413,wrist_extension,grabmyo-S041-D1-wrist_extension-T02,grabmyo-S041-D1-wrist_extension-T02,grabmyo-S041-D1-wrist_extension-T02,1,validation
grabmyo-S41-K2-seed3413,41,2,3413,wrist_extension,grabmyo-S041-D1-wrist_extension-T07,grabmyo-S041-D1-wrist_extension-T07,grabmyo-S041-D1-wrist_extension-T07,1,validation
grabmyo-S41-K2-seed3413,41,2,3413,wrist_flexion,grabmyo-S041-D1-wrist_flexion-T01,grabmyo-S041-D1-wrist_flexion-T01,grabmyo-S041-D1-wrist_flexion-T01,1,validation
grabmyo-S41-K2-seed3413,41,2,3413,wrist_flexion,grabmyo-S041-D1-wrist_flexion-T04,grabmyo-S041-D1-wrist_flexion-T04,grabmyo-S041-D1-wrist_flexion-T04,1,validation
grabmyo-S12-K2-seed3414,12,2,3414,hand_close,grabmyo-S012-D1-hand_close-T04,grabmyo-S012-D1-hand_close-T04,grabmyo-S012-D1-hand_close-T04,1,validation
grabmyo-S12-K2-seed3414,12,2,3414,hand_close,grabmyo-S012-D1-hand_close-T07,grabmyo-S012-D1-hand_close-T07,grabmyo-S012-D1-hand_close-T07,1,validation
grabmyo-S12-K2-seed3414,12,2,3414,rest,grabmyo-S012-D1-rest-T01,grabmyo-S012-D1-rest-T01,grabmyo-S012-D1-rest-T01,1,validation
grabmyo-S12-K2-seed3414,12,2,3414,rest,grabmyo-S012-D1-rest-T07,grabmyo-S012-D1-rest-T07,grabmyo-S012-D1-rest-T07,1,validation
grabmyo-S12-K2-seed3414,12,2,3414,wrist_extension,grabmyo-S012-D1-wrist_extension-T02,grabmyo-S012-D1-wrist_extension-T02,grabmyo-S012-D1-wrist_extension-T02,1,validation
grabmyo-S12-K2-seed3414,12,2,3414,wrist_extension,grabmyo-S012-D1-wrist_extension-T07,grabmyo-S012-D1-wrist_extension-T07,grabmyo-S012-D1-wrist_extension-T07,1,validation
grabmyo-S12-K2-seed3414,12,2,3414,wrist_flexion,grabmyo-S012-D1-wrist_flexion-T02,grabmyo-S012-D1-wrist_flexion-T02,grabmyo-S012-D1-wrist_flexion-T02,1,validation
grabmyo-S12-K2-seed3414,12,2,3414,wrist_flexion,grabmyo-S012-D1-wrist_flexion-T03,grabmyo-S012-D1-wrist_flexion-T03,grabmyo-S012-D1-wrist_flexion-T03,1,validation
grabmyo-S13-K2-seed3414,13,2,3414,hand_close,grabmyo-S013-D1-hand_close-T03,grabmyo-S013-D1-hand_close-T03,grabmyo-S013-D1-hand_close-T03,1,validation
grabmyo-S13-K2-seed3414,13,2,3414,hand_close,grabmyo-S013-D1-hand_close-T05,grabmyo-S013-D1-hand_close-T05,grabmyo-S013-D1-hand_close-T05,1,validation
grabmyo-S13-K2-seed3414,13,2,3414,rest,grabmyo-S013-D1-rest-T02,grabmyo-S013-D1-rest-T02,grabmyo-S013-D1-rest-T02,1,validation
grabmyo-S13-K2-seed3414,13,2,3414,rest,grabmyo-S013-D1-rest-T06,grabmyo-S013-D1-rest-T06,grabmyo-S013-D1-rest-T06,1,validation
grabmyo-S13-K2-seed3414,13,2,3414,wrist_extension,grabmyo-S013-D1-wrist_extension-T02,grabmyo-S013-D1-wrist_extension-T02,grabmyo-S013-D1-wrist_extension-T02,1,validation
grabmyo-S13-K2-seed3414,13,2,3414,wrist_extension,grabmyo-S013-D1-wrist_extension-T07,grabmyo-S013-D1-wrist_extension-T07,grabmyo-S013-D1-wrist_extension-T07,1,validation
grabmyo-S13-K2-seed3414,13,2,3414,wrist_flexion,grabmyo-S013-D1-wrist_flexion-T05,grabmyo-S013-D1-wrist_flexion-T05,grabmyo-S013-D1-wrist_flexion-T05,1,validation
grabmyo-S13-K2-seed3414,13,2,3414,wrist_flexion,grabmyo-S013-D1-wrist_flexion-T07,grabmyo-S013-D1-wrist_flexion-T07,grabmyo-S013-D1-wrist_flexion-T07,1,validation
grabmyo-S25-K2-seed3414,25,2,3414,hand_close,grabmyo-S025-D1-hand_close-T01,grabmyo-S025-D1-hand_close-T01,grabmyo-S025-D1-hand_close-T01,1,validation
grabmyo-S25-K2-seed3414,25,2,3414,hand_close,grabmyo-S025-D1-hand_close-T06,grabmyo-S025-D1-hand_close-T06,grabmyo-S025-D1-hand_close-T06,1,validation
grabmyo-S25-K2-seed3414,25,2,3414,rest,grabmyo-S025-D1-rest-T05,grabmyo-S025-D1-rest-T05,grabmyo-S025-D1-rest-T05,1,validation
grabmyo-S25-K2-seed3414,25,2,3414,rest,grabmyo-S025-D1-rest-T06,grabmyo-S025-D1-rest-T06,grabmyo-S025-D1-rest-T06,1,validation
grabmyo-S25-K2-seed3414,25,2,3414,wrist_extension,grabmyo-S025-D1-wrist_extension-T01,grabmyo-S025-D1-wrist_extension-T01,grabmyo-S025-D1-wrist_extension-T01,1,validation
grabmyo-S25-K2-seed3414,25,2,3414,wrist_extension,grabmyo-S025-D1-wrist_extension-T06,grabmyo-S025-D1-wrist_extension-T06,grabmyo-S025-D1-wrist_extension-T06,1,validation
grabmyo-S25-K2-seed3414,25,2,3414,wrist_flexion,grabmyo-S025-D1-wrist_flexion-T02,grabmyo-S025-D1-wrist_flexion-T02,grabmyo-S025-D1-wrist_flexion-T02,1,validation
grabmyo-S25-K2-seed3414,25,2,3414,wrist_flexion,grabmyo-S025-D1-wrist_flexion-T06,grabmyo-S025-D1-wrist_flexion-T06,grabmyo-S025-D1-wrist_flexion-T06,1,validation
grabmyo-S26-K2-seed3414,26,2,3414,hand_close,grabmyo-S026-D1-hand_close-T02,grabmyo-S026-D1-hand_close-T02,grabmyo-S026-D1-hand_close-T02,1,validation
grabmyo-S26-K2-seed3414,26,2,3414,hand_close,grabmyo-S026-D1-hand_close-T05,grabmyo-S026-D1-hand_close-T05,grabmyo-S026-D1-hand_close-T05,1,validation
grabmyo-S26-K2-seed3414,26,2,3414,rest,grabmyo-S026-D1-rest-T04,grabmyo-S026-D1-rest-T04,grabmyo-S026-D1-rest-T04,1,validation
grabmyo-S26-K2-seed3414,26,2,3414,rest,grabmyo-S026-D1-rest-T06,grabmyo-S026-D1-rest-T06,grabmyo-S026-D1-rest-T06,1,validation
grabmyo-S26-K2-seed3414,26,2,3414,wrist_extension,grabmyo-S026-D1-wrist_extension-T04,grabmyo-S026-D1-wrist_extension-T04,grabmyo-S026-D1-wrist_extension-T04,1,validation
grabmyo-S26-K2-seed3414,26,2,3414,wrist_extension,grabmyo-S026-D1-wrist_extension-T06,grabmyo-S026-D1-wrist_extension-T06,grabmyo-S026-D1-wrist_extension-T06,1,validation
grabmyo-S26-K2-seed3414,26,2,3414,wrist_flexion,grabmyo-S026-D1-wrist_flexion-T02,grabmyo-S026-D1-wrist_flexion-T02,grabmyo-S026-D1-wrist_flexion-T02,1,validation
grabmyo-S26-K2-seed3414,26,2,3414,wrist_flexion,grabmyo-S026-D1-wrist_flexion-T03,grabmyo-S026-D1-wrist_flexion-T03,grabmyo-S026-D1-wrist_flexion-T03,1,validation
grabmyo-S29-K2-seed3414,29,2,3414,hand_close,grabmyo-S029-D1-hand_close-T04,grabmyo-S029-D1-hand_close-T04,grabmyo-S029-D1-hand_close-T04,1,validation
grabmyo-S29-K2-seed3414,29,2,3414,hand_close,grabmyo-S029-D1-hand_close-T06,grabmyo-S029-D1-hand_close-T06,grabmyo-S029-D1-hand_close-T06,1,validation
grabmyo-S29-K2-seed3414,29,2,3414,rest,grabmyo-S029-D1-rest-T01,grabmyo-S029-D1-rest-T01,grabmyo-S029-D1-rest-T01,1,validation
grabmyo-S29-K2-seed3414,29,2,3414,rest,grabmyo-S029-D1-rest-T05,grabmyo-S029-D1-rest-T05,grabmyo-S029-D1-rest-T05,1,validation
grabmyo-S29-K2-seed3414,29,2,3414,wrist_extension,grabmyo-S029-D1-wrist_extension-T05,grabmyo-S029-D1-wrist_extension-T05,grabmyo-S029-D1-wrist_extension-T05,1,validation
grabmyo-S29-K2-seed3414,29,2,3414,wrist_extension,grabmyo-S029-D1-wrist_extension-T07,grabmyo-S029-D1-wrist_extension-T07,grabmyo-S029-D1-wrist_extension-T07,1,validation
grabmyo-S29-K2-seed3414,29,2,3414,wrist_flexion,grabmyo-S029-D1-wrist_flexion-T02,grabmyo-S029-D1-wrist_flexion-T02,grabmyo-S029-D1-wrist_flexion-T02,1,validation
grabmyo-S29-K2-seed3414,29,2,3414,wrist_flexion,grabmyo-S029-D1-wrist_flexion-T05,grabmyo-S029-D1-wrist_flexion-T05,grabmyo-S029-D1-wrist_flexion-T05,1,validation
grabmyo-S33-K2-seed3414,33,2,3414,hand_close,grabmyo-S033-D1-hand_close-T03,grabmyo-S033-D1-hand_close-T03,grabmyo-S033-D1-hand_close-T03,1,validation
grabmyo-S33-K2-seed3414,33,2,3414,hand_close,grabmyo-S033-D1-hand_close-T04,grabmyo-S033-D1-hand_close-T04,grabmyo-S033-D1-hand_close-T04,1,validation
grabmyo-S33-K2-seed3414,33,2,3414,rest,grabmyo-S033-D1-rest-T05,grabmyo-S033-D1-rest-T05,grabmyo-S033-D1-rest-T05,1,validation
grabmyo-S33-K2-seed3414,33,2,3414,rest,grabmyo-S033-D1-rest-T07,grabmyo-S033-D1-rest-T07,grabmyo-S033-D1-rest-T07,1,validation
grabmyo-S33-K2-seed3414,33,2,3414,wrist_extension,grabmyo-S033-D1-wrist_extension-T02,grabmyo-S033-D1-wrist_extension-T02,grabmyo-S033-D1-wrist_extension-T02,1,validation
grabmyo-S33-K2-seed3414,33,2,3414,wrist_extension,grabmyo-S033-D1-wrist_extension-T06,grabmyo-S033-D1-wrist_extension-T06,grabmyo-S033-D1-wrist_extension-T06,1,validation
grabmyo-S33-K2-seed3414,33,2,3414,wrist_flexion,grabmyo-S033-D1-wrist_flexion-T01,grabmyo-S033-D1-wrist_flexion-T01,grabmyo-S033-D1-wrist_flexion-T01,1,validation
grabmyo-S33-K2-seed3414,33,2,3414,wrist_flexion,grabmyo-S033-D1-wrist_flexion-T02,grabmyo-S033-D1-wrist_flexion-T02,grabmyo-S033-D1-wrist_flexion-T02,1,validation
grabmyo-S34-K2-seed3414,34,2,3414,hand_close,grabmyo-S034-D1-hand_close-T02,grabmyo-S034-D1-hand_close-T02,grabmyo-S034-D1-hand_close-T02,1,validation
grabmyo-S34-K2-seed3414,34,2,3414,hand_close,grabmyo-S034-D1-hand_close-T04,grabmyo-S034-D1-hand_close-T04,grabmyo-S034-D1-hand_close-T04,1,validation
grabmyo-S34-K2-seed3414,34,2,3414,rest,grabmyo-S034-D1-rest-T04,grabmyo-S034-D1-rest-T04,grabmyo-S034-D1-rest-T04,1,validation
grabmyo-S34-K2-seed3414,34,2,3414,rest,grabmyo-S034-D1-rest-T05,grabmyo-S034-D1-rest-T05,grabmyo-S034-D1-rest-T05,1,validation
grabmyo-S34-K2-seed3414,34,2,3414,wrist_extension,grabmyo-S034-D1-wrist_extension-T03,grabmyo-S034-D1-wrist_extension-T03,grabmyo-S034-D1-wrist_extension-T03,1,validation
grabmyo-S34-K2-seed3414,34,2,3414,wrist_extension,grabmyo-S034-D1-wrist_extension-T06,grabmyo-S034-D1-wrist_extension-T06,grabmyo-S034-D1-wrist_extension-T06,1,validation
grabmyo-S34-K2-seed3414,34,2,3414,wrist_flexion,grabmyo-S034-D1-wrist_flexion-T03,grabmyo-S034-D1-wrist_flexion-T03,grabmyo-S034-D1-wrist_flexion-T03,1,validation
grabmyo-S34-K2-seed3414,34,2,3414,wrist_flexion,grabmyo-S034-D1-wrist_flexion-T06,grabmyo-S034-D1-wrist_flexion-T06,grabmyo-S034-D1-wrist_flexion-T06,1,validation
grabmyo-S35-K2-seed3414,35,2,3414,hand_close,grabmyo-S035-D1-hand_close-T04,grabmyo-S035-D1-hand_close-T04,grabmyo-S035-D1-hand_close-T04,1,validation
grabmyo-S35-K2-seed3414,35,2,3414,hand_close,grabmyo-S035-D1-hand_close-T07,grabmyo-S035-D1-hand_close-T07,grabmyo-S035-D1-hand_close-T07,1,validation
grabmyo-S35-K2-seed3414,35,2,3414,rest,grabmyo-S035-D1-rest-T05,grabmyo-S035-D1-rest-T05,grabmyo-S035-D1-rest-T05,1,validation
grabmyo-S35-K2-seed3414,35,2,3414,rest,grabmyo-S035-D1-rest-T07,grabmyo-S035-D1-rest-T07,grabmyo-S035-D1-rest-T07,1,validation
grabmyo-S35-K2-seed3414,35,2,3414,wrist_extension,grabmyo-S035-D1-wrist_extension-T04,grabmyo-S035-D1-wrist_extension-T04,grabmyo-S035-D1-wrist_extension-T04,1,validation
grabmyo-S35-K2-seed3414,35,2,3414,wrist_extension,grabmyo-S035-D1-wrist_extension-T06,grabmyo-S035-D1-wrist_extension-T06,grabmyo-S035-D1-wrist_extension-T06,1,validation
grabmyo-S35-K2-seed3414,35,2,3414,wrist_flexion,grabmyo-S035-D1-wrist_flexion-T01,grabmyo-S035-D1-wrist_flexion-T01,grabmyo-S035-D1-wrist_flexion-T01,1,validation
grabmyo-S35-K2-seed3414,35,2,3414,wrist_flexion,grabmyo-S035-D1-wrist_flexion-T07,grabmyo-S035-D1-wrist_flexion-T07,grabmyo-S035-D1-wrist_flexion-T07,1,validation
grabmyo-S41-K2-seed3414,41,2,3414,hand_close,grabmyo-S041-D1-hand_close-T01,grabmyo-S041-D1-hand_close-T01,grabmyo-S041-D1-hand_close-T01,1,validation
grabmyo-S41-K2-seed3414,41,2,3414,hand_close,grabmyo-S041-D1-hand_close-T06,grabmyo-S041-D1-hand_close-T06,grabmyo-S041-D1-hand_close-T06,1,validation
grabmyo-S41-K2-seed3414,41,2,3414,rest,grabmyo-S041-D1-rest-T01,grabmyo-S041-D1-rest-T01,grabmyo-S041-D1-rest-T01,1,validation
grabmyo-S41-K2-seed3414,41,2,3414,rest,grabmyo-S041-D1-rest-T07,grabmyo-S041-D1-rest-T07,grabmyo-S041-D1-rest-T07,1,validation
grabmyo-S41-K2-seed3414,41,2,3414,wrist_extension,grabmyo-S041-D1-wrist_extension-T01,grabmyo-S041-D1-wrist_extension-T01,grabmyo-S041-D1-wrist_extension-T01,1,validation
grabmyo-S41-K2-seed3414,41,2,3414,wrist_extension,grabmyo-S041-D1-wrist_extension-T02,grabmyo-S041-D1-wrist_extension-T02,grabmyo-S041-D1-wrist_extension-T02,1,validation
grabmyo-S41-K2-seed3414,41,2,3414,wrist_flexion,grabmyo-S041-D1-wrist_flexion-T02,grabmyo-S041-D1-wrist_flexion-T02,grabmyo-S041-D1-wrist_flexion-T02,1,validation
grabmyo-S41-K2-seed3414,41,2,3414,wrist_flexion,grabmyo-S041-D1-wrist_flexion-T04,grabmyo-S041-D1-wrist_flexion-T04,grabmyo-S041-D1-wrist_flexion-T04,1,validation
grabmyo-S12-K2-seed3415,12,2,3415,hand_close,grabmyo-S012-D1-hand_close-T05,grabmyo-S012-D1-hand_close-T05,grabmyo-S012-D1-hand_close-T05,1,validation
grabmyo-S12-K2-seed3415,12,2,3415,hand_close,grabmyo-S012-D1-hand_close-T06,grabmyo-S012-D1-hand_close-T06,grabmyo-S012-D1-hand_close-T06,1,validation
grabmyo-S12-K2-seed3415,12,2,3415,rest,grabmyo-S012-D1-rest-T03,grabmyo-S012-D1-rest-T03,grabmyo-S012-D1-rest-T03,1,validation
grabmyo-S12-K2-seed3415,12,2,3415,rest,grabmyo-S012-D1-rest-T06,grabmyo-S012-D1-rest-T06,grabmyo-S012-D1-rest-T06,1,validation
grabmyo-S12-K2-seed3415,12,2,3415,wrist_extension,grabmyo-S012-D1-wrist_extension-T04,grabmyo-S012-D1-wrist_extension-T04,grabmyo-S012-D1-wrist_extension-T04,1,validation
grabmyo-S12-K2-seed3415,12,2,3415,wrist_extension,grabmyo-S012-D1-wrist_extension-T05,grabmyo-S012-D1-wrist_extension-T05,grabmyo-S012-D1-wrist_extension-T05,1,validation
grabmyo-S12-K2-seed3415,12,2,3415,wrist_flexion,grabmyo-S012-D1-wrist_flexion-T02,grabmyo-S012-D1-wrist_flexion-T02,grabmyo-S012-D1-wrist_flexion-T02,1,validation
grabmyo-S12-K2-seed3415,12,2,3415,wrist_flexion,grabmyo-S012-D1-wrist_flexion-T06,grabmyo-S012-D1-wrist_flexion-T06,grabmyo-S012-D1-wrist_flexion-T06,1,validation
grabmyo-S13-K2-seed3415,13,2,3415,hand_close,grabmyo-S013-D1-hand_close-T03,grabmyo-S013-D1-hand_close-T03,grabmyo-S013-D1-hand_close-T03,1,validation
grabmyo-S13-K2-seed3415,13,2,3415,hand_close,grabmyo-S013-D1-hand_close-T05,grabmyo-S013-D1-hand_close-T05,grabmyo-S013-D1-hand_close-T05,1,validation
grabmyo-S13-K2-seed3415,13,2,3415,rest,grabmyo-S013-D1-rest-T03,grabmyo-S013-D1-rest-T03,grabmyo-S013-D1-rest-T03,1,validation
grabmyo-S13-K2-seed3415,13,2,3415,rest,grabmyo-S013-D1-rest-T07,grabmyo-S013-D1-rest-T07,grabmyo-S013-D1-rest-T07,1,validation
grabmyo-S13-K2-seed3415,13,2,3415,wrist_extension,grabmyo-S013-D1-wrist_extension-T06,grabmyo-S013-D1-wrist_extension-T06,grabmyo-S013-D1-wrist_extension-T06,1,validation
grabmyo-S13-K2-seed3415,13,2,3415,wrist_extension,grabmyo-S013-D1-wrist_extension-T07,grabmyo-S013-D1-wrist_extension-T07,grabmyo-S013-D1-wrist_extension-T07,1,validation
grabmyo-S13-K2-seed3415,13,2,3415,wrist_flexion,grabmyo-S013-D1-wrist_flexion-T01,grabmyo-S013-D1-wrist_flexion-T01,grabmyo-S013-D1-wrist_flexion-T01,1,validation
grabmyo-S13-K2-seed3415,13,2,3415,wrist_flexion,grabmyo-S013-D1-wrist_flexion-T05,grabmyo-S013-D1-wrist_flexion-T05,grabmyo-S013-D1-wrist_flexion-T05,1,validation
grabmyo-S25-K2-seed3415,25,2,3415,hand_close,grabmyo-S025-D1-hand_close-T01,grabmyo-S025-D1-hand_close-T01,grabmyo-S025-D1-hand_close-T01,1,validation
grabmyo-S25-K2-seed3415,25,2,3415,hand_close,grabmyo-S025-D1-hand_close-T02,grabmyo-S025-D1-hand_close-T02,grabmyo-S025-D1-hand_close-T02,1,validation
grabmyo-S25-K2-seed3415,25,2,3415,rest,grabmyo-S025-D1-rest-T01,grabmyo-S025-D1-rest-T01,grabmyo-S025-D1-rest-T01,1,validation
grabmyo-S25-K2-seed3415,25,2,3415,rest,grabmyo-S025-D1-rest-T04,grabmyo-S025-D1-rest-T04,grabmyo-S025-D1-rest-T04,1,validation
grabmyo-S25-K2-seed3415,25,2,3415,wrist_extension,grabmyo-S025-D1-wrist_extension-T03,grabmyo-S025-D1-wrist_extension-T03,grabmyo-S025-D1-wrist_extension-T03,1,validation
grabmyo-S25-K2-seed3415,25,2,3415,wrist_extension,grabmyo-S025-D1-wrist_extension-T07,grabmyo-S025-D1-wrist_extension-T07,grabmyo-S025-D1-wrist_extension-T07,1,validation
grabmyo-S25-K2-seed3415,25,2,3415,wrist_flexion,grabmyo-S025-D1-wrist_flexion-T04,grabmyo-S025-D1-wrist_flexion-T04,grabmyo-S025-D1-wrist_flexion-T04,1,validation
grabmyo-S25-K2-seed3415,25,2,3415,wrist_flexion,grabmyo-S025-D1-wrist_flexion-T05,grabmyo-S025-D1-wrist_flexion-T05,grabmyo-S025-D1-wrist_flexion-T05,1,validation
grabmyo-S26-K2-seed3415,26,2,3415,hand_close,grabmyo-S026-D1-hand_close-T02,grabmyo-S026-D1-hand_close-T02,grabmyo-S026-D1-hand_close-T02,1,validation
grabmyo-S26-K2-seed3415,26,2,3415,hand_close,grabmyo-S026-D1-hand_close-T03,grabmyo-S026-D1-hand_close-T03,grabmyo-S026-D1-hand_close-T03,1,validation
grabmyo-S26-K2-seed3415,26,2,3415,rest,grabmyo-S026-D1-rest-T01,grabmyo-S026-D1-rest-T01,grabmyo-S026-D1-rest-T01,1,validation
grabmyo-S26-K2-seed3415,26,2,3415,rest,grabmyo-S026-D1-rest-T05,grabmyo-S026-D1-rest-T05,grabmyo-S026-D1-rest-T05,1,validation
grabmyo-S26-K2-seed3415,26,2,3415,wrist_extension,grabmyo-S026-D1-wrist_extension-T04,grabmyo-S026-D1-wrist_extension-T04,grabmyo-S026-D1-wrist_extension-T04,1,validation
grabmyo-S26-K2-seed3415,26,2,3415,wrist_extension,grabmyo-S026-D1-wrist_extension-T05,grabmyo-S026-D1-wrist_extension-T05,grabmyo-S026-D1-wrist_extension-T05,1,validation
grabmyo-S26-K2-seed3415,26,2,3415,wrist_flexion,grabmyo-S026-D1-wrist_flexion-T01,grabmyo-S026-D1-wrist_flexion-T01,grabmyo-S026-D1-wrist_flexion-T01,1,validation
grabmyo-S26-K2-seed3415,26,2,3415,wrist_flexion,grabmyo-S026-D1-wrist_flexion-T05,grabmyo-S026-D1-wrist_flexion-T05,grabmyo-S026-D1-wrist_flexion-T05,1,validation
grabmyo-S29-K2-seed3415,29,2,3415,hand_close,grabmyo-S029-D1-hand_close-T05,grabmyo-S029-D1-hand_close-T05,grabmyo-S029-D1-hand_close-T05,1,validation
grabmyo-S29-K2-seed3415,29,2,3415,hand_close,grabmyo-S029-D1-hand_close-T06,grabmyo-S029-D1-hand_close-T06,grabmyo-S029-D1-hand_close-T06,1,validation
grabmyo-S29-K2-seed3415,29,2,3415,rest,grabmyo-S029-D1-rest-T04,grabmyo-S029-D1-rest-T04,grabmyo-S029-D1-rest-T04,1,validation
grabmyo-S29-K2-seed3415,29,2,3415,rest,grabmyo-S029-D1-rest-T05,grabmyo-S029-D1-rest-T05,grabmyo-S029-D1-rest-T05,1,validation
grabmyo-S29-K2-seed3415,29,2,3415,wrist_extension,grabmyo-S029-D1-wrist_extension-T01,grabmyo-S029-D1-wrist_extension-T01,grabmyo-S029-D1-wrist_extension-T01,1,validation
grabmyo-S29-K2-seed3415,29,2,3415,wrist_extension,grabmyo-S029-D1-wrist_extension-T03,grabmyo-S029-D1-wrist_extension-T03,grabmyo-S029-D1-wrist_extension-T03,1,validation
grabmyo-S29-K2-seed3415,29,2,3415,wrist_flexion,grabmyo-S029-D1-wrist_flexion-T01,grabmyo-S029-D1-wrist_flexion-T01,grabmyo-S029-D1-wrist_flexion-T01,1,validation
grabmyo-S29-K2-seed3415,29,2,3415,wrist_flexion,grabmyo-S029-D1-wrist_flexion-T04,grabmyo-S029-D1-wrist_flexion-T04,grabmyo-S029-D1-wrist_flexion-T04,1,validation
grabmyo-S33-K2-seed3415,33,2,3415,hand_close,grabmyo-S033-D1-hand_close-T02,grabmyo-S033-D1-hand_close-T02,grabmyo-S033-D1-hand_close-T02,1,validation
grabmyo-S33-K2-seed3415,33,2,3415,hand_close,grabmyo-S033-D1-hand_close-T04,grabmyo-S033-D1-hand_close-T04,grabmyo-S033-D1-hand_close-T04,1,validation
grabmyo-S33-K2-seed3415,33,2,3415,rest,grabmyo-S033-D1-rest-T02,grabmyo-S033-D1-rest-T02,grabmyo-S033-D1-rest-T02,1,validation
grabmyo-S33-K2-seed3415,33,2,3415,rest,grabmyo-S033-D1-rest-T03,grabmyo-S033-D1-rest-T03,grabmyo-S033-D1-rest-T03,1,validation
grabmyo-S33-K2-seed3415,33,2,3415,wrist_extension,grabmyo-S033-D1-wrist_extension-T02,grabmyo-S033-D1-wrist_extension-T02,grabmyo-S033-D1-wrist_extension-T02,1,validation
grabmyo-S33-K2-seed3415,33,2,3415,wrist_extension,grabmyo-S033-D1-wrist_extension-T04,grabmyo-S033-D1-wrist_extension-T04,grabmyo-S033-D1-wrist_extension-T04,1,validation
grabmyo-S33-K2-seed3415,33,2,3415,wrist_flexion,grabmyo-S033-D1-wrist_flexion-T01,grabmyo-S033-D1-wrist_flexion-T01,grabmyo-S033-D1-wrist_flexion-T01,1,validation
grabmyo-S33-K2-seed3415,33,2,3415,wrist_flexion,grabmyo-S033-D1-wrist_flexion-T03,grabmyo-S033-D1-wrist_flexion-T03,grabmyo-S033-D1-wrist_flexion-T03,1,validation
grabmyo-S34-K2-seed3415,34,2,3415,hand_close,grabmyo-S034-D1-hand_close-T05,grabmyo-S034-D1-hand_close-T05,grabmyo-S034-D1-hand_close-T05,1,validation
grabmyo-S34-K2-seed3415,34,2,3415,hand_close,grabmyo-S034-D1-hand_close-T07,grabmyo-S034-D1-hand_close-T07,grabmyo-S034-D1-hand_close-T07,1,validation
grabmyo-S34-K2-seed3415,34,2,3415,rest,grabmyo-S034-D1-rest-T02,grabmyo-S034-D1-rest-T02,grabmyo-S034-D1-rest-T02,1,validation
grabmyo-S34-K2-seed3415,34,2,3415,rest,grabmyo-S034-D1-rest-T04,grabmyo-S034-D1-rest-T04,grabmyo-S034-D1-rest-T04,1,validation
grabmyo-S34-K2-seed3415,34,2,3415,wrist_extension,grabmyo-S034-D1-wrist_extension-T03,grabmyo-S034-D1-wrist_extension-T03,grabmyo-S034-D1-wrist_extension-T03,1,validation
grabmyo-S34-K2-seed3415,34,2,3415,wrist_extension,grabmyo-S034-D1-wrist_extension-T06,grabmyo-S034-D1-wrist_extension-T06,grabmyo-S034-D1-wrist_extension-T06,1,validation
grabmyo-S34-K2-seed3415,34,2,3415,wrist_flexion,grabmyo-S034-D1-wrist_flexion-T02,grabmyo-S034-D1-wrist_flexion-T02,grabmyo-S034-D1-wrist_flexion-T02,1,validation
grabmyo-S34-K2-seed3415,34,2,3415,wrist_flexion,grabmyo-S034-D1-wrist_flexion-T07,grabmyo-S034-D1-wrist_flexion-T07,grabmyo-S034-D1-wrist_flexion-T07,1,validation
grabmyo-S35-K2-seed3415,35,2,3415,hand_close,grabmyo-S035-D1-hand_close-T04,grabmyo-S035-D1-hand_close-T04,grabmyo-S035-D1-hand_close-T04,1,validation
grabmyo-S35-K2-seed3415,35,2,3415,hand_close,grabmyo-S035-D1-hand_close-T06,grabmyo-S035-D1-hand_close-T06,grabmyo-S035-D1-hand_close-T06,1,validation
grabmyo-S35-K2-seed3415,35,2,3415,rest,grabmyo-S035-D1-rest-T01,grabmyo-S035-D1-rest-T01,grabmyo-S035-D1-rest-T01,1,validation
grabmyo-S35-K2-seed3415,35,2,3415,rest,grabmyo-S035-D1-rest-T05,grabmyo-S035-D1-rest-T05,grabmyo-S035-D1-rest-T05,1,validation
grabmyo-S35-K2-seed3415,35,2,3415,wrist_extension,grabmyo-S035-D1-wrist_extension-T01,grabmyo-S035-D1-wrist_extension-T01,grabmyo-S035-D1-wrist_extension-T01,1,validation
grabmyo-S35-K2-seed3415,35,2,3415,wrist_extension,grabmyo-S035-D1-wrist_extension-T04,grabmyo-S035-D1-wrist_extension-T04,grabmyo-S035-D1-wrist_extension-T04,1,validation
grabmyo-S35-K2-seed3415,35,2,3415,wrist_flexion,grabmyo-S035-D1-wrist_flexion-T04,grabmyo-S035-D1-wrist_flexion-T04,grabmyo-S035-D1-wrist_flexion-T04,1,validation
grabmyo-S35-K2-seed3415,35,2,3415,wrist_flexion,grabmyo-S035-D1-wrist_flexion-T05,grabmyo-S035-D1-wrist_flexion-T05,grabmyo-S035-D1-wrist_flexion-T05,1,validation
grabmyo-S41-K2-seed3415,41,2,3415,hand_close,grabmyo-S041-D1-hand_close-T02,grabmyo-S041-D1-hand_close-T02,grabmyo-S041-D1-hand_close-T02,1,validation
grabmyo-S41-K2-seed3415,41,2,3415,hand_close,grabmyo-S041-D1-hand_close-T06,grabmyo-S041-D1-hand_close-T06,grabmyo-S041-D1-hand_close-T06,1,validation
grabmyo-S41-K2-seed3415,41,2,3415,rest,grabmyo-S041-D1-rest-T01,grabmyo-S041-D1-rest-T01,grabmyo-S041-D1-rest-T01,1,validation
grabmyo-S41-K2-seed3415,41,2,3415,rest,grabmyo-S041-D1-rest-T02,grabmyo-S041-D1-rest-T02,grabmyo-S041-D1-rest-T02,1,validation
grabmyo-S41-K2-seed3415,41,2,3415,wrist_extension,grabmyo-S041-D1-wrist_extension-T02,grabmyo-S041-D1-wrist_extension-T02,grabmyo-S041-D1-wrist_extension-T02,1,validation
grabmyo-S41-K2-seed3415,41,2,3415,wrist_extension,grabmyo-S041-D1-wrist_extension-T05,grabmyo-S041-D1-wrist_extension-T05,grabmyo-S041-D1-wrist_extension-T05,1,validation
grabmyo-S41-K2-seed3415,41,2,3415,wrist_flexion,grabmyo-S041-D1-wrist_flexion-T03,grabmyo-S041-D1-wrist_flexion-T03,grabmyo-S041-D1-wrist_flexion-T03,1,validation
grabmyo-S41-K2-seed3415,41,2,3415,wrist_flexion,grabmyo-S041-D1-wrist_flexion-T06,grabmyo-S041-D1-wrist_flexion-T06,grabmyo-S041-D1-wrist_flexion-T06,1,validation
grabmyo-S12-K2-seed3416,12,2,3416,hand_close,grabmyo-S012-D1-hand_close-T02,grabmyo-S012-D1-hand_close-T02,grabmyo-S012-D1-hand_close-T02,1,validation
grabmyo-S12-K2-seed3416,12,2,3416,hand_close,grabmyo-S012-D1-hand_close-T06,grabmyo-S012-D1-hand_close-T06,grabmyo-S012-D1-hand_close-T06,1,validation
grabmyo-S12-K2-seed3416,12,2,3416,rest,grabmyo-S012-D1-rest-T02,grabmyo-S012-D1-rest-T02,grabmyo-S012-D1-rest-T02,1,validation
grabmyo-S12-K2-seed3416,12,2,3416,rest,grabmyo-S012-D1-rest-T03,grabmyo-S012-D1-rest-T03,grabmyo-S012-D1-rest-T03,1,validation
grabmyo-S12-K2-seed3416,12,2,3416,wrist_extension,grabmyo-S012-D1-wrist_extension-T02,grabmyo-S012-D1-wrist_extension-T02,grabmyo-S012-D1-wrist_extension-T02,1,validation
grabmyo-S12-K2-seed3416,12,2,3416,wrist_extension,grabmyo-S012-D1-wrist_extension-T03,grabmyo-S012-D1-wrist_extension-T03,grabmyo-S012-D1-wrist_extension-T03,1,validation
grabmyo-S12-K2-seed3416,12,2,3416,wrist_flexion,grabmyo-S012-D1-wrist_flexion-T03,grabmyo-S012-D1-wrist_flexion-T03,grabmyo-S012-D1-wrist_flexion-T03,1,validation
grabmyo-S12-K2-seed3416,12,2,3416,wrist_flexion,grabmyo-S012-D1-wrist_flexion-T06,grabmyo-S012-D1-wrist_flexion-T06,grabmyo-S012-D1-wrist_flexion-T06,1,validation
grabmyo-S13-K2-seed3416,13,2,3416,hand_close,grabmyo-S013-D1-hand_close-T01,grabmyo-S013-D1-hand_close-T01,grabmyo-S013-D1-hand_close-T01,1,validation
grabmyo-S13-K2-seed3416,13,2,3416,hand_close,grabmyo-S013-D1-hand_close-T02,grabmyo-S013-D1-hand_close-T02,grabmyo-S013-D1-hand_close-T02,1,validation
grabmyo-S13-K2-seed3416,13,2,3416,rest,grabmyo-S013-D1-rest-T02,grabmyo-S013-D1-rest-T02,grabmyo-S013-D1-rest-T02,1,validation
grabmyo-S13-K2-seed3416,13,2,3416,rest,grabmyo-S013-D1-rest-T05,grabmyo-S013-D1-rest-T05,grabmyo-S013-D1-rest-T05,1,validation
grabmyo-S13-K2-seed3416,13,2,3416,wrist_extension,grabmyo-S013-D1-wrist_extension-T04,grabmyo-S013-D1-wrist_extension-T04,grabmyo-S013-D1-wrist_extension-T04,1,validation
grabmyo-S13-K2-seed3416,13,2,3416,wrist_extension,grabmyo-S013-D1-wrist_extension-T05,grabmyo-S013-D1-wrist_extension-T05,grabmyo-S013-D1-wrist_extension-T05,1,validation
grabmyo-S13-K2-seed3416,13,2,3416,wrist_flexion,grabmyo-S013-D1-wrist_flexion-T02,grabmyo-S013-D1-wrist_flexion-T02,grabmyo-S013-D1-wrist_flexion-T02,1,validation
grabmyo-S13-K2-seed3416,13,2,3416,wrist_flexion,grabmyo-S013-D1-wrist_flexion-T04,grabmyo-S013-D1-wrist_flexion-T04,grabmyo-S013-D1-wrist_flexion-T04,1,validation
grabmyo-S25-K2-seed3416,25,2,3416,hand_close,grabmyo-S025-D1-hand_close-T03,grabmyo-S025-D1-hand_close-T03,grabmyo-S025-D1-hand_close-T03,1,validation
grabmyo-S25-K2-seed3416,25,2,3416,hand_close,grabmyo-S025-D1-hand_close-T05,grabmyo-S025-D1-hand_close-T05,grabmyo-S025-D1-hand_close-T05,1,validation
grabmyo-S25-K2-seed3416,25,2,3416,rest,grabmyo-S025-D1-rest-T05,grabmyo-S025-D1-rest-T05,grabmyo-S025-D1-rest-T05,1,validation
grabmyo-S25-K2-seed3416,25,2,3416,rest,grabmyo-S025-D1-rest-T06,grabmyo-S025-D1-rest-T06,grabmyo-S025-D1-rest-T06,1,validation
grabmyo-S25-K2-seed3416,25,2,3416,wrist_extension,grabmyo-S025-D1-wrist_extension-T02,grabmyo-S025-D1-wrist_extension-T02,grabmyo-S025-D1-wrist_extension-T02,1,validation
grabmyo-S25-K2-seed3416,25,2,3416,wrist_extension,grabmyo-S025-D1-wrist_extension-T07,grabmyo-S025-D1-wrist_extension-T07,grabmyo-S025-D1-wrist_extension-T07,1,validation
grabmyo-S25-K2-seed3416,25,2,3416,wrist_flexion,grabmyo-S025-D1-wrist_flexion-T04,grabmyo-S025-D1-wrist_flexion-T04,grabmyo-S025-D1-wrist_flexion-T04,1,validation
grabmyo-S25-K2-seed3416,25,2,3416,wrist_flexion,grabmyo-S025-D1-wrist_flexion-T05,grabmyo-S025-D1-wrist_flexion-T05,grabmyo-S025-D1-wrist_flexion-T05,1,validation
grabmyo-S26-K2-seed3416,26,2,3416,hand_close,grabmyo-S026-D1-hand_close-T01,grabmyo-S026-D1-hand_close-T01,grabmyo-S026-D1-hand_close-T01,1,validation
grabmyo-S26-K2-seed3416,26,2,3416,hand_close,grabmyo-S026-D1-hand_close-T06,grabmyo-S026-D1-hand_close-T06,grabmyo-S026-D1-hand_close-T06,1,validation
grabmyo-S26-K2-seed3416,26,2,3416,rest,grabmyo-S026-D1-rest-T03,grabmyo-S026-D1-rest-T03,grabmyo-S026-D1-rest-T03,1,validation
grabmyo-S26-K2-seed3416,26,2,3416,rest,grabmyo-S026-D1-rest-T05,grabmyo-S026-D1-rest-T05,grabmyo-S026-D1-rest-T05,1,validation
grabmyo-S26-K2-seed3416,26,2,3416,wrist_extension,grabmyo-S026-D1-wrist_extension-T01,grabmyo-S026-D1-wrist_extension-T01,grabmyo-S026-D1-wrist_extension-T01,1,validation
grabmyo-S26-K2-seed3416,26,2,3416,wrist_extension,grabmyo-S026-D1-wrist_extension-T06,grabmyo-S026-D1-wrist_extension-T06,grabmyo-S026-D1-wrist_extension-T06,1,validation
grabmyo-S26-K2-seed3416,26,2,3416,wrist_flexion,grabmyo-S026-D1-wrist_flexion-T03,grabmyo-S026-D1-wrist_flexion-T03,grabmyo-S026-D1-wrist_flexion-T03,1,validation
grabmyo-S26-K2-seed3416,26,2,3416,wrist_flexion,grabmyo-S026-D1-wrist_flexion-T06,grabmyo-S026-D1-wrist_flexion-T06,grabmyo-S026-D1-wrist_flexion-T06,1,validation
grabmyo-S29-K2-seed3416,29,2,3416,hand_close,grabmyo-S029-D1-hand_close-T02,grabmyo-S029-D1-hand_close-T02,grabmyo-S029-D1-hand_close-T02,1,validation
grabmyo-S29-K2-seed3416,29,2,3416,hand_close,grabmyo-S029-D1-hand_close-T06,grabmyo-S029-D1-hand_close-T06,grabmyo-S029-D1-hand_close-T06,1,validation
grabmyo-S29-K2-seed3416,29,2,3416,rest,grabmyo-S029-D1-rest-T04,grabmyo-S029-D1-rest-T04,grabmyo-S029-D1-rest-T04,1,validation
grabmyo-S29-K2-seed3416,29,2,3416,rest,grabmyo-S029-D1-rest-T06,grabmyo-S029-D1-rest-T06,grabmyo-S029-D1-rest-T06,1,validation
grabmyo-S29-K2-seed3416,29,2,3416,wrist_extension,grabmyo-S029-D1-wrist_extension-T01,grabmyo-S029-D1-wrist_extension-T01,grabmyo-S029-D1-wrist_extension-T01,1,validation
grabmyo-S29-K2-seed3416,29,2,3416,wrist_extension,grabmyo-S029-D1-wrist_extension-T07,grabmyo-S029-D1-wrist_extension-T07,grabmyo-S029-D1-wrist_extension-T07,1,validation
grabmyo-S29-K2-seed3416,29,2,3416,wrist_flexion,grabmyo-S029-D1-wrist_flexion-T01,grabmyo-S029-D1-wrist_flexion-T01,grabmyo-S029-D1-wrist_flexion-T01,1,validation
grabmyo-S29-K2-seed3416,29,2,3416,wrist_flexion,grabmyo-S029-D1-wrist_flexion-T05,grabmyo-S029-D1-wrist_flexion-T05,grabmyo-S029-D1-wrist_flexion-T05,1,validation
grabmyo-S33-K2-seed3416,33,2,3416,hand_close,grabmyo-S033-D1-hand_close-T04,grabmyo-S033-D1-hand_close-T04,grabmyo-S033-D1-hand_close-T04,1,validation
grabmyo-S33-K2-seed3416,33,2,3416,hand_close,grabmyo-S033-D1-hand_close-T06,grabmyo-S033-D1-hand_close-T06,grabmyo-S033-D1-hand_close-T06,1,validation
grabmyo-S33-K2-seed3416,33,2,3416,rest,grabmyo-S033-D1-rest-T02,grabmyo-S033-D1-rest-T02,grabmyo-S033-D1-rest-T02,1,validation
grabmyo-S33-K2-seed3416,33,2,3416,rest,grabmyo-S033-D1-rest-T05,grabmyo-S033-D1-rest-T05,grabmyo-S033-D1-rest-T05,1,validation
grabmyo-S33-K2-seed3416,33,2,3416,wrist_extension,grabmyo-S033-D1-wrist_extension-T04,grabmyo-S033-D1-wrist_extension-T04,grabmyo-S033-D1-wrist_extension-T04,1,validation
grabmyo-S33-K2-seed3416,33,2,3416,wrist_extension,grabmyo-S033-D1-wrist_extension-T06,grabmyo-S033-D1-wrist_extension-T06,grabmyo-S033-D1-wrist_extension-T06,1,validation
grabmyo-S33-K2-seed3416,33,2,3416,wrist_flexion,grabmyo-S033-D1-wrist_flexion-T04,grabmyo-S033-D1-wrist_flexion-T04,grabmyo-S033-D1-wrist_flexion-T04,1,validation
grabmyo-S33-K2-seed3416,33,2,3416,wrist_flexion,grabmyo-S033-D1-wrist_flexion-T05,grabmyo-S033-D1-wrist_flexion-T05,grabmyo-S033-D1-wrist_flexion-T05,1,validation
grabmyo-S34-K2-seed3416,34,2,3416,hand_close,grabmyo-S034-D1-hand_close-T04,grabmyo-S034-D1-hand_close-T04,grabmyo-S034-D1-hand_close-T04,1,validation
grabmyo-S34-K2-seed3416,34,2,3416,hand_close,grabmyo-S034-D1-hand_close-T06,grabmyo-S034-D1-hand_close-T06,grabmyo-S034-D1-hand_close-T06,1,validation
grabmyo-S34-K2-seed3416,34,2,3416,rest,grabmyo-S034-D1-rest-T02,grabmyo-S034-D1-rest-T02,grabmyo-S034-D1-rest-T02,1,validation
grabmyo-S34-K2-seed3416,34,2,3416,rest,grabmyo-S034-D1-rest-T05,grabmyo-S034-D1-rest-T05,grabmyo-S034-D1-rest-T05,1,validation
grabmyo-S34-K2-seed3416,34,2,3416,wrist_extension,grabmyo-S034-D1-wrist_extension-T03,grabmyo-S034-D1-wrist_extension-T03,grabmyo-S034-D1-wrist_extension-T03,1,validation
grabmyo-S34-K2-seed3416,34,2,3416,wrist_extension,grabmyo-S034-D1-wrist_extension-T05,grabmyo-S034-D1-wrist_extension-T05,grabmyo-S034-D1-wrist_extension-T05,1,validation
grabmyo-S34-K2-seed3416,34,2,3416,wrist_flexion,grabmyo-S034-D1-wrist_flexion-T03,grabmyo-S034-D1-wrist_flexion-T03,grabmyo-S034-D1-wrist_flexion-T03,1,validation
grabmyo-S34-K2-seed3416,34,2,3416,wrist_flexion,grabmyo-S034-D1-wrist_flexion-T07,grabmyo-S034-D1-wrist_flexion-T07,grabmyo-S034-D1-wrist_flexion-T07,1,validation
grabmyo-S35-K2-seed3416,35,2,3416,hand_close,grabmyo-S035-D1-hand_close-T03,grabmyo-S035-D1-hand_close-T03,grabmyo-S035-D1-hand_close-T03,1,validation
grabmyo-S35-K2-seed3416,35,2,3416,hand_close,grabmyo-S035-D1-hand_close-T06,grabmyo-S035-D1-hand_close-T06,grabmyo-S035-D1-hand_close-T06,1,validation
grabmyo-S35-K2-seed3416,35,2,3416,rest,grabmyo-S035-D1-rest-T03,grabmyo-S035-D1-rest-T03,grabmyo-S035-D1-rest-T03,1,validation
grabmyo-S35-K2-seed3416,35,2,3416,rest,grabmyo-S035-D1-rest-T06,grabmyo-S035-D1-rest-T06,grabmyo-S035-D1-rest-T06,1,validation
grabmyo-S35-K2-seed3416,35,2,3416,wrist_extension,grabmyo-S035-D1-wrist_extension-T03,grabmyo-S035-D1-wrist_extension-T03,grabmyo-S035-D1-wrist_extension-T03,1,validation
grabmyo-S35-K2-seed3416,35,2,3416,wrist_extension,grabmyo-S035-D1-wrist_extension-T07,grabmyo-S035-D1-wrist_extension-T07,grabmyo-S035-D1-wrist_extension-T07,1,validation
grabmyo-S35-K2-seed3416,35,2,3416,wrist_flexion,grabmyo-S035-D1-wrist_flexion-T05,grabmyo-S035-D1-wrist_flexion-T05,grabmyo-S035-D1-wrist_flexion-T05,1,validation
grabmyo-S35-K2-seed3416,35,2,3416,wrist_flexion,grabmyo-S035-D1-wrist_flexion-T06,grabmyo-S035-D1-wrist_flexion-T06,grabmyo-S035-D1-wrist_flexion-T06,1,validation
grabmyo-S41-K2-seed3416,41,2,3416,hand_close,grabmyo-S041-D1-hand_close-T02,grabmyo-S041-D1-hand_close-T02,grabmyo-S041-D1-hand_close-T02,1,validation
grabmyo-S41-K2-seed3416,41,2,3416,hand_close,grabmyo-S041-D1-hand_close-T04,grabmyo-S041-D1-hand_close-T04,grabmyo-S041-D1-hand_close-T04,1,validation
grabmyo-S41-K2-seed3416,41,2,3416,rest,grabmyo-S041-D1-rest-T01,grabmyo-S041-D1-rest-T01,grabmyo-S041-D1-rest-T01,1,validation
grabmyo-S41-K2-seed3416,41,2,3416,rest,grabmyo-S041-D1-rest-T07,grabmyo-S041-D1-rest-T07,grabmyo-S041-D1-rest-T07,1,validation
grabmyo-S41-K2-seed3416,41,2,3416,wrist_extension,grabmyo-S041-D1-wrist_extension-T01,grabmyo-S041-D1-wrist_extension-T01,grabmyo-S041-D1-wrist_extension-T01,1,validation
grabmyo-S41-K2-seed3416,41,2,3416,wrist_extension,grabmyo-S041-D1-wrist_extension-T04,grabmyo-S041-D1-wrist_extension-T04,grabmyo-S041-D1-wrist_extension-T04,1,validation
grabmyo-S41-K2-seed3416,41,2,3416,wrist_flexion,grabmyo-S041-D1-wrist_flexion-T02,grabmyo-S041-D1-wrist_flexion-T02,grabmyo-S041-D1-wrist_flexion-T02,1,validation
grabmyo-S41-K2-seed3416,41,2,3416,wrist_flexion,grabmyo-S041-D1-wrist_flexion-T03,grabmyo-S041-D1-wrist_flexion-T03,grabmyo-S041-D1-wrist_flexion-T03,1,validation
grabmyo-S12-K2-seed3417,12,2,3417,hand_close,grabmyo-S012-D1-hand_close-T03,grabmyo-S012-D1-hand_close-T03,grabmyo-S012-D1-hand_close-T03,1,validation
grabmyo-S12-K2-seed3417,12,2,3417,hand_close,grabmyo-S012-D1-hand_close-T07,grabmyo-S012-D1-hand_close-T07,grabmyo-S012-D1-hand_close-T07,1,validation
grabmyo-S12-K2-seed3417,12,2,3417,rest,grabmyo-S012-D1-rest-T04,grabmyo-S012-D1-rest-T04,grabmyo-S012-D1-rest-T04,1,validation
grabmyo-S12-K2-seed3417,12,2,3417,rest,grabmyo-S012-D1-rest-T07,grabmyo-S012-D1-rest-T07,grabmyo-S012-D1-rest-T07,1,validation
grabmyo-S12-K2-seed3417,12,2,3417,wrist_extension,grabmyo-S012-D1-wrist_extension-T04,grabmyo-S012-D1-wrist_extension-T04,grabmyo-S012-D1-wrist_extension-T04,1,validation
grabmyo-S12-K2-seed3417,12,2,3417,wrist_extension,grabmyo-S012-D1-wrist_extension-T06,grabmyo-S012-D1-wrist_extension-T06,grabmyo-S012-D1-wrist_extension-T06,1,validation
grabmyo-S12-K2-seed3417,12,2,3417,wrist_flexion,grabmyo-S012-D1-wrist_flexion-T02,grabmyo-S012-D1-wrist_flexion-T02,grabmyo-S012-D1-wrist_flexion-T02,1,validation
grabmyo-S12-K2-seed3417,12,2,3417,wrist_flexion,grabmyo-S012-D1-wrist_flexion-T06,grabmyo-S012-D1-wrist_flexion-T06,grabmyo-S012-D1-wrist_flexion-T06,1,validation
grabmyo-S13-K2-seed3417,13,2,3417,hand_close,grabmyo-S013-D1-hand_close-T05,grabmyo-S013-D1-hand_close-T05,grabmyo-S013-D1-hand_close-T05,1,validation
grabmyo-S13-K2-seed3417,13,2,3417,hand_close,grabmyo-S013-D1-hand_close-T06,grabmyo-S013-D1-hand_close-T06,grabmyo-S013-D1-hand_close-T06,1,validation
grabmyo-S13-K2-seed3417,13,2,3417,rest,grabmyo-S013-D1-rest-T01,grabmyo-S013-D1-rest-T01,grabmyo-S013-D1-rest-T01,1,validation
grabmyo-S13-K2-seed3417,13,2,3417,rest,grabmyo-S013-D1-rest-T05,grabmyo-S013-D1-rest-T05,grabmyo-S013-D1-rest-T05,1,validation
grabmyo-S13-K2-seed3417,13,2,3417,wrist_extension,grabmyo-S013-D1-wrist_extension-T03,grabmyo-S013-D1-wrist_extension-T03,grabmyo-S013-D1-wrist_extension-T03,1,validation
grabmyo-S13-K2-seed3417,13,2,3417,wrist_extension,grabmyo-S013-D1-wrist_extension-T06,grabmyo-S013-D1-wrist_extension-T06,grabmyo-S013-D1-wrist_extension-T06,1,validation
grabmyo-S13-K2-seed3417,13,2,3417,wrist_flexion,grabmyo-S013-D1-wrist_flexion-T04,grabmyo-S013-D1-wrist_flexion-T04,grabmyo-S013-D1-wrist_flexion-T04,1,validation
grabmyo-S13-K2-seed3417,13,2,3417,wrist_flexion,grabmyo-S013-D1-wrist_flexion-T05,grabmyo-S013-D1-wrist_flexion-T05,grabmyo-S013-D1-wrist_flexion-T05,1,validation
grabmyo-S25-K2-seed3417,25,2,3417,hand_close,grabmyo-S025-D1-hand_close-T05,grabmyo-S025-D1-hand_close-T05,grabmyo-S025-D1-hand_close-T05,1,validation
grabmyo-S25-K2-seed3417,25,2,3417,hand_close,grabmyo-S025-D1-hand_close-T06,grabmyo-S025-D1-hand_close-T06,grabmyo-S025-D1-hand_close-T06,1,validation
grabmyo-S25-K2-seed3417,25,2,3417,rest,grabmyo-S025-D1-rest-T01,grabmyo-S025-D1-rest-T01,grabmyo-S025-D1-rest-T01,1,validation
grabmyo-S25-K2-seed3417,25,2,3417,rest,grabmyo-S025-D1-rest-T02,grabmyo-S025-D1-rest-T02,grabmyo-S025-D1-rest-T02,1,validation
grabmyo-S25-K2-seed3417,25,2,3417,wrist_extension,grabmyo-S025-D1-wrist_extension-T03,grabmyo-S025-D1-wrist_extension-T03,grabmyo-S025-D1-wrist_extension-T03,1,validation
grabmyo-S25-K2-seed3417,25,2,3417,wrist_extension,grabmyo-S025-D1-wrist_extension-T06,grabmyo-S025-D1-wrist_extension-T06,grabmyo-S025-D1-wrist_extension-T06,1,validation
grabmyo-S25-K2-seed3417,25,2,3417,wrist_flexion,grabmyo-S025-D1-wrist_flexion-T02,grabmyo-S025-D1-wrist_flexion-T02,grabmyo-S025-D1-wrist_flexion-T02,1,validation
grabmyo-S25-K2-seed3417,25,2,3417,wrist_flexion,grabmyo-S025-D1-wrist_flexion-T06,grabmyo-S025-D1-wrist_flexion-T06,grabmyo-S025-D1-wrist_flexion-T06,1,validation
grabmyo-S26-K2-seed3417,26,2,3417,hand_close,grabmyo-S026-D1-hand_close-T02,grabmyo-S026-D1-hand_close-T02,grabmyo-S026-D1-hand_close-T02,1,validation
grabmyo-S26-K2-seed3417,26,2,3417,hand_close,grabmyo-S026-D1-hand_close-T03,grabmyo-S026-D1-hand_close-T03,grabmyo-S026-D1-hand_close-T03,1,validation
grabmyo-S26-K2-seed3417,26,2,3417,rest,grabmyo-S026-D1-rest-T01,grabmyo-S026-D1-rest-T01,grabmyo-S026-D1-rest-T01,1,validation
grabmyo-S26-K2-seed3417,26,2,3417,rest,grabmyo-S026-D1-rest-T05,grabmyo-S026-D1-rest-T05,grabmyo-S026-D1-rest-T05,1,validation
grabmyo-S26-K2-seed3417,26,2,3417,wrist_extension,grabmyo-S026-D1-wrist_extension-T01,grabmyo-S026-D1-wrist_extension-T01,grabmyo-S026-D1-wrist_extension-T01,1,validation
grabmyo-S26-K2-seed3417,26,2,3417,wrist_extension,grabmyo-S026-D1-wrist_extension-T03,grabmyo-S026-D1-wrist_extension-T03,grabmyo-S026-D1-wrist_extension-T03,1,validation
grabmyo-S26-K2-seed3417,26,2,3417,wrist_flexion,grabmyo-S026-D1-wrist_flexion-T03,grabmyo-S026-D1-wrist_flexion-T03,grabmyo-S026-D1-wrist_flexion-T03,1,validation
grabmyo-S26-K2-seed3417,26,2,3417,wrist_flexion,grabmyo-S026-D1-wrist_flexion-T05,grabmyo-S026-D1-wrist_flexion-T05,grabmyo-S026-D1-wrist_flexion-T05,1,validation
grabmyo-S29-K2-seed3417,29,2,3417,hand_close,grabmyo-S029-D1-hand_close-T04,grabmyo-S029-D1-hand_close-T04,grabmyo-S029-D1-hand_close-T04,1,validation
grabmyo-S29-K2-seed3417,29,2,3417,hand_close,grabmyo-S029-D1-hand_close-T06,grabmyo-S029-D1-hand_close-T06,grabmyo-S029-D1-hand_close-T06,1,validation
grabmyo-S29-K2-seed3417,29,2,3417,rest,grabmyo-S029-D1-rest-T05,grabmyo-S029-D1-rest-T05,grabmyo-S029-D1-rest-T05,1,validation
grabmyo-S29-K2-seed3417,29,2,3417,rest,grabmyo-S029-D1-rest-T06,grabmyo-S029-D1-rest-T06,grabmyo-S029-D1-rest-T06,1,validation
grabmyo-S29-K2-seed3417,29,2,3417,wrist_extension,grabmyo-S029-D1-wrist_extension-T03,grabmyo-S029-D1-wrist_extension-T03,grabmyo-S029-D1-wrist_extension-T03,1,validation
grabmyo-S29-K2-seed3417,29,2,3417,wrist_extension,grabmyo-S029-D1-wrist_extension-T06,grabmyo-S029-D1-wrist_extension-T06,grabmyo-S029-D1-wrist_extension-T06,1,validation
grabmyo-S29-K2-seed3417,29,2,3417,wrist_flexion,grabmyo-S029-D1-wrist_flexion-T02,grabmyo-S029-D1-wrist_flexion-T02,grabmyo-S029-D1-wrist_flexion-T02,1,validation
grabmyo-S29-K2-seed3417,29,2,3417,wrist_flexion,grabmyo-S029-D1-wrist_flexion-T03,grabmyo-S029-D1-wrist_flexion-T03,grabmyo-S029-D1-wrist_flexion-T03,1,validation
grabmyo-S33-K2-seed3417,33,2,3417,hand_close,grabmyo-S033-D1-hand_close-T05,grabmyo-S033-D1-hand_close-T05,grabmyo-S033-D1-hand_close-T05,1,validation
grabmyo-S33-K2-seed3417,33,2,3417,hand_close,grabmyo-S033-D1-hand_close-T06,grabmyo-S033-D1-hand_close-T06,grabmyo-S033-D1-hand_close-T06,1,validation
grabmyo-S33-K2-seed3417,33,2,3417,rest,grabmyo-S033-D1-rest-T02,grabmyo-S033-D1-rest-T02,grabmyo-S033-D1-rest-T02,1,validation
grabmyo-S33-K2-seed3417,33,2,3417,rest,grabmyo-S033-D1-rest-T06,grabmyo-S033-D1-rest-T06,grabmyo-S033-D1-rest-T06,1,validation
grabmyo-S33-K2-seed3417,33,2,3417,wrist_extension,grabmyo-S033-D1-wrist_extension-T02,grabmyo-S033-D1-wrist_extension-T02,grabmyo-S033-D1-wrist_extension-T02,1,validation
grabmyo-S33-K2-seed3417,33,2,3417,wrist_extension,grabmyo-S033-D1-wrist_extension-T07,grabmyo-S033-D1-wrist_extension-T07,grabmyo-S033-D1-wrist_extension-T07,1,validation
grabmyo-S33-K2-seed3417,33,2,3417,wrist_flexion,grabmyo-S033-D1-wrist_flexion-T05,grabmyo-S033-D1-wrist_flexion-T05,grabmyo-S033-D1-wrist_flexion-T05,1,validation
grabmyo-S33-K2-seed3417,33,2,3417,wrist_flexion,grabmyo-S033-D1-wrist_flexion-T06,grabmyo-S033-D1-wrist_flexion-T06,grabmyo-S033-D1-wrist_flexion-T06,1,validation
grabmyo-S34-K2-seed3417,34,2,3417,hand_close,grabmyo-S034-D1-hand_close-T03,grabmyo-S034-D1-hand_close-T03,grabmyo-S034-D1-hand_close-T03,1,validation
grabmyo-S34-K2-seed3417,34,2,3417,hand_close,grabmyo-S034-D1-hand_close-T07,grabmyo-S034-D1-hand_close-T07,grabmyo-S034-D1-hand_close-T07,1,validation
grabmyo-S34-K2-seed3417,34,2,3417,rest,grabmyo-S034-D1-rest-T01,grabmyo-S034-D1-rest-T01,grabmyo-S034-D1-rest-T01,1,validation
grabmyo-S34-K2-seed3417,34,2,3417,rest,grabmyo-S034-D1-rest-T07,grabmyo-S034-D1-rest-T07,grabmyo-S034-D1-rest-T07,1,validation
grabmyo-S34-K2-seed3417,34,2,3417,wrist_extension,grabmyo-S034-D1-wrist_extension-T01,grabmyo-S034-D1-wrist_extension-T01,grabmyo-S034-D1-wrist_extension-T01,1,validation
grabmyo-S34-K2-seed3417,34,2,3417,wrist_extension,grabmyo-S034-D1-wrist_extension-T02,grabmyo-S034-D1-wrist_extension-T02,grabmyo-S034-D1-wrist_extension-T02,1,validation
grabmyo-S34-K2-seed3417,34,2,3417,wrist_flexion,grabmyo-S034-D1-wrist_flexion-T04,grabmyo-S034-D1-wrist_flexion-T04,grabmyo-S034-D1-wrist_flexion-T04,1,validation
grabmyo-S34-K2-seed3417,34,2,3417,wrist_flexion,grabmyo-S034-D1-wrist_flexion-T05,grabmyo-S034-D1-wrist_flexion-T05,grabmyo-S034-D1-wrist_flexion-T05,1,validation
grabmyo-S35-K2-seed3417,35,2,3417,hand_close,grabmyo-S035-D1-hand_close-T01,grabmyo-S035-D1-hand_close-T01,grabmyo-S035-D1-hand_close-T01,1,validation
grabmyo-S35-K2-seed3417,35,2,3417,hand_close,grabmyo-S035-D1-hand_close-T04,grabmyo-S035-D1-hand_close-T04,grabmyo-S035-D1-hand_close-T04,1,validation
grabmyo-S35-K2-seed3417,35,2,3417,rest,grabmyo-S035-D1-rest-T02,grabmyo-S035-D1-rest-T02,grabmyo-S035-D1-rest-T02,1,validation
grabmyo-S35-K2-seed3417,35,2,3417,rest,grabmyo-S035-D1-rest-T04,grabmyo-S035-D1-rest-T04,grabmyo-S035-D1-rest-T04,1,validation
grabmyo-S35-K2-seed3417,35,2,3417,wrist_extension,grabmyo-S035-D1-wrist_extension-T02,grabmyo-S035-D1-wrist_extension-T02,grabmyo-S035-D1-wrist_extension-T02,1,validation
grabmyo-S35-K2-seed3417,35,2,3417,wrist_extension,grabmyo-S035-D1-wrist_extension-T05,grabmyo-S035-D1-wrist_extension-T05,grabmyo-S035-D1-wrist_extension-T05,1,validation
grabmyo-S35-K2-seed3417,35,2,3417,wrist_flexion,grabmyo-S035-D1-wrist_flexion-T04,grabmyo-S035-D1-wrist_flexion-T04,grabmyo-S035-D1-wrist_flexion-T04,1,validation
grabmyo-S35-K2-seed3417,35,2,3417,wrist_flexion,grabmyo-S035-D1-wrist_flexion-T06,grabmyo-S035-D1-wrist_flexion-T06,grabmyo-S035-D1-wrist_flexion-T06,1,validation
grabmyo-S41-K2-seed3417,41,2,3417,hand_close,grabmyo-S041-D1-hand_close-T02,grabmyo-S041-D1-hand_close-T02,grabmyo-S041-D1-hand_close-T02,1,validation
grabmyo-S41-K2-seed3417,41,2,3417,hand_close,grabmyo-S041-D1-hand_close-T04,grabmyo-S041-D1-hand_close-T04,grabmyo-S041-D1-hand_close-T04,1,validation
grabmyo-S41-K2-seed3417,41,2,3417,rest,grabmyo-S041-D1-rest-T02,grabmyo-S041-D1-rest-T02,grabmyo-S041-D1-rest-T02,1,validation
grabmyo-S41-K2-seed3417,41,2,3417,rest,grabmyo-S041-D1-rest-T05,grabmyo-S041-D1-rest-T05,grabmyo-S041-D1-rest-T05,1,validation
grabmyo-S41-K2-seed3417,41,2,3417,wrist_extension,grabmyo-S041-D1-wrist_extension-T06,grabmyo-S041-D1-wrist_extension-T06,grabmyo-S041-D1-wrist_extension-T06,1,validation
grabmyo-S41-K2-seed3417,41,2,3417,wrist_extension,grabmyo-S041-D1-wrist_extension-T07,grabmyo-S041-D1-wrist_extension-T07,grabmyo-S041-D1-wrist_extension-T07,1,validation
grabmyo-S41-K2-seed3417,41,2,3417,wrist_flexion,grabmyo-S041-D1-wrist_flexion-T01,grabmyo-S041-D1-wrist_flexion-T01,grabmyo-S041-D1-wrist_flexion-T01,1,validation
grabmyo-S41-K2-seed3417,41,2,3417,wrist_flexion,grabmyo-S041-D1-wrist_flexion-T03,grabmyo-S041-D1-wrist_flexion-T03,grabmyo-S041-D1-wrist_flexion-T03,1,validation
grabmyo-S12-K2-seed3418,12,2,3418,hand_close,grabmyo-S012-D1-hand_close-T03,grabmyo-S012-D1-hand_close-T03,grabmyo-S012-D1-hand_close-T03,1,validation
grabmyo-S12-K2-seed3418,12,2,3418,hand_close,grabmyo-S012-D1-hand_close-T05,grabmyo-S012-D1-hand_close-T05,grabmyo-S012-D1-hand_close-T05,1,validation
grabmyo-S12-K2-seed3418,12,2,3418,rest,grabmyo-S012-D1-rest-T02,grabmyo-S012-D1-rest-T02,grabmyo-S012-D1-rest-T02,1,validation
grabmyo-S12-K2-seed3418,12,2,3418,rest,grabmyo-S012-D1-rest-T03,grabmyo-S012-D1-rest-T03,grabmyo-S012-D1-rest-T03,1,validation
grabmyo-S12-K2-seed3418,12,2,3418,wrist_extension,grabmyo-S012-D1-wrist_extension-T01,grabmyo-S012-D1-wrist_extension-T01,grabmyo-S012-D1-wrist_extension-T01,1,validation
grabmyo-S12-K2-seed3418,12,2,3418,wrist_extension,grabmyo-S012-D1-wrist_extension-T04,grabmyo-S012-D1-wrist_extension-T04,grabmyo-S012-D1-wrist_extension-T04,1,validation
grabmyo-S12-K2-seed3418,12,2,3418,wrist_flexion,grabmyo-S012-D1-wrist_flexion-T02,grabmyo-S012-D1-wrist_flexion-T02,grabmyo-S012-D1-wrist_flexion-T02,1,validation
grabmyo-S12-K2-seed3418,12,2,3418,wrist_flexion,grabmyo-S012-D1-wrist_flexion-T05,grabmyo-S012-D1-wrist_flexion-T05,grabmyo-S012-D1-wrist_flexion-T05,1,validation
grabmyo-S13-K2-seed3418,13,2,3418,hand_close,grabmyo-S013-D1-hand_close-T01,grabmyo-S013-D1-hand_close-T01,grabmyo-S013-D1-hand_close-T01,1,validation
grabmyo-S13-K2-seed3418,13,2,3418,hand_close,grabmyo-S013-D1-hand_close-T03,grabmyo-S013-D1-hand_close-T03,grabmyo-S013-D1-hand_close-T03,1,validation
grabmyo-S13-K2-seed3418,13,2,3418,rest,grabmyo-S013-D1-rest-T02,grabmyo-S013-D1-rest-T02,grabmyo-S013-D1-rest-T02,1,validation
grabmyo-S13-K2-seed3418,13,2,3418,rest,grabmyo-S013-D1-rest-T07,grabmyo-S013-D1-rest-T07,grabmyo-S013-D1-rest-T07,1,validation
grabmyo-S13-K2-seed3418,13,2,3418,wrist_extension,grabmyo-S013-D1-wrist_extension-T01,grabmyo-S013-D1-wrist_extension-T01,grabmyo-S013-D1-wrist_extension-T01,1,validation
grabmyo-S13-K2-seed3418,13,2,3418,wrist_extension,grabmyo-S013-D1-wrist_extension-T04,grabmyo-S013-D1-wrist_extension-T04,grabmyo-S013-D1-wrist_extension-T04,1,validation
grabmyo-S13-K2-seed3418,13,2,3418,wrist_flexion,grabmyo-S013-D1-wrist_flexion-T05,grabmyo-S013-D1-wrist_flexion-T05,grabmyo-S013-D1-wrist_flexion-T05,1,validation
grabmyo-S13-K2-seed3418,13,2,3418,wrist_flexion,grabmyo-S013-D1-wrist_flexion-T06,grabmyo-S013-D1-wrist_flexion-T06,grabmyo-S013-D1-wrist_flexion-T06,1,validation
grabmyo-S25-K2-seed3418,25,2,3418,hand_close,grabmyo-S025-D1-hand_close-T02,grabmyo-S025-D1-hand_close-T02,grabmyo-S025-D1-hand_close-T02,1,validation
grabmyo-S25-K2-seed3418,25,2,3418,hand_close,grabmyo-S025-D1-hand_close-T04,grabmyo-S025-D1-hand_close-T04,grabmyo-S025-D1-hand_close-T04,1,validation
grabmyo-S25-K2-seed3418,25,2,3418,rest,grabmyo-S025-D1-rest-T02,grabmyo-S025-D1-rest-T02,grabmyo-S025-D1-rest-T02,1,validation
grabmyo-S25-K2-seed3418,25,2,3418,rest,grabmyo-S025-D1-rest-T07,grabmyo-S025-D1-rest-T07,grabmyo-S025-D1-rest-T07,1,validation
grabmyo-S25-K2-seed3418,25,2,3418,wrist_extension,grabmyo-S025-D1-wrist_extension-T03,grabmyo-S025-D1-wrist_extension-T03,grabmyo-S025-D1-wrist_extension-T03,1,validation
grabmyo-S25-K2-seed3418,25,2,3418,wrist_extension,grabmyo-S025-D1-wrist_extension-T05,grabmyo-S025-D1-wrist_extension-T05,grabmyo-S025-D1-wrist_extension-T05,1,validation
grabmyo-S25-K2-seed3418,25,2,3418,wrist_flexion,grabmyo-S025-D1-wrist_flexion-T01,grabmyo-S025-D1-wrist_flexion-T01,grabmyo-S025-D1-wrist_flexion-T01,1,validation
grabmyo-S25-K2-seed3418,25,2,3418,wrist_flexion,grabmyo-S025-D1-wrist_flexion-T07,grabmyo-S025-D1-wrist_flexion-T07,grabmyo-S025-D1-wrist_flexion-T07,1,validation
grabmyo-S26-K2-seed3418,26,2,3418,hand_close,grabmyo-S026-D1-hand_close-T04,grabmyo-S026-D1-hand_close-T04,grabmyo-S026-D1-hand_close-T04,1,validation
grabmyo-S26-K2-seed3418,26,2,3418,hand_close,grabmyo-S026-D1-hand_close-T05,grabmyo-S026-D1-hand_close-T05,grabmyo-S026-D1-hand_close-T05,1,validation
grabmyo-S26-K2-seed3418,26,2,3418,rest,grabmyo-S026-D1-rest-T01,grabmyo-S026-D1-rest-T01,grabmyo-S026-D1-rest-T01,1,validation
grabmyo-S26-K2-seed3418,26,2,3418,rest,grabmyo-S026-D1-rest-T05,grabmyo-S026-D1-rest-T05,grabmyo-S026-D1-rest-T05,1,validation
grabmyo-S26-K2-seed3418,26,2,3418,wrist_extension,grabmyo-S026-D1-wrist_extension-T01,grabmyo-S026-D1-wrist_extension-T01,grabmyo-S026-D1-wrist_extension-T01,1,validation
grabmyo-S26-K2-seed3418,26,2,3418,wrist_extension,grabmyo-S026-D1-wrist_extension-T07,grabmyo-S026-D1-wrist_extension-T07,grabmyo-S026-D1-wrist_extension-T07,1,validation
grabmyo-S26-K2-seed3418,26,2,3418,wrist_flexion,grabmyo-S026-D1-wrist_flexion-T04,grabmyo-S026-D1-wrist_flexion-T04,grabmyo-S026-D1-wrist_flexion-T04,1,validation
grabmyo-S26-K2-seed3418,26,2,3418,wrist_flexion,grabmyo-S026-D1-wrist_flexion-T06,grabmyo-S026-D1-wrist_flexion-T06,grabmyo-S026-D1-wrist_flexion-T06,1,validation
grabmyo-S29-K2-seed3418,29,2,3418,hand_close,grabmyo-S029-D1-hand_close-T04,grabmyo-S029-D1-hand_close-T04,grabmyo-S029-D1-hand_close-T04,1,validation
grabmyo-S29-K2-seed3418,29,2,3418,hand_close,grabmyo-S029-D1-hand_close-T06,grabmyo-S029-D1-hand_close-T06,grabmyo-S029-D1-hand_close-T06,1,validation
grabmyo-S29-K2-seed3418,29,2,3418,rest,grabmyo-S029-D1-rest-T04,grabmyo-S029-D1-rest-T04,grabmyo-S029-D1-rest-T04,1,validation
grabmyo-S29-K2-seed3418,29,2,3418,rest,grabmyo-S029-D1-rest-T07,grabmyo-S029-D1-rest-T07,grabmyo-S029-D1-rest-T07,1,validation
grabmyo-S29-K2-seed3418,29,2,3418,wrist_extension,grabmyo-S029-D1-wrist_extension-T02,grabmyo-S029-D1-wrist_extension-T02,grabmyo-S029-D1-wrist_extension-T02,1,validation
grabmyo-S29-K2-seed3418,29,2,3418,wrist_extension,grabmyo-S029-D1-wrist_extension-T07,grabmyo-S029-D1-wrist_extension-T07,grabmyo-S029-D1-wrist_extension-T07,1,validation
grabmyo-S29-K2-seed3418,29,2,3418,wrist_flexion,grabmyo-S029-D1-wrist_flexion-T06,grabmyo-S029-D1-wrist_flexion-T06,grabmyo-S029-D1-wrist_flexion-T06,1,validation
grabmyo-S29-K2-seed3418,29,2,3418,wrist_flexion,grabmyo-S029-D1-wrist_flexion-T07,grabmyo-S029-D1-wrist_flexion-T07,grabmyo-S029-D1-wrist_flexion-T07,1,validation
grabmyo-S33-K2-seed3418,33,2,3418,hand_close,grabmyo-S033-D1-hand_close-T06,grabmyo-S033-D1-hand_close-T06,grabmyo-S033-D1-hand_close-T06,1,validation
grabmyo-S33-K2-seed3418,33,2,3418,hand_close,grabmyo-S033-D1-hand_close-T07,grabmyo-S033-D1-hand_close-T07,grabmyo-S033-D1-hand_close-T07,1,validation
grabmyo-S33-K2-seed3418,33,2,3418,rest,grabmyo-S033-D1-rest-T01,grabmyo-S033-D1-rest-T01,grabmyo-S033-D1-rest-T01,1,validation
grabmyo-S33-K2-seed3418,33,2,3418,rest,grabmyo-S033-D1-rest-T06,grabmyo-S033-D1-rest-T06,grabmyo-S033-D1-rest-T06,1,validation
grabmyo-S33-K2-seed3418,33,2,3418,wrist_extension,grabmyo-S033-D1-wrist_extension-T04,grabmyo-S033-D1-wrist_extension-T04,grabmyo-S033-D1-wrist_extension-T04,1,validation
grabmyo-S33-K2-seed3418,33,2,3418,wrist_extension,grabmyo-S033-D1-wrist_extension-T05,grabmyo-S033-D1-wrist_extension-T05,grabmyo-S033-D1-wrist_extension-T05,1,validation
grabmyo-S33-K2-seed3418,33,2,3418,wrist_flexion,grabmyo-S033-D1-wrist_flexion-T03,grabmyo-S033-D1-wrist_flexion-T03,grabmyo-S033-D1-wrist_flexion-T03,1,validation
grabmyo-S33-K2-seed3418,33,2,3418,wrist_flexion,grabmyo-S033-D1-wrist_flexion-T05,grabmyo-S033-D1-wrist_flexion-T05,grabmyo-S033-D1-wrist_flexion-T05,1,validation
grabmyo-S34-K2-seed3418,34,2,3418,hand_close,grabmyo-S034-D1-hand_close-T01,grabmyo-S034-D1-hand_close-T01,grabmyo-S034-D1-hand_close-T01,1,validation
grabmyo-S34-K2-seed3418,34,2,3418,hand_close,grabmyo-S034-D1-hand_close-T04,grabmyo-S034-D1-hand_close-T04,grabmyo-S034-D1-hand_close-T04,1,validation
grabmyo-S34-K2-seed3418,34,2,3418,rest,grabmyo-S034-D1-rest-T04,grabmyo-S034-D1-rest-T04,grabmyo-S034-D1-rest-T04,1,validation
grabmyo-S34-K2-seed3418,34,2,3418,rest,grabmyo-S034-D1-rest-T06,grabmyo-S034-D1-rest-T06,grabmyo-S034-D1-rest-T06,1,validation
grabmyo-S34-K2-seed3418,34,2,3418,wrist_extension,grabmyo-S034-D1-wrist_extension-T04,grabmyo-S034-D1-wrist_extension-T04,grabmyo-S034-D1-wrist_extension-T04,1,validation
grabmyo-S34-K2-seed3418,34,2,3418,wrist_extension,grabmyo-S034-D1-wrist_extension-T05,grabmyo-S034-D1-wrist_extension-T05,grabmyo-S034-D1-wrist_extension-T05,1,validation
grabmyo-S34-K2-seed3418,34,2,3418,wrist_flexion,grabmyo-S034-D1-wrist_flexion-T05,grabmyo-S034-D1-wrist_flexion-T05,grabmyo-S034-D1-wrist_flexion-T05,1,validation
grabmyo-S34-K2-seed3418,34,2,3418,wrist_flexion,grabmyo-S034-D1-wrist_flexion-T06,grabmyo-S034-D1-wrist_flexion-T06,grabmyo-S034-D1-wrist_flexion-T06,1,validation
grabmyo-S35-K2-seed3418,35,2,3418,hand_close,grabmyo-S035-D1-hand_close-T01,grabmyo-S035-D1-hand_close-T01,grabmyo-S035-D1-hand_close-T01,1,validation
grabmyo-S35-K2-seed3418,35,2,3418,hand_close,grabmyo-S035-D1-hand_close-T05,grabmyo-S035-D1-hand_close-T05,grabmyo-S035-D1-hand_close-T05,1,validation
grabmyo-S35-K2-seed3418,35,2,3418,rest,grabmyo-S035-D1-rest-T06,grabmyo-S035-D1-rest-T06,grabmyo-S035-D1-rest-T06,1,validation
grabmyo-S35-K2-seed3418,35,2,3418,rest,grabmyo-S035-D1-rest-T07,grabmyo-S035-D1-rest-T07,grabmyo-S035-D1-rest-T07,1,validation
grabmyo-S35-K2-seed3418,35,2,3418,wrist_extension,grabmyo-S035-D1-wrist_extension-T03,grabmyo-S035-D1-wrist_extension-T03,grabmyo-S035-D1-wrist_extension-T03,1,validation
grabmyo-S35-K2-seed3418,35,2,3418,wrist_extension,grabmyo-S035-D1-wrist_extension-T07,grabmyo-S035-D1-wrist_extension-T07,grabmyo-S035-D1-wrist_extension-T07,1,validation
grabmyo-S35-K2-seed3418,35,2,3418,wrist_flexion,grabmyo-S035-D1-wrist_flexion-T06,grabmyo-S035-D1-wrist_flexion-T06,grabmyo-S035-D1-wrist_flexion-T06,1,validation
grabmyo-S35-K2-seed3418,35,2,3418,wrist_flexion,grabmyo-S035-D1-wrist_flexion-T07,grabmyo-S035-D1-wrist_flexion-T07,grabmyo-S035-D1-wrist_flexion-T07,1,validation
grabmyo-S41-K2-seed3418,41,2,3418,hand_close,grabmyo-S041-D1-hand_close-T05,grabmyo-S041-D1-hand_close-T05,grabmyo-S041-D1-hand_close-T05,1,validation
grabmyo-S41-K2-seed3418,41,2,3418,hand_close,grabmyo-S041-D1-hand_close-T07,grabmyo-S041-D1-hand_close-T07,grabmyo-S041-D1-hand_close-T07,1,validation
grabmyo-S41-K2-seed3418,41,2,3418,rest,grabmyo-S041-D1-rest-T01,grabmyo-S041-D1-rest-T01,grabmyo-S041-D1-rest-T01,1,validation
grabmyo-S41-K2-seed3418,41,2,3418,rest,grabmyo-S041-D1-rest-T07,grabmyo-S041-D1-rest-T07,grabmyo-S041-D1-rest-T07,1,validation
grabmyo-S41-K2-seed3418,41,2,3418,wrist_extension,grabmyo-S041-D1-wrist_extension-T06,grabmyo-S041-D1-wrist_extension-T06,grabmyo-S041-D1-wrist_extension-T06,1,validation
grabmyo-S41-K2-seed3418,41,2,3418,wrist_extension,grabmyo-S041-D1-wrist_extension-T07,grabmyo-S041-D1-wrist_extension-T07,grabmyo-S041-D1-wrist_extension-T07,1,validation
grabmyo-S41-K2-seed3418,41,2,3418,wrist_flexion,grabmyo-S041-D1-wrist_flexion-T04,grabmyo-S041-D1-wrist_flexion-T04,grabmyo-S041-D1-wrist_flexion-T04,1,validation
grabmyo-S41-K2-seed3418,41,2,3418,wrist_flexion,grabmyo-S041-D1-wrist_flexion-T05,grabmyo-S041-D1-wrist_flexion-T05,grabmyo-S041-D1-wrist_flexion-T05,1,validation
grabmyo-S12-K2-seed3419,12,2,3419,hand_close,grabmyo-S012-D1-hand_close-T02,grabmyo-S012-D1-hand_close-T02,grabmyo-S012-D1-hand_close-T02,1,validation
grabmyo-S12-K2-seed3419,12,2,3419,hand_close,grabmyo-S012-D1-hand_close-T06,grabmyo-S012-D1-hand_close-T06,grabmyo-S012-D1-hand_close-T06,1,validation
grabmyo-S12-K2-seed3419,12,2,3419,rest,grabmyo-S012-D1-rest-T02,grabmyo-S012-D1-rest-T02,grabmyo-S012-D1-rest-T02,1,validation
grabmyo-S12-K2-seed3419,12,2,3419,rest,grabmyo-S012-D1-rest-T03,grabmyo-S012-D1-rest-T03,grabmyo-S012-D1-rest-T03,1,validation
grabmyo-S12-K2-seed3419,12,2,3419,wrist_extension,grabmyo-S012-D1-wrist_extension-T01,grabmyo-S012-D1-wrist_extension-T01,grabmyo-S012-D1-wrist_extension-T01,1,validation
grabmyo-S12-K2-seed3419,12,2,3419,wrist_extension,grabmyo-S012-D1-wrist_extension-T06,grabmyo-S012-D1-wrist_extension-T06,grabmyo-S012-D1-wrist_extension-T06,1,validation
grabmyo-S12-K2-seed3419,12,2,3419,wrist_flexion,grabmyo-S012-D1-wrist_flexion-T04,grabmyo-S012-D1-wrist_flexion-T04,grabmyo-S012-D1-wrist_flexion-T04,1,validation
grabmyo-S12-K2-seed3419,12,2,3419,wrist_flexion,grabmyo-S012-D1-wrist_flexion-T06,grabmyo-S012-D1-wrist_flexion-T06,grabmyo-S012-D1-wrist_flexion-T06,1,validation
grabmyo-S13-K2-seed3419,13,2,3419,hand_close,grabmyo-S013-D1-hand_close-T02,grabmyo-S013-D1-hand_close-T02,grabmyo-S013-D1-hand_close-T02,1,validation
grabmyo-S13-K2-seed3419,13,2,3419,hand_close,grabmyo-S013-D1-hand_close-T05,grabmyo-S013-D1-hand_close-T05,grabmyo-S013-D1-hand_close-T05,1,validation
grabmyo-S13-K2-seed3419,13,2,3419,rest,grabmyo-S013-D1-rest-T02,grabmyo-S013-D1-rest-T02,grabmyo-S013-D1-rest-T02,1,validation
grabmyo-S13-K2-seed3419,13,2,3419,rest,grabmyo-S013-D1-rest-T04,grabmyo-S013-D1-rest-T04,grabmyo-S013-D1-rest-T04,1,validation
grabmyo-S13-K2-seed3419,13,2,3419,wrist_extension,grabmyo-S013-D1-wrist_extension-T01,grabmyo-S013-D1-wrist_extension-T01,grabmyo-S013-D1-wrist_extension-T01,1,validation
grabmyo-S13-K2-seed3419,13,2,3419,wrist_extension,grabmyo-S013-D1-wrist_extension-T06,grabmyo-S013-D1-wrist_extension-T06,grabmyo-S013-D1-wrist_extension-T06,1,validation
grabmyo-S13-K2-seed3419,13,2,3419,wrist_flexion,grabmyo-S013-D1-wrist_flexion-T03,grabmyo-S013-D1-wrist_flexion-T03,grabmyo-S013-D1-wrist_flexion-T03,1,validation
grabmyo-S13-K2-seed3419,13,2,3419,wrist_flexion,grabmyo-S013-D1-wrist_flexion-T05,grabmyo-S013-D1-wrist_flexion-T05,grabmyo-S013-D1-wrist_flexion-T05,1,validation
grabmyo-S25-K2-seed3419,25,2,3419,hand_close,grabmyo-S025-D1-hand_close-T03,grabmyo-S025-D1-hand_close-T03,grabmyo-S025-D1-hand_close-T03,1,validation
grabmyo-S25-K2-seed3419,25,2,3419,hand_close,grabmyo-S025-D1-hand_close-T07,grabmyo-S025-D1-hand_close-T07,grabmyo-S025-D1-hand_close-T07,1,validation
grabmyo-S25-K2-seed3419,25,2,3419,rest,grabmyo-S025-D1-rest-T01,grabmyo-S025-D1-rest-T01,grabmyo-S025-D1-rest-T01,1,validation
grabmyo-S25-K2-seed3419,25,2,3419,rest,grabmyo-S025-D1-rest-T07,grabmyo-S025-D1-rest-T07,grabmyo-S025-D1-rest-T07,1,validation
grabmyo-S25-K2-seed3419,25,2,3419,wrist_extension,grabmyo-S025-D1-wrist_extension-T02,grabmyo-S025-D1-wrist_extension-T02,grabmyo-S025-D1-wrist_extension-T02,1,validation
grabmyo-S25-K2-seed3419,25,2,3419,wrist_extension,grabmyo-S025-D1-wrist_extension-T07,grabmyo-S025-D1-wrist_extension-T07,grabmyo-S025-D1-wrist_extension-T07,1,validation
grabmyo-S25-K2-seed3419,25,2,3419,wrist_flexion,grabmyo-S025-D1-wrist_flexion-T01,grabmyo-S025-D1-wrist_flexion-T01,grabmyo-S025-D1-wrist_flexion-T01,1,validation
grabmyo-S25-K2-seed3419,25,2,3419,wrist_flexion,grabmyo-S025-D1-wrist_flexion-T07,grabmyo-S025-D1-wrist_flexion-T07,grabmyo-S025-D1-wrist_flexion-T07,1,validation
grabmyo-S26-K2-seed3419,26,2,3419,hand_close,grabmyo-S026-D1-hand_close-T02,grabmyo-S026-D1-hand_close-T02,grabmyo-S026-D1-hand_close-T02,1,validation
grabmyo-S26-K2-seed3419,26,2,3419,hand_close,grabmyo-S026-D1-hand_close-T07,grabmyo-S026-D1-hand_close-T07,grabmyo-S026-D1-hand_close-T07,1,validation
grabmyo-S26-K2-seed3419,26,2,3419,rest,grabmyo-S026-D1-rest-T01,grabmyo-S026-D1-rest-T01,grabmyo-S026-D1-rest-T01,1,validation
grabmyo-S26-K2-seed3419,26,2,3419,rest,grabmyo-S026-D1-rest-T02,grabmyo-S026-D1-rest-T02,grabmyo-S026-D1-rest-T02,1,validation
grabmyo-S26-K2-seed3419,26,2,3419,wrist_extension,grabmyo-S026-D1-wrist_extension-T02,grabmyo-S026-D1-wrist_extension-T02,grabmyo-S026-D1-wrist_extension-T02,1,validation
grabmyo-S26-K2-seed3419,26,2,3419,wrist_extension,grabmyo-S026-D1-wrist_extension-T05,grabmyo-S026-D1-wrist_extension-T05,grabmyo-S026-D1-wrist_extension-T05,1,validation
grabmyo-S26-K2-seed3419,26,2,3419,wrist_flexion,grabmyo-S026-D1-wrist_flexion-T02,grabmyo-S026-D1-wrist_flexion-T02,grabmyo-S026-D1-wrist_flexion-T02,1,validation
grabmyo-S26-K2-seed3419,26,2,3419,wrist_flexion,grabmyo-S026-D1-wrist_flexion-T03,grabmyo-S026-D1-wrist_flexion-T03,grabmyo-S026-D1-wrist_flexion-T03,1,validation
grabmyo-S29-K2-seed3419,29,2,3419,hand_close,grabmyo-S029-D1-hand_close-T05,grabmyo-S029-D1-hand_close-T05,grabmyo-S029-D1-hand_close-T05,1,validation
grabmyo-S29-K2-seed3419,29,2,3419,hand_close,grabmyo-S029-D1-hand_close-T06,grabmyo-S029-D1-hand_close-T06,grabmyo-S029-D1-hand_close-T06,1,validation
grabmyo-S29-K2-seed3419,29,2,3419,rest,grabmyo-S029-D1-rest-T01,grabmyo-S029-D1-rest-T01,grabmyo-S029-D1-rest-T01,1,validation
grabmyo-S29-K2-seed3419,29,2,3419,rest,grabmyo-S029-D1-rest-T06,grabmyo-S029-D1-rest-T06,grabmyo-S029-D1-rest-T06,1,validation
grabmyo-S29-K2-seed3419,29,2,3419,wrist_extension,grabmyo-S029-D1-wrist_extension-T04,grabmyo-S029-D1-wrist_extension-T04,grabmyo-S029-D1-wrist_extension-T04,1,validation
grabmyo-S29-K2-seed3419,29,2,3419,wrist_extension,grabmyo-S029-D1-wrist_extension-T06,grabmyo-S029-D1-wrist_extension-T06,grabmyo-S029-D1-wrist_extension-T06,1,validation
grabmyo-S29-K2-seed3419,29,2,3419,wrist_flexion,grabmyo-S029-D1-wrist_flexion-T06,grabmyo-S029-D1-wrist_flexion-T06,grabmyo-S029-D1-wrist_flexion-T06,1,validation
grabmyo-S29-K2-seed3419,29,2,3419,wrist_flexion,grabmyo-S029-D1-wrist_flexion-T07,grabmyo-S029-D1-wrist_flexion-T07,grabmyo-S029-D1-wrist_flexion-T07,1,validation
grabmyo-S33-K2-seed3419,33,2,3419,hand_close,grabmyo-S033-D1-hand_close-T03,grabmyo-S033-D1-hand_close-T03,grabmyo-S033-D1-hand_close-T03,1,validation
grabmyo-S33-K2-seed3419,33,2,3419,hand_close,grabmyo-S033-D1-hand_close-T04,grabmyo-S033-D1-hand_close-T04,grabmyo-S033-D1-hand_close-T04,1,validation
grabmyo-S33-K2-seed3419,33,2,3419,rest,grabmyo-S033-D1-rest-T01,grabmyo-S033-D1-rest-T01,grabmyo-S033-D1-rest-T01,1,validation
grabmyo-S33-K2-seed3419,33,2,3419,rest,grabmyo-S033-D1-rest-T07,grabmyo-S033-D1-rest-T07,grabmyo-S033-D1-rest-T07,1,validation
grabmyo-S33-K2-seed3419,33,2,3419,wrist_extension,grabmyo-S033-D1-wrist_extension-T02,grabmyo-S033-D1-wrist_extension-T02,grabmyo-S033-D1-wrist_extension-T02,1,validation
grabmyo-S33-K2-seed3419,33,2,3419,wrist_extension,grabmyo-S033-D1-wrist_extension-T06,grabmyo-S033-D1-wrist_extension-T06,grabmyo-S033-D1-wrist_extension-T06,1,validation
grabmyo-S33-K2-seed3419,33,2,3419,wrist_flexion,grabmyo-S033-D1-wrist_flexion-T02,grabmyo-S033-D1-wrist_flexion-T02,grabmyo-S033-D1-wrist_flexion-T02,1,validation
grabmyo-S33-K2-seed3419,33,2,3419,wrist_flexion,grabmyo-S033-D1-wrist_flexion-T05,grabmyo-S033-D1-wrist_flexion-T05,grabmyo-S033-D1-wrist_flexion-T05,1,validation
grabmyo-S34-K2-seed3419,34,2,3419,hand_close,grabmyo-S034-D1-hand_close-T01,grabmyo-S034-D1-hand_close-T01,grabmyo-S034-D1-hand_close-T01,1,validation
grabmyo-S34-K2-seed3419,34,2,3419,hand_close,grabmyo-S034-D1-hand_close-T04,grabmyo-S034-D1-hand_close-T04,grabmyo-S034-D1-hand_close-T04,1,validation
grabmyo-S34-K2-seed3419,34,2,3419,rest,grabmyo-S034-D1-rest-T01,grabmyo-S034-D1-rest-T01,grabmyo-S034-D1-rest-T01,1,validation
grabmyo-S34-K2-seed3419,34,2,3419,rest,grabmyo-S034-D1-rest-T05,grabmyo-S034-D1-rest-T05,grabmyo-S034-D1-rest-T05,1,validation
grabmyo-S34-K2-seed3419,34,2,3419,wrist_extension,grabmyo-S034-D1-wrist_extension-T05,grabmyo-S034-D1-wrist_extension-T05,grabmyo-S034-D1-wrist_extension-T05,1,validation
grabmyo-S34-K2-seed3419,34,2,3419,wrist_extension,grabmyo-S034-D1-wrist_extension-T06,grabmyo-S034-D1-wrist_extension-T06,grabmyo-S034-D1-wrist_extension-T06,1,validation
grabmyo-S34-K2-seed3419,34,2,3419,wrist_flexion,grabmyo-S034-D1-wrist_flexion-T03,grabmyo-S034-D1-wrist_flexion-T03,grabmyo-S034-D1-wrist_flexion-T03,1,validation
grabmyo-S34-K2-seed3419,34,2,3419,wrist_flexion,grabmyo-S034-D1-wrist_flexion-T06,grabmyo-S034-D1-wrist_flexion-T06,grabmyo-S034-D1-wrist_flexion-T06,1,validation
grabmyo-S35-K2-seed3419,35,2,3419,hand_close,grabmyo-S035-D1-hand_close-T03,grabmyo-S035-D1-hand_close-T03,grabmyo-S035-D1-hand_close-T03,1,validation
grabmyo-S35-K2-seed3419,35,2,3419,hand_close,grabmyo-S035-D1-hand_close-T07,grabmyo-S035-D1-hand_close-T07,grabmyo-S035-D1-hand_close-T07,1,validation
grabmyo-S35-K2-seed3419,35,2,3419,rest,grabmyo-S035-D1-rest-T02,grabmyo-S035-D1-rest-T02,grabmyo-S035-D1-rest-T02,1,validation
grabmyo-S35-K2-seed3419,35,2,3419,rest,grabmyo-S035-D1-rest-T03,grabmyo-S035-D1-rest-T03,grabmyo-S035-D1-rest-T03,1,validation
grabmyo-S35-K2-seed3419,35,2,3419,wrist_extension,grabmyo-S035-D1-wrist_extension-T04,grabmyo-S035-D1-wrist_extension-T04,grabmyo-S035-D1-wrist_extension-T04,1,validation
grabmyo-S35-K2-seed3419,35,2,3419,wrist_extension,grabmyo-S035-D1-wrist_extension-T05,grabmyo-S035-D1-wrist_extension-T05,grabmyo-S035-D1-wrist_extension-T05,1,validation
grabmyo-S35-K2-seed3419,35,2,3419,wrist_flexion,grabmyo-S035-D1-wrist_flexion-T03,grabmyo-S035-D1-wrist_flexion-T03,grabmyo-S035-D1-wrist_flexion-T03,1,validation
grabmyo-S35-K2-seed3419,35,2,3419,wrist_flexion,grabmyo-S035-D1-wrist_flexion-T05,grabmyo-S035-D1-wrist_flexion-T05,grabmyo-S035-D1-wrist_flexion-T05,1,validation
grabmyo-S41-K2-seed3419,41,2,3419,hand_close,grabmyo-S041-D1-hand_close-T05,grabmyo-S041-D1-hand_close-T05,grabmyo-S041-D1-hand_close-T05,1,validation
grabmyo-S41-K2-seed3419,41,2,3419,hand_close,grabmyo-S041-D1-hand_close-T07,grabmyo-S041-D1-hand_close-T07,grabmyo-S041-D1-hand_close-T07,1,validation
grabmyo-S41-K2-seed3419,41,2,3419,rest,grabmyo-S041-D1-rest-T01,grabmyo-S041-D1-rest-T01,grabmyo-S041-D1-rest-T01,1,validation
grabmyo-S41-K2-seed3419,41,2,3419,rest,grabmyo-S041-D1-rest-T03,grabmyo-S041-D1-rest-T03,grabmyo-S041-D1-rest-T03,1,validation
grabmyo-S41-K2-seed3419,41,2,3419,wrist_extension,grabmyo-S041-D1-wrist_extension-T01,grabmyo-S041-D1-wrist_extension-T01,grabmyo-S041-D1-wrist_extension-T01,1,validation
grabmyo-S41-K2-seed3419,41,2,3419,wrist_extension,grabmyo-S041-D1-wrist_extension-T02,grabmyo-S041-D1-wrist_extension-T02,grabmyo-S041-D1-wrist_extension-T02,1,validation
grabmyo-S41-K2-seed3419,41,2,3419,wrist_flexion,grabmyo-S041-D1-wrist_flexion-T01,grabmyo-S041-D1-wrist_flexion-T01,grabmyo-S041-D1-wrist_flexion-T01,1,validation
grabmyo-S41-K2-seed3419,41,2,3419,wrist_flexion,grabmyo-S041-D1-wrist_flexion-T02,grabmyo-S041-D1-wrist_flexion-T02,grabmyo-S041-D1-wrist_flexion-T02,1,validation
grabmyo-S12-K2-seed3420,12,2,3420,hand_close,grabmyo-S012-D1-hand_close-T03,grabmyo-S012-D1-hand_close-T03,grabmyo-S012-D1-hand_close-T03,1,validation
grabmyo-S12-K2-seed3420,12,2,3420,hand_close,grabmyo-S012-D1-hand_close-T04,grabmyo-S012-D1-hand_close-T04,grabmyo-S012-D1-hand_close-T04,1,validation
grabmyo-S12-K2-seed3420,12,2,3420,rest,grabmyo-S012-D1-rest-T02,grabmyo-S012-D1-rest-T02,grabmyo-S012-D1-rest-T02,1,validation
grabmyo-S12-K2-seed3420,12,2,3420,rest,grabmyo-S012-D1-rest-T07,grabmyo-S012-D1-rest-T07,grabmyo-S012-D1-rest-T07,1,validation
grabmyo-S12-K2-seed3420,12,2,3420,wrist_extension,grabmyo-S012-D1-wrist_extension-T03,grabmyo-S012-D1-wrist_extension-T03,grabmyo-S012-D1-wrist_extension-T03,1,validation
grabmyo-S12-K2-seed3420,12,2,3420,wrist_extension,grabmyo-S012-D1-wrist_extension-T06,grabmyo-S012-D1-wrist_extension-T06,grabmyo-S012-D1-wrist_extension-T06,1,validation
grabmyo-S12-K2-seed3420,12,2,3420,wrist_flexion,grabmyo-S012-D1-wrist_flexion-T04,grabmyo-S012-D1-wrist_flexion-T04,grabmyo-S012-D1-wrist_flexion-T04,1,validation
grabmyo-S12-K2-seed3420,12,2,3420,wrist_flexion,grabmyo-S012-D1-wrist_flexion-T05,grabmyo-S012-D1-wrist_flexion-T05,grabmyo-S012-D1-wrist_flexion-T05,1,validation
grabmyo-S13-K2-seed3420,13,2,3420,hand_close,grabmyo-S013-D1-hand_close-T02,grabmyo-S013-D1-hand_close-T02,grabmyo-S013-D1-hand_close-T02,1,validation
grabmyo-S13-K2-seed3420,13,2,3420,hand_close,grabmyo-S013-D1-hand_close-T07,grabmyo-S013-D1-hand_close-T07,grabmyo-S013-D1-hand_close-T07,1,validation
grabmyo-S13-K2-seed3420,13,2,3420,rest,grabmyo-S013-D1-rest-T01,grabmyo-S013-D1-rest-T01,grabmyo-S013-D1-rest-T01,1,validation
grabmyo-S13-K2-seed3420,13,2,3420,rest,grabmyo-S013-D1-rest-T06,grabmyo-S013-D1-rest-T06,grabmyo-S013-D1-rest-T06,1,validation
grabmyo-S13-K2-seed3420,13,2,3420,wrist_extension,grabmyo-S013-D1-wrist_extension-T02,grabmyo-S013-D1-wrist_extension-T02,grabmyo-S013-D1-wrist_extension-T02,1,validation
grabmyo-S13-K2-seed3420,13,2,3420,wrist_extension,grabmyo-S013-D1-wrist_extension-T07,grabmyo-S013-D1-wrist_extension-T07,grabmyo-S013-D1-wrist_extension-T07,1,validation
grabmyo-S13-K2-seed3420,13,2,3420,wrist_flexion,grabmyo-S013-D1-wrist_flexion-T01,grabmyo-S013-D1-wrist_flexion-T01,grabmyo-S013-D1-wrist_flexion-T01,1,validation
grabmyo-S13-K2-seed3420,13,2,3420,wrist_flexion,grabmyo-S013-D1-wrist_flexion-T07,grabmyo-S013-D1-wrist_flexion-T07,grabmyo-S013-D1-wrist_flexion-T07,1,validation
grabmyo-S25-K2-seed3420,25,2,3420,hand_close,grabmyo-S025-D1-hand_close-T02,grabmyo-S025-D1-hand_close-T02,grabmyo-S025-D1-hand_close-T02,1,validation
grabmyo-S25-K2-seed3420,25,2,3420,hand_close,grabmyo-S025-D1-hand_close-T07,grabmyo-S025-D1-hand_close-T07,grabmyo-S025-D1-hand_close-T07,1,validation
grabmyo-S25-K2-seed3420,25,2,3420,rest,grabmyo-S025-D1-rest-T03,grabmyo-S025-D1-rest-T03,grabmyo-S025-D1-rest-T03,1,validation
grabmyo-S25-K2-seed3420,25,2,3420,rest,grabmyo-S025-D1-rest-T04,grabmyo-S025-D1-rest-T04,grabmyo-S025-D1-rest-T04,1,validation
grabmyo-S25-K2-seed3420,25,2,3420,wrist_extension,grabmyo-S025-D1-wrist_extension-T02,grabmyo-S025-D1-wrist_extension-T02,grabmyo-S025-D1-wrist_extension-T02,1,validation
grabmyo-S25-K2-seed3420,25,2,3420,wrist_extension,grabmyo-S025-D1-wrist_extension-T06,grabmyo-S025-D1-wrist_extension-T06,grabmyo-S025-D1-wrist_extension-T06,1,validation
grabmyo-S25-K2-seed3420,25,2,3420,wrist_flexion,grabmyo-S025-D1-wrist_flexion-T04,grabmyo-S025-D1-wrist_flexion-T04,grabmyo-S025-D1-wrist_flexion-T04,1,validation
grabmyo-S25-K2-seed3420,25,2,3420,wrist_flexion,grabmyo-S025-D1-wrist_flexion-T05,grabmyo-S025-D1-wrist_flexion-T05,grabmyo-S025-D1-wrist_flexion-T05,1,validation
grabmyo-S26-K2-seed3420,26,2,3420,hand_close,grabmyo-S026-D1-hand_close-T01,grabmyo-S026-D1-hand_close-T01,grabmyo-S026-D1-hand_close-T01,1,validation
grabmyo-S26-K2-seed3420,26,2,3420,hand_close,grabmyo-S026-D1-hand_close-T04,grabmyo-S026-D1-hand_close-T04,grabmyo-S026-D1-hand_close-T04,1,validation
grabmyo-S26-K2-seed3420,26,2,3420,rest,grabmyo-S026-D1-rest-T01,grabmyo-S026-D1-rest-T01,grabmyo-S026-D1-rest-T01,1,validation
grabmyo-S26-K2-seed3420,26,2,3420,rest,grabmyo-S026-D1-rest-T05,grabmyo-S026-D1-rest-T05,grabmyo-S026-D1-rest-T05,1,validation
grabmyo-S26-K2-seed3420,26,2,3420,wrist_extension,grabmyo-S026-D1-wrist_extension-T05,grabmyo-S026-D1-wrist_extension-T05,grabmyo-S026-D1-wrist_extension-T05,1,validation
grabmyo-S26-K2-seed3420,26,2,3420,wrist_extension,grabmyo-S026-D1-wrist_extension-T07,grabmyo-S026-D1-wrist_extension-T07,grabmyo-S026-D1-wrist_extension-T07,1,validation
grabmyo-S26-K2-seed3420,26,2,3420,wrist_flexion,grabmyo-S026-D1-wrist_flexion-T04,grabmyo-S026-D1-wrist_flexion-T04,grabmyo-S026-D1-wrist_flexion-T04,1,validation
grabmyo-S26-K2-seed3420,26,2,3420,wrist_flexion,grabmyo-S026-D1-wrist_flexion-T07,grabmyo-S026-D1-wrist_flexion-T07,grabmyo-S026-D1-wrist_flexion-T07,1,validation
grabmyo-S29-K2-seed3420,29,2,3420,hand_close,grabmyo-S029-D1-hand_close-T02,grabmyo-S029-D1-hand_close-T02,grabmyo-S029-D1-hand_close-T02,1,validation
grabmyo-S29-K2-seed3420,29,2,3420,hand_close,grabmyo-S029-D1-hand_close-T06,grabmyo-S029-D1-hand_close-T06,grabmyo-S029-D1-hand_close-T06,1,validation
grabmyo-S29-K2-seed3420,29,2,3420,rest,grabmyo-S029-D1-rest-T05,grabmyo-S029-D1-rest-T05,grabmyo-S029-D1-rest-T05,1,validation
grabmyo-S29-K2-seed3420,29,2,3420,rest,grabmyo-S029-D1-rest-T07,grabmyo-S029-D1-rest-T07,grabmyo-S029-D1-rest-T07,1,validation
grabmyo-S29-K2-seed3420,29,2,3420,wrist_extension,grabmyo-S029-D1-wrist_extension-T04,grabmyo-S029-D1-wrist_extension-T04,grabmyo-S029-D1-wrist_extension-T04,1,validation
grabmyo-S29-K2-seed3420,29,2,3420,wrist_extension,grabmyo-S029-D1-wrist_extension-T07,grabmyo-S029-D1-wrist_extension-T07,grabmyo-S029-D1-wrist_extension-T07,1,validation
grabmyo-S29-K2-seed3420,29,2,3420,wrist_flexion,grabmyo-S029-D1-wrist_flexion-T02,grabmyo-S029-D1-wrist_flexion-T02,grabmyo-S029-D1-wrist_flexion-T02,1,validation
grabmyo-S29-K2-seed3420,29,2,3420,wrist_flexion,grabmyo-S029-D1-wrist_flexion-T04,grabmyo-S029-D1-wrist_flexion-T04,grabmyo-S029-D1-wrist_flexion-T04,1,validation
grabmyo-S33-K2-seed3420,33,2,3420,hand_close,grabmyo-S033-D1-hand_close-T06,grabmyo-S033-D1-hand_close-T06,grabmyo-S033-D1-hand_close-T06,1,validation
grabmyo-S33-K2-seed3420,33,2,3420,hand_close,grabmyo-S033-D1-hand_close-T07,grabmyo-S033-D1-hand_close-T07,grabmyo-S033-D1-hand_close-T07,1,validation
grabmyo-S33-K2-seed3420,33,2,3420,rest,grabmyo-S033-D1-rest-T03,grabmyo-S033-D1-rest-T03,grabmyo-S033-D1-rest-T03,1,validation
grabmyo-S33-K2-seed3420,33,2,3420,rest,grabmyo-S033-D1-rest-T07,grabmyo-S033-D1-rest-T07,grabmyo-S033-D1-rest-T07,1,validation
grabmyo-S33-K2-seed3420,33,2,3420,wrist_extension,grabmyo-S033-D1-wrist_extension-T01,grabmyo-S033-D1-wrist_extension-T01,grabmyo-S033-D1-wrist_extension-T01,1,validation
grabmyo-S33-K2-seed3420,33,2,3420,wrist_extension,grabmyo-S033-D1-wrist_extension-T05,grabmyo-S033-D1-wrist_extension-T05,grabmyo-S033-D1-wrist_extension-T05,1,validation
grabmyo-S33-K2-seed3420,33,2,3420,wrist_flexion,grabmyo-S033-D1-wrist_flexion-T04,grabmyo-S033-D1-wrist_flexion-T04,grabmyo-S033-D1-wrist_flexion-T04,1,validation
grabmyo-S33-K2-seed3420,33,2,3420,wrist_flexion,grabmyo-S033-D1-wrist_flexion-T06,grabmyo-S033-D1-wrist_flexion-T06,grabmyo-S033-D1-wrist_flexion-T06,1,validation
grabmyo-S34-K2-seed3420,34,2,3420,hand_close,grabmyo-S034-D1-hand_close-T05,grabmyo-S034-D1-hand_close-T05,grabmyo-S034-D1-hand_close-T05,1,validation
grabmyo-S34-K2-seed3420,34,2,3420,hand_close,grabmyo-S034-D1-hand_close-T06,grabmyo-S034-D1-hand_close-T06,grabmyo-S034-D1-hand_close-T06,1,validation
grabmyo-S34-K2-seed3420,34,2,3420,rest,grabmyo-S034-D1-rest-T01,grabmyo-S034-D1-rest-T01,grabmyo-S034-D1-rest-T01,1,validation
grabmyo-S34-K2-seed3420,34,2,3420,rest,grabmyo-S034-D1-rest-T07,grabmyo-S034-D1-rest-T07,grabmyo-S034-D1-rest-T07,1,validation
grabmyo-S34-K2-seed3420,34,2,3420,wrist_extension,grabmyo-S034-D1-wrist_extension-T01,grabmyo-S034-D1-wrist_extension-T01,grabmyo-S034-D1-wrist_extension-T01,1,validation
grabmyo-S34-K2-seed3420,34,2,3420,wrist_extension,grabmyo-S034-D1-wrist_extension-T06,grabmyo-S034-D1-wrist_extension-T06,grabmyo-S034-D1-wrist_extension-T06,1,validation
grabmyo-S34-K2-seed3420,34,2,3420,wrist_flexion,grabmyo-S034-D1-wrist_flexion-T02,grabmyo-S034-D1-wrist_flexion-T02,grabmyo-S034-D1-wrist_flexion-T02,1,validation
grabmyo-S34-K2-seed3420,34,2,3420,wrist_flexion,grabmyo-S034-D1-wrist_flexion-T04,grabmyo-S034-D1-wrist_flexion-T04,grabmyo-S034-D1-wrist_flexion-T04,1,validation
grabmyo-S35-K2-seed3420,35,2,3420,hand_close,grabmyo-S035-D1-hand_close-T01,grabmyo-S035-D1-hand_close-T01,grabmyo-S035-D1-hand_close-T01,1,validation
grabmyo-S35-K2-seed3420,35,2,3420,hand_close,grabmyo-S035-D1-hand_close-T02,grabmyo-S035-D1-hand_close-T02,grabmyo-S035-D1-hand_close-T02,1,validation
grabmyo-S35-K2-seed3420,35,2,3420,rest,grabmyo-S035-D1-rest-T02,grabmyo-S035-D1-rest-T02,grabmyo-S035-D1-rest-T02,1,validation
grabmyo-S35-K2-seed3420,35,2,3420,rest,grabmyo-S035-D1-rest-T05,grabmyo-S035-D1-rest-T05,grabmyo-S035-D1-rest-T05,1,validation
grabmyo-S35-K2-seed3420,35,2,3420,wrist_extension,grabmyo-S035-D1-wrist_extension-T01,grabmyo-S035-D1-wrist_extension-T01,grabmyo-S035-D1-wrist_extension-T01,1,validation
grabmyo-S35-K2-seed3420,35,2,3420,wrist_extension,grabmyo-S035-D1-wrist_extension-T06,grabmyo-S035-D1-wrist_extension-T06,grabmyo-S035-D1-wrist_extension-T06,1,validation
grabmyo-S35-K2-seed3420,35,2,3420,wrist_flexion,grabmyo-S035-D1-wrist_flexion-T05,grabmyo-S035-D1-wrist_flexion-T05,grabmyo-S035-D1-wrist_flexion-T05,1,validation
grabmyo-S35-K2-seed3420,35,2,3420,wrist_flexion,grabmyo-S035-D1-wrist_flexion-T07,grabmyo-S035-D1-wrist_flexion-T07,grabmyo-S035-D1-wrist_flexion-T07,1,validation
grabmyo-S41-K2-seed3420,41,2,3420,hand_close,grabmyo-S041-D1-hand_close-T04,grabmyo-S041-D1-hand_close-T04,grabmyo-S041-D1-hand_close-T04,1,validation
grabmyo-S41-K2-seed3420,41,2,3420,hand_close,grabmyo-S041-D1-hand_close-T06,grabmyo-S041-D1-hand_close-T06,grabmyo-S041-D1-hand_close-T06,1,validation
grabmyo-S41-K2-seed3420,41,2,3420,rest,grabmyo-S041-D1-rest-T01,grabmyo-S041-D1-rest-T01,grabmyo-S041-D1-rest-T01,1,validation
grabmyo-S41-K2-seed3420,41,2,3420,rest,grabmyo-S041-D1-rest-T06,grabmyo-S041-D1-rest-T06,grabmyo-S041-D1-rest-T06,1,validation
grabmyo-S41-K2-seed3420,41,2,3420,wrist_extension,grabmyo-S041-D1-wrist_extension-T03,grabmyo-S041-D1-wrist_extension-T03,grabmyo-S041-D1-wrist_extension-T03,1,validation
grabmyo-S41-K2-seed3420,41,2,3420,wrist_extension,grabmyo-S041-D1-wrist_extension-T04,grabmyo-S041-D1-wrist_extension-T04,grabmyo-S041-D1-wrist_extension-T04,1,validation
grabmyo-S41-K2-seed3420,41,2,3420,wrist_flexion,grabmyo-S041-D1-wrist_flexion-T02,grabmyo-S041-D1-wrist_flexion-T02,grabmyo-S041-D1-wrist_flexion-T02,1,validation
grabmyo-S41-K2-seed3420,41,2,3420,wrist_flexion,grabmyo-S041-D1-wrist_flexion-T07,grabmyo-S041-D1-wrist_flexion-T07,grabmyo-S041-D1-wrist_flexion-T07,1,validation
grabmyo-S12-K3-seed3401,12,3,3401,hand_close,grabmyo-S012-D1-hand_close-T01,grabmyo-S012-D1-hand_close-T01,grabmyo-S012-D1-hand_close-T01,1,validation
grabmyo-S12-K3-seed3401,12,3,3401,hand_close,grabmyo-S012-D1-hand_close-T02,grabmyo-S012-D1-hand_close-T02,grabmyo-S012-D1-hand_close-T02,1,validation
grabmyo-S12-K3-seed3401,12,3,3401,hand_close,grabmyo-S012-D1-hand_close-T06,grabmyo-S012-D1-hand_close-T06,grabmyo-S012-D1-hand_close-T06,1,validation
grabmyo-S12-K3-seed3401,12,3,3401,rest,grabmyo-S012-D1-rest-T03,grabmyo-S012-D1-rest-T03,grabmyo-S012-D1-rest-T03,1,validation
grabmyo-S12-K3-seed3401,12,3,3401,rest,grabmyo-S012-D1-rest-T05,grabmyo-S012-D1-rest-T05,grabmyo-S012-D1-rest-T05,1,validation
grabmyo-S12-K3-seed3401,12,3,3401,rest,grabmyo-S012-D1-rest-T06,grabmyo-S012-D1-rest-T06,grabmyo-S012-D1-rest-T06,1,validation
grabmyo-S12-K3-seed3401,12,3,3401,wrist_extension,grabmyo-S012-D1-wrist_extension-T02,grabmyo-S012-D1-wrist_extension-T02,grabmyo-S012-D1-wrist_extension-T02,1,validation
grabmyo-S12-K3-seed3401,12,3,3401,wrist_extension,grabmyo-S012-D1-wrist_extension-T03,grabmyo-S012-D1-wrist_extension-T03,grabmyo-S012-D1-wrist_extension-T03,1,validation
grabmyo-S12-K3-seed3401,12,3,3401,wrist_extension,grabmyo-S012-D1-wrist_extension-T05,grabmyo-S012-D1-wrist_extension-T05,grabmyo-S012-D1-wrist_extension-T05,1,validation
grabmyo-S12-K3-seed3401,12,3,3401,wrist_flexion,grabmyo-S012-D1-wrist_flexion-T04,grabmyo-S012-D1-wrist_flexion-T04,grabmyo-S012-D1-wrist_flexion-T04,1,validation
grabmyo-S12-K3-seed3401,12,3,3401,wrist_flexion,grabmyo-S012-D1-wrist_flexion-T06,grabmyo-S012-D1-wrist_flexion-T06,grabmyo-S012-D1-wrist_flexion-T06,1,validation
grabmyo-S12-K3-seed3401,12,3,3401,wrist_flexion,grabmyo-S012-D1-wrist_flexion-T07,grabmyo-S012-D1-wrist_flexion-T07,grabmyo-S012-D1-wrist_flexion-T07,1,validation
grabmyo-S13-K3-seed3401,13,3,3401,hand_close,grabmyo-S013-D1-hand_close-T03,grabmyo-S013-D1-hand_close-T03,grabmyo-S013-D1-hand_close-T03,1,validation
grabmyo-S13-K3-seed3401,13,3,3401,hand_close,grabmyo-S013-D1-hand_close-T04,grabmyo-S013-D1-hand_close-T04,grabmyo-S013-D1-hand_close-T04,1,validation
grabmyo-S13-K3-seed3401,13,3,3401,hand_close,grabmyo-S013-D1-hand_close-T07,grabmyo-S013-D1-hand_close-T07,grabmyo-S013-D1-hand_close-T07,1,validation
grabmyo-S13-K3-seed3401,13,3,3401,rest,grabmyo-S013-D1-rest-T02,grabmyo-S013-D1-rest-T02,grabmyo-S013-D1-rest-T02,1,validation
grabmyo-S13-K3-seed3401,13,3,3401,rest,grabmyo-S013-D1-rest-T06,grabmyo-S013-D1-rest-T06,grabmyo-S013-D1-rest-T06,1,validation
grabmyo-S13-K3-seed3401,13,3,3401,rest,grabmyo-S013-D1-rest-T07,grabmyo-S013-D1-rest-T07,grabmyo-S013-D1-rest-T07,1,validation
grabmyo-S13-K3-seed3401,13,3,3401,wrist_extension,grabmyo-S013-D1-wrist_extension-T01,grabmyo-S013-D1-wrist_extension-T01,grabmyo-S013-D1-wrist_extension-T01,1,validation
grabmyo-S13-K3-seed3401,13,3,3401,wrist_extension,grabmyo-S013-D1-wrist_extension-T03,grabmyo-S013-D1-wrist_extension-T03,grabmyo-S013-D1-wrist_extension-T03,1,validation
grabmyo-S13-K3-seed3401,13,3,3401,wrist_extension,grabmyo-S013-D1-wrist_extension-T04,grabmyo-S013-D1-wrist_extension-T04,grabmyo-S013-D1-wrist_extension-T04,1,validation
grabmyo-S13-K3-seed3401,13,3,3401,wrist_flexion,grabmyo-S013-D1-wrist_flexion-T03,grabmyo-S013-D1-wrist_flexion-T03,grabmyo-S013-D1-wrist_flexion-T03,1,validation
grabmyo-S13-K3-seed3401,13,3,3401,wrist_flexion,grabmyo-S013-D1-wrist_flexion-T04,grabmyo-S013-D1-wrist_flexion-T04,grabmyo-S013-D1-wrist_flexion-T04,1,validation
grabmyo-S13-K3-seed3401,13,3,3401,wrist_flexion,grabmyo-S013-D1-wrist_flexion-T06,grabmyo-S013-D1-wrist_flexion-T06,grabmyo-S013-D1-wrist_flexion-T06,1,validation
grabmyo-S25-K3-seed3401,25,3,3401,hand_close,grabmyo-S025-D1-hand_close-T02,grabmyo-S025-D1-hand_close-T02,grabmyo-S025-D1-hand_close-T02,1,validation
grabmyo-S25-K3-seed3401,25,3,3401,hand_close,grabmyo-S025-D1-hand_close-T03,grabmyo-S025-D1-hand_close-T03,grabmyo-S025-D1-hand_close-T03,1,validation
grabmyo-S25-K3-seed3401,25,3,3401,hand_close,grabmyo-S025-D1-hand_close-T07,grabmyo-S025-D1-hand_close-T07,grabmyo-S025-D1-hand_close-T07,1,validation
grabmyo-S25-K3-seed3401,25,3,3401,rest,grabmyo-S025-D1-rest-T02,grabmyo-S025-D1-rest-T02,grabmyo-S025-D1-rest-T02,1,validation
grabmyo-S25-K3-seed3401,25,3,3401,rest,grabmyo-S025-D1-rest-T05,grabmyo-S025-D1-rest-T05,grabmyo-S025-D1-rest-T05,1,validation
grabmyo-S25-K3-seed3401,25,3,3401,rest,grabmyo-S025-D1-rest-T07,grabmyo-S025-D1-rest-T07,grabmyo-S025-D1-rest-T07,1,validation
grabmyo-S25-K3-seed3401,25,3,3401,wrist_extension,grabmyo-S025-D1-wrist_extension-T02,grabmyo-S025-D1-wrist_extension-T02,grabmyo-S025-D1-wrist_extension-T02,1,validation
grabmyo-S25-K3-seed3401,25,3,3401,wrist_extension,grabmyo-S025-D1-wrist_extension-T05,grabmyo-S025-D1-wrist_extension-T05,grabmyo-S025-D1-wrist_extension-T05,1,validation
grabmyo-S25-K3-seed3401,25,3,3401,wrist_extension,grabmyo-S025-D1-wrist_extension-T06,grabmyo-S025-D1-wrist_extension-T06,grabmyo-S025-D1-wrist_extension-T06,1,validation
grabmyo-S25-K3-seed3401,25,3,3401,wrist_flexion,grabmyo-S025-D1-wrist_flexion-T01,grabmyo-S025-D1-wrist_flexion-T01,grabmyo-S025-D1-wrist_flexion-T01,1,validation
grabmyo-S25-K3-seed3401,25,3,3401,wrist_flexion,grabmyo-S025-D1-wrist_flexion-T05,grabmyo-S025-D1-wrist_flexion-T05,grabmyo-S025-D1-wrist_flexion-T05,1,validation
grabmyo-S25-K3-seed3401,25,3,3401,wrist_flexion,grabmyo-S025-D1-wrist_flexion-T06,grabmyo-S025-D1-wrist_flexion-T06,grabmyo-S025-D1-wrist_flexion-T06,1,validation
grabmyo-S26-K3-seed3401,26,3,3401,hand_close,grabmyo-S026-D1-hand_close-T01,grabmyo-S026-D1-hand_close-T01,grabmyo-S026-D1-hand_close-T01,1,validation
grabmyo-S26-K3-seed3401,26,3,3401,hand_close,grabmyo-S026-D1-hand_close-T04,grabmyo-S026-D1-hand_close-T04,grabmyo-S026-D1-hand_close-T04,1,validation
grabmyo-S26-K3-seed3401,26,3,3401,hand_close,grabmyo-S026-D1-hand_close-T07,grabmyo-S026-D1-hand_close-T07,grabmyo-S026-D1-hand_close-T07,1,validation
grabmyo-S26-K3-seed3401,26,3,3401,rest,grabmyo-S026-D1-rest-T05,grabmyo-S026-D1-rest-T05,grabmyo-S026-D1-rest-T05,1,validation
grabmyo-S26-K3-seed3401,26,3,3401,rest,grabmyo-S026-D1-rest-T06,grabmyo-S026-D1-rest-T06,grabmyo-S026-D1-rest-T06,1,validation
grabmyo-S26-K3-seed3401,26,3,3401,rest,grabmyo-S026-D1-rest-T07,grabmyo-S026-D1-rest-T07,grabmyo-S026-D1-rest-T07,1,validation
grabmyo-S26-K3-seed3401,26,3,3401,wrist_extension,grabmyo-S026-D1-wrist_extension-T01,grabmyo-S026-D1-wrist_extension-T01,grabmyo-S026-D1-wrist_extension-T01,1,validation
grabmyo-S26-K3-seed3401,26,3,3401,wrist_extension,grabmyo-S026-D1-wrist_extension-T02,grabmyo-S026-D1-wrist_extension-T02,grabmyo-S026-D1-wrist_extension-T02,1,validation
grabmyo-S26-K3-seed3401,26,3,3401,wrist_extension,grabmyo-S026-D1-wrist_extension-T03,grabmyo-S026-D1-wrist_extension-T03,grabmyo-S026-D1-wrist_extension-T03,1,validation
grabmyo-S26-K3-seed3401,26,3,3401,wrist_flexion,grabmyo-S026-D1-wrist_flexion-T01,grabmyo-S026-D1-wrist_flexion-T01,grabmyo-S026-D1-wrist_flexion-T01,1,validation
grabmyo-S26-K3-seed3401,26,3,3401,wrist_flexion,grabmyo-S026-D1-wrist_flexion-T05,grabmyo-S026-D1-wrist_flexion-T05,grabmyo-S026-D1-wrist_flexion-T05,1,validation
grabmyo-S26-K3-seed3401,26,3,3401,wrist_flexion,grabmyo-S026-D1-wrist_flexion-T06,grabmyo-S026-D1-wrist_flexion-T06,grabmyo-S026-D1-wrist_flexion-T06,1,validation
grabmyo-S29-K3-seed3401,29,3,3401,hand_close,grabmyo-S029-D1-hand_close-T03,grabmyo-S029-D1-hand_close-T03,grabmyo-S029-D1-hand_close-T03,1,validation
grabmyo-S29-K3-seed3401,29,3,3401,hand_close,grabmyo-S029-D1-hand_close-T04,grabmyo-S029-D1-hand_close-T04,grabmyo-S029-D1-hand_close-T04,1,validation
grabmyo-S29-K3-seed3401,29,3,3401,hand_close,grabmyo-S029-D1-hand_close-T07,grabmyo-S029-D1-hand_close-T07,grabmyo-S029-D1-hand_close-T07,1,validation
grabmyo-S29-K3-seed3401,29,3,3401,rest,grabmyo-S029-D1-rest-T01,grabmyo-S029-D1-rest-T01,grabmyo-S029-D1-rest-T01,1,validation
grabmyo-S29-K3-seed3401,29,3,3401,rest,grabmyo-S029-D1-rest-T03,grabmyo-S029-D1-rest-T03,grabmyo-S029-D1-rest-T03,1,validation
grabmyo-S29-K3-seed3401,29,3,3401,rest,grabmyo-S029-D1-rest-T04,grabmyo-S029-D1-rest-T04,grabmyo-S029-D1-rest-T04,1,validation
grabmyo-S29-K3-seed3401,29,3,3401,wrist_extension,grabmyo-S029-D1-wrist_extension-T01,grabmyo-S029-D1-wrist_extension-T01,grabmyo-S029-D1-wrist_extension-T01,1,validation
grabmyo-S29-K3-seed3401,29,3,3401,wrist_extension,grabmyo-S029-D1-wrist_extension-T04,grabmyo-S029-D1-wrist_extension-T04,grabmyo-S029-D1-wrist_extension-T04,1,validation
grabmyo-S29-K3-seed3401,29,3,3401,wrist_extension,grabmyo-S029-D1-wrist_extension-T06,grabmyo-S029-D1-wrist_extension-T06,grabmyo-S029-D1-wrist_extension-T06,1,validation
grabmyo-S29-K3-seed3401,29,3,3401,wrist_flexion,grabmyo-S029-D1-wrist_flexion-T04,grabmyo-S029-D1-wrist_flexion-T04,grabmyo-S029-D1-wrist_flexion-T04,1,validation
grabmyo-S29-K3-seed3401,29,3,3401,wrist_flexion,grabmyo-S029-D1-wrist_flexion-T05,grabmyo-S029-D1-wrist_flexion-T05,grabmyo-S029-D1-wrist_flexion-T05,1,validation
grabmyo-S29-K3-seed3401,29,3,3401,wrist_flexion,grabmyo-S029-D1-wrist_flexion-T07,grabmyo-S029-D1-wrist_flexion-T07,grabmyo-S029-D1-wrist_flexion-T07,1,validation
grabmyo-S33-K3-seed3401,33,3,3401,hand_close,grabmyo-S033-D1-hand_close-T02,grabmyo-S033-D1-hand_close-T02,grabmyo-S033-D1-hand_close-T02,1,validation
grabmyo-S33-K3-seed3401,33,3,3401,hand_close,grabmyo-S033-D1-hand_close-T04,grabmyo-S033-D1-hand_close-T04,grabmyo-S033-D1-hand_close-T04,1,validation
grabmyo-S33-K3-seed3401,33,3,3401,hand_close,grabmyo-S033-D1-hand_close-T05,grabmyo-S033-D1-hand_close-T05,grabmyo-S033-D1-hand_close-T05,1,validation
grabmyo-S33-K3-seed3401,33,3,3401,rest,grabmyo-S033-D1-rest-T01,grabmyo-S033-D1-rest-T01,grabmyo-S033-D1-rest-T01,1,validation
grabmyo-S33-K3-seed3401,33,3,3401,rest,grabmyo-S033-D1-rest-T03,grabmyo-S033-D1-rest-T03,grabmyo-S033-D1-rest-T03,1,validation
grabmyo-S33-K3-seed3401,33,3,3401,rest,grabmyo-S033-D1-rest-T07,grabmyo-S033-D1-rest-T07,grabmyo-S033-D1-rest-T07,1,validation
grabmyo-S33-K3-seed3401,33,3,3401,wrist_extension,grabmyo-S033-D1-wrist_extension-T02,grabmyo-S033-D1-wrist_extension-T02,grabmyo-S033-D1-wrist_extension-T02,1,validation
grabmyo-S33-K3-seed3401,33,3,3401,wrist_extension,grabmyo-S033-D1-wrist_extension-T05,grabmyo-S033-D1-wrist_extension-T05,grabmyo-S033-D1-wrist_extension-T05,1,validation
grabmyo-S33-K3-seed3401,33,3,3401,wrist_extension,grabmyo-S033-D1-wrist_extension-T06,grabmyo-S033-D1-wrist_extension-T06,grabmyo-S033-D1-wrist_extension-T06,1,validation
grabmyo-S33-K3-seed3401,33,3,3401,wrist_flexion,grabmyo-S033-D1-wrist_flexion-T01,grabmyo-S033-D1-wrist_flexion-T01,grabmyo-S033-D1-wrist_flexion-T01,1,validation
grabmyo-S33-K3-seed3401,33,3,3401,wrist_flexion,grabmyo-S033-D1-wrist_flexion-T05,grabmyo-S033-D1-wrist_flexion-T05,grabmyo-S033-D1-wrist_flexion-T05,1,validation
grabmyo-S33-K3-seed3401,33,3,3401,wrist_flexion,grabmyo-S033-D1-wrist_flexion-T07,grabmyo-S033-D1-wrist_flexion-T07,grabmyo-S033-D1-wrist_flexion-T07,1,validation
grabmyo-S34-K3-seed3401,34,3,3401,hand_close,grabmyo-S034-D1-hand_close-T02,grabmyo-S034-D1-hand_close-T02,grabmyo-S034-D1-hand_close-T02,1,validation
grabmyo-S34-K3-seed3401,34,3,3401,hand_close,grabmyo-S034-D1-hand_close-T05,grabmyo-S034-D1-hand_close-T05,grabmyo-S034-D1-hand_close-T05,1,validation
grabmyo-S34-K3-seed3401,34,3,3401,hand_close,grabmyo-S034-D1-hand_close-T06,grabmyo-S034-D1-hand_close-T06,grabmyo-S034-D1-hand_close-T06,1,validation
grabmyo-S34-K3-seed3401,34,3,3401,rest,grabmyo-S034-D1-rest-T02,grabmyo-S034-D1-rest-T02,grabmyo-S034-D1-rest-T02,1,validation
grabmyo-S34-K3-seed3401,34,3,3401,rest,grabmyo-S034-D1-rest-T04,grabmyo-S034-D1-rest-T04,grabmyo-S034-D1-rest-T04,1,validation
grabmyo-S34-K3-seed3401,34,3,3401,rest,grabmyo-S034-D1-rest-T06,grabmyo-S034-D1-rest-T06,grabmyo-S034-D1-rest-T06,1,validation
grabmyo-S34-K3-seed3401,34,3,3401,wrist_extension,grabmyo-S034-D1-wrist_extension-T01,grabmyo-S034-D1-wrist_extension-T01,grabmyo-S034-D1-wrist_extension-T01,1,validation
grabmyo-S34-K3-seed3401,34,3,3401,wrist_extension,grabmyo-S034-D1-wrist_extension-T05,grabmyo-S034-D1-wrist_extension-T05,grabmyo-S034-D1-wrist_extension-T05,1,validation
grabmyo-S34-K3-seed3401,34,3,3401,wrist_extension,grabmyo-S034-D1-wrist_extension-T07,grabmyo-S034-D1-wrist_extension-T07,grabmyo-S034-D1-wrist_extension-T07,1,validation
grabmyo-S34-K3-seed3401,34,3,3401,wrist_flexion,grabmyo-S034-D1-wrist_flexion-T01,grabmyo-S034-D1-wrist_flexion-T01,grabmyo-S034-D1-wrist_flexion-T01,1,validation
grabmyo-S34-K3-seed3401,34,3,3401,wrist_flexion,grabmyo-S034-D1-wrist_flexion-T03,grabmyo-S034-D1-wrist_flexion-T03,grabmyo-S034-D1-wrist_flexion-T03,1,validation
grabmyo-S34-K3-seed3401,34,3,3401,wrist_flexion,grabmyo-S034-D1-wrist_flexion-T05,grabmyo-S034-D1-wrist_flexion-T05,grabmyo-S034-D1-wrist_flexion-T05,1,validation
grabmyo-S35-K3-seed3401,35,3,3401,hand_close,grabmyo-S035-D1-hand_close-T02,grabmyo-S035-D1-hand_close-T02,grabmyo-S035-D1-hand_close-T02,1,validation
grabmyo-S35-K3-seed3401,35,3,3401,hand_close,grabmyo-S035-D1-hand_close-T03,grabmyo-S035-D1-hand_close-T03,grabmyo-S035-D1-hand_close-T03,1,validation
grabmyo-S35-K3-seed3401,35,3,3401,hand_close,grabmyo-S035-D1-hand_close-T06,grabmyo-S035-D1-hand_close-T06,grabmyo-S035-D1-hand_close-T06,1,validation
grabmyo-S35-K3-seed3401,35,3,3401,rest,grabmyo-S035-D1-rest-T02,grabmyo-S035-D1-rest-T02,grabmyo-S035-D1-rest-T02,1,validation
grabmyo-S35-K3-seed3401,35,3,3401,rest,grabmyo-S035-D1-rest-T03,grabmyo-S035-D1-rest-T03,grabmyo-S035-D1-rest-T03,1,validation
grabmyo-S35-K3-seed3401,35,3,3401,rest,grabmyo-S035-D1-rest-T07,grabmyo-S035-D1-rest-T07,grabmyo-S035-D1-rest-T07,1,validation
grabmyo-S35-K3-seed3401,35,3,3401,wrist_extension,grabmyo-S035-D1-wrist_extension-T03,grabmyo-S035-D1-wrist_extension-T03,grabmyo-S035-D1-wrist_extension-T03,1,validation
grabmyo-S35-K3-seed3401,35,3,3401,wrist_extension,grabmyo-S035-D1-wrist_extension-T04,grabmyo-S035-D1-wrist_extension-T04,grabmyo-S035-D1-wrist_extension-T04,1,validation
grabmyo-S35-K3-seed3401,35,3,3401,wrist_extension,grabmyo-S035-D1-wrist_extension-T07,grabmyo-S035-D1-wrist_extension-T07,grabmyo-S035-D1-wrist_extension-T07,1,validation
grabmyo-S35-K3-seed3401,35,3,3401,wrist_flexion,grabmyo-S035-D1-wrist_flexion-T01,grabmyo-S035-D1-wrist_flexion-T01,grabmyo-S035-D1-wrist_flexion-T01,1,validation
grabmyo-S35-K3-seed3401,35,3,3401,wrist_flexion,grabmyo-S035-D1-wrist_flexion-T02,grabmyo-S035-D1-wrist_flexion-T02,grabmyo-S035-D1-wrist_flexion-T02,1,validation
grabmyo-S35-K3-seed3401,35,3,3401,wrist_flexion,grabmyo-S035-D1-wrist_flexion-T06,grabmyo-S035-D1-wrist_flexion-T06,grabmyo-S035-D1-wrist_flexion-T06,1,validation
grabmyo-S41-K3-seed3401,41,3,3401,hand_close,grabmyo-S041-D1-hand_close-T04,grabmyo-S041-D1-hand_close-T04,grabmyo-S041-D1-hand_close-T04,1,validation
grabmyo-S41-K3-seed3401,41,3,3401,hand_close,grabmyo-S041-D1-hand_close-T05,grabmyo-S041-D1-hand_close-T05,grabmyo-S041-D1-hand_close-T05,1,validation
grabmyo-S41-K3-seed3401,41,3,3401,hand_close,grabmyo-S041-D1-hand_close-T06,grabmyo-S041-D1-hand_close-T06,grabmyo-S041-D1-hand_close-T06,1,validation
grabmyo-S41-K3-seed3401,41,3,3401,rest,grabmyo-S041-D1-rest-T02,grabmyo-S041-D1-rest-T02,grabmyo-S041-D1-rest-T02,1,validation
grabmyo-S41-K3-seed3401,41,3,3401,rest,grabmyo-S041-D1-rest-T03,grabmyo-S041-D1-rest-T03,grabmyo-S041-D1-rest-T03,1,validation
grabmyo-S41-K3-seed3401,41,3,3401,rest,grabmyo-S041-D1-rest-T04,grabmyo-S041-D1-rest-T04,grabmyo-S041-D1-rest-T04,1,validation
grabmyo-S41-K3-seed3401,41,3,3401,wrist_extension,grabmyo-S041-D1-wrist_extension-T03,grabmyo-S041-D1-wrist_extension-T03,grabmyo-S041-D1-wrist_extension-T03,1,validation
grabmyo-S41-K3-seed3401,41,3,3401,wrist_extension,grabmyo-S041-D1-wrist_extension-T04,grabmyo-S041-D1-wrist_extension-T04,grabmyo-S041-D1-wrist_extension-T04,1,validation
grabmyo-S41-K3-seed3401,41,3,3401,wrist_extension,grabmyo-S041-D1-wrist_extension-T06,grabmyo-S041-D1-wrist_extension-T06,grabmyo-S041-D1-wrist_extension-T06,1,validation
grabmyo-S41-K3-seed3401,41,3,3401,wrist_flexion,grabmyo-S041-D1-wrist_flexion-T03,grabmyo-S041-D1-wrist_flexion-T03,grabmyo-S041-D1-wrist_flexion-T03,1,validation
grabmyo-S41-K3-seed3401,41,3,3401,wrist_flexion,grabmyo-S041-D1-wrist_flexion-T04,grabmyo-S041-D1-wrist_flexion-T04,grabmyo-S041-D1-wrist_flexion-T04,1,validation
grabmyo-S41-K3-seed3401,41,3,3401,wrist_flexion,grabmyo-S041-D1-wrist_flexion-T05,grabmyo-S041-D1-wrist_flexion-T05,grabmyo-S041-D1-wrist_flexion-T05,1,validation
grabmyo-S12-K3-seed3402,12,3,3402,hand_close,grabmyo-S012-D1-hand_close-T01,grabmyo-S012-D1-hand_close-T01,grabmyo-S012-D1-hand_close-T01,1,validation
grabmyo-S12-K3-seed3402,12,3,3402,hand_close,grabmyo-S012-D1-hand_close-T02,grabmyo-S012-D1-hand_close-T02,grabmyo-S012-D1-hand_close-T02,1,validation
grabmyo-S12-K3-seed3402,12,3,3402,hand_close,grabmyo-S012-D1-hand_close-T05,grabmyo-S012-D1-hand_close-T05,grabmyo-S012-D1-hand_close-T05,1,validation
grabmyo-S12-K3-seed3402,12,3,3402,rest,grabmyo-S012-D1-rest-T04,grabmyo-S012-D1-rest-T04,grabmyo-S012-D1-rest-T04,1,validation
grabmyo-S12-K3-seed3402,12,3,3402,rest,grabmyo-S012-D1-rest-T05,grabmyo-S012-D1-rest-T05,grabmyo-S012-D1-rest-T05,1,validation
grabmyo-S12-K3-seed3402,12,3,3402,rest,grabmyo-S012-D1-rest-T07,grabmyo-S012-D1-rest-T07,grabmyo-S012-D1-rest-T07,1,validation
grabmyo-S12-K3-seed3402,12,3,3402,wrist_extension,grabmyo-S012-D1-wrist_extension-T02,grabmyo-S012-D1-wrist_extension-T02,grabmyo-S012-D1-wrist_extension-T02,1,validation
grabmyo-S12-K3-seed3402,12,3,3402,wrist_extension,grabmyo-S012-D1-wrist_extension-T03,grabmyo-S012-D1-wrist_extension-T03,grabmyo-S012-D1-wrist_extension-T03,1,validation
grabmyo-S12-K3-seed3402,12,3,3402,wrist_extension,grabmyo-S012-D1-wrist_extension-T06,grabmyo-S012-D1-wrist_extension-T06,grabmyo-S012-D1-wrist_extension-T06,1,validation
grabmyo-S12-K3-seed3402,12,3,3402,wrist_flexion,grabmyo-S012-D1-wrist_flexion-T01,grabmyo-S012-D1-wrist_flexion-T01,grabmyo-S012-D1-wrist_flexion-T01,1,validation
grabmyo-S12-K3-seed3402,12,3,3402,wrist_flexion,grabmyo-S012-D1-wrist_flexion-T02,grabmyo-S012-D1-wrist_flexion-T02,grabmyo-S012-D1-wrist_flexion-T02,1,validation
grabmyo-S12-K3-seed3402,12,3,3402,wrist_flexion,grabmyo-S012-D1-wrist_flexion-T03,grabmyo-S012-D1-wrist_flexion-T03,grabmyo-S012-D1-wrist_flexion-T03,1,validation
grabmyo-S13-K3-seed3402,13,3,3402,hand_close,grabmyo-S013-D1-hand_close-T04,grabmyo-S013-D1-hand_close-T04,grabmyo-S013-D1-hand_close-T04,1,validation
grabmyo-S13-K3-seed3402,13,3,3402,hand_close,grabmyo-S013-D1-hand_close-T05,grabmyo-S013-D1-hand_close-T05,grabmyo-S013-D1-hand_close-T05,1,validation
grabmyo-S13-K3-seed3402,13,3,3402,hand_close,grabmyo-S013-D1-hand_close-T06,grabmyo-S013-D1-hand_close-T06,grabmyo-S013-D1-hand_close-T06,1,validation
grabmyo-S13-K3-seed3402,13,3,3402,rest,grabmyo-S013-D1-rest-T01,grabmyo-S013-D1-rest-T01,grabmyo-S013-D1-rest-T01,1,validation
grabmyo-S13-K3-seed3402,13,3,3402,rest,grabmyo-S013-D1-rest-T03,grabmyo-S013-D1-rest-T03,grabmyo-S013-D1-rest-T03,1,validation
grabmyo-S13-K3-seed3402,13,3,3402,rest,grabmyo-S013-D1-rest-T05,grabmyo-S013-D1-rest-T05,grabmyo-S013-D1-rest-T05,1,validation
grabmyo-S13-K3-seed3402,13,3,3402,wrist_extension,grabmyo-S013-D1-wrist_extension-T01,grabmyo-S013-D1-wrist_extension-T01,grabmyo-S013-D1-wrist_extension-T01,1,validation
grabmyo-S13-K3-seed3402,13,3,3402,wrist_extension,grabmyo-S013-D1-wrist_extension-T03,grabmyo-S013-D1-wrist_extension-T03,grabmyo-S013-D1-wrist_extension-T03,1,validation
grabmyo-S13-K3-seed3402,13,3,3402,wrist_extension,grabmyo-S013-D1-wrist_extension-T04,grabmyo-S013-D1-wrist_extension-T04,grabmyo-S013-D1-wrist_extension-T04,1,validation
grabmyo-S13-K3-seed3402,13,3,3402,wrist_flexion,grabmyo-S013-D1-wrist_flexion-T01,grabmyo-S013-D1-wrist_flexion-T01,grabmyo-S013-D1-wrist_flexion-T01,1,validation
grabmyo-S13-K3-seed3402,13,3,3402,wrist_flexion,grabmyo-S013-D1-wrist_flexion-T04,grabmyo-S013-D1-wrist_flexion-T04,grabmyo-S013-D1-wrist_flexion-T04,1,validation
grabmyo-S13-K3-seed3402,13,3,3402,wrist_flexion,grabmyo-S013-D1-wrist_flexion-T07,grabmyo-S013-D1-wrist_flexion-T07,grabmyo-S013-D1-wrist_flexion-T07,1,validation
grabmyo-S25-K3-seed3402,25,3,3402,hand_close,grabmyo-S025-D1-hand_close-T04,grabmyo-S025-D1-hand_close-T04,grabmyo-S025-D1-hand_close-T04,1,validation
grabmyo-S25-K3-seed3402,25,3,3402,hand_close,grabmyo-S025-D1-hand_close-T05,grabmyo-S025-D1-hand_close-T05,grabmyo-S025-D1-hand_close-T05,1,validation
grabmyo-S25-K3-seed3402,25,3,3402,hand_close,grabmyo-S025-D1-hand_close-T06,grabmyo-S025-D1-hand_close-T06,grabmyo-S025-D1-hand_close-T06,1,validation
grabmyo-S25-K3-seed3402,25,3,3402,rest,grabmyo-S025-D1-rest-T02,grabmyo-S025-D1-rest-T02,grabmyo-S025-D1-rest-T02,1,validation
grabmyo-S25-K3-seed3402,25,3,3402,rest,grabmyo-S025-D1-rest-T06,grabmyo-S025-D1-rest-T06,grabmyo-S025-D1-rest-T06,1,validation
grabmyo-S25-K3-seed3402,25,3,3402,rest,grabmyo-S025-D1-rest-T07,grabmyo-S025-D1-rest-T07,grabmyo-S025-D1-rest-T07,1,validation
grabmyo-S25-K3-seed3402,25,3,3402,wrist_extension,grabmyo-S025-D1-wrist_extension-T01,grabmyo-S025-D1-wrist_extension-T01,grabmyo-S025-D1-wrist_extension-T01,1,validation
grabmyo-S25-K3-seed3402,25,3,3402,wrist_extension,grabmyo-S025-D1-wrist_extension-T03,grabmyo-S025-D1-wrist_extension-T03,grabmyo-S025-D1-wrist_extension-T03,1,validation
grabmyo-S25-K3-seed3402,25,3,3402,wrist_extension,grabmyo-S025-D1-wrist_extension-T07,grabmyo-S025-D1-wrist_extension-T07,grabmyo-S025-D1-wrist_extension-T07,1,validation
grabmyo-S25-K3-seed3402,25,3,3402,wrist_flexion,grabmyo-S025-D1-wrist_flexion-T01,grabmyo-S025-D1-wrist_flexion-T01,grabmyo-S025-D1-wrist_flexion-T01,1,validation
grabmyo-S25-K3-seed3402,25,3,3402,wrist_flexion,grabmyo-S025-D1-wrist_flexion-T03,grabmyo-S025-D1-wrist_flexion-T03,grabmyo-S025-D1-wrist_flexion-T03,1,validation
grabmyo-S25-K3-seed3402,25,3,3402,wrist_flexion,grabmyo-S025-D1-wrist_flexion-T07,grabmyo-S025-D1-wrist_flexion-T07,grabmyo-S025-D1-wrist_flexion-T07,1,validation
grabmyo-S26-K3-seed3402,26,3,3402,hand_close,grabmyo-S026-D1-hand_close-T01,grabmyo-S026-D1-hand_close-T01,grabmyo-S026-D1-hand_close-T01,1,validation
grabmyo-S26-K3-seed3402,26,3,3402,hand_close,grabmyo-S026-D1-hand_close-T03,grabmyo-S026-D1-hand_close-T03,grabmyo-S026-D1-hand_close-T03,1,validation
grabmyo-S26-K3-seed3402,26,3,3402,hand_close,grabmyo-S026-D1-hand_close-T06,grabmyo-S026-D1-hand_close-T06,grabmyo-S026-D1-hand_close-T06,1,validation
grabmyo-S26-K3-seed3402,26,3,3402,rest,grabmyo-S026-D1-rest-T02,grabmyo-S026-D1-rest-T02,grabmyo-S026-D1-rest-T02,1,validation
grabmyo-S26-K3-seed3402,26,3,3402,rest,grabmyo-S026-D1-rest-T05,grabmyo-S026-D1-rest-T05,grabmyo-S026-D1-rest-T05,1,validation
grabmyo-S26-K3-seed3402,26,3,3402,rest,grabmyo-S026-D1-rest-T07,grabmyo-S026-D1-rest-T07,grabmyo-S026-D1-rest-T07,1,validation
grabmyo-S26-K3-seed3402,26,3,3402,wrist_extension,grabmyo-S026-D1-wrist_extension-T02,grabmyo-S026-D1-wrist_extension-T02,grabmyo-S026-D1-wrist_extension-T02,1,validation
grabmyo-S26-K3-seed3402,26,3,3402,wrist_extension,grabmyo-S026-D1-wrist_extension-T04,grabmyo-S026-D1-wrist_extension-T04,grabmyo-S026-D1-wrist_extension-T04,1,validation
grabmyo-S26-K3-seed3402,26,3,3402,wrist_extension,grabmyo-S026-D1-wrist_extension-T06,grabmyo-S026-D1-wrist_extension-T06,grabmyo-S026-D1-wrist_extension-T06,1,validation
grabmyo-S26-K3-seed3402,26,3,3402,wrist_flexion,grabmyo-S026-D1-wrist_flexion-T01,grabmyo-S026-D1-wrist_flexion-T01,grabmyo-S026-D1-wrist_flexion-T01,1,validation
grabmyo-S26-K3-seed3402,26,3,3402,wrist_flexion,grabmyo-S026-D1-wrist_flexion-T02,grabmyo-S026-D1-wrist_flexion-T02,grabmyo-S026-D1-wrist_flexion-T02,1,validation
grabmyo-S26-K3-seed3402,26,3,3402,wrist_flexion,grabmyo-S026-D1-wrist_flexion-T04,grabmyo-S026-D1-wrist_flexion-T04,grabmyo-S026-D1-wrist_flexion-T04,1,validation
grabmyo-S29-K3-seed3402,29,3,3402,hand_close,grabmyo-S029-D1-hand_close-T03,grabmyo-S029-D1-hand_close-T03,grabmyo-S029-D1-hand_close-T03,1,validation
grabmyo-S29-K3-seed3402,29,3,3402,hand_close,grabmyo-S029-D1-hand_close-T05,grabmyo-S029-D1-hand_close-T05,grabmyo-S029-D1-hand_close-T05,1,validation
grabmyo-S29-K3-seed3402,29,3,3402,hand_close,grabmyo-S029-D1-hand_close-T07,grabmyo-S029-D1-hand_close-T07,grabmyo-S029-D1-hand_close-T07,1,validation
grabmyo-S29-K3-seed3402,29,3,3402,rest,grabmyo-S029-D1-rest-T02,grabmyo-S029-D1-rest-T02,grabmyo-S029-D1-rest-T02,1,validation
grabmyo-S29-K3-seed3402,29,3,3402,rest,grabmyo-S029-D1-rest-T03,grabmyo-S029-D1-rest-T03,grabmyo-S029-D1-rest-T03,1,validation
grabmyo-S29-K3-seed3402,29,3,3402,rest,grabmyo-S029-D1-rest-T04,grabmyo-S029-D1-rest-T04,grabmyo-S029-D1-rest-T04,1,validation
grabmyo-S29-K3-seed3402,29,3,3402,wrist_extension,grabmyo-S029-D1-wrist_extension-T02,grabmyo-S029-D1-wrist_extension-T02,grabmyo-S029-D1-wrist_extension-T02,1,validation
grabmyo-S29-K3-seed3402,29,3,3402,wrist_extension,grabmyo-S029-D1-wrist_extension-T05,grabmyo-S029-D1-wrist_extension-T05,grabmyo-S029-D1-wrist_extension-T05,1,validation
grabmyo-S29-K3-seed3402,29,3,3402,wrist_extension,grabmyo-S029-D1-wrist_extension-T06,grabmyo-S029-D1-wrist_extension-T06,grabmyo-S029-D1-wrist_extension-T06,1,validation
grabmyo-S29-K3-seed3402,29,3,3402,wrist_flexion,grabmyo-S029-D1-wrist_flexion-T03,grabmyo-S029-D1-wrist_flexion-T03,grabmyo-S029-D1-wrist_flexion-T03,1,validation
grabmyo-S29-K3-seed3402,29,3,3402,wrist_flexion,grabmyo-S029-D1-wrist_flexion-T04,grabmyo-S029-D1-wrist_flexion-T04,grabmyo-S029-D1-wrist_flexion-T04,1,validation
grabmyo-S29-K3-seed3402,29,3,3402,wrist_flexion,grabmyo-S029-D1-wrist_flexion-T05,grabmyo-S029-D1-wrist_flexion-T05,grabmyo-S029-D1-wrist_flexion-T05,1,validation
grabmyo-S33-K3-seed3402,33,3,3402,hand_close,grabmyo-S033-D1-hand_close-T01,grabmyo-S033-D1-hand_close-T01,grabmyo-S033-D1-hand_close-T01,1,validation
grabmyo-S33-K3-seed3402,33,3,3402,hand_close,grabmyo-S033-D1-hand_close-T05,grabmyo-S033-D1-hand_close-T05,grabmyo-S033-D1-hand_close-T05,1,validation
grabmyo-S33-K3-seed3402,33,3,3402,hand_close,grabmyo-S033-D1-hand_close-T07,grabmyo-S033-D1-hand_close-T07,grabmyo-S033-D1-hand_close-T07,1,validation
grabmyo-S33-K3-seed3402,33,3,3402,rest,grabmyo-S033-D1-rest-T01,grabmyo-S033-D1-rest-T01,grabmyo-S033-D1-rest-T01,1,validation
grabmyo-S33-K3-seed3402,33,3,3402,rest,grabmyo-S033-D1-rest-T05,grabmyo-S033-D1-rest-T05,grabmyo-S033-D1-rest-T05,1,validation
grabmyo-S33-K3-seed3402,33,3,3402,rest,grabmyo-S033-D1-rest-T06,grabmyo-S033-D1-rest-T06,grabmyo-S033-D1-rest-T06,1,validation
grabmyo-S33-K3-seed3402,33,3,3402,wrist_extension,grabmyo-S033-D1-wrist_extension-T02,grabmyo-S033-D1-wrist_extension-T02,grabmyo-S033-D1-wrist_extension-T02,1,validation
grabmyo-S33-K3-seed3402,33,3,3402,wrist_extension,grabmyo-S033-D1-wrist_extension-T04,grabmyo-S033-D1-wrist_extension-T04,grabmyo-S033-D1-wrist_extension-T04,1,validation
grabmyo-S33-K3-seed3402,33,3,3402,wrist_extension,grabmyo-S033-D1-wrist_extension-T05,grabmyo-S033-D1-wrist_extension-T05,grabmyo-S033-D1-wrist_extension-T05,1,validation
grabmyo-S33-K3-seed3402,33,3,3402,wrist_flexion,grabmyo-S033-D1-wrist_flexion-T02,grabmyo-S033-D1-wrist_flexion-T02,grabmyo-S033-D1-wrist_flexion-T02,1,validation
grabmyo-S33-K3-seed3402,33,3,3402,wrist_flexion,grabmyo-S033-D1-wrist_flexion-T03,grabmyo-S033-D1-wrist_flexion-T03,grabmyo-S033-D1-wrist_flexion-T03,1,validation
grabmyo-S33-K3-seed3402,33,3,3402,wrist_flexion,grabmyo-S033-D1-wrist_flexion-T07,grabmyo-S033-D1-wrist_flexion-T07,grabmyo-S033-D1-wrist_flexion-T07,1,validation
grabmyo-S34-K3-seed3402,34,3,3402,hand_close,grabmyo-S034-D1-hand_close-T01,grabmyo-S034-D1-hand_close-T01,grabmyo-S034-D1-hand_close-T01,1,validation
grabmyo-S34-K3-seed3402,34,3,3402,hand_close,grabmyo-S034-D1-hand_close-T05,grabmyo-S034-D1-hand_close-T05,grabmyo-S034-D1-hand_close-T05,1,validation
grabmyo-S34-K3-seed3402,34,3,3402,hand_close,grabmyo-S034-D1-hand_close-T07,grabmyo-S034-D1-hand_close-T07,grabmyo-S034-D1-hand_close-T07,1,validation
grabmyo-S34-K3-seed3402,34,3,3402,rest,grabmyo-S034-D1-rest-T02,grabmyo-S034-D1-rest-T02,grabmyo-S034-D1-rest-T02,1,validation
grabmyo-S34-K3-seed3402,34,3,3402,rest,grabmyo-S034-D1-rest-T05,grabmyo-S034-D1-rest-T05,grabmyo-S034-D1-rest-T05,1,validation
grabmyo-S34-K3-seed3402,34,3,3402,rest,grabmyo-S034-D1-rest-T07,grabmyo-S034-D1-rest-T07,grabmyo-S034-D1-rest-T07,1,validation
grabmyo-S34-K3-seed3402,34,3,3402,wrist_extension,grabmyo-S034-D1-wrist_extension-T01,grabmyo-S034-D1-wrist_extension-T01,grabmyo-S034-D1-wrist_extension-T01,1,validation
grabmyo-S34-K3-seed3402,34,3,3402,wrist_extension,grabmyo-S034-D1-wrist_extension-T05,grabmyo-S034-D1-wrist_extension-T05,grabmyo-S034-D1-wrist_extension-T05,1,validation
grabmyo-S34-K3-seed3402,34,3,3402,wrist_extension,grabmyo-S034-D1-wrist_extension-T06,grabmyo-S034-D1-wrist_extension-T06,grabmyo-S034-D1-wrist_extension-T06,1,validation
grabmyo-S34-K3-seed3402,34,3,3402,wrist_flexion,grabmyo-S034-D1-wrist_flexion-T04,grabmyo-S034-D1-wrist_flexion-T04,grabmyo-S034-D1-wrist_flexion-T04,1,validation
grabmyo-S34-K3-seed3402,34,3,3402,wrist_flexion,grabmyo-S034-D1-wrist_flexion-T06,grabmyo-S034-D1-wrist_flexion-T06,grabmyo-S034-D1-wrist_flexion-T06,1,validation
grabmyo-S34-K3-seed3402,34,3,3402,wrist_flexion,grabmyo-S034-D1-wrist_flexion-T07,grabmyo-S034-D1-wrist_flexion-T07,grabmyo-S034-D1-wrist_flexion-T07,1,validation
grabmyo-S35-K3-seed3402,35,3,3402,hand_close,grabmyo-S035-D1-hand_close-T03,grabmyo-S035-D1-hand_close-T03,grabmyo-S035-D1-hand_close-T03,1,validation
grabmyo-S35-K3-seed3402,35,3,3402,hand_close,grabmyo-S035-D1-hand_close-T04,grabmyo-S035-D1-hand_close-T04,grabmyo-S035-D1-hand_close-T04,1,validation
grabmyo-S35-K3-seed3402,35,3,3402,hand_close,grabmyo-S035-D1-hand_close-T06,grabmyo-S035-D1-hand_close-T06,grabmyo-S035-D1-hand_close-T06,1,validation
grabmyo-S35-K3-seed3402,35,3,3402,rest,grabmyo-S035-D1-rest-T02,grabmyo-S035-D1-rest-T02,grabmyo-S035-D1-rest-T02,1,validation
grabmyo-S35-K3-seed3402,35,3,3402,rest,grabmyo-S035-D1-rest-T03,grabmyo-S035-D1-rest-T03,grabmyo-S035-D1-rest-T03,1,validation
grabmyo-S35-K3-seed3402,35,3,3402,rest,grabmyo-S035-D1-rest-T07,grabmyo-S035-D1-rest-T07,grabmyo-S035-D1-rest-T07,1,validation
grabmyo-S35-K3-seed3402,35,3,3402,wrist_extension,grabmyo-S035-D1-wrist_extension-T03,grabmyo-S035-D1-wrist_extension-T03,grabmyo-S035-D1-wrist_extension-T03,1,validation
grabmyo-S35-K3-seed3402,35,3,3402,wrist_extension,grabmyo-S035-D1-wrist_extension-T05,grabmyo-S035-D1-wrist_extension-T05,grabmyo-S035-D1-wrist_extension-T05,1,validation
grabmyo-S35-K3-seed3402,35,3,3402,wrist_extension,grabmyo-S035-D1-wrist_extension-T07,grabmyo-S035-D1-wrist_extension-T07,grabmyo-S035-D1-wrist_extension-T07,1,validation
grabmyo-S35-K3-seed3402,35,3,3402,wrist_flexion,grabmyo-S035-D1-wrist_flexion-T03,grabmyo-S035-D1-wrist_flexion-T03,grabmyo-S035-D1-wrist_flexion-T03,1,validation
grabmyo-S35-K3-seed3402,35,3,3402,wrist_flexion,grabmyo-S035-D1-wrist_flexion-T05,grabmyo-S035-D1-wrist_flexion-T05,grabmyo-S035-D1-wrist_flexion-T05,1,validation
grabmyo-S35-K3-seed3402,35,3,3402,wrist_flexion,grabmyo-S035-D1-wrist_flexion-T06,grabmyo-S035-D1-wrist_flexion-T06,grabmyo-S035-D1-wrist_flexion-T06,1,validation
grabmyo-S41-K3-seed3402,41,3,3402,hand_close,grabmyo-S041-D1-hand_close-T05,grabmyo-S041-D1-hand_close-T05,grabmyo-S041-D1-hand_close-T05,1,validation
grabmyo-S41-K3-seed3402,41,3,3402,hand_close,grabmyo-S041-D1-hand_close-T06,grabmyo-S041-D1-hand_close-T06,grabmyo-S041-D1-hand_close-T06,1,validation
grabmyo-S41-K3-seed3402,41,3,3402,hand_close,grabmyo-S041-D1-hand_close-T07,grabmyo-S041-D1-hand_close-T07,grabmyo-S041-D1-hand_close-T07,1,validation
grabmyo-S41-K3-seed3402,41,3,3402,rest,grabmyo-S041-D1-rest-T02,grabmyo-S041-D1-rest-T02,grabmyo-S041-D1-rest-T02,1,validation
grabmyo-S41-K3-seed3402,41,3,3402,rest,grabmyo-S041-D1-rest-T03,grabmyo-S041-D1-rest-T03,grabmyo-S041-D1-rest-T03,1,validation
grabmyo-S41-K3-seed3402,41,3,3402,rest,grabmyo-S041-D1-rest-T04,grabmyo-S041-D1-rest-T04,grabmyo-S041-D1-rest-T04,1,validation
grabmyo-S41-K3-seed3402,41,3,3402,wrist_extension,grabmyo-S041-D1-wrist_extension-T02,grabmyo-S041-D1-wrist_extension-T02,grabmyo-S041-D1-wrist_extension-T02,1,validation
grabmyo-S41-K3-seed3402,41,3,3402,wrist_extension,grabmyo-S041-D1-wrist_extension-T03,grabmyo-S041-D1-wrist_extension-T03,grabmyo-S041-D1-wrist_extension-T03,1,validation
grabmyo-S41-K3-seed3402,41,3,3402,wrist_extension,grabmyo-S041-D1-wrist_extension-T06,grabmyo-S041-D1-wrist_extension-T06,grabmyo-S041-D1-wrist_extension-T06,1,validation
grabmyo-S41-K3-seed3402,41,3,3402,wrist_flexion,grabmyo-S041-D1-wrist_flexion-T02,grabmyo-S041-D1-wrist_flexion-T02,grabmyo-S041-D1-wrist_flexion-T02,1,validation
grabmyo-S41-K3-seed3402,41,3,3402,wrist_flexion,grabmyo-S041-D1-wrist_flexion-T04,grabmyo-S041-D1-wrist_flexion-T04,grabmyo-S041-D1-wrist_flexion-T04,1,validation
grabmyo-S41-K3-seed3402,41,3,3402,wrist_flexion,grabmyo-S041-D1-wrist_flexion-T06,grabmyo-S041-D1-wrist_flexion-T06,grabmyo-S041-D1-wrist_flexion-T06,1,validation
grabmyo-S12-K3-seed3403,12,3,3403,hand_close,grabmyo-S012-D1-hand_close-T01,grabmyo-S012-D1-hand_close-T01,grabmyo-S012-D1-hand_close-T01,1,validation
grabmyo-S12-K3-seed3403,12,3,3403,hand_close,grabmyo-S012-D1-hand_close-T04,grabmyo-S012-D1-hand_close-T04,grabmyo-S012-D1-hand_close-T04,1,validation
grabmyo-S12-K3-seed3403,12,3,3403,hand_close,grabmyo-S012-D1-hand_close-T05,grabmyo-S012-D1-hand_close-T05,grabmyo-S012-D1-hand_close-T05,1,validation
grabmyo-S12-K3-seed3403,12,3,3403,rest,grabmyo-S012-D1-rest-T01,grabmyo-S012-D1-rest-T01,grabmyo-S012-D1-rest-T01,1,validation
grabmyo-S12-K3-seed3403,12,3,3403,rest,grabmyo-S012-D1-rest-T02,grabmyo-S012-D1-rest-T02,grabmyo-S012-D1-rest-T02,1,validation
grabmyo-S12-K3-seed3403,12,3,3403,rest,grabmyo-S012-D1-rest-T07,grabmyo-S012-D1-rest-T07,grabmyo-S012-D1-rest-T07,1,validation
grabmyo-S12-K3-seed3403,12,3,3403,wrist_extension,grabmyo-S012-D1-wrist_extension-T02,grabmyo-S012-D1-wrist_extension-T02,grabmyo-S012-D1-wrist_extension-T02,1,validation
grabmyo-S12-K3-seed3403,12,3,3403,wrist_extension,grabmyo-S012-D1-wrist_extension-T05,grabmyo-S012-D1-wrist_extension-T05,grabmyo-S012-D1-wrist_extension-T05,1,validation
grabmyo-S12-K3-seed3403,12,3,3403,wrist_extension,grabmyo-S012-D1-wrist_extension-T06,grabmyo-S012-D1-wrist_extension-T06,grabmyo-S012-D1-wrist_extension-T06,1,validation
grabmyo-S12-K3-seed3403,12,3,3403,wrist_flexion,grabmyo-S012-D1-wrist_flexion-T01,grabmyo-S012-D1-wrist_flexion-T01,grabmyo-S012-D1-wrist_flexion-T01,1,validation
grabmyo-S12-K3-seed3403,12,3,3403,wrist_flexion,grabmyo-S012-D1-wrist_flexion-T03,grabmyo-S012-D1-wrist_flexion-T03,grabmyo-S012-D1-wrist_flexion-T03,1,validation
grabmyo-S12-K3-seed3403,12,3,3403,wrist_flexion,grabmyo-S012-D1-wrist_flexion-T06,grabmyo-S012-D1-wrist_flexion-T06,grabmyo-S012-D1-wrist_flexion-T06,1,validation
grabmyo-S13-K3-seed3403,13,3,3403,hand_close,grabmyo-S013-D1-hand_close-T01,grabmyo-S013-D1-hand_close-T01,grabmyo-S013-D1-hand_close-T01,1,validation
grabmyo-S13-K3-seed3403,13,3,3403,hand_close,grabmyo-S013-D1-hand_close-T06,grabmyo-S013-D1-hand_close-T06,grabmyo-S013-D1-hand_close-T06,1,validation
grabmyo-S13-K3-seed3403,13,3,3403,hand_close,grabmyo-S013-D1-hand_close-T07,grabmyo-S013-D1-hand_close-T07,grabmyo-S013-D1-hand_close-T07,1,validation
grabmyo-S13-K3-seed3403,13,3,3403,rest,grabmyo-S013-D1-rest-T01,grabmyo-S013-D1-rest-T01,grabmyo-S013-D1-rest-T01,1,validation
grabmyo-S13-K3-seed3403,13,3,3403,rest,grabmyo-S013-D1-rest-T06,grabmyo-S013-D1-rest-T06,grabmyo-S013-D1-rest-T06,1,validation
grabmyo-S13-K3-seed3403,13,3,3403,rest,grabmyo-S013-D1-rest-T07,grabmyo-S013-D1-rest-T07,grabmyo-S013-D1-rest-T07,1,validation
grabmyo-S13-K3-seed3403,13,3,3403,wrist_extension,grabmyo-S013-D1-wrist_extension-T03,grabmyo-S013-D1-wrist_extension-T03,grabmyo-S013-D1-wrist_extension-T03,1,validation
grabmyo-S13-K3-seed3403,13,3,3403,wrist_extension,grabmyo-S013-D1-wrist_extension-T06,grabmyo-S013-D1-wrist_extension-T06,grabmyo-S013-D1-wrist_extension-T06,1,validation
grabmyo-S13-K3-seed3403,13,3,3403,wrist_extension,grabmyo-S013-D1-wrist_extension-T07,grabmyo-S013-D1-wrist_extension-T07,grabmyo-S013-D1-wrist_extension-T07,1,validation
grabmyo-S13-K3-seed3403,13,3,3403,wrist_flexion,grabmyo-S013-D1-wrist_flexion-T02,grabmyo-S013-D1-wrist_flexion-T02,grabmyo-S013-D1-wrist_flexion-T02,1,validation
grabmyo-S13-K3-seed3403,13,3,3403,wrist_flexion,grabmyo-S013-D1-wrist_flexion-T05,grabmyo-S013-D1-wrist_flexion-T05,grabmyo-S013-D1-wrist_flexion-T05,1,validation
grabmyo-S13-K3-seed3403,13,3,3403,wrist_flexion,grabmyo-S013-D1-wrist_flexion-T06,grabmyo-S013-D1-wrist_flexion-T06,grabmyo-S013-D1-wrist_flexion-T06,1,validation
grabmyo-S25-K3-seed3403,25,3,3403,hand_close,grabmyo-S025-D1-hand_close-T01,grabmyo-S025-D1-hand_close-T01,grabmyo-S025-D1-hand_close-T01,1,validation
grabmyo-S25-K3-seed3403,25,3,3403,hand_close,grabmyo-S025-D1-hand_close-T02,grabmyo-S025-D1-hand_close-T02,grabmyo-S025-D1-hand_close-T02,1,validation
grabmyo-S25-K3-seed3403,25,3,3403,hand_close,grabmyo-S025-D1-hand_close-T04,grabmyo-S025-D1-hand_close-T04,grabmyo-S025-D1-hand_close-T04,1,validation
grabmyo-S25-K3-seed3403,25,3,3403,rest,grabmyo-S025-D1-rest-T01,grabmyo-S025-D1-rest-T01,grabmyo-S025-D1-rest-T01,1,validation
grabmyo-S25-K3-seed3403,25,3,3403,rest,grabmyo-S025-D1-rest-T06,grabmyo-S025-D1-rest-T06,grabmyo-S025-D1-rest-T06,1,validation
grabmyo-S25-K3-seed3403,25,3,3403,rest,grabmyo-S025-D1-rest-T07,grabmyo-S025-D1-rest-T07,grabmyo-S025-D1-rest-T07,1,validation
grabmyo-S25-K3-seed3403,25,3,3403,wrist_extension,grabmyo-S025-D1-wrist_extension-T02,grabmyo-S025-D1-wrist_extension-T02,grabmyo-S025-D1-wrist_extension-T02,1,validation
grabmyo-S25-K3-seed3403,25,3,3403,wrist_extension,grabmyo-S025-D1-wrist_extension-T04,grabmyo-S025-D1-wrist_extension-T04,grabmyo-S025-D1-wrist_extension-T04,1,validation
grabmyo-S25-K3-seed3403,25,3,3403,wrist_extension,grabmyo-S025-D1-wrist_extension-T06,grabmyo-S025-D1-wrist_extension-T06,grabmyo-S025-D1-wrist_extension-T06,1,validation
grabmyo-S25-K3-seed3403,25,3,3403,wrist_flexion,grabmyo-S025-D1-wrist_flexion-T01,grabmyo-S025-D1-wrist_flexion-T01,grabmyo-S025-D1-wrist_flexion-T01,1,validation
grabmyo-S25-K3-seed3403,25,3,3403,wrist_flexion,grabmyo-S025-D1-wrist_flexion-T02,grabmyo-S025-D1-wrist_flexion-T02,grabmyo-S025-D1-wrist_flexion-T02,1,validation
grabmyo-S25-K3-seed3403,25,3,3403,wrist_flexion,grabmyo-S025-D1-wrist_flexion-T07,grabmyo-S025-D1-wrist_flexion-T07,grabmyo-S025-D1-wrist_flexion-T07,1,validation
grabmyo-S26-K3-seed3403,26,3,3403,hand_close,grabmyo-S026-D1-hand_close-T04,grabmyo-S026-D1-hand_close-T04,grabmyo-S026-D1-hand_close-T04,1,validation
grabmyo-S26-K3-seed3403,26,3,3403,hand_close,grabmyo-S026-D1-hand_close-T06,grabmyo-S026-D1-hand_close-T06,grabmyo-S026-D1-hand_close-T06,1,validation
grabmyo-S26-K3-seed3403,26,3,3403,hand_close,grabmyo-S026-D1-hand_close-T07,grabmyo-S026-D1-hand_close-T07,grabmyo-S026-D1-hand_close-T07,1,validation
grabmyo-S26-K3-seed3403,26,3,3403,rest,grabmyo-S026-D1-rest-T01,grabmyo-S026-D1-rest-T01,grabmyo-S026-D1-rest-T01,1,validation
grabmyo-S26-K3-seed3403,26,3,3403,rest,grabmyo-S026-D1-rest-T02,grabmyo-S026-D1-rest-T02,grabmyo-S026-D1-rest-T02,1,validation
grabmyo-S26-K3-seed3403,26,3,3403,rest,grabmyo-S026-D1-rest-T06,grabmyo-S026-D1-rest-T06,grabmyo-S026-D1-rest-T06,1,validation
grabmyo-S26-K3-seed3403,26,3,3403,wrist_extension,grabmyo-S026-D1-wrist_extension-T01,grabmyo-S026-D1-wrist_extension-T01,grabmyo-S026-D1-wrist_extension-T01,1,validation
grabmyo-S26-K3-seed3403,26,3,3403,wrist_extension,grabmyo-S026-D1-wrist_extension-T02,grabmyo-S026-D1-wrist_extension-T02,grabmyo-S026-D1-wrist_extension-T02,1,validation
grabmyo-S26-K3-seed3403,26,3,3403,wrist_extension,grabmyo-S026-D1-wrist_extension-T07,grabmyo-S026-D1-wrist_extension-T07,grabmyo-S026-D1-wrist_extension-T07,1,validation
grabmyo-S26-K3-seed3403,26,3,3403,wrist_flexion,grabmyo-S026-D1-wrist_flexion-T01,grabmyo-S026-D1-wrist_flexion-T01,grabmyo-S026-D1-wrist_flexion-T01,1,validation
grabmyo-S26-K3-seed3403,26,3,3403,wrist_flexion,grabmyo-S026-D1-wrist_flexion-T03,grabmyo-S026-D1-wrist_flexion-T03,grabmyo-S026-D1-wrist_flexion-T03,1,validation
grabmyo-S26-K3-seed3403,26,3,3403,wrist_flexion,grabmyo-S026-D1-wrist_flexion-T07,grabmyo-S026-D1-wrist_flexion-T07,grabmyo-S026-D1-wrist_flexion-T07,1,validation
grabmyo-S29-K3-seed3403,29,3,3403,hand_close,grabmyo-S029-D1-hand_close-T01,grabmyo-S029-D1-hand_close-T01,grabmyo-S029-D1-hand_close-T01,1,validation
grabmyo-S29-K3-seed3403,29,3,3403,hand_close,grabmyo-S029-D1-hand_close-T03,grabmyo-S029-D1-hand_close-T03,grabmyo-S029-D1-hand_close-T03,1,validation
grabmyo-S29-K3-seed3403,29,3,3403,hand_close,grabmyo-S029-D1-hand_close-T04,grabmyo-S029-D1-hand_close-T04,grabmyo-S029-D1-hand_close-T04,1,validation
grabmyo-S29-K3-seed3403,29,3,3403,rest,grabmyo-S029-D1-rest-T01,grabmyo-S029-D1-rest-T01,grabmyo-S029-D1-rest-T01,1,validation
grabmyo-S29-K3-seed3403,29,3,3403,rest,grabmyo-S029-D1-rest-T02,grabmyo-S029-D1-rest-T02,grabmyo-S029-D1-rest-T02,1,validation
grabmyo-S29-K3-seed3403,29,3,3403,rest,grabmyo-S029-D1-rest-T06,grabmyo-S029-D1-rest-T06,grabmyo-S029-D1-rest-T06,1,validation
grabmyo-S29-K3-seed3403,29,3,3403,wrist_extension,grabmyo-S029-D1-wrist_extension-T04,grabmyo-S029-D1-wrist_extension-T04,grabmyo-S029-D1-wrist_extension-T04,1,validation
grabmyo-S29-K3-seed3403,29,3,3403,wrist_extension,grabmyo-S029-D1-wrist_extension-T06,grabmyo-S029-D1-wrist_extension-T06,grabmyo-S029-D1-wrist_extension-T06,1,validation
grabmyo-S29-K3-seed3403,29,3,3403,wrist_extension,grabmyo-S029-D1-wrist_extension-T07,grabmyo-S029-D1-wrist_extension-T07,grabmyo-S029-D1-wrist_extension-T07,1,validation
grabmyo-S29-K3-seed3403,29,3,3403,wrist_flexion,grabmyo-S029-D1-wrist_flexion-T02,grabmyo-S029-D1-wrist_flexion-T02,grabmyo-S029-D1-wrist_flexion-T02,1,validation
grabmyo-S29-K3-seed3403,29,3,3403,wrist_flexion,grabmyo-S029-D1-wrist_flexion-T03,grabmyo-S029-D1-wrist_flexion-T03,grabmyo-S029-D1-wrist_flexion-T03,1,validation
grabmyo-S29-K3-seed3403,29,3,3403,wrist_flexion,grabmyo-S029-D1-wrist_flexion-T07,grabmyo-S029-D1-wrist_flexion-T07,grabmyo-S029-D1-wrist_flexion-T07,1,validation
grabmyo-S33-K3-seed3403,33,3,3403,hand_close,grabmyo-S033-D1-hand_close-T02,grabmyo-S033-D1-hand_close-T02,grabmyo-S033-D1-hand_close-T02,1,validation
grabmyo-S33-K3-seed3403,33,3,3403,hand_close,grabmyo-S033-D1-hand_close-T03,grabmyo-S033-D1-hand_close-T03,grabmyo-S033-D1-hand_close-T03,1,validation
grabmyo-S33-K3-seed3403,33,3,3403,hand_close,grabmyo-S033-D1-hand_close-T04,grabmyo-S033-D1-hand_close-T04,grabmyo-S033-D1-hand_close-T04,1,validation
grabmyo-S33-K3-seed3403,33,3,3403,rest,grabmyo-S033-D1-rest-T02,grabmyo-S033-D1-rest-T02,grabmyo-S033-D1-rest-T02,1,validation
grabmyo-S33-K3-seed3403,33,3,3403,rest,grabmyo-S033-D1-rest-T04,grabmyo-S033-D1-rest-T04,grabmyo-S033-D1-rest-T04,1,validation
grabmyo-S33-K3-seed3403,33,3,3403,rest,grabmyo-S033-D1-rest-T05,grabmyo-S033-D1-rest-T05,grabmyo-S033-D1-rest-T05,1,validation
grabmyo-S33-K3-seed3403,33,3,3403,wrist_extension,grabmyo-S033-D1-wrist_extension-T01,grabmyo-S033-D1-wrist_extension-T01,grabmyo-S033-D1-wrist_extension-T01,1,validation
grabmyo-S33-K3-seed3403,33,3,3403,wrist_extension,grabmyo-S033-D1-wrist_extension-T06,grabmyo-S033-D1-wrist_extension-T06,grabmyo-S033-D1-wrist_extension-T06,1,validation
grabmyo-S33-K3-seed3403,33,3,3403,wrist_extension,grabmyo-S033-D1-wrist_extension-T07,grabmyo-S033-D1-wrist_extension-T07,grabmyo-S033-D1-wrist_extension-T07,1,validation
grabmyo-S33-K3-seed3403,33,3,3403,wrist_flexion,grabmyo-S033-D1-wrist_flexion-T01,grabmyo-S033-D1-wrist_flexion-T01,grabmyo-S033-D1-wrist_flexion-T01,1,validation
grabmyo-S33-K3-seed3403,33,3,3403,wrist_flexion,grabmyo-S033-D1-wrist_flexion-T03,grabmyo-S033-D1-wrist_flexion-T03,grabmyo-S033-D1-wrist_flexion-T03,1,validation
grabmyo-S33-K3-seed3403,33,3,3403,wrist_flexion,grabmyo-S033-D1-wrist_flexion-T04,grabmyo-S033-D1-wrist_flexion-T04,grabmyo-S033-D1-wrist_flexion-T04,1,validation
grabmyo-S34-K3-seed3403,34,3,3403,hand_close,grabmyo-S034-D1-hand_close-T03,grabmyo-S034-D1-hand_close-T03,grabmyo-S034-D1-hand_close-T03,1,validation
grabmyo-S34-K3-seed3403,34,3,3403,hand_close,grabmyo-S034-D1-hand_close-T04,grabmyo-S034-D1-hand_close-T04,grabmyo-S034-D1-hand_close-T04,1,validation
grabmyo-S34-K3-seed3403,34,3,3403,hand_close,grabmyo-S034-D1-hand_close-T05,grabmyo-S034-D1-hand_close-T05,grabmyo-S034-D1-hand_close-T05,1,validation
grabmyo-S34-K3-seed3403,34,3,3403,rest,grabmyo-S034-D1-rest-T01,grabmyo-S034-D1-rest-T01,grabmyo-S034-D1-rest-T01,1,validation
grabmyo-S34-K3-seed3403,34,3,3403,rest,grabmyo-S034-D1-rest-T03,grabmyo-S034-D1-rest-T03,grabmyo-S034-D1-rest-T03,1,validation
grabmyo-S34-K3-seed3403,34,3,3403,rest,grabmyo-S034-D1-rest-T05,grabmyo-S034-D1-rest-T05,grabmyo-S034-D1-rest-T05,1,validation
grabmyo-S34-K3-seed3403,34,3,3403,wrist_extension,grabmyo-S034-D1-wrist_extension-T02,grabmyo-S034-D1-wrist_extension-T02,grabmyo-S034-D1-wrist_extension-T02,1,validation
grabmyo-S34-K3-seed3403,34,3,3403,wrist_extension,grabmyo-S034-D1-wrist_extension-T03,grabmyo-S034-D1-wrist_extension-T03,grabmyo-S034-D1-wrist_extension-T03,1,validation
grabmyo-S34-K3-seed3403,34,3,3403,wrist_extension,grabmyo-S034-D1-wrist_extension-T06,grabmyo-S034-D1-wrist_extension-T06,grabmyo-S034-D1-wrist_extension-T06,1,validation
grabmyo-S34-K3-seed3403,34,3,3403,wrist_flexion,grabmyo-S034-D1-wrist_flexion-T03,grabmyo-S034-D1-wrist_flexion-T03,grabmyo-S034-D1-wrist_flexion-T03,1,validation
grabmyo-S34-K3-seed3403,34,3,3403,wrist_flexion,grabmyo-S034-D1-wrist_flexion-T05,grabmyo-S034-D1-wrist_flexion-T05,grabmyo-S034-D1-wrist_flexion-T05,1,validation
grabmyo-S34-K3-seed3403,34,3,3403,wrist_flexion,grabmyo-S034-D1-wrist_flexion-T07,grabmyo-S034-D1-wrist_flexion-T07,grabmyo-S034-D1-wrist_flexion-T07,1,validation
grabmyo-S35-K3-seed3403,35,3,3403,hand_close,grabmyo-S035-D1-hand_close-T01,grabmyo-S035-D1-hand_close-T01,grabmyo-S035-D1-hand_close-T01,1,validation
grabmyo-S35-K3-seed3403,35,3,3403,hand_close,grabmyo-S035-D1-hand_close-T05,grabmyo-S035-D1-hand_close-T05,grabmyo-S035-D1-hand_close-T05,1,validation
grabmyo-S35-K3-seed3403,35,3,3403,hand_close,grabmyo-S035-D1-hand_close-T06,grabmyo-S035-D1-hand_close-T06,grabmyo-S035-D1-hand_close-T06,1,validation
grabmyo-S35-K3-seed3403,35,3,3403,rest,grabmyo-S035-D1-rest-T02,grabmyo-S035-D1-rest-T02,grabmyo-S035-D1-rest-T02,1,validation
grabmyo-S35-K3-seed3403,35,3,3403,rest,grabmyo-S035-D1-rest-T03,grabmyo-S035-D1-rest-T03,grabmyo-S035-D1-rest-T03,1,validation
grabmyo-S35-K3-seed3403,35,3,3403,rest,grabmyo-S035-D1-rest-T07,grabmyo-S035-D1-rest-T07,grabmyo-S035-D1-rest-T07,1,validation
grabmyo-S35-K3-seed3403,35,3,3403,wrist_extension,grabmyo-S035-D1-wrist_extension-T01,grabmyo-S035-D1-wrist_extension-T01,grabmyo-S035-D1-wrist_extension-T01,1,validation
grabmyo-S35-K3-seed3403,35,3,3403,wrist_extension,grabmyo-S035-D1-wrist_extension-T02,grabmyo-S035-D1-wrist_extension-T02,grabmyo-S035-D1-wrist_extension-T02,1,validation
grabmyo-S35-K3-seed3403,35,3,3403,wrist_extension,grabmyo-S035-D1-wrist_extension-T05,grabmyo-S035-D1-wrist_extension-T05,grabmyo-S035-D1-wrist_extension-T05,1,validation
grabmyo-S35-K3-seed3403,35,3,3403,wrist_flexion,grabmyo-S035-D1-wrist_flexion-T01,grabmyo-S035-D1-wrist_flexion-T01,grabmyo-S035-D1-wrist_flexion-T01,1,validation
grabmyo-S35-K3-seed3403,35,3,3403,wrist_flexion,grabmyo-S035-D1-wrist_flexion-T02,grabmyo-S035-D1-wrist_flexion-T02,grabmyo-S035-D1-wrist_flexion-T02,1,validation
grabmyo-S35-K3-seed3403,35,3,3403,wrist_flexion,grabmyo-S035-D1-wrist_flexion-T05,grabmyo-S035-D1-wrist_flexion-T05,grabmyo-S035-D1-wrist_flexion-T05,1,validation
grabmyo-S41-K3-seed3403,41,3,3403,hand_close,grabmyo-S041-D1-hand_close-T01,grabmyo-S041-D1-hand_close-T01,grabmyo-S041-D1-hand_close-T01,1,validation
grabmyo-S41-K3-seed3403,41,3,3403,hand_close,grabmyo-S041-D1-hand_close-T03,grabmyo-S041-D1-hand_close-T03,grabmyo-S041-D1-hand_close-T03,1,validation
grabmyo-S41-K3-seed3403,41,3,3403,hand_close,grabmyo-S041-D1-hand_close-T06,grabmyo-S041-D1-hand_close-T06,grabmyo-S041-D1-hand_close-T06,1,validation
grabmyo-S41-K3-seed3403,41,3,3403,rest,grabmyo-S041-D1-rest-T01,grabmyo-S041-D1-rest-T01,grabmyo-S041-D1-rest-T01,1,validation
grabmyo-S41-K3-seed3403,41,3,3403,rest,grabmyo-S041-D1-rest-T02,grabmyo-S041-D1-rest-T02,grabmyo-S041-D1-rest-T02,1,validation
grabmyo-S41-K3-seed3403,41,3,3403,rest,grabmyo-S041-D1-rest-T06,grabmyo-S041-D1-rest-T06,grabmyo-S041-D1-rest-T06,1,validation
grabmyo-S41-K3-seed3403,41,3,3403,wrist_extension,grabmyo-S041-D1-wrist_extension-T01,grabmyo-S041-D1-wrist_extension-T01,grabmyo-S041-D1-wrist_extension-T01,1,validation
grabmyo-S41-K3-seed3403,41,3,3403,wrist_extension,grabmyo-S041-D1-wrist_extension-T02,grabmyo-S041-D1-wrist_extension-T02,grabmyo-S041-D1-wrist_extension-T02,1,validation
grabmyo-S41-K3-seed3403,41,3,3403,wrist_extension,grabmyo-S041-D1-wrist_extension-T03,grabmyo-S041-D1-wrist_extension-T03,grabmyo-S041-D1-wrist_extension-T03,1,validation
grabmyo-S41-K3-seed3403,41,3,3403,wrist_flexion,grabmyo-S041-D1-wrist_flexion-T01,grabmyo-S041-D1-wrist_flexion-T01,grabmyo-S041-D1-wrist_flexion-T01,1,validation
grabmyo-S41-K3-seed3403,41,3,3403,wrist_flexion,grabmyo-S041-D1-wrist_flexion-T02,grabmyo-S041-D1-wrist_flexion-T02,grabmyo-S041-D1-wrist_flexion-T02,1,validation
grabmyo-S41-K3-seed3403,41,3,3403,wrist_flexion,grabmyo-S041-D1-wrist_flexion-T07,grabmyo-S041-D1-wrist_flexion-T07,grabmyo-S041-D1-wrist_flexion-T07,1,validation
grabmyo-S12-K3-seed3404,12,3,3404,hand_close,grabmyo-S012-D1-hand_close-T02,grabmyo-S012-D1-hand_close-T02,grabmyo-S012-D1-hand_close-T02,1,validation
grabmyo-S12-K3-seed3404,12,3,3404,hand_close,grabmyo-S012-D1-hand_close-T03,grabmyo-S012-D1-hand_close-T03,grabmyo-S012-D1-hand_close-T03,1,validation
grabmyo-S12-K3-seed3404,12,3,3404,hand_close,grabmyo-S012-D1-hand_close-T07,grabmyo-S012-D1-hand_close-T07,grabmyo-S012-D1-hand_close-T07,1,validation
grabmyo-S12-K3-seed3404,12,3,3404,rest,grabmyo-S012-D1-rest-T01,grabmyo-S012-D1-rest-T01,grabmyo-S012-D1-rest-T01,1,validation
grabmyo-S12-K3-seed3404,12,3,3404,rest,grabmyo-S012-D1-rest-T03,grabmyo-S012-D1-rest-T03,grabmyo-S012-D1-rest-T03,1,validation
grabmyo-S12-K3-seed3404,12,3,3404,rest,grabmyo-S012-D1-rest-T07,grabmyo-S012-D1-rest-T07,grabmyo-S012-D1-rest-T07,1,validation
grabmyo-S12-K3-seed3404,12,3,3404,wrist_extension,grabmyo-S012-D1-wrist_extension-T01,grabmyo-S012-D1-wrist_extension-T01,grabmyo-S012-D1-wrist_extension-T01,1,validation
grabmyo-S12-K3-seed3404,12,3,3404,wrist_extension,grabmyo-S012-D1-wrist_extension-T05,grabmyo-S012-D1-wrist_extension-T05,grabmyo-S012-D1-wrist_extension-T05,1,validation
grabmyo-S12-K3-seed3404,12,3,3404,wrist_extension,grabmyo-S012-D1-wrist_extension-T07,grabmyo-S012-D1-wrist_extension-T07,grabmyo-S012-D1-wrist_extension-T07,1,validation
grabmyo-S12-K3-seed3404,12,3,3404,wrist_flexion,grabmyo-S012-D1-wrist_flexion-T02,grabmyo-S012-D1-wrist_flexion-T02,grabmyo-S012-D1-wrist_flexion-T02,1,validation
grabmyo-S12-K3-seed3404,12,3,3404,wrist_flexion,grabmyo-S012-D1-wrist_flexion-T04,grabmyo-S012-D1-wrist_flexion-T04,grabmyo-S012-D1-wrist_flexion-T04,1,validation
grabmyo-S12-K3-seed3404,12,3,3404,wrist_flexion,grabmyo-S012-D1-wrist_flexion-T06,grabmyo-S012-D1-wrist_flexion-T06,grabmyo-S012-D1-wrist_flexion-T06,1,validation
grabmyo-S13-K3-seed3404,13,3,3404,hand_close,grabmyo-S013-D1-hand_close-T03,grabmyo-S013-D1-hand_close-T03,grabmyo-S013-D1-hand_close-T03,1,validation
grabmyo-S13-K3-seed3404,13,3,3404,hand_close,grabmyo-S013-D1-hand_close-T04,grabmyo-S013-D1-hand_close-T04,grabmyo-S013-D1-hand_close-T04,1,validation
grabmyo-S13-K3-seed3404,13,3,3404,hand_close,grabmyo-S013-D1-hand_close-T05,grabmyo-S013-D1-hand_close-T05,grabmyo-S013-D1-hand_close-T05,1,validation
grabmyo-S13-K3-seed3404,13,3,3404,rest,grabmyo-S013-D1-rest-T02,grabmyo-S013-D1-rest-T02,grabmyo-S013-D1-rest-T02,1,validation
grabmyo-S13-K3-seed3404,13,3,3404,rest,grabmyo-S013-D1-rest-T06,grabmyo-S013-D1-rest-T06,grabmyo-S013-D1-rest-T06,1,validation
grabmyo-S13-K3-seed3404,13,3,3404,rest,grabmyo-S013-D1-rest-T07,grabmyo-S013-D1-rest-T07,grabmyo-S013-D1-rest-T07,1,validation
grabmyo-S13-K3-seed3404,13,3,3404,wrist_extension,grabmyo-S013-D1-wrist_extension-T01,grabmyo-S013-D1-wrist_extension-T01,grabmyo-S013-D1-wrist_extension-T01,1,validation
grabmyo-S13-K3-seed3404,13,3,3404,wrist_extension,grabmyo-S013-D1-wrist_extension-T02,grabmyo-S013-D1-wrist_extension-T02,grabmyo-S013-D1-wrist_extension-T02,1,validation
grabmyo-S13-K3-seed3404,13,3,3404,wrist_extension,grabmyo-S013-D1-wrist_extension-T04,grabmyo-S013-D1-wrist_extension-T04,grabmyo-S013-D1-wrist_extension-T04,1,validation
grabmyo-S13-K3-seed3404,13,3,3404,wrist_flexion,grabmyo-S013-D1-wrist_flexion-T01,grabmyo-S013-D1-wrist_flexion-T01,grabmyo-S013-D1-wrist_flexion-T01,1,validation
grabmyo-S13-K3-seed3404,13,3,3404,wrist_flexion,grabmyo-S013-D1-wrist_flexion-T03,grabmyo-S013-D1-wrist_flexion-T03,grabmyo-S013-D1-wrist_flexion-T03,1,validation
grabmyo-S13-K3-seed3404,13,3,3404,wrist_flexion,grabmyo-S013-D1-wrist_flexion-T05,grabmyo-S013-D1-wrist_flexion-T05,grabmyo-S013-D1-wrist_flexion-T05,1,validation
grabmyo-S25-K3-seed3404,25,3,3404,hand_close,grabmyo-S025-D1-hand_close-T01,grabmyo-S025-D1-hand_close-T01,grabmyo-S025-D1-hand_close-T01,1,validation
grabmyo-S25-K3-seed3404,25,3,3404,hand_close,grabmyo-S025-D1-hand_close-T02,grabmyo-S025-D1-hand_close-T02,grabmyo-S025-D1-hand_close-T02,1,validation
grabmyo-S25-K3-seed3404,25,3,3404,hand_close,grabmyo-S025-D1-hand_close-T04,grabmyo-S025-D1-hand_close-T04,grabmyo-S025-D1-hand_close-T04,1,validation
grabmyo-S25-K3-seed3404,25,3,3404,rest,grabmyo-S025-D1-rest-T02,grabmyo-S025-D1-rest-T02,grabmyo-S025-D1-rest-T02,1,validation
grabmyo-S25-K3-seed3404,25,3,3404,rest,grabmyo-S025-D1-rest-T04,grabmyo-S025-D1-rest-T04,grabmyo-S025-D1-rest-T04,1,validation
grabmyo-S25-K3-seed3404,25,3,3404,rest,grabmyo-S025-D1-rest-T05,grabmyo-S025-D1-rest-T05,grabmyo-S025-D1-rest-T05,1,validation
grabmyo-S25-K3-seed3404,25,3,3404,wrist_extension,grabmyo-S025-D1-wrist_extension-T01,grabmyo-S025-D1-wrist_extension-T01,grabmyo-S025-D1-wrist_extension-T01,1,validation
grabmyo-S25-K3-seed3404,25,3,3404,wrist_extension,grabmyo-S025-D1-wrist_extension-T03,grabmyo-S025-D1-wrist_extension-T03,grabmyo-S025-D1-wrist_extension-T03,1,validation
grabmyo-S25-K3-seed3404,25,3,3404,wrist_extension,grabmyo-S025-D1-wrist_extension-T07,grabmyo-S025-D1-wrist_extension-T07,grabmyo-S025-D1-wrist_extension-T07,1,validation
grabmyo-S25-K3-seed3404,25,3,3404,wrist_flexion,grabmyo-S025-D1-wrist_flexion-T02,grabmyo-S025-D1-wrist_flexion-T02,grabmyo-S025-D1-wrist_flexion-T02,1,validation
grabmyo-S25-K3-seed3404,25,3,3404,wrist_flexion,grabmyo-S025-D1-wrist_flexion-T05,grabmyo-S025-D1-wrist_flexion-T05,grabmyo-S025-D1-wrist_flexion-T05,1,validation
grabmyo-S25-K3-seed3404,25,3,3404,wrist_flexion,grabmyo-S025-D1-wrist_flexion-T07,grabmyo-S025-D1-wrist_flexion-T07,grabmyo-S025-D1-wrist_flexion-T07,1,validation
grabmyo-S26-K3-seed3404,26,3,3404,hand_close,grabmyo-S026-D1-hand_close-T03,grabmyo-S026-D1-hand_close-T03,grabmyo-S026-D1-hand_close-T03,1,validation
grabmyo-S26-K3-seed3404,26,3,3404,hand_close,grabmyo-S026-D1-hand_close-T04,grabmyo-S026-D1-hand_close-T04,grabmyo-S026-D1-hand_close-T04,1,validation
grabmyo-S26-K3-seed3404,26,3,3404,hand_close,grabmyo-S026-D1-hand_close-T06,grabmyo-S026-D1-hand_close-T06,grabmyo-S026-D1-hand_close-T06,1,validation
grabmyo-S26-K3-seed3404,26,3,3404,rest,grabmyo-S026-D1-rest-T03,grabmyo-S026-D1-rest-T03,grabmyo-S026-D1-rest-T03,1,validation
grabmyo-S26-K3-seed3404,26,3,3404,rest,grabmyo-S026-D1-rest-T06,grabmyo-S026-D1-rest-T06,grabmyo-S026-D1-rest-T06,1,validation
grabmyo-S26-K3-seed3404,26,3,3404,rest,grabmyo-S026-D1-rest-T07,grabmyo-S026-D1-rest-T07,grabmyo-S026-D1-rest-T07,1,validation
grabmyo-S26-K3-seed3404,26,3,3404,wrist_extension,grabmyo-S026-D1-wrist_extension-T02,grabmyo-S026-D1-wrist_extension-T02,grabmyo-S026-D1-wrist_extension-T02,1,validation
grabmyo-S26-K3-seed3404,26,3,3404,wrist_extension,grabmyo-S026-D1-wrist_extension-T03,grabmyo-S026-D1-wrist_extension-T03,grabmyo-S026-D1-wrist_extension-T03,1,validation
grabmyo-S26-K3-seed3404,26,3,3404,wrist_extension,grabmyo-S026-D1-wrist_extension-T04,grabmyo-S026-D1-wrist_extension-T04,grabmyo-S026-D1-wrist_extension-T04,1,validation
grabmyo-S26-K3-seed3404,26,3,3404,wrist_flexion,grabmyo-S026-D1-wrist_flexion-T01,grabmyo-S026-D1-wrist_flexion-T01,grabmyo-S026-D1-wrist_flexion-T01,1,validation
grabmyo-S26-K3-seed3404,26,3,3404,wrist_flexion,grabmyo-S026-D1-wrist_flexion-T02,grabmyo-S026-D1-wrist_flexion-T02,grabmyo-S026-D1-wrist_flexion-T02,1,validation
grabmyo-S26-K3-seed3404,26,3,3404,wrist_flexion,grabmyo-S026-D1-wrist_flexion-T07,grabmyo-S026-D1-wrist_flexion-T07,grabmyo-S026-D1-wrist_flexion-T07,1,validation
grabmyo-S29-K3-seed3404,29,3,3404,hand_close,grabmyo-S029-D1-hand_close-T03,grabmyo-S029-D1-hand_close-T03,grabmyo-S029-D1-hand_close-T03,1,validation
grabmyo-S29-K3-seed3404,29,3,3404,hand_close,grabmyo-S029-D1-hand_close-T05,grabmyo-S029-D1-hand_close-T05,grabmyo-S029-D1-hand_close-T05,1,validation
grabmyo-S29-K3-seed3404,29,3,3404,hand_close,grabmyo-S029-D1-hand_close-T07,grabmyo-S029-D1-hand_close-T07,grabmyo-S029-D1-hand_close-T07,1,validation
grabmyo-S29-K3-seed3404,29,3,3404,rest,grabmyo-S029-D1-rest-T01,grabmyo-S029-D1-rest-T01,grabmyo-S029-D1-rest-T01,1,validation
grabmyo-S29-K3-seed3404,29,3,3404,rest,grabmyo-S029-D1-rest-T02,grabmyo-S029-D1-rest-T02,grabmyo-S029-D1-rest-T02,1,validation
grabmyo-S29-K3-seed3404,29,3,3404,rest,grabmyo-S029-D1-rest-T03,grabmyo-S029-D1-rest-T03,grabmyo-S029-D1-rest-T03,1,validation
grabmyo-S29-K3-seed3404,29,3,3404,wrist_extension,grabmyo-S029-D1-wrist_extension-T01,grabmyo-S029-D1-wrist_extension-T01,grabmyo-S029-D1-wrist_extension-T01,1,validation
grabmyo-S29-K3-seed3404,29,3,3404,wrist_extension,grabmyo-S029-D1-wrist_extension-T03,grabmyo-S029-D1-wrist_extension-T03,grabmyo-S029-D1-wrist_extension-T03,1,validation
grabmyo-S29-K3-seed3404,29,3,3404,wrist_extension,grabmyo-S029-D1-wrist_extension-T06,grabmyo-S029-D1-wrist_extension-T06,grabmyo-S029-D1-wrist_extension-T06,1,validation
grabmyo-S29-K3-seed3404,29,3,3404,wrist_flexion,grabmyo-S029-D1-wrist_flexion-T03,grabmyo-S029-D1-wrist_flexion-T03,grabmyo-S029-D1-wrist_flexion-T03,1,validation
grabmyo-S29-K3-seed3404,29,3,3404,wrist_flexion,grabmyo-S029-D1-wrist_flexion-T04,grabmyo-S029-D1-wrist_flexion-T04,grabmyo-S029-D1-wrist_flexion-T04,1,validation
grabmyo-S29-K3-seed3404,29,3,3404,wrist_flexion,grabmyo-S029-D1-wrist_flexion-T05,grabmyo-S029-D1-wrist_flexion-T05,grabmyo-S029-D1-wrist_flexion-T05,1,validation
grabmyo-S33-K3-seed3404,33,3,3404,hand_close,grabmyo-S033-D1-hand_close-T01,grabmyo-S033-D1-hand_close-T01,grabmyo-S033-D1-hand_close-T01,1,validation
grabmyo-S33-K3-seed3404,33,3,3404,hand_close,grabmyo-S033-D1-hand_close-T03,grabmyo-S033-D1-hand_close-T03,grabmyo-S033-D1-hand_close-T03,1,validation
grabmyo-S33-K3-seed3404,33,3,3404,hand_close,grabmyo-S033-D1-hand_close-T04,grabmyo-S033-D1-hand_close-T04,grabmyo-S033-D1-hand_close-T04,1,validation
grabmyo-S33-K3-seed3404,33,3,3404,rest,grabmyo-S033-D1-rest-T03,grabmyo-S033-D1-rest-T03,grabmyo-S033-D1-rest-T03,1,validation
grabmyo-S33-K3-seed3404,33,3,3404,rest,grabmyo-S033-D1-rest-T04,grabmyo-S033-D1-rest-T04,grabmyo-S033-D1-rest-T04,1,validation
grabmyo-S33-K3-seed3404,33,3,3404,rest,grabmyo-S033-D1-rest-T06,grabmyo-S033-D1-rest-T06,grabmyo-S033-D1-rest-T06,1,validation
grabmyo-S33-K3-seed3404,33,3,3404,wrist_extension,grabmyo-S033-D1-wrist_extension-T02,grabmyo-S033-D1-wrist_extension-T02,grabmyo-S033-D1-wrist_extension-T02,1,validation
grabmyo-S33-K3-seed3404,33,3,3404,wrist_extension,grabmyo-S033-D1-wrist_extension-T04,grabmyo-S033-D1-wrist_extension-T04,grabmyo-S033-D1-wrist_extension-T04,1,validation
grabmyo-S33-K3-seed3404,33,3,3404,wrist_extension,grabmyo-S033-D1-wrist_extension-T05,grabmyo-S033-D1-wrist_extension-T05,grabmyo-S033-D1-wrist_extension-T05,1,validation
grabmyo-S33-K3-seed3404,33,3,3404,wrist_flexion,grabmyo-S033-D1-wrist_flexion-T01,grabmyo-S033-D1-wrist_flexion-T01,grabmyo-S033-D1-wrist_flexion-T01,1,validation
grabmyo-S33-K3-seed3404,33,3,3404,wrist_flexion,grabmyo-S033-D1-wrist_flexion-T02,grabmyo-S033-D1-wrist_flexion-T02,grabmyo-S033-D1-wrist_flexion-T02,1,validation
grabmyo-S33-K3-seed3404,33,3,3404,wrist_flexion,grabmyo-S033-D1-wrist_flexion-T03,grabmyo-S033-D1-wrist_flexion-T03,grabmyo-S033-D1-wrist_flexion-T03,1,validation
grabmyo-S34-K3-seed3404,34,3,3404,hand_close,grabmyo-S034-D1-hand_close-T01,grabmyo-S034-D1-hand_close-T01,grabmyo-S034-D1-hand_close-T01,1,validation
grabmyo-S34-K3-seed3404,34,3,3404,hand_close,grabmyo-S034-D1-hand_close-T06,grabmyo-S034-D1-hand_close-T06,grabmyo-S034-D1-hand_close-T06,1,validation
grabmyo-S34-K3-seed3404,34,3,3404,hand_close,grabmyo-S034-D1-hand_close-T07,grabmyo-S034-D1-hand_close-T07,grabmyo-S034-D1-hand_close-T07,1,validation
grabmyo-S34-K3-seed3404,34,3,3404,rest,grabmyo-S034-D1-rest-T02,grabmyo-S034-D1-rest-T02,grabmyo-S034-D1-rest-T02,1,validation
grabmyo-S34-K3-seed3404,34,3,3404,rest,grabmyo-S034-D1-rest-T03,grabmyo-S034-D1-rest-T03,grabmyo-S034-D1-rest-T03,1,validation
grabmyo-S34-K3-seed3404,34,3,3404,rest,grabmyo-S034-D1-rest-T06,grabmyo-S034-D1-rest-T06,grabmyo-S034-D1-rest-T06,1,validation
grabmyo-S34-K3-seed3404,34,3,3404,wrist_extension,grabmyo-S034-D1-wrist_extension-T01,grabmyo-S034-D1-wrist_extension-T01,grabmyo-S034-D1-wrist_extension-T01,1,validation
grabmyo-S34-K3-seed3404,34,3,3404,wrist_extension,grabmyo-S034-D1-wrist_extension-T04,grabmyo-S034-D1-wrist_extension-T04,grabmyo-S034-D1-wrist_extension-T04,1,validation
grabmyo-S34-K3-seed3404,34,3,3404,wrist_extension,grabmyo-S034-D1-wrist_extension-T07,grabmyo-S034-D1-wrist_extension-T07,grabmyo-S034-D1-wrist_extension-T07,1,validation
grabmyo-S34-K3-seed3404,34,3,3404,wrist_flexion,grabmyo-S034-D1-wrist_flexion-T03,grabmyo-S034-D1-wrist_flexion-T03,grabmyo-S034-D1-wrist_flexion-T03,1,validation
grabmyo-S34-K3-seed3404,34,3,3404,wrist_flexion,grabmyo-S034-D1-wrist_flexion-T04,grabmyo-S034-D1-wrist_flexion-T04,grabmyo-S034-D1-wrist_flexion-T04,1,validation
grabmyo-S34-K3-seed3404,34,3,3404,wrist_flexion,grabmyo-S034-D1-wrist_flexion-T07,grabmyo-S034-D1-wrist_flexion-T07,grabmyo-S034-D1-wrist_flexion-T07,1,validation
grabmyo-S35-K3-seed3404,35,3,3404,hand_close,grabmyo-S035-D1-hand_close-T03,grabmyo-S035-D1-hand_close-T03,grabmyo-S035-D1-hand_close-T03,1,validation
grabmyo-S35-K3-seed3404,35,3,3404,hand_close,grabmyo-S035-D1-hand_close-T06,grabmyo-S035-D1-hand_close-T06,grabmyo-S035-D1-hand_close-T06,1,validation
grabmyo-S35-K3-seed3404,35,3,3404,hand_close,grabmyo-S035-D1-hand_close-T07,grabmyo-S035-D1-hand_close-T07,grabmyo-S035-D1-hand_close-T07,1,validation
grabmyo-S35-K3-seed3404,35,3,3404,rest,grabmyo-S035-D1-rest-T01,grabmyo-S035-D1-rest-T01,grabmyo-S035-D1-rest-T01,1,validation
grabmyo-S35-K3-seed3404,35,3,3404,rest,grabmyo-S035-D1-rest-T04,grabmyo-S035-D1-rest-T04,grabmyo-S035-D1-rest-T04,1,validation
grabmyo-S35-K3-seed3404,35,3,3404,rest,grabmyo-S035-D1-rest-T06,grabmyo-S035-D1-rest-T06,grabmyo-S035-D1-rest-T06,1,validation
grabmyo-S35-K3-seed3404,35,3,3404,wrist_extension,grabmyo-S035-D1-wrist_extension-T01,grabmyo-S035-D1-wrist_extension-T01,grabmyo-S035-D1-wrist_extension-T01,1,validation
grabmyo-S35-K3-seed3404,35,3,3404,wrist_extension,grabmyo-S035-D1-wrist_extension-T03,grabmyo-S035-D1-wrist_extension-T03,grabmyo-S035-D1-wrist_extension-T03,1,validation
grabmyo-S35-K3-seed3404,35,3,3404,wrist_extension,grabmyo-S035-D1-wrist_extension-T07,grabmyo-S035-D1-wrist_extension-T07,grabmyo-S035-D1-wrist_extension-T07,1,validation
grabmyo-S35-K3-seed3404,35,3,3404,wrist_flexion,grabmyo-S035-D1-wrist_flexion-T02,grabmyo-S035-D1-wrist_flexion-T02,grabmyo-S035-D1-wrist_flexion-T02,1,validation
grabmyo-S35-K3-seed3404,35,3,3404,wrist_flexion,grabmyo-S035-D1-wrist_flexion-T04,grabmyo-S035-D1-wrist_flexion-T04,grabmyo-S035-D1-wrist_flexion-T04,1,validation
grabmyo-S35-K3-seed3404,35,3,3404,wrist_flexion,grabmyo-S035-D1-wrist_flexion-T05,grabmyo-S035-D1-wrist_flexion-T05,grabmyo-S035-D1-wrist_flexion-T05,1,validation
grabmyo-S41-K3-seed3404,41,3,3404,hand_close,grabmyo-S041-D1-hand_close-T01,grabmyo-S041-D1-hand_close-T01,grabmyo-S041-D1-hand_close-T01,1,validation
grabmyo-S41-K3-seed3404,41,3,3404,hand_close,grabmyo-S041-D1-hand_close-T02,grabmyo-S041-D1-hand_close-T02,grabmyo-S041-D1-hand_close-T02,1,validation
grabmyo-S41-K3-seed3404,41,3,3404,hand_close,grabmyo-S041-D1-hand_close-T03,grabmyo-S041-D1-hand_close-T03,grabmyo-S041-D1-hand_close-T03,1,validation
grabmyo-S41-K3-seed3404,41,3,3404,rest,grabmyo-S041-D1-rest-T02,grabmyo-S041-D1-rest-T02,grabmyo-S041-D1-rest-T02,1,validation
grabmyo-S41-K3-seed3404,41,3,3404,rest,grabmyo-S041-D1-rest-T06,grabmyo-S041-D1-rest-T06,grabmyo-S041-D1-rest-T06,1,validation
grabmyo-S41-K3-seed3404,41,3,3404,rest,grabmyo-S041-D1-rest-T07,grabmyo-S041-D1-rest-T07,grabmyo-S041-D1-rest-T07,1,validation
grabmyo-S41-K3-seed3404,41,3,3404,wrist_extension,grabmyo-S041-D1-wrist_extension-T03,grabmyo-S041-D1-wrist_extension-T03,grabmyo-S041-D1-wrist_extension-T03,1,validation
grabmyo-S41-K3-seed3404,41,3,3404,wrist_extension,grabmyo-S041-D1-wrist_extension-T04,grabmyo-S041-D1-wrist_extension-T04,grabmyo-S041-D1-wrist_extension-T04,1,validation
grabmyo-S41-K3-seed3404,41,3,3404,wrist_extension,grabmyo-S041-D1-wrist_extension-T05,grabmyo-S041-D1-wrist_extension-T05,grabmyo-S041-D1-wrist_extension-T05,1,validation
grabmyo-S41-K3-seed3404,41,3,3404,wrist_flexion,grabmyo-S041-D1-wrist_flexion-T01,grabmyo-S041-D1-wrist_flexion-T01,grabmyo-S041-D1-wrist_flexion-T01,1,validation
grabmyo-S41-K3-seed3404,41,3,3404,wrist_flexion,grabmyo-S041-D1-wrist_flexion-T06,grabmyo-S041-D1-wrist_flexion-T06,grabmyo-S041-D1-wrist_flexion-T06,1,validation
grabmyo-S41-K3-seed3404,41,3,3404,wrist_flexion,grabmyo-S041-D1-wrist_flexion-T07,grabmyo-S041-D1-wrist_flexion-T07,grabmyo-S041-D1-wrist_flexion-T07,1,validation
grabmyo-S12-K3-seed3405,12,3,3405,hand_close,grabmyo-S012-D1-hand_close-T03,grabmyo-S012-D1-hand_close-T03,grabmyo-S012-D1-hand_close-T03,1,validation
grabmyo-S12-K3-seed3405,12,3,3405,hand_close,grabmyo-S012-D1-hand_close-T04,grabmyo-S012-D1-hand_close-T04,grabmyo-S012-D1-hand_close-T04,1,validation
grabmyo-S12-K3-seed3405,12,3,3405,hand_close,grabmyo-S012-D1-hand_close-T07,grabmyo-S012-D1-hand_close-T07,grabmyo-S012-D1-hand_close-T07,1,validation
grabmyo-S12-K3-seed3405,12,3,3405,rest,grabmyo-S012-D1-rest-T01,grabmyo-S012-D1-rest-T01,grabmyo-S012-D1-rest-T01,1,validation
grabmyo-S12-K3-seed3405,12,3,3405,rest,grabmyo-S012-D1-rest-T04,grabmyo-S012-D1-rest-T04,grabmyo-S012-D1-rest-T04,1,validation
grabmyo-S12-K3-seed3405,12,3,3405,rest,grabmyo-S012-D1-rest-T05,grabmyo-S012-D1-rest-T05,grabmyo-S012-D1-rest-T05,1,validation
grabmyo-S12-K3-seed3405,12,3,3405,wrist_extension,grabmyo-S012-D1-wrist_extension-T04,grabmyo-S012-D1-wrist_extension-T04,grabmyo-S012-D1-wrist_extension-T04,1,validation
grabmyo-S12-K3-seed3405,12,3,3405,wrist_extension,grabmyo-S012-D1-wrist_extension-T06,grabmyo-S012-D1-wrist_extension-T06,grabmyo-S012-D1-wrist_extension-T06,1,validation
grabmyo-S12-K3-seed3405,12,3,3405,wrist_extension,grabmyo-S012-D1-wrist_extension-T07,grabmyo-S012-D1-wrist_extension-T07,grabmyo-S012-D1-wrist_extension-T07,1,validation
grabmyo-S12-K3-seed3405,12,3,3405,wrist_flexion,grabmyo-S012-D1-wrist_flexion-T01,grabmyo-S012-D1-wrist_flexion-T01,grabmyo-S012-D1-wrist_flexion-T01,1,validation
grabmyo-S12-K3-seed3405,12,3,3405,wrist_flexion,grabmyo-S012-D1-wrist_flexion-T02,grabmyo-S012-D1-wrist_flexion-T02,grabmyo-S012-D1-wrist_flexion-T02,1,validation
grabmyo-S12-K3-seed3405,12,3,3405,wrist_flexion,grabmyo-S012-D1-wrist_flexion-T05,grabmyo-S012-D1-wrist_flexion-T05,grabmyo-S012-D1-wrist_flexion-T05,1,validation
grabmyo-S13-K3-seed3405,13,3,3405,hand_close,grabmyo-S013-D1-hand_close-T02,grabmyo-S013-D1-hand_close-T02,grabmyo-S013-D1-hand_close-T02,1,validation
grabmyo-S13-K3-seed3405,13,3,3405,hand_close,grabmyo-S013-D1-hand_close-T04,grabmyo-S013-D1-hand_close-T04,grabmyo-S013-D1-hand_close-T04,1,validation
grabmyo-S13-K3-seed3405,13,3,3405,hand_close,grabmyo-S013-D1-hand_close-T06,grabmyo-S013-D1-hand_close-T06,grabmyo-S013-D1-hand_close-T06,1,validation
grabmyo-S13-K3-seed3405,13,3,3405,rest,grabmyo-S013-D1-rest-T01,grabmyo-S013-D1-rest-T01,grabmyo-S013-D1-rest-T01,1,validation
grabmyo-S13-K3-seed3405,13,3,3405,rest,grabmyo-S013-D1-rest-T05,grabmyo-S013-D1-rest-T05,grabmyo-S013-D1-rest-T05,1,validation
grabmyo-S13-K3-seed3405,13,3,3405,rest,grabmyo-S013-D1-rest-T06,grabmyo-S013-D1-rest-T06,grabmyo-S013-D1-rest-T06,1,validation
grabmyo-S13-K3-seed3405,13,3,3405,wrist_extension,grabmyo-S013-D1-wrist_extension-T03,grabmyo-S013-D1-wrist_extension-T03,grabmyo-S013-D1-wrist_extension-T03,1,validation
grabmyo-S13-K3-seed3405,13,3,3405,wrist_extension,grabmyo-S013-D1-wrist_extension-T04,grabmyo-S013-D1-wrist_extension-T04,grabmyo-S013-D1-wrist_extension-T04,1,validation
grabmyo-S13-K3-seed3405,13,3,3405,wrist_extension,grabmyo-S013-D1-wrist_extension-T06,grabmyo-S013-D1-wrist_extension-T06,grabmyo-S013-D1-wrist_extension-T06,1,validation
grabmyo-S13-K3-seed3405,13,3,3405,wrist_flexion,grabmyo-S013-D1-wrist_flexion-T02,grabmyo-S013-D1-wrist_flexion-T02,grabmyo-S013-D1-wrist_flexion-T02,1,validation
grabmyo-S13-K3-seed3405,13,3,3405,wrist_flexion,grabmyo-S013-D1-wrist_flexion-T03,grabmyo-S013-D1-wrist_flexion-T03,grabmyo-S013-D1-wrist_flexion-T03,1,validation
grabmyo-S13-K3-seed3405,13,3,3405,wrist_flexion,grabmyo-S013-D1-wrist_flexion-T06,grabmyo-S013-D1-wrist_flexion-T06,grabmyo-S013-D1-wrist_flexion-T06,1,validation
grabmyo-S25-K3-seed3405,25,3,3405,hand_close,grabmyo-S025-D1-hand_close-T01,grabmyo-S025-D1-hand_close-T01,grabmyo-S025-D1-hand_close-T01,1,validation
grabmyo-S25-K3-seed3405,25,3,3405,hand_close,grabmyo-S025-D1-hand_close-T05,grabmyo-S025-D1-hand_close-T05,grabmyo-S025-D1-hand_close-T05,1,validation
grabmyo-S25-K3-seed3405,25,3,3405,hand_close,grabmyo-S025-D1-hand_close-T06,grabmyo-S025-D1-hand_close-T06,grabmyo-S025-D1-hand_close-T06,1,validation
grabmyo-S25-K3-seed3405,25,3,3405,rest,grabmyo-S025-D1-rest-T01,grabmyo-S025-D1-rest-T01,grabmyo-S025-D1-rest-T01,1,validation
grabmyo-S25-K3-seed3405,25,3,3405,rest,grabmyo-S025-D1-rest-T03,grabmyo-S025-D1-rest-T03,grabmyo-S025-D1-rest-T03,1,validation
grabmyo-S25-K3-seed3405,25,3,3405,rest,grabmyo-S025-D1-rest-T04,grabmyo-S025-D1-rest-T04,grabmyo-S025-D1-rest-T04,1,validation
grabmyo-S25-K3-seed3405,25,3,3405,wrist_extension,grabmyo-S025-D1-wrist_extension-T02,grabmyo-S025-D1-wrist_extension-T02,grabmyo-S025-D1-wrist_extension-T02,1,validation
grabmyo-S25-K3-seed3405,25,3,3405,wrist_extension,grabmyo-S025-D1-wrist_extension-T05,grabmyo-S025-D1-wrist_extension-T05,grabmyo-S025-D1-wrist_extension-T05,1,validation
grabmyo-S25-K3-seed3405,25,3,3405,wrist_extension,grabmyo-S025-D1-wrist_extension-T06,grabmyo-S025-D1-wrist_extension-T06,grabmyo-S025-D1-wrist_extension-T06,1,validation
grabmyo-S25-K3-seed3405,25,3,3405,wrist_flexion,grabmyo-S025-D1-wrist_flexion-T01,grabmyo-S025-D1-wrist_flexion-T01,grabmyo-S025-D1-wrist_flexion-T01,1,validation
grabmyo-S25-K3-seed3405,25,3,3405,wrist_flexion,grabmyo-S025-D1-wrist_flexion-T02,grabmyo-S025-D1-wrist_flexion-T02,grabmyo-S025-D1-wrist_flexion-T02,1,validation
grabmyo-S25-K3-seed3405,25,3,3405,wrist_flexion,grabmyo-S025-D1-wrist_flexion-T04,grabmyo-S025-D1-wrist_flexion-T04,grabmyo-S025-D1-wrist_flexion-T04,1,validation
grabmyo-S26-K3-seed3405,26,3,3405,hand_close,grabmyo-S026-D1-hand_close-T02,grabmyo-S026-D1-hand_close-T02,grabmyo-S026-D1-hand_close-T02,1,validation
grabmyo-S26-K3-seed3405,26,3,3405,hand_close,grabmyo-S026-D1-hand_close-T04,grabmyo-S026-D1-hand_close-T04,grabmyo-S026-D1-hand_close-T04,1,validation
grabmyo-S26-K3-seed3405,26,3,3405,hand_close,grabmyo-S026-D1-hand_close-T06,grabmyo-S026-D1-hand_close-T06,grabmyo-S026-D1-hand_close-T06,1,validation
grabmyo-S26-K3-seed3405,26,3,3405,rest,grabmyo-S026-D1-rest-T01,grabmyo-S026-D1-rest-T01,grabmyo-S026-D1-rest-T01,1,validation
grabmyo-S26-K3-seed3405,26,3,3405,rest,grabmyo-S026-D1-rest-T04,grabmyo-S026-D1-rest-T04,grabmyo-S026-D1-rest-T04,1,validation
grabmyo-S26-K3-seed3405,26,3,3405,rest,grabmyo-S026-D1-rest-T06,grabmyo-S026-D1-rest-T06,grabmyo-S026-D1-rest-T06,1,validation
grabmyo-S26-K3-seed3405,26,3,3405,wrist_extension,grabmyo-S026-D1-wrist_extension-T02,grabmyo-S026-D1-wrist_extension-T02,grabmyo-S026-D1-wrist_extension-T02,1,validation
grabmyo-S26-K3-seed3405,26,3,3405,wrist_extension,grabmyo-S026-D1-wrist_extension-T05,grabmyo-S026-D1-wrist_extension-T05,grabmyo-S026-D1-wrist_extension-T05,1,validation
grabmyo-S26-K3-seed3405,26,3,3405,wrist_extension,grabmyo-S026-D1-wrist_extension-T07,grabmyo-S026-D1-wrist_extension-T07,grabmyo-S026-D1-wrist_extension-T07,1,validation
grabmyo-S26-K3-seed3405,26,3,3405,wrist_flexion,grabmyo-S026-D1-wrist_flexion-T02,grabmyo-S026-D1-wrist_flexion-T02,grabmyo-S026-D1-wrist_flexion-T02,1,validation
grabmyo-S26-K3-seed3405,26,3,3405,wrist_flexion,grabmyo-S026-D1-wrist_flexion-T05,grabmyo-S026-D1-wrist_flexion-T05,grabmyo-S026-D1-wrist_flexion-T05,1,validation
grabmyo-S26-K3-seed3405,26,3,3405,wrist_flexion,grabmyo-S026-D1-wrist_flexion-T07,grabmyo-S026-D1-wrist_flexion-T07,grabmyo-S026-D1-wrist_flexion-T07,1,validation
grabmyo-S29-K3-seed3405,29,3,3405,hand_close,grabmyo-S029-D1-hand_close-T03,grabmyo-S029-D1-hand_close-T03,grabmyo-S029-D1-hand_close-T03,1,validation
grabmyo-S29-K3-seed3405,29,3,3405,hand_close,grabmyo-S029-D1-hand_close-T05,grabmyo-S029-D1-hand_close-T05,grabmyo-S029-D1-hand_close-T05,1,validation
grabmyo-S29-K3-seed3405,29,3,3405,hand_close,grabmyo-S029-D1-hand_close-T06,grabmyo-S029-D1-hand_close-T06,grabmyo-S029-D1-hand_close-T06,1,validation
grabmyo-S29-K3-seed3405,29,3,3405,rest,grabmyo-S029-D1-rest-T03,grabmyo-S029-D1-rest-T03,grabmyo-S029-D1-rest-T03,1,validation
grabmyo-S29-K3-seed3405,29,3,3405,rest,grabmyo-S029-D1-rest-T05,grabmyo-S029-D1-rest-T05,grabmyo-S029-D1-rest-T05,1,validation
grabmyo-S29-K3-seed3405,29,3,3405,rest,grabmyo-S029-D1-rest-T07,grabmyo-S029-D1-rest-T07,grabmyo-S029-D1-rest-T07,1,validation
grabmyo-S29-K3-seed3405,29,3,3405,wrist_extension,grabmyo-S029-D1-wrist_extension-T02,grabmyo-S029-D1-wrist_extension-T02,grabmyo-S029-D1-wrist_extension-T02,1,validation
grabmyo-S29-K3-seed3405,29,3,3405,wrist_extension,grabmyo-S029-D1-wrist_extension-T03,grabmyo-S029-D1-wrist_extension-T03,grabmyo-S029-D1-wrist_extension-T03,1,validation
grabmyo-S29-K3-seed3405,29,3,3405,wrist_extension,grabmyo-S029-D1-wrist_extension-T05,grabmyo-S029-D1-wrist_extension-T05,grabmyo-S029-D1-wrist_extension-T05,1,validation
grabmyo-S29-K3-seed3405,29,3,3405,wrist_flexion,grabmyo-S029-D1-wrist_flexion-T03,grabmyo-S029-D1-wrist_flexion-T03,grabmyo-S029-D1-wrist_flexion-T03,1,validation
grabmyo-S29-K3-seed3405,29,3,3405,wrist_flexion,grabmyo-S029-D1-wrist_flexion-T04,grabmyo-S029-D1-wrist_flexion-T04,grabmyo-S029-D1-wrist_flexion-T04,1,validation
grabmyo-S29-K3-seed3405,29,3,3405,wrist_flexion,grabmyo-S029-D1-wrist_flexion-T07,grabmyo-S029-D1-wrist_flexion-T07,grabmyo-S029-D1-wrist_flexion-T07,1,validation
grabmyo-S33-K3-seed3405,33,3,3405,hand_close,grabmyo-S033-D1-hand_close-T03,grabmyo-S033-D1-hand_close-T03,grabmyo-S033-D1-hand_close-T03,1,validation
grabmyo-S33-K3-seed3405,33,3,3405,hand_close,grabmyo-S033-D1-hand_close-T04,grabmyo-S033-D1-hand_close-T04,grabmyo-S033-D1-hand_close-T04,1,validation
grabmyo-S33-K3-seed3405,33,3,3405,hand_close,grabmyo-S033-D1-hand_close-T06,grabmyo-S033-D1-hand_close-T06,grabmyo-S033-D1-hand_close-T06,1,validation
grabmyo-S33-K3-seed3405,33,3,3405,rest,grabmyo-S033-D1-rest-T01,grabmyo-S033-D1-rest-T01,grabmyo-S033-D1-rest-T01,1,validation
grabmyo-S33-K3-seed3405,33,3,3405,rest,grabmyo-S033-D1-rest-T03,grabmyo-S033-D1-rest-T03,grabmyo-S033-D1-rest-T03,1,validation
grabmyo-S33-K3-seed3405,33,3,3405,rest,grabmyo-S033-D1-rest-T07,grabmyo-S033-D1-rest-T07,grabmyo-S033-D1-rest-T07,1,validation
grabmyo-S33-K3-seed3405,33,3,3405,wrist_extension,grabmyo-S033-D1-wrist_extension-T02,grabmyo-S033-D1-wrist_extension-T02,grabmyo-S033-D1-wrist_extension-T02,1,validation
grabmyo-S33-K3-seed3405,33,3,3405,wrist_extension,grabmyo-S033-D1-wrist_extension-T06,grabmyo-S033-D1-wrist_extension-T06,grabmyo-S033-D1-wrist_extension-T06,1,validation
grabmyo-S33-K3-seed3405,33,3,3405,wrist_extension,grabmyo-S033-D1-wrist_extension-T07,grabmyo-S033-D1-wrist_extension-T07,grabmyo-S033-D1-wrist_extension-T07,1,validation
grabmyo-S33-K3-seed3405,33,3,3405,wrist_flexion,grabmyo-S033-D1-wrist_flexion-T03,grabmyo-S033-D1-wrist_flexion-T03,grabmyo-S033-D1-wrist_flexion-T03,1,validation
grabmyo-S33-K3-seed3405,33,3,3405,wrist_flexion,grabmyo-S033-D1-wrist_flexion-T06,grabmyo-S033-D1-wrist_flexion-T06,grabmyo-S033-D1-wrist_flexion-T06,1,validation
grabmyo-S33-K3-seed3405,33,3,3405,wrist_flexion,grabmyo-S033-D1-wrist_flexion-T07,grabmyo-S033-D1-wrist_flexion-T07,grabmyo-S033-D1-wrist_flexion-T07,1,validation
grabmyo-S34-K3-seed3405,34,3,3405,hand_close,grabmyo-S034-D1-hand_close-T01,grabmyo-S034-D1-hand_close-T01,grabmyo-S034-D1-hand_close-T01,1,validation
grabmyo-S34-K3-seed3405,34,3,3405,hand_close,grabmyo-S034-D1-hand_close-T05,grabmyo-S034-D1-hand_close-T05,grabmyo-S034-D1-hand_close-T05,1,validation
grabmyo-S34-K3-seed3405,34,3,3405,hand_close,grabmyo-S034-D1-hand_close-T07,grabmyo-S034-D1-hand_close-T07,grabmyo-S034-D1-hand_close-T07,1,validation
grabmyo-S34-K3-seed3405,34,3,3405,rest,grabmyo-S034-D1-rest-T03,grabmyo-S034-D1-rest-T03,grabmyo-S034-D1-rest-T03,1,validation
grabmyo-S34-K3-seed3405,34,3,3405,rest,grabmyo-S034-D1-rest-T05,grabmyo-S034-D1-rest-T05,grabmyo-S034-D1-rest-T05,1,validation
grabmyo-S34-K3-seed3405,34,3,3405,rest,grabmyo-S034-D1-rest-T07,grabmyo-S034-D1-rest-T07,grabmyo-S034-D1-rest-T07,1,validation
grabmyo-S34-K3-seed3405,34,3,3405,wrist_extension,grabmyo-S034-D1-wrist_extension-T01,grabmyo-S034-D1-wrist_extension-T01,grabmyo-S034-D1-wrist_extension-T01,1,validation
grabmyo-S34-K3-seed3405,34,3,3405,wrist_extension,grabmyo-S034-D1-wrist_extension-T05,grabmyo-S034-D1-wrist_extension-T05,grabmyo-S034-D1-wrist_extension-T05,1,validation
grabmyo-S34-K3-seed3405,34,3,3405,wrist_extension,grabmyo-S034-D1-wrist_extension-T07,grabmyo-S034-D1-wrist_extension-T07,grabmyo-S034-D1-wrist_extension-T07,1,validation
grabmyo-S34-K3-seed3405,34,3,3405,wrist_flexion,grabmyo-S034-D1-wrist_flexion-T01,grabmyo-S034-D1-wrist_flexion-T01,grabmyo-S034-D1-wrist_flexion-T01,1,validation
grabmyo-S34-K3-seed3405,34,3,3405,wrist_flexion,grabmyo-S034-D1-wrist_flexion-T03,grabmyo-S034-D1-wrist_flexion-T03,grabmyo-S034-D1-wrist_flexion-T03,1,validation
grabmyo-S34-K3-seed3405,34,3,3405,wrist_flexion,grabmyo-S034-D1-wrist_flexion-T05,grabmyo-S034-D1-wrist_flexion-T05,grabmyo-S034-D1-wrist_flexion-T05,1,validation
grabmyo-S35-K3-seed3405,35,3,3405,hand_close,grabmyo-S035-D1-hand_close-T01,grabmyo-S035-D1-hand_close-T01,grabmyo-S035-D1-hand_close-T01,1,validation
grabmyo-S35-K3-seed3405,35,3,3405,hand_close,grabmyo-S035-D1-hand_close-T04,grabmyo-S035-D1-hand_close-T04,grabmyo-S035-D1-hand_close-T04,1,validation
grabmyo-S35-K3-seed3405,35,3,3405,hand_close,grabmyo-S035-D1-hand_close-T06,grabmyo-S035-D1-hand_close-T06,grabmyo-S035-D1-hand_close-T06,1,validation
grabmyo-S35-K3-seed3405,35,3,3405,rest,grabmyo-S035-D1-rest-T03,grabmyo-S035-D1-rest-T03,grabmyo-S035-D1-rest-T03,1,validation
grabmyo-S35-K3-seed3405,35,3,3405,rest,grabmyo-S035-D1-rest-T04,grabmyo-S035-D1-rest-T04,grabmyo-S035-D1-rest-T04,1,validation
grabmyo-S35-K3-seed3405,35,3,3405,rest,grabmyo-S035-D1-rest-T06,grabmyo-S035-D1-rest-T06,grabmyo-S035-D1-rest-T06,1,validation
grabmyo-S35-K3-seed3405,35,3,3405,wrist_extension,grabmyo-S035-D1-wrist_extension-T01,grabmyo-S035-D1-wrist_extension-T01,grabmyo-S035-D1-wrist_extension-T01,1,validation
grabmyo-S35-K3-seed3405,35,3,3405,wrist_extension,grabmyo-S035-D1-wrist_extension-T03,grabmyo-S035-D1-wrist_extension-T03,grabmyo-S035-D1-wrist_extension-T03,1,validation
grabmyo-S35-K3-seed3405,35,3,3405,wrist_extension,grabmyo-S035-D1-wrist_extension-T04,grabmyo-S035-D1-wrist_extension-T04,grabmyo-S035-D1-wrist_extension-T04,1,validation
grabmyo-S35-K3-seed3405,35,3,3405,wrist_flexion,grabmyo-S035-D1-wrist_flexion-T01,grabmyo-S035-D1-wrist_flexion-T01,grabmyo-S035-D1-wrist_flexion-T01,1,validation
grabmyo-S35-K3-seed3405,35,3,3405,wrist_flexion,grabmyo-S035-D1-wrist_flexion-T02,grabmyo-S035-D1-wrist_flexion-T02,grabmyo-S035-D1-wrist_flexion-T02,1,validation
grabmyo-S35-K3-seed3405,35,3,3405,wrist_flexion,grabmyo-S035-D1-wrist_flexion-T06,grabmyo-S035-D1-wrist_flexion-T06,grabmyo-S035-D1-wrist_flexion-T06,1,validation
grabmyo-S41-K3-seed3405,41,3,3405,hand_close,grabmyo-S041-D1-hand_close-T01,grabmyo-S041-D1-hand_close-T01,grabmyo-S041-D1-hand_close-T01,1,validation
grabmyo-S41-K3-seed3405,41,3,3405,hand_close,grabmyo-S041-D1-hand_close-T03,grabmyo-S041-D1-hand_close-T03,grabmyo-S041-D1-hand_close-T03,1,validation
grabmyo-S41-K3-seed3405,41,3,3405,hand_close,grabmyo-S041-D1-hand_close-T04,grabmyo-S041-D1-hand_close-T04,grabmyo-S041-D1-hand_close-T04,1,validation
grabmyo-S41-K3-seed3405,41,3,3405,rest,grabmyo-S041-D1-rest-T01,grabmyo-S041-D1-rest-T01,grabmyo-S041-D1-rest-T01,1,validation
grabmyo-S41-K3-seed3405,41,3,3405,rest,grabmyo-S041-D1-rest-T02,grabmyo-S041-D1-rest-T02,grabmyo-S041-D1-rest-T02,1,validation
grabmyo-S41-K3-seed3405,41,3,3405,rest,grabmyo-S041-D1-rest-T03,grabmyo-S041-D1-rest-T03,grabmyo-S041-D1-rest-T03,1,validation
grabmyo-S41-K3-seed3405,41,3,3405,wrist_extension,grabmyo-S041-D1-wrist_extension-T04,grabmyo-S041-D1-wrist_extension-T04,grabmyo-S041-D1-wrist_extension-T04,1,validation
grabmyo-S41-K3-seed3405,41,3,3405,wrist_extension,grabmyo-S041-D1-wrist_extension-T05,grabmyo-S041-D1-wrist_extension-T05,grabmyo-S041-D1-wrist_extension-T05,1,validation
grabmyo-S41-K3-seed3405,41,3,3405,wrist_extension,grabmyo-S041-D1-wrist_extension-T07,grabmyo-S041-D1-wrist_extension-T07,grabmyo-S041-D1-wrist_extension-T07,1,validation
grabmyo-S41-K3-seed3405,41,3,3405,wrist_flexion,grabmyo-S041-D1-wrist_flexion-T02,grabmyo-S041-D1-wrist_flexion-T02,grabmyo-S041-D1-wrist_flexion-T02,1,validation
grabmyo-S41-K3-seed3405,41,3,3405,wrist_flexion,grabmyo-S041-D1-wrist_flexion-T06,grabmyo-S041-D1-wrist_flexion-T06,grabmyo-S041-D1-wrist_flexion-T06,1,validation
grabmyo-S41-K3-seed3405,41,3,3405,wrist_flexion,grabmyo-S041-D1-wrist_flexion-T07,grabmyo-S041-D1-wrist_flexion-T07,grabmyo-S041-D1-wrist_flexion-T07,1,validation
grabmyo-S12-K3-seed3406,12,3,3406,hand_close,grabmyo-S012-D1-hand_close-T04,grabmyo-S012-D1-hand_close-T04,grabmyo-S012-D1-hand_close-T04,1,validation
grabmyo-S12-K3-seed3406,12,3,3406,hand_close,grabmyo-S012-D1-hand_close-T05,grabmyo-S012-D1-hand_close-T05,grabmyo-S012-D1-hand_close-T05,1,validation
grabmyo-S12-K3-seed3406,12,3,3406,hand_close,grabmyo-S012-D1-hand_close-T07,grabmyo-S012-D1-hand_close-T07,grabmyo-S012-D1-hand_close-T07,1,validation
grabmyo-S12-K3-seed3406,12,3,3406,rest,grabmyo-S012-D1-rest-T02,grabmyo-S012-D1-rest-T02,grabmyo-S012-D1-rest-T02,1,validation
grabmyo-S12-K3-seed3406,12,3,3406,rest,grabmyo-S012-D1-rest-T03,grabmyo-S012-D1-rest-T03,grabmyo-S012-D1-rest-T03,1,validation
grabmyo-S12-K3-seed3406,12,3,3406,rest,grabmyo-S012-D1-rest-T06,grabmyo-S012-D1-rest-T06,grabmyo-S012-D1-rest-T06,1,validation
grabmyo-S12-K3-seed3406,12,3,3406,wrist_extension,grabmyo-S012-D1-wrist_extension-T04,grabmyo-S012-D1-wrist_extension-T04,grabmyo-S012-D1-wrist_extension-T04,1,validation
grabmyo-S12-K3-seed3406,12,3,3406,wrist_extension,grabmyo-S012-D1-wrist_extension-T06,grabmyo-S012-D1-wrist_extension-T06,grabmyo-S012-D1-wrist_extension-T06,1,validation
grabmyo-S12-K3-seed3406,12,3,3406,wrist_extension,grabmyo-S012-D1-wrist_extension-T07,grabmyo-S012-D1-wrist_extension-T07,grabmyo-S012-D1-wrist_extension-T07,1,validation
grabmyo-S12-K3-seed3406,12,3,3406,wrist_flexion,grabmyo-S012-D1-wrist_flexion-T03,grabmyo-S012-D1-wrist_flexion-T03,grabmyo-S012-D1-wrist_flexion-T03,1,validation
grabmyo-S12-K3-seed3406,12,3,3406,wrist_flexion,grabmyo-S012-D1-wrist_flexion-T04,grabmyo-S012-D1-wrist_flexion-T04,grabmyo-S012-D1-wrist_flexion-T04,1,validation
grabmyo-S12-K3-seed3406,12,3,3406,wrist_flexion,grabmyo-S012-D1-wrist_flexion-T05,grabmyo-S012-D1-wrist_flexion-T05,grabmyo-S012-D1-wrist_flexion-T05,1,validation
grabmyo-S13-K3-seed3406,13,3,3406,hand_close,grabmyo-S013-D1-hand_close-T02,grabmyo-S013-D1-hand_close-T02,grabmyo-S013-D1-hand_close-T02,1,validation
grabmyo-S13-K3-seed3406,13,3,3406,hand_close,grabmyo-S013-D1-hand_close-T03,grabmyo-S013-D1-hand_close-T03,grabmyo-S013-D1-hand_close-T03,1,validation
grabmyo-S13-K3-seed3406,13,3,3406,hand_close,grabmyo-S013-D1-hand_close-T04,grabmyo-S013-D1-hand_close-T04,grabmyo-S013-D1-hand_close-T04,1,validation
grabmyo-S13-K3-seed3406,13,3,3406,rest,grabmyo-S013-D1-rest-T02,grabmyo-S013-D1-rest-T02,grabmyo-S013-D1-rest-T02,1,validation
grabmyo-S13-K3-seed3406,13,3,3406,rest,grabmyo-S013-D1-rest-T04,grabmyo-S013-D1-rest-T04,grabmyo-S013-D1-rest-T04,1,validation
grabmyo-S13-K3-seed3406,13,3,3406,rest,grabmyo-S013-D1-rest-T07,grabmyo-S013-D1-rest-T07,grabmyo-S013-D1-rest-T07,1,validation
grabmyo-S13-K3-seed3406,13,3,3406,wrist_extension,grabmyo-S013-D1-wrist_extension-T02,grabmyo-S013-D1-wrist_extension-T02,grabmyo-S013-D1-wrist_extension-T02,1,validation
grabmyo-S13-K3-seed3406,13,3,3406,wrist_extension,grabmyo-S013-D1-wrist_extension-T03,grabmyo-S013-D1-wrist_extension-T03,grabmyo-S013-D1-wrist_extension-T03,1,validation
grabmyo-S13-K3-seed3406,13,3,3406,wrist_extension,grabmyo-S013-D1-wrist_extension-T07,grabmyo-S013-D1-wrist_extension-T07,grabmyo-S013-D1-wrist_extension-T07,1,validation
grabmyo-S13-K3-seed3406,13,3,3406,wrist_flexion,grabmyo-S013-D1-wrist_flexion-T01,grabmyo-S013-D1-wrist_flexion-T01,grabmyo-S013-D1-wrist_flexion-T01,1,validation
grabmyo-S13-K3-seed3406,13,3,3406,wrist_flexion,grabmyo-S013-D1-wrist_flexion-T04,grabmyo-S013-D1-wrist_flexion-T04,grabmyo-S013-D1-wrist_flexion-T04,1,validation
grabmyo-S13-K3-seed3406,13,3,3406,wrist_flexion,grabmyo-S013-D1-wrist_flexion-T07,grabmyo-S013-D1-wrist_flexion-T07,grabmyo-S013-D1-wrist_flexion-T07,1,validation
grabmyo-S25-K3-seed3406,25,3,3406,hand_close,grabmyo-S025-D1-hand_close-T01,grabmyo-S025-D1-hand_close-T01,grabmyo-S025-D1-hand_close-T01,1,validation
grabmyo-S25-K3-seed3406,25,3,3406,hand_close,grabmyo-S025-D1-hand_close-T02,grabmyo-S025-D1-hand_close-T02,grabmyo-S025-D1-hand_close-T02,1,validation
grabmyo-S25-K3-seed3406,25,3,3406,hand_close,grabmyo-S025-D1-hand_close-T06,grabmyo-S025-D1-hand_close-T06,grabmyo-S025-D1-hand_close-T06,1,validation
grabmyo-S25-K3-seed3406,25,3,3406,rest,grabmyo-S025-D1-rest-T04,grabmyo-S025-D1-rest-T04,grabmyo-S025-D1-rest-T04,1,validation
grabmyo-S25-K3-seed3406,25,3,3406,rest,grabmyo-S025-D1-rest-T05,grabmyo-S025-D1-rest-T05,grabmyo-S025-D1-rest-T05,1,validation
grabmyo-S25-K3-seed3406,25,3,3406,rest,grabmyo-S025-D1-rest-T06,grabmyo-S025-D1-rest-T06,grabmyo-S025-D1-rest-T06,1,validation
grabmyo-S25-K3-seed3406,25,3,3406,wrist_extension,grabmyo-S025-D1-wrist_extension-T02,grabmyo-S025-D1-wrist_extension-T02,grabmyo-S025-D1-wrist_extension-T02,1,validation
grabmyo-S25-K3-seed3406,25,3,3406,wrist_extension,grabmyo-S025-D1-wrist_extension-T06,grabmyo-S025-D1-wrist_extension-T06,grabmyo-S025-D1-wrist_extension-T06,1,validation
grabmyo-S25-K3-seed3406,25,3,3406,wrist_extension,grabmyo-S025-D1-wrist_extension-T07,grabmyo-S025-D1-wrist_extension-T07,grabmyo-S025-D1-wrist_extension-T07,1,validation
grabmyo-S25-K3-seed3406,25,3,3406,wrist_flexion,grabmyo-S025-D1-wrist_flexion-T01,grabmyo-S025-D1-wrist_flexion-T01,grabmyo-S025-D1-wrist_flexion-T01,1,validation
grabmyo-S25-K3-seed3406,25,3,3406,wrist_flexion,grabmyo-S025-D1-wrist_flexion-T06,grabmyo-S025-D1-wrist_flexion-T06,grabmyo-S025-D1-wrist_flexion-T06,1,validation
grabmyo-S25-K3-seed3406,25,3,3406,wrist_flexion,grabmyo-S025-D1-wrist_flexion-T07,grabmyo-S025-D1-wrist_flexion-T07,grabmyo-S025-D1-wrist_flexion-T07,1,validation
grabmyo-S26-K3-seed3406,26,3,3406,hand_close,grabmyo-S026-D1-hand_close-T02,grabmyo-S026-D1-hand_close-T02,grabmyo-S026-D1-hand_close-T02,1,validation
grabmyo-S26-K3-seed3406,26,3,3406,hand_close,grabmyo-S026-D1-hand_close-T03,grabmyo-S026-D1-hand_close-T03,grabmyo-S026-D1-hand_close-T03,1,validation
grabmyo-S26-K3-seed3406,26,3,3406,hand_close,grabmyo-S026-D1-hand_close-T04,grabmyo-S026-D1-hand_close-T04,grabmyo-S026-D1-hand_close-T04,1,validation
grabmyo-S26-K3-seed3406,26,3,3406,rest,grabmyo-S026-D1-rest-T01,grabmyo-S026-D1-rest-T01,grabmyo-S026-D1-rest-T01,1,validation
grabmyo-S26-K3-seed3406,26,3,3406,rest,grabmyo-S026-D1-rest-T02,grabmyo-S026-D1-rest-T02,grabmyo-S026-D1-rest-T02,1,validation
grabmyo-S26-K3-seed3406,26,3,3406,rest,grabmyo-S026-D1-rest-T04,grabmyo-S026-D1-rest-T04,grabmyo-S026-D1-rest-T04,1,validation
grabmyo-S26-K3-seed3406,26,3,3406,wrist_extension,grabmyo-S026-D1-wrist_extension-T01,grabmyo-S026-D1-wrist_extension-T01,grabmyo-S026-D1-wrist_extension-T01,1,validation
grabmyo-S26-K3-seed3406,26,3,3406,wrist_extension,grabmyo-S026-D1-wrist_extension-T02,grabmyo-S026-D1-wrist_extension-T02,grabmyo-S026-D1-wrist_extension-T02,1,validation
grabmyo-S26-K3-seed3406,26,3,3406,wrist_extension,grabmyo-S026-D1-wrist_extension-T05,grabmyo-S026-D1-wrist_extension-T05,grabmyo-S026-D1-wrist_extension-T05,1,validation
grabmyo-S26-K3-seed3406,26,3,3406,wrist_flexion,grabmyo-S026-D1-wrist_flexion-T01,grabmyo-S026-D1-wrist_flexion-T01,grabmyo-S026-D1-wrist_flexion-T01,1,validation
grabmyo-S26-K3-seed3406,26,3,3406,wrist_flexion,grabmyo-S026-D1-wrist_flexion-T03,grabmyo-S026-D1-wrist_flexion-T03,grabmyo-S026-D1-wrist_flexion-T03,1,validation
grabmyo-S26-K3-seed3406,26,3,3406,wrist_flexion,grabmyo-S026-D1-wrist_flexion-T06,grabmyo-S026-D1-wrist_flexion-T06,grabmyo-S026-D1-wrist_flexion-T06,1,validation
grabmyo-S29-K3-seed3406,29,3,3406,hand_close,grabmyo-S029-D1-hand_close-T01,grabmyo-S029-D1-hand_close-T01,grabmyo-S029-D1-hand_close-T01,1,validation
grabmyo-S29-K3-seed3406,29,3,3406,hand_close,grabmyo-S029-D1-hand_close-T04,grabmyo-S029-D1-hand_close-T04,grabmyo-S029-D1-hand_close-T04,1,validation
grabmyo-S29-K3-seed3406,29,3,3406,hand_close,grabmyo-S029-D1-hand_close-T06,grabmyo-S029-D1-hand_close-T06,grabmyo-S029-D1-hand_close-T06,1,validation
grabmyo-S29-K3-seed3406,29,3,3406,rest,grabmyo-S029-D1-rest-T02,grabmyo-S029-D1-rest-T02,grabmyo-S029-D1-rest-T02,1,validation
grabmyo-S29-K3-seed3406,29,3,3406,rest,grabmyo-S029-D1-rest-T03,grabmyo-S029-D1-rest-T03,grabmyo-S029-D1-rest-T03,1,validation
grabmyo-S29-K3-seed3406,29,3,3406,rest,grabmyo-S029-D1-rest-T07,grabmyo-S029-D1-rest-T07,grabmyo-S029-D1-rest-T07,1,validation
grabmyo-S29-K3-seed3406,29,3,3406,wrist_extension,grabmyo-S029-D1-wrist_extension-T01,grabmyo-S029-D1-wrist_extension-T01,grabmyo-S029-D1-wrist_extension-T01,1,validation
grabmyo-S29-K3-seed3406,29,3,3406,wrist_extension,grabmyo-S029-D1-wrist_extension-T04,grabmyo-S029-D1-wrist_extension-T04,grabmyo-S029-D1-wrist_extension-T04,1,validation
grabmyo-S29-K3-seed3406,29,3,3406,wrist_extension,grabmyo-S029-D1-wrist_extension-T07,grabmyo-S029-D1-wrist_extension-T07,grabmyo-S029-D1-wrist_extension-T07,1,validation
grabmyo-S29-K3-seed3406,29,3,3406,wrist_flexion,grabmyo-S029-D1-wrist_flexion-T02,grabmyo-S029-D1-wrist_flexion-T02,grabmyo-S029-D1-wrist_flexion-T02,1,validation
grabmyo-S29-K3-seed3406,29,3,3406,wrist_flexion,grabmyo-S029-D1-wrist_flexion-T03,grabmyo-S029-D1-wrist_flexion-T03,grabmyo-S029-D1-wrist_flexion-T03,1,validation
grabmyo-S29-K3-seed3406,29,3,3406,wrist_flexion,grabmyo-S029-D1-wrist_flexion-T05,grabmyo-S029-D1-wrist_flexion-T05,grabmyo-S029-D1-wrist_flexion-T05,1,validation
grabmyo-S33-K3-seed3406,33,3,3406,hand_close,grabmyo-S033-D1-hand_close-T01,grabmyo-S033-D1-hand_close-T01,grabmyo-S033-D1-hand_close-T01,1,validation
grabmyo-S33-K3-seed3406,33,3,3406,hand_close,grabmyo-S033-D1-hand_close-T05,grabmyo-S033-D1-hand_close-T05,grabmyo-S033-D1-hand_close-T05,1,validation
grabmyo-S33-K3-seed3406,33,3,3406,hand_close,grabmyo-S033-D1-hand_close-T07,grabmyo-S033-D1-hand_close-T07,grabmyo-S033-D1-hand_close-T07,1,validation
grabmyo-S33-K3-seed3406,33,3,3406,rest,grabmyo-S033-D1-rest-T01,grabmyo-S033-D1-rest-T01,grabmyo-S033-D1-rest-T01,1,validation
grabmyo-S33-K3-seed3406,33,3,3406,rest,grabmyo-S033-D1-rest-T02,grabmyo-S033-D1-rest-T02,grabmyo-S033-D1-rest-T02,1,validation
grabmyo-S33-K3-seed3406,33,3,3406,rest,grabmyo-S033-D1-rest-T05,grabmyo-S033-D1-rest-T05,grabmyo-S033-D1-rest-T05,1,validation
grabmyo-S33-K3-seed3406,33,3,3406,wrist_extension,grabmyo-S033-D1-wrist_extension-T02,grabmyo-S033-D1-wrist_extension-T02,grabmyo-S033-D1-wrist_extension-T02,1,validation
grabmyo-S33-K3-seed3406,33,3,3406,wrist_extension,grabmyo-S033-D1-wrist_extension-T03,grabmyo-S033-D1-wrist_extension-T03,grabmyo-S033-D1-wrist_extension-T03,1,validation
grabmyo-S33-K3-seed3406,33,3,3406,wrist_extension,grabmyo-S033-D1-wrist_extension-T07,grabmyo-S033-D1-wrist_extension-T07,grabmyo-S033-D1-wrist_extension-T07,1,validation
grabmyo-S33-K3-seed3406,33,3,3406,wrist_flexion,grabmyo-S033-D1-wrist_flexion-T01,grabmyo-S033-D1-wrist_flexion-T01,grabmyo-S033-D1-wrist_flexion-T01,1,validation
grabmyo-S33-K3-seed3406,33,3,3406,wrist_flexion,grabmyo-S033-D1-wrist_flexion-T03,grabmyo-S033-D1-wrist_flexion-T03,grabmyo-S033-D1-wrist_flexion-T03,1,validation
grabmyo-S33-K3-seed3406,33,3,3406,wrist_flexion,grabmyo-S033-D1-wrist_flexion-T04,grabmyo-S033-D1-wrist_flexion-T04,grabmyo-S033-D1-wrist_flexion-T04,1,validation
grabmyo-S34-K3-seed3406,34,3,3406,hand_close,grabmyo-S034-D1-hand_close-T01,grabmyo-S034-D1-hand_close-T01,grabmyo-S034-D1-hand_close-T01,1,validation
grabmyo-S34-K3-seed3406,34,3,3406,hand_close,grabmyo-S034-D1-hand_close-T03,grabmyo-S034-D1-hand_close-T03,grabmyo-S034-D1-hand_close-T03,1,validation
grabmyo-S34-K3-seed3406,34,3,3406,hand_close,grabmyo-S034-D1-hand_close-T05,grabmyo-S034-D1-hand_close-T05,grabmyo-S034-D1-hand_close-T05,1,validation
grabmyo-S34-K3-seed3406,34,3,3406,rest,grabmyo-S034-D1-rest-T01,grabmyo-S034-D1-rest-T01,grabmyo-S034-D1-rest-T01,1,validation
grabmyo-S34-K3-seed3406,34,3,3406,rest,grabmyo-S034-D1-rest-T03,grabmyo-S034-D1-rest-T03,grabmyo-S034-D1-rest-T03,1,validation
grabmyo-S34-K3-seed3406,34,3,3406,rest,grabmyo-S034-D1-rest-T07,grabmyo-S034-D1-rest-T07,grabmyo-S034-D1-rest-T07,1,validation
grabmyo-S34-K3-seed3406,34,3,3406,wrist_extension,grabmyo-S034-D1-wrist_extension-T01,grabmyo-S034-D1-wrist_extension-T01,grabmyo-S034-D1-wrist_extension-T01,1,validation
grabmyo-S34-K3-seed3406,34,3,3406,wrist_extension,grabmyo-S034-D1-wrist_extension-T02,grabmyo-S034-D1-wrist_extension-T02,grabmyo-S034-D1-wrist_extension-T02,1,validation
grabmyo-S34-K3-seed3406,34,3,3406,wrist_extension,grabmyo-S034-D1-wrist_extension-T03,grabmyo-S034-D1-wrist_extension-T03,grabmyo-S034-D1-wrist_extension-T03,1,validation
grabmyo-S34-K3-seed3406,34,3,3406,wrist_flexion,grabmyo-S034-D1-wrist_flexion-T02,grabmyo-S034-D1-wrist_flexion-T02,grabmyo-S034-D1-wrist_flexion-T02,1,validation
grabmyo-S34-K3-seed3406,34,3,3406,wrist_flexion,grabmyo-S034-D1-wrist_flexion-T05,grabmyo-S034-D1-wrist_flexion-T05,grabmyo-S034-D1-wrist_flexion-T05,1,validation
grabmyo-S34-K3-seed3406,34,3,3406,wrist_flexion,grabmyo-S034-D1-wrist_flexion-T07,grabmyo-S034-D1-wrist_flexion-T07,grabmyo-S034-D1-wrist_flexion-T07,1,validation
grabmyo-S35-K3-seed3406,35,3,3406,hand_close,grabmyo-S035-D1-hand_close-T01,grabmyo-S035-D1-hand_close-T01,grabmyo-S035-D1-hand_close-T01,1,validation
grabmyo-S35-K3-seed3406,35,3,3406,hand_close,grabmyo-S035-D1-hand_close-T02,grabmyo-S035-D1-hand_close-T02,grabmyo-S035-D1-hand_close-T02,1,validation
grabmyo-S35-K3-seed3406,35,3,3406,hand_close,grabmyo-S035-D1-hand_close-T04,grabmyo-S035-D1-hand_close-T04,grabmyo-S035-D1-hand_close-T04,1,validation
grabmyo-S35-K3-seed3406,35,3,3406,rest,grabmyo-S035-D1-rest-T01,grabmyo-S035-D1-rest-T01,grabmyo-S035-D1-rest-T01,1,validation
grabmyo-S35-K3-seed3406,35,3,3406,rest,grabmyo-S035-D1-rest-T02,grabmyo-S035-D1-rest-T02,grabmyo-S035-D1-rest-T02,1,validation
grabmyo-S35-K3-seed3406,35,3,3406,rest,grabmyo-S035-D1-rest-T05,grabmyo-S035-D1-rest-T05,grabmyo-S035-D1-rest-T05,1,validation
grabmyo-S35-K3-seed3406,35,3,3406,wrist_extension,grabmyo-S035-D1-wrist_extension-T02,grabmyo-S035-D1-wrist_extension-T02,grabmyo-S035-D1-wrist_extension-T02,1,validation
grabmyo-S35-K3-seed3406,35,3,3406,wrist_extension,grabmyo-S035-D1-wrist_extension-T05,grabmyo-S035-D1-wrist_extension-T05,grabmyo-S035-D1-wrist_extension-T05,1,validation
grabmyo-S35-K3-seed3406,35,3,3406,wrist_extension,grabmyo-S035-D1-wrist_extension-T06,grabmyo-S035-D1-wrist_extension-T06,grabmyo-S035-D1-wrist_extension-T06,1,validation
grabmyo-S35-K3-seed3406,35,3,3406,wrist_flexion,grabmyo-S035-D1-wrist_flexion-T01,grabmyo-S035-D1-wrist_flexion-T01,grabmyo-S035-D1-wrist_flexion-T01,1,validation
grabmyo-S35-K3-seed3406,35,3,3406,wrist_flexion,grabmyo-S035-D1-wrist_flexion-T02,grabmyo-S035-D1-wrist_flexion-T02,grabmyo-S035-D1-wrist_flexion-T02,1,validation
grabmyo-S35-K3-seed3406,35,3,3406,wrist_flexion,grabmyo-S035-D1-wrist_flexion-T03,grabmyo-S035-D1-wrist_flexion-T03,grabmyo-S035-D1-wrist_flexion-T03,1,validation
grabmyo-S41-K3-seed3406,41,3,3406,hand_close,grabmyo-S041-D1-hand_close-T02,grabmyo-S041-D1-hand_close-T02,grabmyo-S041-D1-hand_close-T02,1,validation
grabmyo-S41-K3-seed3406,41,3,3406,hand_close,grabmyo-S041-D1-hand_close-T05,grabmyo-S041-D1-hand_close-T05,grabmyo-S041-D1-hand_close-T05,1,validation
grabmyo-S41-K3-seed3406,41,3,3406,hand_close,grabmyo-S041-D1-hand_close-T06,grabmyo-S041-D1-hand_close-T06,grabmyo-S041-D1-hand_close-T06,1,validation
grabmyo-S41-K3-seed3406,41,3,3406,rest,grabmyo-S041-D1-rest-T01,grabmyo-S041-D1-rest-T01,grabmyo-S041-D1-rest-T01,1,validation
grabmyo-S41-K3-seed3406,41,3,3406,rest,grabmyo-S041-D1-rest-T05,grabmyo-S041-D1-rest-T05,grabmyo-S041-D1-rest-T05,1,validation
grabmyo-S41-K3-seed3406,41,3,3406,rest,grabmyo-S041-D1-rest-T06,grabmyo-S041-D1-rest-T06,grabmyo-S041-D1-rest-T06,1,validation
grabmyo-S41-K3-seed3406,41,3,3406,wrist_extension,grabmyo-S041-D1-wrist_extension-T02,grabmyo-S041-D1-wrist_extension-T02,grabmyo-S041-D1-wrist_extension-T02,1,validation
grabmyo-S41-K3-seed3406,41,3,3406,wrist_extension,grabmyo-S041-D1-wrist_extension-T03,grabmyo-S041-D1-wrist_extension-T03,grabmyo-S041-D1-wrist_extension-T03,1,validation
grabmyo-S41-K3-seed3406,41,3,3406,wrist_extension,grabmyo-S041-D1-wrist_extension-T04,grabmyo-S041-D1-wrist_extension-T04,grabmyo-S041-D1-wrist_extension-T04,1,validation
grabmyo-S41-K3-seed3406,41,3,3406,wrist_flexion,grabmyo-S041-D1-wrist_flexion-T03,grabmyo-S041-D1-wrist_flexion-T03,grabmyo-S041-D1-wrist_flexion-T03,1,validation
grabmyo-S41-K3-seed3406,41,3,3406,wrist_flexion,grabmyo-S041-D1-wrist_flexion-T04,grabmyo-S041-D1-wrist_flexion-T04,grabmyo-S041-D1-wrist_flexion-T04,1,validation
grabmyo-S41-K3-seed3406,41,3,3406,wrist_flexion,grabmyo-S041-D1-wrist_flexion-T06,grabmyo-S041-D1-wrist_flexion-T06,grabmyo-S041-D1-wrist_flexion-T06,1,validation
grabmyo-S12-K3-seed3407,12,3,3407,hand_close,grabmyo-S012-D1-hand_close-T03,grabmyo-S012-D1-hand_close-T03,grabmyo-S012-D1-hand_close-T03,1,validation
grabmyo-S12-K3-seed3407,12,3,3407,hand_close,grabmyo-S012-D1-hand_close-T05,grabmyo-S012-D1-hand_close-T05,grabmyo-S012-D1-hand_close-T05,1,validation
grabmyo-S12-K3-seed3407,12,3,3407,hand_close,grabmyo-S012-D1-hand_close-T07,grabmyo-S012-D1-hand_close-T07,grabmyo-S012-D1-hand_close-T07,1,validation
grabmyo-S12-K3-seed3407,12,3,3407,rest,grabmyo-S012-D1-rest-T01,grabmyo-S012-D1-rest-T01,grabmyo-S012-D1-rest-T01,1,validation
grabmyo-S12-K3-seed3407,12,3,3407,rest,grabmyo-S012-D1-rest-T03,grabmyo-S012-D1-rest-T03,grabmyo-S012-D1-rest-T03,1,validation
grabmyo-S12-K3-seed3407,12,3,3407,rest,grabmyo-S012-D1-rest-T07,grabmyo-S012-D1-rest-T07,grabmyo-S012-D1-rest-T07,1,validation
grabmyo-S12-K3-seed3407,12,3,3407,wrist_extension,grabmyo-S012-D1-wrist_extension-T02,grabmyo-S012-D1-wrist_extension-T02,grabmyo-S012-D1-wrist_extension-T02,1,validation
grabmyo-S12-K3-seed3407,12,3,3407,wrist_extension,grabmyo-S012-D1-wrist_extension-T04,grabmyo-S012-D1-wrist_extension-T04,grabmyo-S012-D1-wrist_extension-T04,1,validation
grabmyo-S12-K3-seed3407,12,3,3407,wrist_extension,grabmyo-S012-D1-wrist_extension-T05,grabmyo-S012-D1-wrist_extension-T05,grabmyo-S012-D1-wrist_extension-T05,1,validation
grabmyo-S12-K3-seed3407,12,3,3407,wrist_flexion,grabmyo-S012-D1-wrist_flexion-T01,grabmyo-S012-D1-wrist_flexion-T01,grabmyo-S012-D1-wrist_flexion-T01,1,validation
grabmyo-S12-K3-seed3407,12,3,3407,wrist_flexion,grabmyo-S012-D1-wrist_flexion-T02,grabmyo-S012-D1-wrist_flexion-T02,grabmyo-S012-D1-wrist_flexion-T02,1,validation
grabmyo-S12-K3-seed3407,12,3,3407,wrist_flexion,grabmyo-S012-D1-wrist_flexion-T07,grabmyo-S012-D1-wrist_flexion-T07,grabmyo-S012-D1-wrist_flexion-T07,1,validation
grabmyo-S13-K3-seed3407,13,3,3407,hand_close,grabmyo-S013-D1-hand_close-T02,grabmyo-S013-D1-hand_close-T02,grabmyo-S013-D1-hand_close-T02,1,validation
grabmyo-S13-K3-seed3407,13,3,3407,hand_close,grabmyo-S013-D1-hand_close-T04,grabmyo-S013-D1-hand_close-T04,grabmyo-S013-D1-hand_close-T04,1,validation
grabmyo-S13-K3-seed3407,13,3,3407,hand_close,grabmyo-S013-D1-hand_close-T07,grabmyo-S013-D1-hand_close-T07,grabmyo-S013-D1-hand_close-T07,1,validation
grabmyo-S13-K3-seed3407,13,3,3407,rest,grabmyo-S013-D1-rest-T01,grabmyo-S013-D1-rest-T01,grabmyo-S013-D1-rest-T01,1,validation
grabmyo-S13-K3-seed3407,13,3,3407,rest,grabmyo-S013-D1-rest-T03,grabmyo-S013-D1-rest-T03,grabmyo-S013-D1-rest-T03,1,validation
grabmyo-S13-K3-seed3407,13,3,3407,rest,grabmyo-S013-D1-rest-T04,grabmyo-S013-D1-rest-T04,grabmyo-S013-D1-rest-T04,1,validation
grabmyo-S13-K3-seed3407,13,3,3407,wrist_extension,grabmyo-S013-D1-wrist_extension-T01,grabmyo-S013-D1-wrist_extension-T01,grabmyo-S013-D1-wrist_extension-T01,1,validation
grabmyo-S13-K3-seed3407,13,3,3407,wrist_extension,grabmyo-S013-D1-wrist_extension-T02,grabmyo-S013-D1-wrist_extension-T02,grabmyo-S013-D1-wrist_extension-T02,1,validation
grabmyo-S13-K3-seed3407,13,3,3407,wrist_extension,grabmyo-S013-D1-wrist_extension-T05,grabmyo-S013-D1-wrist_extension-T05,grabmyo-S013-D1-wrist_extension-T05,1,validation
grabmyo-S13-K3-seed3407,13,3,3407,wrist_flexion,grabmyo-S013-D1-wrist_flexion-T01,grabmyo-S013-D1-wrist_flexion-T01,grabmyo-S013-D1-wrist_flexion-T01,1,validation
grabmyo-S13-K3-seed3407,13,3,3407,wrist_flexion,grabmyo-S013-D1-wrist_flexion-T02,grabmyo-S013-D1-wrist_flexion-T02,grabmyo-S013-D1-wrist_flexion-T02,1,validation
grabmyo-S13-K3-seed3407,13,3,3407,wrist_flexion,grabmyo-S013-D1-wrist_flexion-T04,grabmyo-S013-D1-wrist_flexion-T04,grabmyo-S013-D1-wrist_flexion-T04,1,validation
grabmyo-S25-K3-seed3407,25,3,3407,hand_close,grabmyo-S025-D1-hand_close-T01,grabmyo-S025-D1-hand_close-T01,grabmyo-S025-D1-hand_close-T01,1,validation
grabmyo-S25-K3-seed3407,25,3,3407,hand_close,grabmyo-S025-D1-hand_close-T06,grabmyo-S025-D1-hand_close-T06,grabmyo-S025-D1-hand_close-T06,1,validation
grabmyo-S25-K3-seed3407,25,3,3407,hand_close,grabmyo-S025-D1-hand_close-T07,grabmyo-S025-D1-hand_close-T07,grabmyo-S025-D1-hand_close-T07,1,validation
grabmyo-S25-K3-seed3407,25,3,3407,rest,grabmyo-S025-D1-rest-T05,grabmyo-S025-D1-rest-T05,grabmyo-S025-D1-rest-T05,1,validation
grabmyo-S25-K3-seed3407,25,3,3407,rest,grabmyo-S025-D1-rest-T06,grabmyo-S025-D1-rest-T06,grabmyo-S025-D1-rest-T06,1,validation
grabmyo-S25-K3-seed3407,25,3,3407,rest,grabmyo-S025-D1-rest-T07,grabmyo-S025-D1-rest-T07,grabmyo-S025-D1-rest-T07,1,validation
grabmyo-S25-K3-seed3407,25,3,3407,wrist_extension,grabmyo-S025-D1-wrist_extension-T02,grabmyo-S025-D1-wrist_extension-T02,grabmyo-S025-D1-wrist_extension-T02,1,validation
grabmyo-S25-K3-seed3407,25,3,3407,wrist_extension,grabmyo-S025-D1-wrist_extension-T05,grabmyo-S025-D1-wrist_extension-T05,grabmyo-S025-D1-wrist_extension-T05,1,validation
grabmyo-S25-K3-seed3407,25,3,3407,wrist_extension,grabmyo-S025-D1-wrist_extension-T07,grabmyo-S025-D1-wrist_extension-T07,grabmyo-S025-D1-wrist_extension-T07,1,validation
grabmyo-S25-K3-seed3407,25,3,3407,wrist_flexion,grabmyo-S025-D1-wrist_flexion-T02,grabmyo-S025-D1-wrist_flexion-T02,grabmyo-S025-D1-wrist_flexion-T02,1,validation
grabmyo-S25-K3-seed3407,25,3,3407,wrist_flexion,grabmyo-S025-D1-wrist_flexion-T03,grabmyo-S025-D1-wrist_flexion-T03,grabmyo-S025-D1-wrist_flexion-T03,1,validation
grabmyo-S25-K3-seed3407,25,3,3407,wrist_flexion,grabmyo-S025-D1-wrist_flexion-T04,grabmyo-S025-D1-wrist_flexion-T04,grabmyo-S025-D1-wrist_flexion-T04,1,validation
grabmyo-S26-K3-seed3407,26,3,3407,hand_close,grabmyo-S026-D1-hand_close-T01,grabmyo-S026-D1-hand_close-T01,grabmyo-S026-D1-hand_close-T01,1,validation
grabmyo-S26-K3-seed3407,26,3,3407,hand_close,grabmyo-S026-D1-hand_close-T04,grabmyo-S026-D1-hand_close-T04,grabmyo-S026-D1-hand_close-T04,1,validation
grabmyo-S26-K3-seed3407,26,3,3407,hand_close,grabmyo-S026-D1-hand_close-T06,grabmyo-S026-D1-hand_close-T06,grabmyo-S026-D1-hand_close-T06,1,validation
grabmyo-S26-K3-seed3407,26,3,3407,rest,grabmyo-S026-D1-rest-T02,grabmyo-S026-D1-rest-T02,grabmyo-S026-D1-rest-T02,1,validation
grabmyo-S26-K3-seed3407,26,3,3407,rest,grabmyo-S026-D1-rest-T04,grabmyo-S026-D1-rest-T04,grabmyo-S026-D1-rest-T04,1,validation
grabmyo-S26-K3-seed3407,26,3,3407,rest,grabmyo-S026-D1-rest-T06,grabmyo-S026-D1-rest-T06,grabmyo-S026-D1-rest-T06,1,validation
grabmyo-S26-K3-seed3407,26,3,3407,wrist_extension,grabmyo-S026-D1-wrist_extension-T01,grabmyo-S026-D1-wrist_extension-T01,grabmyo-S026-D1-wrist_extension-T01,1,validation
grabmyo-S26-K3-seed3407,26,3,3407,wrist_extension,grabmyo-S026-D1-wrist_extension-T03,grabmyo-S026-D1-wrist_extension-T03,grabmyo-S026-D1-wrist_extension-T03,1,validation
grabmyo-S26-K3-seed3407,26,3,3407,wrist_extension,grabmyo-S026-D1-wrist_extension-T04,grabmyo-S026-D1-wrist_extension-T04,grabmyo-S026-D1-wrist_extension-T04,1,validation
grabmyo-S26-K3-seed3407,26,3,3407,wrist_flexion,grabmyo-S026-D1-wrist_flexion-T02,grabmyo-S026-D1-wrist_flexion-T02,grabmyo-S026-D1-wrist_flexion-T02,1,validation
grabmyo-S26-K3-seed3407,26,3,3407,wrist_flexion,grabmyo-S026-D1-wrist_flexion-T03,grabmyo-S026-D1-wrist_flexion-T03,grabmyo-S026-D1-wrist_flexion-T03,1,validation
grabmyo-S26-K3-seed3407,26,3,3407,wrist_flexion,grabmyo-S026-D1-wrist_flexion-T07,grabmyo-S026-D1-wrist_flexion-T07,grabmyo-S026-D1-wrist_flexion-T07,1,validation
grabmyo-S29-K3-seed3407,29,3,3407,hand_close,grabmyo-S029-D1-hand_close-T03,grabmyo-S029-D1-hand_close-T03,grabmyo-S029-D1-hand_close-T03,1,validation
grabmyo-S29-K3-seed3407,29,3,3407,hand_close,grabmyo-S029-D1-hand_close-T06,grabmyo-S029-D1-hand_close-T06,grabmyo-S029-D1-hand_close-T06,1,validation
grabmyo-S29-K3-seed3407,29,3,3407,hand_close,grabmyo-S029-D1-hand_close-T07,grabmyo-S029-D1-hand_close-T07,grabmyo-S029-D1-hand_close-T07,1,validation
grabmyo-S29-K3-seed3407,29,3,3407,rest,grabmyo-S029-D1-rest-T02,grabmyo-S029-D1-rest-T02,grabmyo-S029-D1-rest-T02,1,validation
grabmyo-S29-K3-seed3407,29,3,3407,rest,grabmyo-S029-D1-rest-T03,grabmyo-S029-D1-rest-T03,grabmyo-S029-D1-rest-T03,1,validation
grabmyo-S29-K3-seed3407,29,3,3407,rest,grabmyo-S029-D1-rest-T07,grabmyo-S029-D1-rest-T07,grabmyo-S029-D1-rest-T07,1,validation
grabmyo-S29-K3-seed3407,29,3,3407,wrist_extension,grabmyo-S029-D1-wrist_extension-T01,grabmyo-S029-D1-wrist_extension-T01,grabmyo-S029-D1-wrist_extension-T01,1,validation
grabmyo-S29-K3-seed3407,29,3,3407,wrist_extension,grabmyo-S029-D1-wrist_extension-T04,grabmyo-S029-D1-wrist_extension-T04,grabmyo-S029-D1-wrist_extension-T04,1,validation
grabmyo-S29-K3-seed3407,29,3,3407,wrist_extension,grabmyo-S029-D1-wrist_extension-T07,grabmyo-S029-D1-wrist_extension-T07,grabmyo-S029-D1-wrist_extension-T07,1,validation
grabmyo-S29-K3-seed3407,29,3,3407,wrist_flexion,grabmyo-S029-D1-wrist_flexion-T02,grabmyo-S029-D1-wrist_flexion-T02,grabmyo-S029-D1-wrist_flexion-T02,1,validation
grabmyo-S29-K3-seed3407,29,3,3407,wrist_flexion,grabmyo-S029-D1-wrist_flexion-T04,grabmyo-S029-D1-wrist_flexion-T04,grabmyo-S029-D1-wrist_flexion-T04,1,validation
grabmyo-S29-K3-seed3407,29,3,3407,wrist_flexion,grabmyo-S029-D1-wrist_flexion-T06,grabmyo-S029-D1-wrist_flexion-T06,grabmyo-S029-D1-wrist_flexion-T06,1,validation
grabmyo-S33-K3-seed3407,33,3,3407,hand_close,grabmyo-S033-D1-hand_close-T01,grabmyo-S033-D1-hand_close-T01,grabmyo-S033-D1-hand_close-T01,1,validation
grabmyo-S33-K3-seed3407,33,3,3407,hand_close,grabmyo-S033-D1-hand_close-T03,grabmyo-S033-D1-hand_close-T03,grabmyo-S033-D1-hand_close-T03,1,validation
grabmyo-S33-K3-seed3407,33,3,3407,hand_close,grabmyo-S033-D1-hand_close-T04,grabmyo-S033-D1-hand_close-T04,grabmyo-S033-D1-hand_close-T04,1,validation
grabmyo-S33-K3-seed3407,33,3,3407,rest,grabmyo-S033-D1-rest-T01,grabmyo-S033-D1-rest-T01,grabmyo-S033-D1-rest-T01,1,validation
grabmyo-S33-K3-seed3407,33,3,3407,rest,grabmyo-S033-D1-rest-T04,grabmyo-S033-D1-rest-T04,grabmyo-S033-D1-rest-T04,1,validation
grabmyo-S33-K3-seed3407,33,3,3407,rest,grabmyo-S033-D1-rest-T07,grabmyo-S033-D1-rest-T07,grabmyo-S033-D1-rest-T07,1,validation
grabmyo-S33-K3-seed3407,33,3,3407,wrist_extension,grabmyo-S033-D1-wrist_extension-T02,grabmyo-S033-D1-wrist_extension-T02,grabmyo-S033-D1-wrist_extension-T02,1,validation
grabmyo-S33-K3-seed3407,33,3,3407,wrist_extension,grabmyo-S033-D1-wrist_extension-T05,grabmyo-S033-D1-wrist_extension-T05,grabmyo-S033-D1-wrist_extension-T05,1,validation
grabmyo-S33-K3-seed3407,33,3,3407,wrist_extension,grabmyo-S033-D1-wrist_extension-T06,grabmyo-S033-D1-wrist_extension-T06,grabmyo-S033-D1-wrist_extension-T06,1,validation
grabmyo-S33-K3-seed3407,33,3,3407,wrist_flexion,grabmyo-S033-D1-wrist_flexion-T03,grabmyo-S033-D1-wrist_flexion-T03,grabmyo-S033-D1-wrist_flexion-T03,1,validation
grabmyo-S33-K3-seed3407,33,3,3407,wrist_flexion,grabmyo-S033-D1-wrist_flexion-T05,grabmyo-S033-D1-wrist_flexion-T05,grabmyo-S033-D1-wrist_flexion-T05,1,validation
grabmyo-S33-K3-seed3407,33,3,3407,wrist_flexion,grabmyo-S033-D1-wrist_flexion-T06,grabmyo-S033-D1-wrist_flexion-T06,grabmyo-S033-D1-wrist_flexion-T06,1,validation
grabmyo-S34-K3-seed3407,34,3,3407,hand_close,grabmyo-S034-D1-hand_close-T01,grabmyo-S034-D1-hand_close-T01,grabmyo-S034-D1-hand_close-T01,1,validation
grabmyo-S34-K3-seed3407,34,3,3407,hand_close,grabmyo-S034-D1-hand_close-T04,grabmyo-S034-D1-hand_close-T04,grabmyo-S034-D1-hand_close-T04,1,validation
grabmyo-S34-K3-seed3407,34,3,3407,hand_close,grabmyo-S034-D1-hand_close-T05,grabmyo-S034-D1-hand_close-T05,grabmyo-S034-D1-hand_close-T05,1,validation
grabmyo-S34-K3-seed3407,34,3,3407,rest,grabmyo-S034-D1-rest-T01,grabmyo-S034-D1-rest-T01,grabmyo-S034-D1-rest-T01,1,validation
grabmyo-S34-K3-seed3407,34,3,3407,rest,grabmyo-S034-D1-rest-T03,grabmyo-S034-D1-rest-T03,grabmyo-S034-D1-rest-T03,1,validation
grabmyo-S34-K3-seed3407,34,3,3407,rest,grabmyo-S034-D1-rest-T05,grabmyo-S034-D1-rest-T05,grabmyo-S034-D1-rest-T05,1,validation
grabmyo-S34-K3-seed3407,34,3,3407,wrist_extension,grabmyo-S034-D1-wrist_extension-T03,grabmyo-S034-D1-wrist_extension-T03,grabmyo-S034-D1-wrist_extension-T03,1,validation
grabmyo-S34-K3-seed3407,34,3,3407,wrist_extension,grabmyo-S034-D1-wrist_extension-T04,grabmyo-S034-D1-wrist_extension-T04,grabmyo-S034-D1-wrist_extension-T04,1,validation
grabmyo-S34-K3-seed3407,34,3,3407,wrist_extension,grabmyo-S034-D1-wrist_extension-T05,grabmyo-S034-D1-wrist_extension-T05,grabmyo-S034-D1-wrist_extension-T05,1,validation
grabmyo-S34-K3-seed3407,34,3,3407,wrist_flexion,grabmyo-S034-D1-wrist_flexion-T04,grabmyo-S034-D1-wrist_flexion-T04,grabmyo-S034-D1-wrist_flexion-T04,1,validation
grabmyo-S34-K3-seed3407,34,3,3407,wrist_flexion,grabmyo-S034-D1-wrist_flexion-T05,grabmyo-S034-D1-wrist_flexion-T05,grabmyo-S034-D1-wrist_flexion-T05,1,validation
grabmyo-S34-K3-seed3407,34,3,3407,wrist_flexion,grabmyo-S034-D1-wrist_flexion-T07,grabmyo-S034-D1-wrist_flexion-T07,grabmyo-S034-D1-wrist_flexion-T07,1,validation
grabmyo-S35-K3-seed3407,35,3,3407,hand_close,grabmyo-S035-D1-hand_close-T02,grabmyo-S035-D1-hand_close-T02,grabmyo-S035-D1-hand_close-T02,1,validation
grabmyo-S35-K3-seed3407,35,3,3407,hand_close,grabmyo-S035-D1-hand_close-T04,grabmyo-S035-D1-hand_close-T04,grabmyo-S035-D1-hand_close-T04,1,validation
grabmyo-S35-K3-seed3407,35,3,3407,hand_close,grabmyo-S035-D1-hand_close-T06,grabmyo-S035-D1-hand_close-T06,grabmyo-S035-D1-hand_close-T06,1,validation
grabmyo-S35-K3-seed3407,35,3,3407,rest,grabmyo-S035-D1-rest-T01,grabmyo-S035-D1-rest-T01,grabmyo-S035-D1-rest-T01,1,validation
grabmyo-S35-K3-seed3407,35,3,3407,rest,grabmyo-S035-D1-rest-T02,grabmyo-S035-D1-rest-T02,grabmyo-S035-D1-rest-T02,1,validation
grabmyo-S35-K3-seed3407,35,3,3407,rest,grabmyo-S035-D1-rest-T05,grabmyo-S035-D1-rest-T05,grabmyo-S035-D1-rest-T05,1,validation
grabmyo-S35-K3-seed3407,35,3,3407,wrist_extension,grabmyo-S035-D1-wrist_extension-T01,grabmyo-S035-D1-wrist_extension-T01,grabmyo-S035-D1-wrist_extension-T01,1,validation
grabmyo-S35-K3-seed3407,35,3,3407,wrist_extension,grabmyo-S035-D1-wrist_extension-T02,grabmyo-S035-D1-wrist_extension-T02,grabmyo-S035-D1-wrist_extension-T02,1,validation
grabmyo-S35-K3-seed3407,35,3,3407,wrist_extension,grabmyo-S035-D1-wrist_extension-T04,grabmyo-S035-D1-wrist_extension-T04,grabmyo-S035-D1-wrist_extension-T04,1,validation
grabmyo-S35-K3-seed3407,35,3,3407,wrist_flexion,grabmyo-S035-D1-wrist_flexion-T02,grabmyo-S035-D1-wrist_flexion-T02,grabmyo-S035-D1-wrist_flexion-T02,1,validation
grabmyo-S35-K3-seed3407,35,3,3407,wrist_flexion,grabmyo-S035-D1-wrist_flexion-T05,grabmyo-S035-D1-wrist_flexion-T05,grabmyo-S035-D1-wrist_flexion-T05,1,validation
grabmyo-S35-K3-seed3407,35,3,3407,wrist_flexion,grabmyo-S035-D1-wrist_flexion-T06,grabmyo-S035-D1-wrist_flexion-T06,grabmyo-S035-D1-wrist_flexion-T06,1,validation
grabmyo-S41-K3-seed3407,41,3,3407,hand_close,grabmyo-S041-D1-hand_close-T02,grabmyo-S041-D1-hand_close-T02,grabmyo-S041-D1-hand_close-T02,1,validation
grabmyo-S41-K3-seed3407,41,3,3407,hand_close,grabmyo-S041-D1-hand_close-T03,grabmyo-S041-D1-hand_close-T03,grabmyo-S041-D1-hand_close-T03,1,validation
grabmyo-S41-K3-seed3407,41,3,3407,hand_close,grabmyo-S041-D1-hand_close-T07,grabmyo-S041-D1-hand_close-T07,grabmyo-S041-D1-hand_close-T07,1,validation
grabmyo-S41-K3-seed3407,41,3,3407,rest,grabmyo-S041-D1-rest-T04,grabmyo-S041-D1-rest-T04,grabmyo-S041-D1-rest-T04,1,validation
grabmyo-S41-K3-seed3407,41,3,3407,rest,grabmyo-S041-D1-rest-T05,grabmyo-S041-D1-rest-T05,grabmyo-S041-D1-rest-T05,1,validation
grabmyo-S41-K3-seed3407,41,3,3407,rest,grabmyo-S041-D1-rest-T07,grabmyo-S041-D1-rest-T07,grabmyo-S041-D1-rest-T07,1,validation
grabmyo-S41-K3-seed3407,41,3,3407,wrist_extension,grabmyo-S041-D1-wrist_extension-T05,grabmyo-S041-D1-wrist_extension-T05,grabmyo-S041-D1-wrist_extension-T05,1,validation
grabmyo-S41-K3-seed3407,41,3,3407,wrist_extension,grabmyo-S041-D1-wrist_extension-T06,grabmyo-S041-D1-wrist_extension-T06,grabmyo-S041-D1-wrist_extension-T06,1,validation
grabmyo-S41-K3-seed3407,41,3,3407,wrist_extension,grabmyo-S041-D1-wrist_extension-T07,grabmyo-S041-D1-wrist_extension-T07,grabmyo-S041-D1-wrist_extension-T07,1,validation
grabmyo-S41-K3-seed3407,41,3,3407,wrist_flexion,grabmyo-S041-D1-wrist_flexion-T02,grabmyo-S041-D1-wrist_flexion-T02,grabmyo-S041-D1-wrist_flexion-T02,1,validation
grabmyo-S41-K3-seed3407,41,3,3407,wrist_flexion,grabmyo-S041-D1-wrist_flexion-T04,grabmyo-S041-D1-wrist_flexion-T04,grabmyo-S041-D1-wrist_flexion-T04,1,validation
grabmyo-S41-K3-seed3407,41,3,3407,wrist_flexion,grabmyo-S041-D1-wrist_flexion-T06,grabmyo-S041-D1-wrist_flexion-T06,grabmyo-S041-D1-wrist_flexion-T06,1,validation
grabmyo-S12-K3-seed3408,12,3,3408,hand_close,grabmyo-S012-D1-hand_close-T02,grabmyo-S012-D1-hand_close-T02,grabmyo-S012-D1-hand_close-T02,1,validation
grabmyo-S12-K3-seed3408,12,3,3408,hand_close,grabmyo-S012-D1-hand_close-T04,grabmyo-S012-D1-hand_close-T04,grabmyo-S012-D1-hand_close-T04,1,validation
grabmyo-S12-K3-seed3408,12,3,3408,hand_close,grabmyo-S012-D1-hand_close-T07,grabmyo-S012-D1-hand_close-T07,grabmyo-S012-D1-hand_close-T07,1,validation
grabmyo-S12-K3-seed3408,12,3,3408,rest,grabmyo-S012-D1-rest-T01,grabmyo-S012-D1-rest-T01,grabmyo-S012-D1-rest-T01,1,validation
grabmyo-S12-K3-seed3408,12,3,3408,rest,grabmyo-S012-D1-rest-T03,grabmyo-S012-D1-rest-T03,grabmyo-S012-D1-rest-T03,1,validation
grabmyo-S12-K3-seed3408,12,3,3408,rest,grabmyo-S012-D1-rest-T05,grabmyo-S012-D1-rest-T05,grabmyo-S012-D1-rest-T05,1,validation
grabmyo-S12-K3-seed3408,12,3,3408,wrist_extension,grabmyo-S012-D1-wrist_extension-T03,grabmyo-S012-D1-wrist_extension-T03,grabmyo-S012-D1-wrist_extension-T03,1,validation
grabmyo-S12-K3-seed3408,12,3,3408,wrist_extension,grabmyo-S012-D1-wrist_extension-T05,grabmyo-S012-D1-wrist_extension-T05,grabmyo-S012-D1-wrist_extension-T05,1,validation
grabmyo-S12-K3-seed3408,12,3,3408,wrist_extension,grabmyo-S012-D1-wrist_extension-T07,grabmyo-S012-D1-wrist_extension-T07,grabmyo-S012-D1-wrist_extension-T07,1,validation
grabmyo-S12-K3-seed3408,12,3,3408,wrist_flexion,grabmyo-S012-D1-wrist_flexion-T02,grabmyo-S012-D1-wrist_flexion-T02,grabmyo-S012-D1-wrist_flexion-T02,1,validation
grabmyo-S12-K3-seed3408,12,3,3408,wrist_flexion,grabmyo-S012-D1-wrist_flexion-T04,grabmyo-S012-D1-wrist_flexion-T04,grabmyo-S012-D1-wrist_flexion-T04,1,validation
grabmyo-S12-K3-seed3408,12,3,3408,wrist_flexion,grabmyo-S012-D1-wrist_flexion-T05,grabmyo-S012-D1-wrist_flexion-T05,grabmyo-S012-D1-wrist_flexion-T05,1,validation
grabmyo-S13-K3-seed3408,13,3,3408,hand_close,grabmyo-S013-D1-hand_close-T01,grabmyo-S013-D1-hand_close-T01,grabmyo-S013-D1-hand_close-T01,1,validation
grabmyo-S13-K3-seed3408,13,3,3408,hand_close,grabmyo-S013-D1-hand_close-T05,grabmyo-S013-D1-hand_close-T05,grabmyo-S013-D1-hand_close-T05,1,validation
grabmyo-S13-K3-seed3408,13,3,3408,hand_close,grabmyo-S013-D1-hand_close-T06,grabmyo-S013-D1-hand_close-T06,grabmyo-S013-D1-hand_close-T06,1,validation
grabmyo-S13-K3-seed3408,13,3,3408,rest,grabmyo-S013-D1-rest-T01,grabmyo-S013-D1-rest-T01,grabmyo-S013-D1-rest-T01,1,validation
grabmyo-S13-K3-seed3408,13,3,3408,rest,grabmyo-S013-D1-rest-T04,grabmyo-S013-D1-rest-T04,grabmyo-S013-D1-rest-T04,1,validation
grabmyo-S13-K3-seed3408,13,3,3408,rest,grabmyo-S013-D1-rest-T05,grabmyo-S013-D1-rest-T05,grabmyo-S013-D1-rest-T05,1,validation
grabmyo-S13-K3-seed3408,13,3,3408,wrist_extension,grabmyo-S013-D1-wrist_extension-T02,grabmyo-S013-D1-wrist_extension-T02,grabmyo-S013-D1-wrist_extension-T02,1,validation
grabmyo-S13-K3-seed3408,13,3,3408,wrist_extension,grabmyo-S013-D1-wrist_extension-T04,grabmyo-S013-D1-wrist_extension-T04,grabmyo-S013-D1-wrist_extension-T04,1,validation
grabmyo-S13-K3-seed3408,13,3,3408,wrist_extension,grabmyo-S013-D1-wrist_extension-T06,grabmyo-S013-D1-wrist_extension-T06,grabmyo-S013-D1-wrist_extension-T06,1,validation
grabmyo-S13-K3-seed3408,13,3,3408,wrist_flexion,grabmyo-S013-D1-wrist_flexion-T01,grabmyo-S013-D1-wrist_flexion-T01,grabmyo-S013-D1-wrist_flexion-T01,1,validation
grabmyo-S13-K3-seed3408,13,3,3408,wrist_flexion,grabmyo-S013-D1-wrist_flexion-T03,grabmyo-S013-D1-wrist_flexion-T03,grabmyo-S013-D1-wrist_flexion-T03,1,validation
grabmyo-S13-K3-seed3408,13,3,3408,wrist_flexion,grabmyo-S013-D1-wrist_flexion-T04,grabmyo-S013-D1-wrist_flexion-T04,grabmyo-S013-D1-wrist_flexion-T04,1,validation
grabmyo-S25-K3-seed3408,25,3,3408,hand_close,grabmyo-S025-D1-hand_close-T01,grabmyo-S025-D1-hand_close-T01,grabmyo-S025-D1-hand_close-T01,1,validation
grabmyo-S25-K3-seed3408,25,3,3408,hand_close,grabmyo-S025-D1-hand_close-T03,grabmyo-S025-D1-hand_close-T03,grabmyo-S025-D1-hand_close-T03,1,validation
grabmyo-S25-K3-seed3408,25,3,3408,hand_close,grabmyo-S025-D1-hand_close-T07,grabmyo-S025-D1-hand_close-T07,grabmyo-S025-D1-hand_close-T07,1,validation
grabmyo-S25-K3-seed3408,25,3,3408,rest,grabmyo-S025-D1-rest-T05,grabmyo-S025-D1-rest-T05,grabmyo-S025-D1-rest-T05,1,validation
grabmyo-S25-K3-seed3408,25,3,3408,rest,grabmyo-S025-D1-rest-T06,grabmyo-S025-D1-rest-T06,grabmyo-S025-D1-rest-T06,1,validation
grabmyo-S25-K3-seed3408,25,3,3408,rest,grabmyo-S025-D1-rest-T07,grabmyo-S025-D1-rest-T07,grabmyo-S025-D1-rest-T07,1,validation
grabmyo-S25-K3-seed3408,25,3,3408,wrist_extension,grabmyo-S025-D1-wrist_extension-T01,grabmyo-S025-D1-wrist_extension-T01,grabmyo-S025-D1-wrist_extension-T01,1,validation
grabmyo-S25-K3-seed3408,25,3,3408,wrist_extension,grabmyo-S025-D1-wrist_extension-T04,grabmyo-S025-D1-wrist_extension-T04,grabmyo-S025-D1-wrist_extension-T04,1,validation
grabmyo-S25-K3-seed3408,25,3,3408,wrist_extension,grabmyo-S025-D1-wrist_extension-T06,grabmyo-S025-D1-wrist_extension-T06,grabmyo-S025-D1-wrist_extension-T06,1,validation
grabmyo-S25-K3-seed3408,25,3,3408,wrist_flexion,grabmyo-S025-D1-wrist_flexion-T02,grabmyo-S025-D1-wrist_flexion-T02,grabmyo-S025-D1-wrist_flexion-T02,1,validation
grabmyo-S25-K3-seed3408,25,3,3408,wrist_flexion,grabmyo-S025-D1-wrist_flexion-T03,grabmyo-S025-D1-wrist_flexion-T03,grabmyo-S025-D1-wrist_flexion-T03,1,validation
grabmyo-S25-K3-seed3408,25,3,3408,wrist_flexion,grabmyo-S025-D1-wrist_flexion-T05,grabmyo-S025-D1-wrist_flexion-T05,grabmyo-S025-D1-wrist_flexion-T05,1,validation
grabmyo-S26-K3-seed3408,26,3,3408,hand_close,grabmyo-S026-D1-hand_close-T04,grabmyo-S026-D1-hand_close-T04,grabmyo-S026-D1-hand_close-T04,1,validation
grabmyo-S26-K3-seed3408,26,3,3408,hand_close,grabmyo-S026-D1-hand_close-T06,grabmyo-S026-D1-hand_close-T06,grabmyo-S026-D1-hand_close-T06,1,validation
grabmyo-S26-K3-seed3408,26,3,3408,hand_close,grabmyo-S026-D1-hand_close-T07,grabmyo-S026-D1-hand_close-T07,grabmyo-S026-D1-hand_close-T07,1,validation
grabmyo-S26-K3-seed3408,26,3,3408,rest,grabmyo-S026-D1-rest-T01,grabmyo-S026-D1-rest-T01,grabmyo-S026-D1-rest-T01,1,validation
grabmyo-S26-K3-seed3408,26,3,3408,rest,grabmyo-S026-D1-rest-T06,grabmyo-S026-D1-rest-T06,grabmyo-S026-D1-rest-T06,1,validation
grabmyo-S26-K3-seed3408,26,3,3408,rest,grabmyo-S026-D1-rest-T07,grabmyo-S026-D1-rest-T07,grabmyo-S026-D1-rest-T07,1,validation
grabmyo-S26-K3-seed3408,26,3,3408,wrist_extension,grabmyo-S026-D1-wrist_extension-T01,grabmyo-S026-D1-wrist_extension-T01,grabmyo-S026-D1-wrist_extension-T01,1,validation
grabmyo-S26-K3-seed3408,26,3,3408,wrist_extension,grabmyo-S026-D1-wrist_extension-T02,grabmyo-S026-D1-wrist_extension-T02,grabmyo-S026-D1-wrist_extension-T02,1,validation
grabmyo-S26-K3-seed3408,26,3,3408,wrist_extension,grabmyo-S026-D1-wrist_extension-T03,grabmyo-S026-D1-wrist_extension-T03,grabmyo-S026-D1-wrist_extension-T03,1,validation
grabmyo-S26-K3-seed3408,26,3,3408,wrist_flexion,grabmyo-S026-D1-wrist_flexion-T01,grabmyo-S026-D1-wrist_flexion-T01,grabmyo-S026-D1-wrist_flexion-T01,1,validation
grabmyo-S26-K3-seed3408,26,3,3408,wrist_flexion,grabmyo-S026-D1-wrist_flexion-T02,grabmyo-S026-D1-wrist_flexion-T02,grabmyo-S026-D1-wrist_flexion-T02,1,validation
grabmyo-S26-K3-seed3408,26,3,3408,wrist_flexion,grabmyo-S026-D1-wrist_flexion-T06,grabmyo-S026-D1-wrist_flexion-T06,grabmyo-S026-D1-wrist_flexion-T06,1,validation
grabmyo-S29-K3-seed3408,29,3,3408,hand_close,grabmyo-S029-D1-hand_close-T01,grabmyo-S029-D1-hand_close-T01,grabmyo-S029-D1-hand_close-T01,1,validation
grabmyo-S29-K3-seed3408,29,3,3408,hand_close,grabmyo-S029-D1-hand_close-T03,grabmyo-S029-D1-hand_close-T03,grabmyo-S029-D1-hand_close-T03,1,validation
grabmyo-S29-K3-seed3408,29,3,3408,hand_close,grabmyo-S029-D1-hand_close-T05,grabmyo-S029-D1-hand_close-T05,grabmyo-S029-D1-hand_close-T05,1,validation
grabmyo-S29-K3-seed3408,29,3,3408,rest,grabmyo-S029-D1-rest-T02,grabmyo-S029-D1-rest-T02,grabmyo-S029-D1-rest-T02,1,validation
grabmyo-S29-K3-seed3408,29,3,3408,rest,grabmyo-S029-D1-rest-T03,grabmyo-S029-D1-rest-T03,grabmyo-S029-D1-rest-T03,1,validation
grabmyo-S29-K3-seed3408,29,3,3408,rest,grabmyo-S029-D1-rest-T04,grabmyo-S029-D1-rest-T04,grabmyo-S029-D1-rest-T04,1,validation
grabmyo-S29-K3-seed3408,29,3,3408,wrist_extension,grabmyo-S029-D1-wrist_extension-T03,grabmyo-S029-D1-wrist_extension-T03,grabmyo-S029-D1-wrist_extension-T03,1,validation
grabmyo-S29-K3-seed3408,29,3,3408,wrist_extension,grabmyo-S029-D1-wrist_extension-T05,grabmyo-S029-D1-wrist_extension-T05,grabmyo-S029-D1-wrist_extension-T05,1,validation
grabmyo-S29-K3-seed3408,29,3,3408,wrist_extension,grabmyo-S029-D1-wrist_extension-T07,grabmyo-S029-D1-wrist_extension-T07,grabmyo-S029-D1-wrist_extension-T07,1,validation
grabmyo-S29-K3-seed3408,29,3,3408,wrist_flexion,grabmyo-S029-D1-wrist_flexion-T01,grabmyo-S029-D1-wrist_flexion-T01,grabmyo-S029-D1-wrist_flexion-T01,1,validation
grabmyo-S29-K3-seed3408,29,3,3408,wrist_flexion,grabmyo-S029-D1-wrist_flexion-T03,grabmyo-S029-D1-wrist_flexion-T03,grabmyo-S029-D1-wrist_flexion-T03,1,validation
grabmyo-S29-K3-seed3408,29,3,3408,wrist_flexion,grabmyo-S029-D1-wrist_flexion-T05,grabmyo-S029-D1-wrist_flexion-T05,grabmyo-S029-D1-wrist_flexion-T05,1,validation
grabmyo-S33-K3-seed3408,33,3,3408,hand_close,grabmyo-S033-D1-hand_close-T04,grabmyo-S033-D1-hand_close-T04,grabmyo-S033-D1-hand_close-T04,1,validation
grabmyo-S33-K3-seed3408,33,3,3408,hand_close,grabmyo-S033-D1-hand_close-T06,grabmyo-S033-D1-hand_close-T06,grabmyo-S033-D1-hand_close-T06,1,validation
grabmyo-S33-K3-seed3408,33,3,3408,hand_close,grabmyo-S033-D1-hand_close-T07,grabmyo-S033-D1-hand_close-T07,grabmyo-S033-D1-hand_close-T07,1,validation
grabmyo-S33-K3-seed3408,33,3,3408,rest,grabmyo-S033-D1-rest-T02,grabmyo-S033-D1-rest-T02,grabmyo-S033-D1-rest-T02,1,validation
grabmyo-S33-K3-seed3408,33,3,3408,rest,grabmyo-S033-D1-rest-T06,grabmyo-S033-D1-rest-T06,grabmyo-S033-D1-rest-T06,1,validation
grabmyo-S33-K3-seed3408,33,3,3408,rest,grabmyo-S033-D1-rest-T07,grabmyo-S033-D1-rest-T07,grabmyo-S033-D1-rest-T07,1,validation
grabmyo-S33-K3-seed3408,33,3,3408,wrist_extension,grabmyo-S033-D1-wrist_extension-T01,grabmyo-S033-D1-wrist_extension-T01,grabmyo-S033-D1-wrist_extension-T01,1,validation
grabmyo-S33-K3-seed3408,33,3,3408,wrist_extension,grabmyo-S033-D1-wrist_extension-T02,grabmyo-S033-D1-wrist_extension-T02,grabmyo-S033-D1-wrist_extension-T02,1,validation
grabmyo-S33-K3-seed3408,33,3,3408,wrist_extension,grabmyo-S033-D1-wrist_extension-T05,grabmyo-S033-D1-wrist_extension-T05,grabmyo-S033-D1-wrist_extension-T05,1,validation
grabmyo-S33-K3-seed3408,33,3,3408,wrist_flexion,grabmyo-S033-D1-wrist_flexion-T01,grabmyo-S033-D1-wrist_flexion-T01,grabmyo-S033-D1-wrist_flexion-T01,1,validation
grabmyo-S33-K3-seed3408,33,3,3408,wrist_flexion,grabmyo-S033-D1-wrist_flexion-T03,grabmyo-S033-D1-wrist_flexion-T03,grabmyo-S033-D1-wrist_flexion-T03,1,validation
grabmyo-S33-K3-seed3408,33,3,3408,wrist_flexion,grabmyo-S033-D1-wrist_flexion-T05,grabmyo-S033-D1-wrist_flexion-T05,grabmyo-S033-D1-wrist_flexion-T05,1,validation
grabmyo-S34-K3-seed3408,34,3,3408,hand_close,grabmyo-S034-D1-hand_close-T01,grabmyo-S034-D1-hand_close-T01,grabmyo-S034-D1-hand_close-T01,1,validation
grabmyo-S34-K3-seed3408,34,3,3408,hand_close,grabmyo-S034-D1-hand_close-T06,grabmyo-S034-D1-hand_close-T06,grabmyo-S034-D1-hand_close-T06,1,validation
grabmyo-S34-K3-seed3408,34,3,3408,hand_close,grabmyo-S034-D1-hand_close-T07,grabmyo-S034-D1-hand_close-T07,grabmyo-S034-D1-hand_close-T07,1,validation
grabmyo-S34-K3-seed3408,34,3,3408,rest,grabmyo-S034-D1-rest-T03,grabmyo-S034-D1-rest-T03,grabmyo-S034-D1-rest-T03,1,validation
grabmyo-S34-K3-seed3408,34,3,3408,rest,grabmyo-S034-D1-rest-T06,grabmyo-S034-D1-rest-T06,grabmyo-S034-D1-rest-T06,1,validation
grabmyo-S34-K3-seed3408,34,3,3408,rest,grabmyo-S034-D1-rest-T07,grabmyo-S034-D1-rest-T07,grabmyo-S034-D1-rest-T07,1,validation
grabmyo-S34-K3-seed3408,34,3,3408,wrist_extension,grabmyo-S034-D1-wrist_extension-T02,grabmyo-S034-D1-wrist_extension-T02,grabmyo-S034-D1-wrist_extension-T02,1,validation
grabmyo-S34-K3-seed3408,34,3,3408,wrist_extension,grabmyo-S034-D1-wrist_extension-T03,grabmyo-S034-D1-wrist_extension-T03,grabmyo-S034-D1-wrist_extension-T03,1,validation
grabmyo-S34-K3-seed3408,34,3,3408,wrist_extension,grabmyo-S034-D1-wrist_extension-T06,grabmyo-S034-D1-wrist_extension-T06,grabmyo-S034-D1-wrist_extension-T06,1,validation
grabmyo-S34-K3-seed3408,34,3,3408,wrist_flexion,grabmyo-S034-D1-wrist_flexion-T05,grabmyo-S034-D1-wrist_flexion-T05,grabmyo-S034-D1-wrist_flexion-T05,1,validation
grabmyo-S34-K3-seed3408,34,3,3408,wrist_flexion,grabmyo-S034-D1-wrist_flexion-T06,grabmyo-S034-D1-wrist_flexion-T06,grabmyo-S034-D1-wrist_flexion-T06,1,validation
grabmyo-S34-K3-seed3408,34,3,3408,wrist_flexion,grabmyo-S034-D1-wrist_flexion-T07,grabmyo-S034-D1-wrist_flexion-T07,grabmyo-S034-D1-wrist_flexion-T07,1,validation
grabmyo-S35-K3-seed3408,35,3,3408,hand_close,grabmyo-S035-D1-hand_close-T02,grabmyo-S035-D1-hand_close-T02,grabmyo-S035-D1-hand_close-T02,1,validation
grabmyo-S35-K3-seed3408,35,3,3408,hand_close,grabmyo-S035-D1-hand_close-T03,grabmyo-S035-D1-hand_close-T03,grabmyo-S035-D1-hand_close-T03,1,validation
grabmyo-S35-K3-seed3408,35,3,3408,hand_close,grabmyo-S035-D1-hand_close-T04,grabmyo-S035-D1-hand_close-T04,grabmyo-S035-D1-hand_close-T04,1,validation
grabmyo-S35-K3-seed3408,35,3,3408,rest,grabmyo-S035-D1-rest-T01,grabmyo-S035-D1-rest-T01,grabmyo-S035-D1-rest-T01,1,validation
grabmyo-S35-K3-seed3408,35,3,3408,rest,grabmyo-S035-D1-rest-T02,grabmyo-S035-D1-rest-T02,grabmyo-S035-D1-rest-T02,1,validation
grabmyo-S35-K3-seed3408,35,3,3408,rest,grabmyo-S035-D1-rest-T06,grabmyo-S035-D1-rest-T06,grabmyo-S035-D1-rest-T06,1,validation
grabmyo-S35-K3-seed3408,35,3,3408,wrist_extension,grabmyo-S035-D1-wrist_extension-T02,grabmyo-S035-D1-wrist_extension-T02,grabmyo-S035-D1-wrist_extension-T02,1,validation
grabmyo-S35-K3-seed3408,35,3,3408,wrist_extension,grabmyo-S035-D1-wrist_extension-T03,grabmyo-S035-D1-wrist_extension-T03,grabmyo-S035-D1-wrist_extension-T03,1,validation
grabmyo-S35-K3-seed3408,35,3,3408,wrist_extension,grabmyo-S035-D1-wrist_extension-T07,grabmyo-S035-D1-wrist_extension-T07,grabmyo-S035-D1-wrist_extension-T07,1,validation
grabmyo-S35-K3-seed3408,35,3,3408,wrist_flexion,grabmyo-S035-D1-wrist_flexion-T03,grabmyo-S035-D1-wrist_flexion-T03,grabmyo-S035-D1-wrist_flexion-T03,1,validation
grabmyo-S35-K3-seed3408,35,3,3408,wrist_flexion,grabmyo-S035-D1-wrist_flexion-T04,grabmyo-S035-D1-wrist_flexion-T04,grabmyo-S035-D1-wrist_flexion-T04,1,validation
grabmyo-S35-K3-seed3408,35,3,3408,wrist_flexion,grabmyo-S035-D1-wrist_flexion-T05,grabmyo-S035-D1-wrist_flexion-T05,grabmyo-S035-D1-wrist_flexion-T05,1,validation
grabmyo-S41-K3-seed3408,41,3,3408,hand_close,grabmyo-S041-D1-hand_close-T03,grabmyo-S041-D1-hand_close-T03,grabmyo-S041-D1-hand_close-T03,1,validation
grabmyo-S41-K3-seed3408,41,3,3408,hand_close,grabmyo-S041-D1-hand_close-T04,grabmyo-S041-D1-hand_close-T04,grabmyo-S041-D1-hand_close-T04,1,validation
grabmyo-S41-K3-seed3408,41,3,3408,hand_close,grabmyo-S041-D1-hand_close-T07,grabmyo-S041-D1-hand_close-T07,grabmyo-S041-D1-hand_close-T07,1,validation
grabmyo-S41-K3-seed3408,41,3,3408,rest,grabmyo-S041-D1-rest-T01,grabmyo-S041-D1-rest-T01,grabmyo-S041-D1-rest-T01,1,validation
grabmyo-S41-K3-seed3408,41,3,3408,rest,grabmyo-S041-D1-rest-T03,grabmyo-S041-D1-rest-T03,grabmyo-S041-D1-rest-T03,1,validation
grabmyo-S41-K3-seed3408,41,3,3408,rest,grabmyo-S041-D1-rest-T07,grabmyo-S041-D1-rest-T07,grabmyo-S041-D1-rest-T07,1,validation
grabmyo-S41-K3-seed3408,41,3,3408,wrist_extension,grabmyo-S041-D1-wrist_extension-T02,grabmyo-S041-D1-wrist_extension-T02,grabmyo-S041-D1-wrist_extension-T02,1,validation
grabmyo-S41-K3-seed3408,41,3,3408,wrist_extension,grabmyo-S041-D1-wrist_extension-T05,grabmyo-S041-D1-wrist_extension-T05,grabmyo-S041-D1-wrist_extension-T05,1,validation
grabmyo-S41-K3-seed3408,41,3,3408,wrist_extension,grabmyo-S041-D1-wrist_extension-T07,grabmyo-S041-D1-wrist_extension-T07,grabmyo-S041-D1-wrist_extension-T07,1,validation
grabmyo-S41-K3-seed3408,41,3,3408,wrist_flexion,grabmyo-S041-D1-wrist_flexion-T03,grabmyo-S041-D1-wrist_flexion-T03,grabmyo-S041-D1-wrist_flexion-T03,1,validation
grabmyo-S41-K3-seed3408,41,3,3408,wrist_flexion,grabmyo-S041-D1-wrist_flexion-T04,grabmyo-S041-D1-wrist_flexion-T04,grabmyo-S041-D1-wrist_flexion-T04,1,validation
grabmyo-S41-K3-seed3408,41,3,3408,wrist_flexion,grabmyo-S041-D1-wrist_flexion-T05,grabmyo-S041-D1-wrist_flexion-T05,grabmyo-S041-D1-wrist_flexion-T05,1,validation
grabmyo-S12-K3-seed3409,12,3,3409,hand_close,grabmyo-S012-D1-hand_close-T01,grabmyo-S012-D1-hand_close-T01,grabmyo-S012-D1-hand_close-T01,1,validation
grabmyo-S12-K3-seed3409,12,3,3409,hand_close,grabmyo-S012-D1-hand_close-T05,grabmyo-S012-D1-hand_close-T05,grabmyo-S012-D1-hand_close-T05,1,validation
grabmyo-S12-K3-seed3409,12,3,3409,hand_close,grabmyo-S012-D1-hand_close-T07,grabmyo-S012-D1-hand_close-T07,grabmyo-S012-D1-hand_close-T07,1,validation
grabmyo-S12-K3-seed3409,12,3,3409,rest,grabmyo-S012-D1-rest-T04,grabmyo-S012-D1-rest-T04,grabmyo-S012-D1-rest-T04,1,validation
grabmyo-S12-K3-seed3409,12,3,3409,rest,grabmyo-S012-D1-rest-T05,grabmyo-S012-D1-rest-T05,grabmyo-S012-D1-rest-T05,1,validation
grabmyo-S12-K3-seed3409,12,3,3409,rest,grabmyo-S012-D1-rest-T07,grabmyo-S012-D1-rest-T07,grabmyo-S012-D1-rest-T07,1,validation
grabmyo-S12-K3-seed3409,12,3,3409,wrist_extension,grabmyo-S012-D1-wrist_extension-T01,grabmyo-S012-D1-wrist_extension-T01,grabmyo-S012-D1-wrist_extension-T01,1,validation
grabmyo-S12-K3-seed3409,12,3,3409,wrist_extension,grabmyo-S012-D1-wrist_extension-T04,grabmyo-S012-D1-wrist_extension-T04,grabmyo-S012-D1-wrist_extension-T04,1,validation
grabmyo-S12-K3-seed3409,12,3,3409,wrist_extension,grabmyo-S012-D1-wrist_extension-T06,grabmyo-S012-D1-wrist_extension-T06,grabmyo-S012-D1-wrist_extension-T06,1,validation
grabmyo-S12-K3-seed3409,12,3,3409,wrist_flexion,grabmyo-S012-D1-wrist_flexion-T01,grabmyo-S012-D1-wrist_flexion-T01,grabmyo-S012-D1-wrist_flexion-T01,1,validation
grabmyo-S12-K3-seed3409,12,3,3409,wrist_flexion,grabmyo-S012-D1-wrist_flexion-T02,grabmyo-S012-D1-wrist_flexion-T02,grabmyo-S012-D1-wrist_flexion-T02,1,validation
grabmyo-S12-K3-seed3409,12,3,3409,wrist_flexion,grabmyo-S012-D1-wrist_flexion-T07,grabmyo-S012-D1-wrist_flexion-T07,grabmyo-S012-D1-wrist_flexion-T07,1,validation
grabmyo-S13-K3-seed3409,13,3,3409,hand_close,grabmyo-S013-D1-hand_close-T03,grabmyo-S013-D1-hand_close-T03,grabmyo-S013-D1-hand_close-T03,1,validation
grabmyo-S13-K3-seed3409,13,3,3409,hand_close,grabmyo-S013-D1-hand_close-T05,grabmyo-S013-D1-hand_close-T05,grabmyo-S013-D1-hand_close-T05,1,validation
grabmyo-S13-K3-seed3409,13,3,3409,hand_close,grabmyo-S013-D1-hand_close-T06,grabmyo-S013-D1-hand_close-T06,grabmyo-S013-D1-hand_close-T06,1,validation
grabmyo-S13-K3-seed3409,13,3,3409,rest,grabmyo-S013-D1-rest-T02,grabmyo-S013-D1-rest-T02,grabmyo-S013-D1-rest-T02,1,validation
grabmyo-S13-K3-seed3409,13,3,3409,rest,grabmyo-S013-D1-rest-T06,grabmyo-S013-D1-rest-T06,grabmyo-S013-D1-rest-T06,1,validation
grabmyo-S13-K3-seed3409,13,3,3409,rest,grabmyo-S013-D1-rest-T07,grabmyo-S013-D1-rest-T07,grabmyo-S013-D1-rest-T07,1,validation
grabmyo-S13-K3-seed3409,13,3,3409,wrist_extension,grabmyo-S013-D1-wrist_extension-T03,grabmyo-S013-D1-wrist_extension-T03,grabmyo-S013-D1-wrist_extension-T03,1,validation
grabmyo-S13-K3-seed3409,13,3,3409,wrist_extension,grabmyo-S013-D1-wrist_extension-T04,grabmyo-S013-D1-wrist_extension-T04,grabmyo-S013-D1-wrist_extension-T04,1,validation
grabmyo-S13-K3-seed3409,13,3,3409,wrist_extension,grabmyo-S013-D1-wrist_extension-T06,grabmyo-S013-D1-wrist_extension-T06,grabmyo-S013-D1-wrist_extension-T06,1,validation
grabmyo-S13-K3-seed3409,13,3,3409,wrist_flexion,grabmyo-S013-D1-wrist_flexion-T01,grabmyo-S013-D1-wrist_flexion-T01,grabmyo-S013-D1-wrist_flexion-T01,1,validation
grabmyo-S13-K3-seed3409,13,3,3409,wrist_flexion,grabmyo-S013-D1-wrist_flexion-T03,grabmyo-S013-D1-wrist_flexion-T03,grabmyo-S013-D1-wrist_flexion-T03,1,validation
grabmyo-S13-K3-seed3409,13,3,3409,wrist_flexion,grabmyo-S013-D1-wrist_flexion-T06,grabmyo-S013-D1-wrist_flexion-T06,grabmyo-S013-D1-wrist_flexion-T06,1,validation
grabmyo-S25-K3-seed3409,25,3,3409,hand_close,grabmyo-S025-D1-hand_close-T03,grabmyo-S025-D1-hand_close-T03,grabmyo-S025-D1-hand_close-T03,1,validation
grabmyo-S25-K3-seed3409,25,3,3409,hand_close,grabmyo-S025-D1-hand_close-T06,grabmyo-S025-D1-hand_close-T06,grabmyo-S025-D1-hand_close-T06,1,validation
grabmyo-S25-K3-seed3409,25,3,3409,hand_close,grabmyo-S025-D1-hand_close-T07,grabmyo-S025-D1-hand_close-T07,grabmyo-S025-D1-hand_close-T07,1,validation
grabmyo-S25-K3-seed3409,25,3,3409,rest,grabmyo-S025-D1-rest-T01,grabmyo-S025-D1-rest-T01,grabmyo-S025-D1-rest-T01,1,validation
grabmyo-S25-K3-seed3409,25,3,3409,rest,grabmyo-S025-D1-rest-T03,grabmyo-S025-D1-rest-T03,grabmyo-S025-D1-rest-T03,1,validation
grabmyo-S25-K3-seed3409,25,3,3409,rest,grabmyo-S025-D1-rest-T05,grabmyo-S025-D1-rest-T05,grabmyo-S025-D1-rest-T05,1,validation
grabmyo-S25-K3-seed3409,25,3,3409,wrist_extension,grabmyo-S025-D1-wrist_extension-T01,grabmyo-S025-D1-wrist_extension-T01,grabmyo-S025-D1-wrist_extension-T01,1,validation
grabmyo-S25-K3-seed3409,25,3,3409,wrist_extension,grabmyo-S025-D1-wrist_extension-T03,grabmyo-S025-D1-wrist_extension-T03,grabmyo-S025-D1-wrist_extension-T03,1,validation
grabmyo-S25-K3-seed3409,25,3,3409,wrist_extension,grabmyo-S025-D1-wrist_extension-T07,grabmyo-S025-D1-wrist_extension-T07,grabmyo-S025-D1-wrist_extension-T07,1,validation
grabmyo-S25-K3-seed3409,25,3,3409,wrist_flexion,grabmyo-S025-D1-wrist_flexion-T01,grabmyo-S025-D1-wrist_flexion-T01,grabmyo-S025-D1-wrist_flexion-T01,1,validation
grabmyo-S25-K3-seed3409,25,3,3409,wrist_flexion,grabmyo-S025-D1-wrist_flexion-T03,grabmyo-S025-D1-wrist_flexion-T03,grabmyo-S025-D1-wrist_flexion-T03,1,validation
grabmyo-S25-K3-seed3409,25,3,3409,wrist_flexion,grabmyo-S025-D1-wrist_flexion-T06,grabmyo-S025-D1-wrist_flexion-T06,grabmyo-S025-D1-wrist_flexion-T06,1,validation
grabmyo-S26-K3-seed3409,26,3,3409,hand_close,grabmyo-S026-D1-hand_close-T04,grabmyo-S026-D1-hand_close-T04,grabmyo-S026-D1-hand_close-T04,1,validation
grabmyo-S26-K3-seed3409,26,3,3409,hand_close,grabmyo-S026-D1-hand_close-T05,grabmyo-S026-D1-hand_close-T05,grabmyo-S026-D1-hand_close-T05,1,validation
grabmyo-S26-K3-seed3409,26,3,3409,hand_close,grabmyo-S026-D1-hand_close-T07,grabmyo-S026-D1-hand_close-T07,grabmyo-S026-D1-hand_close-T07,1,validation
grabmyo-S26-K3-seed3409,26,3,3409,rest,grabmyo-S026-D1-rest-T02,grabmyo-S026-D1-rest-T02,grabmyo-S026-D1-rest-T02,1,validation
grabmyo-S26-K3-seed3409,26,3,3409,rest,grabmyo-S026-D1-rest-T04,grabmyo-S026-D1-rest-T04,grabmyo-S026-D1-rest-T04,1,validation
grabmyo-S26-K3-seed3409,26,3,3409,rest,grabmyo-S026-D1-rest-T06,grabmyo-S026-D1-rest-T06,grabmyo-S026-D1-rest-T06,1,validation
grabmyo-S26-K3-seed3409,26,3,3409,wrist_extension,grabmyo-S026-D1-wrist_extension-T01,grabmyo-S026-D1-wrist_extension-T01,grabmyo-S026-D1-wrist_extension-T01,1,validation
grabmyo-S26-K3-seed3409,26,3,3409,wrist_extension,grabmyo-S026-D1-wrist_extension-T05,grabmyo-S026-D1-wrist_extension-T05,grabmyo-S026-D1-wrist_extension-T05,1,validation
grabmyo-S26-K3-seed3409,26,3,3409,wrist_extension,grabmyo-S026-D1-wrist_extension-T07,grabmyo-S026-D1-wrist_extension-T07,grabmyo-S026-D1-wrist_extension-T07,1,validation
grabmyo-S26-K3-seed3409,26,3,3409,wrist_flexion,grabmyo-S026-D1-wrist_flexion-T01,grabmyo-S026-D1-wrist_flexion-T01,grabmyo-S026-D1-wrist_flexion-T01,1,validation
grabmyo-S26-K3-seed3409,26,3,3409,wrist_flexion,grabmyo-S026-D1-wrist_flexion-T03,grabmyo-S026-D1-wrist_flexion-T03,grabmyo-S026-D1-wrist_flexion-T03,1,validation
grabmyo-S26-K3-seed3409,26,3,3409,wrist_flexion,grabmyo-S026-D1-wrist_flexion-T06,grabmyo-S026-D1-wrist_flexion-T06,grabmyo-S026-D1-wrist_flexion-T06,1,validation
grabmyo-S29-K3-seed3409,29,3,3409,hand_close,grabmyo-S029-D1-hand_close-T03,grabmyo-S029-D1-hand_close-T03,grabmyo-S029-D1-hand_close-T03,1,validation
grabmyo-S29-K3-seed3409,29,3,3409,hand_close,grabmyo-S029-D1-hand_close-T05,grabmyo-S029-D1-hand_close-T05,grabmyo-S029-D1-hand_close-T05,1,validation
grabmyo-S29-K3-seed3409,29,3,3409,hand_close,grabmyo-S029-D1-hand_close-T06,grabmyo-S029-D1-hand_close-T06,grabmyo-S029-D1-hand_close-T06,1,validation
grabmyo-S29-K3-seed3409,29,3,3409,rest,grabmyo-S029-D1-rest-T01,grabmyo-S029-D1-rest-T01,grabmyo-S029-D1-rest-T01,1,validation
grabmyo-S29-K3-seed3409,29,3,3409,rest,grabmyo-S029-D1-rest-T03,grabmyo-S029-D1-rest-T03,grabmyo-S029-D1-rest-T03,1,validation
grabmyo-S29-K3-seed3409,29,3,3409,rest,grabmyo-S029-D1-rest-T07,grabmyo-S029-D1-rest-T07,grabmyo-S029-D1-rest-T07,1,validation
grabmyo-S29-K3-seed3409,29,3,3409,wrist_extension,grabmyo-S029-D1-wrist_extension-T02,grabmyo-S029-D1-wrist_extension-T02,grabmyo-S029-D1-wrist_extension-T02,1,validation
grabmyo-S29-K3-seed3409,29,3,3409,wrist_extension,grabmyo-S029-D1-wrist_extension-T06,grabmyo-S029-D1-wrist_extension-T06,grabmyo-S029-D1-wrist_extension-T06,1,validation
grabmyo-S29-K3-seed3409,29,3,3409,wrist_extension,grabmyo-S029-D1-wrist_extension-T07,grabmyo-S029-D1-wrist_extension-T07,grabmyo-S029-D1-wrist_extension-T07,1,validation
grabmyo-S29-K3-seed3409,29,3,3409,wrist_flexion,grabmyo-S029-D1-wrist_flexion-T03,grabmyo-S029-D1-wrist_flexion-T03,grabmyo-S029-D1-wrist_flexion-T03,1,validation
grabmyo-S29-K3-seed3409,29,3,3409,wrist_flexion,grabmyo-S029-D1-wrist_flexion-T06,grabmyo-S029-D1-wrist_flexion-T06,grabmyo-S029-D1-wrist_flexion-T06,1,validation
grabmyo-S29-K3-seed3409,29,3,3409,wrist_flexion,grabmyo-S029-D1-wrist_flexion-T07,grabmyo-S029-D1-wrist_flexion-T07,grabmyo-S029-D1-wrist_flexion-T07,1,validation
grabmyo-S33-K3-seed3409,33,3,3409,hand_close,grabmyo-S033-D1-hand_close-T02,grabmyo-S033-D1-hand_close-T02,grabmyo-S033-D1-hand_close-T02,1,validation
grabmyo-S33-K3-seed3409,33,3,3409,hand_close,grabmyo-S033-D1-hand_close-T04,grabmyo-S033-D1-hand_close-T04,grabmyo-S033-D1-hand_close-T04,1,validation
grabmyo-S33-K3-seed3409,33,3,3409,hand_close,grabmyo-S033-D1-hand_close-T07,grabmyo-S033-D1-hand_close-T07,grabmyo-S033-D1-hand_close-T07,1,validation
grabmyo-S33-K3-seed3409,33,3,3409,rest,grabmyo-S033-D1-rest-T05,grabmyo-S033-D1-rest-T05,grabmyo-S033-D1-rest-T05,1,validation
grabmyo-S33-K3-seed3409,33,3,3409,rest,grabmyo-S033-D1-rest-T06,grabmyo-S033-D1-rest-T06,grabmyo-S033-D1-rest-T06,1,validation
grabmyo-S33-K3-seed3409,33,3,3409,rest,grabmyo-S033-D1-rest-T07,grabmyo-S033-D1-rest-T07,grabmyo-S033-D1-rest-T07,1,validation
grabmyo-S33-K3-seed3409,33,3,3409,wrist_extension,grabmyo-S033-D1-wrist_extension-T01,grabmyo-S033-D1-wrist_extension-T01,grabmyo-S033-D1-wrist_extension-T01,1,validation
grabmyo-S33-K3-seed3409,33,3,3409,wrist_extension,grabmyo-S033-D1-wrist_extension-T04,grabmyo-S033-D1-wrist_extension-T04,grabmyo-S033-D1-wrist_extension-T04,1,validation
grabmyo-S33-K3-seed3409,33,3,3409,wrist_extension,grabmyo-S033-D1-wrist_extension-T06,grabmyo-S033-D1-wrist_extension-T06,grabmyo-S033-D1-wrist_extension-T06,1,validation
grabmyo-S33-K3-seed3409,33,3,3409,wrist_flexion,grabmyo-S033-D1-wrist_flexion-T05,grabmyo-S033-D1-wrist_flexion-T05,grabmyo-S033-D1-wrist_flexion-T05,1,validation
grabmyo-S33-K3-seed3409,33,3,3409,wrist_flexion,grabmyo-S033-D1-wrist_flexion-T06,grabmyo-S033-D1-wrist_flexion-T06,grabmyo-S033-D1-wrist_flexion-T06,1,validation
grabmyo-S33-K3-seed3409,33,3,3409,wrist_flexion,grabmyo-S033-D1-wrist_flexion-T07,grabmyo-S033-D1-wrist_flexion-T07,grabmyo-S033-D1-wrist_flexion-T07,1,validation
grabmyo-S34-K3-seed3409,34,3,3409,hand_close,grabmyo-S034-D1-hand_close-T01,grabmyo-S034-D1-hand_close-T01,grabmyo-S034-D1-hand_close-T01,1,validation
grabmyo-S34-K3-seed3409,34,3,3409,hand_close,grabmyo-S034-D1-hand_close-T03,grabmyo-S034-D1-hand_close-T03,grabmyo-S034-D1-hand_close-T03,1,validation
grabmyo-S34-K3-seed3409,34,3,3409,hand_close,grabmyo-S034-D1-hand_close-T07,grabmyo-S034-D1-hand_close-T07,grabmyo-S034-D1-hand_close-T07,1,validation
grabmyo-S34-K3-seed3409,34,3,3409,rest,grabmyo-S034-D1-rest-T01,grabmyo-S034-D1-rest-T01,grabmyo-S034-D1-rest-T01,1,validation
grabmyo-S34-K3-seed3409,34,3,3409,rest,grabmyo-S034-D1-rest-T04,grabmyo-S034-D1-rest-T04,grabmyo-S034-D1-rest-T04,1,validation
grabmyo-S34-K3-seed3409,34,3,3409,rest,grabmyo-S034-D1-rest-T07,grabmyo-S034-D1-rest-T07,grabmyo-S034-D1-rest-T07,1,validation
grabmyo-S34-K3-seed3409,34,3,3409,wrist_extension,grabmyo-S034-D1-wrist_extension-T01,grabmyo-S034-D1-wrist_extension-T01,grabmyo-S034-D1-wrist_extension-T01,1,validation
grabmyo-S34-K3-seed3409,34,3,3409,wrist_extension,grabmyo-S034-D1-wrist_extension-T02,grabmyo-S034-D1-wrist_extension-T02,grabmyo-S034-D1-wrist_extension-T02,1,validation
grabmyo-S34-K3-seed3409,34,3,3409,wrist_extension,grabmyo-S034-D1-wrist_extension-T04,grabmyo-S034-D1-wrist_extension-T04,grabmyo-S034-D1-wrist_extension-T04,1,validation
grabmyo-S34-K3-seed3409,34,3,3409,wrist_flexion,grabmyo-S034-D1-wrist_flexion-T03,grabmyo-S034-D1-wrist_flexion-T03,grabmyo-S034-D1-wrist_flexion-T03,1,validation
grabmyo-S34-K3-seed3409,34,3,3409,wrist_flexion,grabmyo-S034-D1-wrist_flexion-T04,grabmyo-S034-D1-wrist_flexion-T04,grabmyo-S034-D1-wrist_flexion-T04,1,validation
grabmyo-S34-K3-seed3409,34,3,3409,wrist_flexion,grabmyo-S034-D1-wrist_flexion-T07,grabmyo-S034-D1-wrist_flexion-T07,grabmyo-S034-D1-wrist_flexion-T07,1,validation
grabmyo-S35-K3-seed3409,35,3,3409,hand_close,grabmyo-S035-D1-hand_close-T01,grabmyo-S035-D1-hand_close-T01,grabmyo-S035-D1-hand_close-T01,1,validation
grabmyo-S35-K3-seed3409,35,3,3409,hand_close,grabmyo-S035-D1-hand_close-T03,grabmyo-S035-D1-hand_close-T03,grabmyo-S035-D1-hand_close-T03,1,validation
grabmyo-S35-K3-seed3409,35,3,3409,hand_close,grabmyo-S035-D1-hand_close-T06,grabmyo-S035-D1-hand_close-T06,grabmyo-S035-D1-hand_close-T06,1,validation
grabmyo-S35-K3-seed3409,35,3,3409,rest,grabmyo-S035-D1-rest-T01,grabmyo-S035-D1-rest-T01,grabmyo-S035-D1-rest-T01,1,validation
grabmyo-S35-K3-seed3409,35,3,3409,rest,grabmyo-S035-D1-rest-T02,grabmyo-S035-D1-rest-T02,grabmyo-S035-D1-rest-T02,1,validation
grabmyo-S35-K3-seed3409,35,3,3409,rest,grabmyo-S035-D1-rest-T07,grabmyo-S035-D1-rest-T07,grabmyo-S035-D1-rest-T07,1,validation
grabmyo-S35-K3-seed3409,35,3,3409,wrist_extension,grabmyo-S035-D1-wrist_extension-T02,grabmyo-S035-D1-wrist_extension-T02,grabmyo-S035-D1-wrist_extension-T02,1,validation
grabmyo-S35-K3-seed3409,35,3,3409,wrist_extension,grabmyo-S035-D1-wrist_extension-T06,grabmyo-S035-D1-wrist_extension-T06,grabmyo-S035-D1-wrist_extension-T06,1,validation
grabmyo-S35-K3-seed3409,35,3,3409,wrist_extension,grabmyo-S035-D1-wrist_extension-T07,grabmyo-S035-D1-wrist_extension-T07,grabmyo-S035-D1-wrist_extension-T07,1,validation
grabmyo-S35-K3-seed3409,35,3,3409,wrist_flexion,grabmyo-S035-D1-wrist_flexion-T02,grabmyo-S035-D1-wrist_flexion-T02,grabmyo-S035-D1-wrist_flexion-T02,1,validation
grabmyo-S35-K3-seed3409,35,3,3409,wrist_flexion,grabmyo-S035-D1-wrist_flexion-T03,grabmyo-S035-D1-wrist_flexion-T03,grabmyo-S035-D1-wrist_flexion-T03,1,validation
grabmyo-S35-K3-seed3409,35,3,3409,wrist_flexion,grabmyo-S035-D1-wrist_flexion-T04,grabmyo-S035-D1-wrist_flexion-T04,grabmyo-S035-D1-wrist_flexion-T04,1,validation
grabmyo-S41-K3-seed3409,41,3,3409,hand_close,grabmyo-S041-D1-hand_close-T04,grabmyo-S041-D1-hand_close-T04,grabmyo-S041-D1-hand_close-T04,1,validation
grabmyo-S41-K3-seed3409,41,3,3409,hand_close,grabmyo-S041-D1-hand_close-T05,grabmyo-S041-D1-hand_close-T05,grabmyo-S041-D1-hand_close-T05,1,validation
grabmyo-S41-K3-seed3409,41,3,3409,hand_close,grabmyo-S041-D1-hand_close-T07,grabmyo-S041-D1-hand_close-T07,grabmyo-S041-D1-hand_close-T07,1,validation
grabmyo-S41-K3-seed3409,41,3,3409,rest,grabmyo-S041-D1-rest-T01,grabmyo-S041-D1-rest-T01,grabmyo-S041-D1-rest-T01,1,validation
grabmyo-S41-K3-seed3409,41,3,3409,rest,grabmyo-S041-D1-rest-T03,grabmyo-S041-D1-rest-T03,grabmyo-S041-D1-rest-T03,1,validation
grabmyo-S41-K3-seed3409,41,3,3409,rest,grabmyo-S041-D1-rest-T04,grabmyo-S041-D1-rest-T04,grabmyo-S041-D1-rest-T04,1,validation
grabmyo-S41-K3-seed3409,41,3,3409,wrist_extension,grabmyo-S041-D1-wrist_extension-T05,grabmyo-S041-D1-wrist_extension-T05,grabmyo-S041-D1-wrist_extension-T05,1,validation
grabmyo-S41-K3-seed3409,41,3,3409,wrist_extension,grabmyo-S041-D1-wrist_extension-T06,grabmyo-S041-D1-wrist_extension-T06,grabmyo-S041-D1-wrist_extension-T06,1,validation
grabmyo-S41-K3-seed3409,41,3,3409,wrist_extension,grabmyo-S041-D1-wrist_extension-T07,grabmyo-S041-D1-wrist_extension-T07,grabmyo-S041-D1-wrist_extension-T07,1,validation
grabmyo-S41-K3-seed3409,41,3,3409,wrist_flexion,grabmyo-S041-D1-wrist_flexion-T03,grabmyo-S041-D1-wrist_flexion-T03,grabmyo-S041-D1-wrist_flexion-T03,1,validation
grabmyo-S41-K3-seed3409,41,3,3409,wrist_flexion,grabmyo-S041-D1-wrist_flexion-T05,grabmyo-S041-D1-wrist_flexion-T05,grabmyo-S041-D1-wrist_flexion-T05,1,validation
grabmyo-S41-K3-seed3409,41,3,3409,wrist_flexion,grabmyo-S041-D1-wrist_flexion-T06,grabmyo-S041-D1-wrist_flexion-T06,grabmyo-S041-D1-wrist_flexion-T06,1,validation
grabmyo-S12-K3-seed3410,12,3,3410,hand_close,grabmyo-S012-D1-hand_close-T02,grabmyo-S012-D1-hand_close-T02,grabmyo-S012-D1-hand_close-T02,1,validation
grabmyo-S12-K3-seed3410,12,3,3410,hand_close,grabmyo-S012-D1-hand_close-T05,grabmyo-S012-D1-hand_close-T05,grabmyo-S012-D1-hand_close-T05,1,validation
grabmyo-S12-K3-seed3410,12,3,3410,hand_close,grabmyo-S012-D1-hand_close-T07,grabmyo-S012-D1-hand_close-T07,grabmyo-S012-D1-hand_close-T07,1,validation
grabmyo-S12-K3-seed3410,12,3,3410,rest,grabmyo-S012-D1-rest-T01,grabmyo-S012-D1-rest-T01,grabmyo-S012-D1-rest-T01,1,validation
grabmyo-S12-K3-seed3410,12,3,3410,rest,grabmyo-S012-D1-rest-T03,grabmyo-S012-D1-rest-T03,grabmyo-S012-D1-rest-T03,1,validation
grabmyo-S12-K3-seed3410,12,3,3410,rest,grabmyo-S012-D1-rest-T04,grabmyo-S012-D1-rest-T04,grabmyo-S012-D1-rest-T04,1,validation
grabmyo-S12-K3-seed3410,12,3,3410,wrist_extension,grabmyo-S012-D1-wrist_extension-T04,grabmyo-S012-D1-wrist_extension-T04,grabmyo-S012-D1-wrist_extension-T04,1,validation
grabmyo-S12-K3-seed3410,12,3,3410,wrist_extension,grabmyo-S012-D1-wrist_extension-T05,grabmyo-S012-D1-wrist_extension-T05,grabmyo-S012-D1-wrist_extension-T05,1,validation
grabmyo-S12-K3-seed3410,12,3,3410,wrist_extension,grabmyo-S012-D1-wrist_extension-T06,grabmyo-S012-D1-wrist_extension-T06,grabmyo-S012-D1-wrist_extension-T06,1,validation
grabmyo-S12-K3-seed3410,12,3,3410,wrist_flexion,grabmyo-S012-D1-wrist_flexion-T03,grabmyo-S012-D1-wrist_flexion-T03,grabmyo-S012-D1-wrist_flexion-T03,1,validation
grabmyo-S12-K3-seed3410,12,3,3410,wrist_flexion,grabmyo-S012-D1-wrist_flexion-T04,grabmyo-S012-D1-wrist_flexion-T04,grabmyo-S012-D1-wrist_flexion-T04,1,validation
grabmyo-S12-K3-seed3410,12,3,3410,wrist_flexion,grabmyo-S012-D1-wrist_flexion-T06,grabmyo-S012-D1-wrist_flexion-T06,grabmyo-S012-D1-wrist_flexion-T06,1,validation
grabmyo-S13-K3-seed3410,13,3,3410,hand_close,grabmyo-S013-D1-hand_close-T01,grabmyo-S013-D1-hand_close-T01,grabmyo-S013-D1-hand_close-T01,1,validation
grabmyo-S13-K3-seed3410,13,3,3410,hand_close,grabmyo-S013-D1-hand_close-T05,grabmyo-S013-D1-hand_close-T05,grabmyo-S013-D1-hand_close-T05,1,validation
grabmyo-S13-K3-seed3410,13,3,3410,hand_close,grabmyo-S013-D1-hand_close-T07,grabmyo-S013-D1-hand_close-T07,grabmyo-S013-D1-hand_close-T07,1,validation
grabmyo-S13-K3-seed3410,13,3,3410,rest,grabmyo-S013-D1-rest-T01,grabmyo-S013-D1-rest-T01,grabmyo-S013-D1-rest-T01,1,validation
grabmyo-S13-K3-seed3410,13,3,3410,rest,grabmyo-S013-D1-rest-T05,grabmyo-S013-D1-rest-T05,grabmyo-S013-D1-rest-T05,1,validation
grabmyo-S13-K3-seed3410,13,3,3410,rest,grabmyo-S013-D1-rest-T07,grabmyo-S013-D1-rest-T07,grabmyo-S013-D1-rest-T07,1,validation
grabmyo-S13-K3-seed3410,13,3,3410,wrist_extension,grabmyo-S013-D1-wrist_extension-T03,grabmyo-S013-D1-wrist_extension-T03,grabmyo-S013-D1-wrist_extension-T03,1,validation
grabmyo-S13-K3-seed3410,13,3,3410,wrist_extension,grabmyo-S013-D1-wrist_extension-T05,grabmyo-S013-D1-wrist_extension-T05,grabmyo-S013-D1-wrist_extension-T05,1,validation
grabmyo-S13-K3-seed3410,13,3,3410,wrist_extension,grabmyo-S013-D1-wrist_extension-T06,grabmyo-S013-D1-wrist_extension-T06,grabmyo-S013-D1-wrist_extension-T06,1,validation
grabmyo-S13-K3-seed3410,13,3,3410,wrist_flexion,grabmyo-S013-D1-wrist_flexion-T04,grabmyo-S013-D1-wrist_flexion-T04,grabmyo-S013-D1-wrist_flexion-T04,1,validation
grabmyo-S13-K3-seed3410,13,3,3410,wrist_flexion,grabmyo-S013-D1-wrist_flexion-T05,grabmyo-S013-D1-wrist_flexion-T05,grabmyo-S013-D1-wrist_flexion-T05,1,validation
grabmyo-S13-K3-seed3410,13,3,3410,wrist_flexion,grabmyo-S013-D1-wrist_flexion-T07,grabmyo-S013-D1-wrist_flexion-T07,grabmyo-S013-D1-wrist_flexion-T07,1,validation
grabmyo-S25-K3-seed3410,25,3,3410,hand_close,grabmyo-S025-D1-hand_close-T02,grabmyo-S025-D1-hand_close-T02,grabmyo-S025-D1-hand_close-T02,1,validation
grabmyo-S25-K3-seed3410,25,3,3410,hand_close,grabmyo-S025-D1-hand_close-T05,grabmyo-S025-D1-hand_close-T05,grabmyo-S025-D1-hand_close-T05,1,validation
grabmyo-S25-K3-seed3410,25,3,3410,hand_close,grabmyo-S025-D1-hand_close-T07,grabmyo-S025-D1-hand_close-T07,grabmyo-S025-D1-hand_close-T07,1,validation
grabmyo-S25-K3-seed3410,25,3,3410,rest,grabmyo-S025-D1-rest-T03,grabmyo-S025-D1-rest-T03,grabmyo-S025-D1-rest-T03,1,validation
grabmyo-S25-K3-seed3410,25,3,3410,rest,grabmyo-S025-D1-rest-T06,grabmyo-S025-D1-rest-T06,grabmyo-S025-D1-rest-T06,1,validation
grabmyo-S25-K3-seed3410,25,3,3410,rest,grabmyo-S025-D1-rest-T07,grabmyo-S025-D1-rest-T07,grabmyo-S025-D1-rest-T07,1,validation
grabmyo-S25-K3-seed3410,25,3,3410,wrist_extension,grabmyo-S025-D1-wrist_extension-T03,grabmyo-S025-D1-wrist_extension-T03,grabmyo-S025-D1-wrist_extension-T03,1,validation
grabmyo-S25-K3-seed3410,25,3,3410,wrist_extension,grabmyo-S025-D1-wrist_extension-T04,grabmyo-S025-D1-wrist_extension-T04,grabmyo-S025-D1-wrist_extension-T04,1,validation
grabmyo-S25-K3-seed3410,25,3,3410,wrist_extension,grabmyo-S025-D1-wrist_extension-T05,grabmyo-S025-D1-wrist_extension-T05,grabmyo-S025-D1-wrist_extension-T05,1,validation
grabmyo-S25-K3-seed3410,25,3,3410,wrist_flexion,grabmyo-S025-D1-wrist_flexion-T03,grabmyo-S025-D1-wrist_flexion-T03,grabmyo-S025-D1-wrist_flexion-T03,1,validation
grabmyo-S25-K3-seed3410,25,3,3410,wrist_flexion,grabmyo-S025-D1-wrist_flexion-T04,grabmyo-S025-D1-wrist_flexion-T04,grabmyo-S025-D1-wrist_flexion-T04,1,validation
grabmyo-S25-K3-seed3410,25,3,3410,wrist_flexion,grabmyo-S025-D1-wrist_flexion-T06,grabmyo-S025-D1-wrist_flexion-T06,grabmyo-S025-D1-wrist_flexion-T06,1,validation
grabmyo-S26-K3-seed3410,26,3,3410,hand_close,grabmyo-S026-D1-hand_close-T02,grabmyo-S026-D1-hand_close-T02,grabmyo-S026-D1-hand_close-T02,1,validation
grabmyo-S26-K3-seed3410,26,3,3410,hand_close,grabmyo-S026-D1-hand_close-T04,grabmyo-S026-D1-hand_close-T04,grabmyo-S026-D1-hand_close-T04,1,validation
grabmyo-S26-K3-seed3410,26,3,3410,hand_close,grabmyo-S026-D1-hand_close-T05,grabmyo-S026-D1-hand_close-T05,grabmyo-S026-D1-hand_close-T05,1,validation
grabmyo-S26-K3-seed3410,26,3,3410,rest,grabmyo-S026-D1-rest-T01,grabmyo-S026-D1-rest-T01,grabmyo-S026-D1-rest-T01,1,validation
grabmyo-S26-K3-seed3410,26,3,3410,rest,grabmyo-S026-D1-rest-T03,grabmyo-S026-D1-rest-T03,grabmyo-S026-D1-rest-T03,1,validation
grabmyo-S26-K3-seed3410,26,3,3410,rest,grabmyo-S026-D1-rest-T04,grabmyo-S026-D1-rest-T04,grabmyo-S026-D1-rest-T04,1,validation
grabmyo-S26-K3-seed3410,26,3,3410,wrist_extension,grabmyo-S026-D1-wrist_extension-T01,grabmyo-S026-D1-wrist_extension-T01,grabmyo-S026-D1-wrist_extension-T01,1,validation
grabmyo-S26-K3-seed3410,26,3,3410,wrist_extension,grabmyo-S026-D1-wrist_extension-T02,grabmyo-S026-D1-wrist_extension-T02,grabmyo-S026-D1-wrist_extension-T02,1,validation
grabmyo-S26-K3-seed3410,26,3,3410,wrist_extension,grabmyo-S026-D1-wrist_extension-T03,grabmyo-S026-D1-wrist_extension-T03,grabmyo-S026-D1-wrist_extension-T03,1,validation
grabmyo-S26-K3-seed3410,26,3,3410,wrist_flexion,grabmyo-S026-D1-wrist_flexion-T01,grabmyo-S026-D1-wrist_flexion-T01,grabmyo-S026-D1-wrist_flexion-T01,1,validation
grabmyo-S26-K3-seed3410,26,3,3410,wrist_flexion,grabmyo-S026-D1-wrist_flexion-T04,grabmyo-S026-D1-wrist_flexion-T04,grabmyo-S026-D1-wrist_flexion-T04,1,validation
grabmyo-S26-K3-seed3410,26,3,3410,wrist_flexion,grabmyo-S026-D1-wrist_flexion-T06,grabmyo-S026-D1-wrist_flexion-T06,grabmyo-S026-D1-wrist_flexion-T06,1,validation
grabmyo-S29-K3-seed3410,29,3,3410,hand_close,grabmyo-S029-D1-hand_close-T02,grabmyo-S029-D1-hand_close-T02,grabmyo-S029-D1-hand_close-T02,1,validation
grabmyo-S29-K3-seed3410,29,3,3410,hand_close,grabmyo-S029-D1-hand_close-T05,grabmyo-S029-D1-hand_close-T05,grabmyo-S029-D1-hand_close-T05,1,validation
grabmyo-S29-K3-seed3410,29,3,3410,hand_close,grabmyo-S029-D1-hand_close-T07,grabmyo-S029-D1-hand_close-T07,grabmyo-S029-D1-hand_close-T07,1,validation
grabmyo-S29-K3-seed3410,29,3,3410,rest,grabmyo-S029-D1-rest-T04,grabmyo-S029-D1-rest-T04,grabmyo-S029-D1-rest-T04,1,validation
grabmyo-S29-K3-seed3410,29,3,3410,rest,grabmyo-S029-D1-rest-T06,grabmyo-S029-D1-rest-T06,grabmyo-S029-D1-rest-T06,1,validation
grabmyo-S29-K3-seed3410,29,3,3410,rest,grabmyo-S029-D1-rest-T07,grabmyo-S029-D1-rest-T07,grabmyo-S029-D1-rest-T07,1,validation
grabmyo-S29-K3-seed3410,29,3,3410,wrist_extension,grabmyo-S029-D1-wrist_extension-T03,grabmyo-S029-D1-wrist_extension-T03,grabmyo-S029-D1-wrist_extension-T03,1,validation
grabmyo-S29-K3-seed3410,29,3,3410,wrist_extension,grabmyo-S029-D1-wrist_extension-T06,grabmyo-S029-D1-wrist_extension-T06,grabmyo-S029-D1-wrist_extension-T06,1,validation
grabmyo-S29-K3-seed3410,29,3,3410,wrist_extension,grabmyo-S029-D1-wrist_extension-T07,grabmyo-S029-D1-wrist_extension-T07,grabmyo-S029-D1-wrist_extension-T07,1,validation
grabmyo-S29-K3-seed3410,29,3,3410,wrist_flexion,grabmyo-S029-D1-wrist_flexion-T02,grabmyo-S029-D1-wrist_flexion-T02,grabmyo-S029-D1-wrist_flexion-T02,1,validation
grabmyo-S29-K3-seed3410,29,3,3410,wrist_flexion,grabmyo-S029-D1-wrist_flexion-T04,grabmyo-S029-D1-wrist_flexion-T04,grabmyo-S029-D1-wrist_flexion-T04,1,validation
grabmyo-S29-K3-seed3410,29,3,3410,wrist_flexion,grabmyo-S029-D1-wrist_flexion-T05,grabmyo-S029-D1-wrist_flexion-T05,grabmyo-S029-D1-wrist_flexion-T05,1,validation
grabmyo-S33-K3-seed3410,33,3,3410,hand_close,grabmyo-S033-D1-hand_close-T02,grabmyo-S033-D1-hand_close-T02,grabmyo-S033-D1-hand_close-T02,1,validation
grabmyo-S33-K3-seed3410,33,3,3410,hand_close,grabmyo-S033-D1-hand_close-T04,grabmyo-S033-D1-hand_close-T04,grabmyo-S033-D1-hand_close-T04,1,validation
grabmyo-S33-K3-seed3410,33,3,3410,hand_close,grabmyo-S033-D1-hand_close-T07,grabmyo-S033-D1-hand_close-T07,grabmyo-S033-D1-hand_close-T07,1,validation
grabmyo-S33-K3-seed3410,33,3,3410,rest,grabmyo-S033-D1-rest-T01,grabmyo-S033-D1-rest-T01,grabmyo-S033-D1-rest-T01,1,validation
grabmyo-S33-K3-seed3410,33,3,3410,rest,grabmyo-S033-D1-rest-T02,grabmyo-S033-D1-rest-T02,grabmyo-S033-D1-rest-T02,1,validation
grabmyo-S33-K3-seed3410,33,3,3410,rest,grabmyo-S033-D1-rest-T07,grabmyo-S033-D1-rest-T07,grabmyo-S033-D1-rest-T07,1,validation
grabmyo-S33-K3-seed3410,33,3,3410,wrist_extension,grabmyo-S033-D1-wrist_extension-T01,grabmyo-S033-D1-wrist_extension-T01,grabmyo-S033-D1-wrist_extension-T01,1,validation
grabmyo-S33-K3-seed3410,33,3,3410,wrist_extension,grabmyo-S033-D1-wrist_extension-T05,grabmyo-S033-D1-wrist_extension-T05,grabmyo-S033-D1-wrist_extension-T05,1,validation
grabmyo-S33-K3-seed3410,33,3,3410,wrist_extension,grabmyo-S033-D1-wrist_extension-T07,grabmyo-S033-D1-wrist_extension-T07,grabmyo-S033-D1-wrist_extension-T07,1,validation
grabmyo-S33-K3-seed3410,33,3,3410,wrist_flexion,grabmyo-S033-D1-wrist_flexion-T02,grabmyo-S033-D1-wrist_flexion-T02,grabmyo-S033-D1-wrist_flexion-T02,1,validation
grabmyo-S33-K3-seed3410,33,3,3410,wrist_flexion,grabmyo-S033-D1-wrist_flexion-T03,grabmyo-S033-D1-wrist_flexion-T03,grabmyo-S033-D1-wrist_flexion-T03,1,validation
grabmyo-S33-K3-seed3410,33,3,3410,wrist_flexion,grabmyo-S033-D1-wrist_flexion-T07,grabmyo-S033-D1-wrist_flexion-T07,grabmyo-S033-D1-wrist_flexion-T07,1,validation
grabmyo-S34-K3-seed3410,34,3,3410,hand_close,grabmyo-S034-D1-hand_close-T01,grabmyo-S034-D1-hand_close-T01,grabmyo-S034-D1-hand_close-T01,1,validation
grabmyo-S34-K3-seed3410,34,3,3410,hand_close,grabmyo-S034-D1-hand_close-T05,grabmyo-S034-D1-hand_close-T05,grabmyo-S034-D1-hand_close-T05,1,validation
grabmyo-S34-K3-seed3410,34,3,3410,hand_close,grabmyo-S034-D1-hand_close-T07,grabmyo-S034-D1-hand_close-T07,grabmyo-S034-D1-hand_close-T07,1,validation
grabmyo-S34-K3-seed3410,34,3,3410,rest,grabmyo-S034-D1-rest-T02,grabmyo-S034-D1-rest-T02,grabmyo-S034-D1-rest-T02,1,validation
grabmyo-S34-K3-seed3410,34,3,3410,rest,grabmyo-S034-D1-rest-T06,grabmyo-S034-D1-rest-T06,grabmyo-S034-D1-rest-T06,1,validation
grabmyo-S34-K3-seed3410,34,3,3410,rest,grabmyo-S034-D1-rest-T07,grabmyo-S034-D1-rest-T07,grabmyo-S034-D1-rest-T07,1,validation
grabmyo-S34-K3-seed3410,34,3,3410,wrist_extension,grabmyo-S034-D1-wrist_extension-T03,grabmyo-S034-D1-wrist_extension-T03,grabmyo-S034-D1-wrist_extension-T03,1,validation
grabmyo-S34-K3-seed3410,34,3,3410,wrist_extension,grabmyo-S034-D1-wrist_extension-T04,grabmyo-S034-D1-wrist_extension-T04,grabmyo-S034-D1-wrist_extension-T04,1,validation
grabmyo-S34-K3-seed3410,34,3,3410,wrist_extension,grabmyo-S034-D1-wrist_extension-T05,grabmyo-S034-D1-wrist_extension-T05,grabmyo-S034-D1-wrist_extension-T05,1,validation
grabmyo-S34-K3-seed3410,34,3,3410,wrist_flexion,grabmyo-S034-D1-wrist_flexion-T04,grabmyo-S034-D1-wrist_flexion-T04,grabmyo-S034-D1-wrist_flexion-T04,1,validation
grabmyo-S34-K3-seed3410,34,3,3410,wrist_flexion,grabmyo-S034-D1-wrist_flexion-T06,grabmyo-S034-D1-wrist_flexion-T06,grabmyo-S034-D1-wrist_flexion-T06,1,validation
grabmyo-S34-K3-seed3410,34,3,3410,wrist_flexion,grabmyo-S034-D1-wrist_flexion-T07,grabmyo-S034-D1-wrist_flexion-T07,grabmyo-S034-D1-wrist_flexion-T07,1,validation
grabmyo-S35-K3-seed3410,35,3,3410,hand_close,grabmyo-S035-D1-hand_close-T02,grabmyo-S035-D1-hand_close-T02,grabmyo-S035-D1-hand_close-T02,1,validation
grabmyo-S35-K3-seed3410,35,3,3410,hand_close,grabmyo-S035-D1-hand_close-T03,grabmyo-S035-D1-hand_close-T03,grabmyo-S035-D1-hand_close-T03,1,validation
grabmyo-S35-K3-seed3410,35,3,3410,hand_close,grabmyo-S035-D1-hand_close-T07,grabmyo-S035-D1-hand_close-T07,grabmyo-S035-D1-hand_close-T07,1,validation
grabmyo-S35-K3-seed3410,35,3,3410,rest,grabmyo-S035-D1-rest-T01,grabmyo-S035-D1-rest-T01,grabmyo-S035-D1-rest-T01,1,validation
grabmyo-S35-K3-seed3410,35,3,3410,rest,grabmyo-S035-D1-rest-T02,grabmyo-S035-D1-rest-T02,grabmyo-S035-D1-rest-T02,1,validation
grabmyo-S35-K3-seed3410,35,3,3410,rest,grabmyo-S035-D1-rest-T06,grabmyo-S035-D1-rest-T06,grabmyo-S035-D1-rest-T06,1,validation
grabmyo-S35-K3-seed3410,35,3,3410,wrist_extension,grabmyo-S035-D1-wrist_extension-T05,grabmyo-S035-D1-wrist_extension-T05,grabmyo-S035-D1-wrist_extension-T05,1,validation
grabmyo-S35-K3-seed3410,35,3,3410,wrist_extension,grabmyo-S035-D1-wrist_extension-T06,grabmyo-S035-D1-wrist_extension-T06,grabmyo-S035-D1-wrist_extension-T06,1,validation
grabmyo-S35-K3-seed3410,35,3,3410,wrist_extension,grabmyo-S035-D1-wrist_extension-T07,grabmyo-S035-D1-wrist_extension-T07,grabmyo-S035-D1-wrist_extension-T07,1,validation
grabmyo-S35-K3-seed3410,35,3,3410,wrist_flexion,grabmyo-S035-D1-wrist_flexion-T03,grabmyo-S035-D1-wrist_flexion-T03,grabmyo-S035-D1-wrist_flexion-T03,1,validation
grabmyo-S35-K3-seed3410,35,3,3410,wrist_flexion,grabmyo-S035-D1-wrist_flexion-T05,grabmyo-S035-D1-wrist_flexion-T05,grabmyo-S035-D1-wrist_flexion-T05,1,validation
grabmyo-S35-K3-seed3410,35,3,3410,wrist_flexion,grabmyo-S035-D1-wrist_flexion-T07,grabmyo-S035-D1-wrist_flexion-T07,grabmyo-S035-D1-wrist_flexion-T07,1,validation
grabmyo-S41-K3-seed3410,41,3,3410,hand_close,grabmyo-S041-D1-hand_close-T01,grabmyo-S041-D1-hand_close-T01,grabmyo-S041-D1-hand_close-T01,1,validation
grabmyo-S41-K3-seed3410,41,3,3410,hand_close,grabmyo-S041-D1-hand_close-T03,grabmyo-S041-D1-hand_close-T03,grabmyo-S041-D1-hand_close-T03,1,validation
grabmyo-S41-K3-seed3410,41,3,3410,hand_close,grabmyo-S041-D1-hand_close-T05,grabmyo-S041-D1-hand_close-T05,grabmyo-S041-D1-hand_close-T05,1,validation
grabmyo-S41-K3-seed3410,41,3,3410,rest,grabmyo-S041-D1-rest-T01,grabmyo-S041-D1-rest-T01,grabmyo-S041-D1-rest-T01,1,validation
grabmyo-S41-K3-seed3410,41,3,3410,rest,grabmyo-S041-D1-rest-T02,grabmyo-S041-D1-rest-T02,grabmyo-S041-D1-rest-T02,1,validation
grabmyo-S41-K3-seed3410,41,3,3410,rest,grabmyo-S041-D1-rest-T03,grabmyo-S041-D1-rest-T03,grabmyo-S041-D1-rest-T03,1,validation
grabmyo-S41-K3-seed3410,41,3,3410,wrist_extension,grabmyo-S041-D1-wrist_extension-T01,grabmyo-S041-D1-wrist_extension-T01,grabmyo-S041-D1-wrist_extension-T01,1,validation
grabmyo-S41-K3-seed3410,41,3,3410,wrist_extension,grabmyo-S041-D1-wrist_extension-T03,grabmyo-S041-D1-wrist_extension-T03,grabmyo-S041-D1-wrist_extension-T03,1,validation
grabmyo-S41-K3-seed3410,41,3,3410,wrist_extension,grabmyo-S041-D1-wrist_extension-T07,grabmyo-S041-D1-wrist_extension-T07,grabmyo-S041-D1-wrist_extension-T07,1,validation
grabmyo-S41-K3-seed3410,41,3,3410,wrist_flexion,grabmyo-S041-D1-wrist_flexion-T01,grabmyo-S041-D1-wrist_flexion-T01,grabmyo-S041-D1-wrist_flexion-T01,1,validation
grabmyo-S41-K3-seed3410,41,3,3410,wrist_flexion,grabmyo-S041-D1-wrist_flexion-T02,grabmyo-S041-D1-wrist_flexion-T02,grabmyo-S041-D1-wrist_flexion-T02,1,validation
grabmyo-S41-K3-seed3410,41,3,3410,wrist_flexion,grabmyo-S041-D1-wrist_flexion-T06,grabmyo-S041-D1-wrist_flexion-T06,grabmyo-S041-D1-wrist_flexion-T06,1,validation
grabmyo-S12-K3-seed3411,12,3,3411,hand_close,grabmyo-S012-D1-hand_close-T02,grabmyo-S012-D1-hand_close-T02,grabmyo-S012-D1-hand_close-T02,1,validation
grabmyo-S12-K3-seed3411,12,3,3411,hand_close,grabmyo-S012-D1-hand_close-T04,grabmyo-S012-D1-hand_close-T04,grabmyo-S012-D1-hand_close-T04,1,validation
grabmyo-S12-K3-seed3411,12,3,3411,hand_close,grabmyo-S012-D1-hand_close-T06,grabmyo-S012-D1-hand_close-T06,grabmyo-S012-D1-hand_close-T06,1,validation
grabmyo-S12-K3-seed3411,12,3,3411,rest,grabmyo-S012-D1-rest-T04,grabmyo-S012-D1-rest-T04,grabmyo-S012-D1-rest-T04,1,validation
grabmyo-S12-K3-seed3411,12,3,3411,rest,grabmyo-S012-D1-rest-T05,grabmyo-S012-D1-rest-T05,grabmyo-S012-D1-rest-T05,1,validation
grabmyo-S12-K3-seed3411,12,3,3411,rest,grabmyo-S012-D1-rest-T07,grabmyo-S012-D1-rest-T07,grabmyo-S012-D1-rest-T07,1,validation
grabmyo-S12-K3-seed3411,12,3,3411,wrist_extension,grabmyo-S012-D1-wrist_extension-T01,grabmyo-S012-D1-wrist_extension-T01,grabmyo-S012-D1-wrist_extension-T01,1,validation
grabmyo-S12-K3-seed3411,12,3,3411,wrist_extension,grabmyo-S012-D1-wrist_extension-T02,grabmyo-S012-D1-wrist_extension-T02,grabmyo-S012-D1-wrist_extension-T02,1,validation
grabmyo-S12-K3-seed3411,12,3,3411,wrist_extension,grabmyo-S012-D1-wrist_extension-T05,grabmyo-S012-D1-wrist_extension-T05,grabmyo-S012-D1-wrist_extension-T05,1,validation
grabmyo-S12-K3-seed3411,12,3,3411,wrist_flexion,grabmyo-S012-D1-wrist_flexion-T01,grabmyo-S012-D1-wrist_flexion-T01,grabmyo-S012-D1-wrist_flexion-T01,1,validation
grabmyo-S12-K3-seed3411,12,3,3411,wrist_flexion,grabmyo-S012-D1-wrist_flexion-T05,grabmyo-S012-D1-wrist_flexion-T05,grabmyo-S012-D1-wrist_flexion-T05,1,validation
grabmyo-S12-K3-seed3411,12,3,3411,wrist_flexion,grabmyo-S012-D1-wrist_flexion-T06,grabmyo-S012-D1-wrist_flexion-T06,grabmyo-S012-D1-wrist_flexion-T06,1,validation
grabmyo-S13-K3-seed3411,13,3,3411,hand_close,grabmyo-S013-D1-hand_close-T03,grabmyo-S013-D1-hand_close-T03,grabmyo-S013-D1-hand_close-T03,1,validation
grabmyo-S13-K3-seed3411,13,3,3411,hand_close,grabmyo-S013-D1-hand_close-T04,grabmyo-S013-D1-hand_close-T04,grabmyo-S013-D1-hand_close-T04,1,validation
grabmyo-S13-K3-seed3411,13,3,3411,hand_close,grabmyo-S013-D1-hand_close-T06,grabmyo-S013-D1-hand_close-T06,grabmyo-S013-D1-hand_close-T06,1,validation
grabmyo-S13-K3-seed3411,13,3,3411,rest,grabmyo-S013-D1-rest-T01,grabmyo-S013-D1-rest-T01,grabmyo-S013-D1-rest-T01,1,validation
grabmyo-S13-K3-seed3411,13,3,3411,rest,grabmyo-S013-D1-rest-T04,grabmyo-S013-D1-rest-T04,grabmyo-S013-D1-rest-T04,1,validation
grabmyo-S13-K3-seed3411,13,3,3411,rest,grabmyo-S013-D1-rest-T05,grabmyo-S013-D1-rest-T05,grabmyo-S013-D1-rest-T05,1,validation
grabmyo-S13-K3-seed3411,13,3,3411,wrist_extension,grabmyo-S013-D1-wrist_extension-T01,grabmyo-S013-D1-wrist_extension-T01,grabmyo-S013-D1-wrist_extension-T01,1,validation
grabmyo-S13-K3-seed3411,13,3,3411,wrist_extension,grabmyo-S013-D1-wrist_extension-T04,grabmyo-S013-D1-wrist_extension-T04,grabmyo-S013-D1-wrist_extension-T04,1,validation
grabmyo-S13-K3-seed3411,13,3,3411,wrist_extension,grabmyo-S013-D1-wrist_extension-T05,grabmyo-S013-D1-wrist_extension-T05,grabmyo-S013-D1-wrist_extension-T05,1,validation
grabmyo-S13-K3-seed3411,13,3,3411,wrist_flexion,grabmyo-S013-D1-wrist_flexion-T03,grabmyo-S013-D1-wrist_flexion-T03,grabmyo-S013-D1-wrist_flexion-T03,1,validation
grabmyo-S13-K3-seed3411,13,3,3411,wrist_flexion,grabmyo-S013-D1-wrist_flexion-T04,grabmyo-S013-D1-wrist_flexion-T04,grabmyo-S013-D1-wrist_flexion-T04,1,validation
grabmyo-S13-K3-seed3411,13,3,3411,wrist_flexion,grabmyo-S013-D1-wrist_flexion-T06,grabmyo-S013-D1-wrist_flexion-T06,grabmyo-S013-D1-wrist_flexion-T06,1,validation
grabmyo-S25-K3-seed3411,25,3,3411,hand_close,grabmyo-S025-D1-hand_close-T02,grabmyo-S025-D1-hand_close-T02,grabmyo-S025-D1-hand_close-T02,1,validation
grabmyo-S25-K3-seed3411,25,3,3411,hand_close,grabmyo-S025-D1-hand_close-T03,grabmyo-S025-D1-hand_close-T03,grabmyo-S025-D1-hand_close-T03,1,validation
grabmyo-S25-K3-seed3411,25,3,3411,hand_close,grabmyo-S025-D1-hand_close-T05,grabmyo-S025-D1-hand_close-T05,grabmyo-S025-D1-hand_close-T05,1,validation
grabmyo-S25-K3-seed3411,25,3,3411,rest,grabmyo-S025-D1-rest-T03,grabmyo-S025-D1-rest-T03,grabmyo-S025-D1-rest-T03,1,validation
grabmyo-S25-K3-seed3411,25,3,3411,rest,grabmyo-S025-D1-rest-T04,grabmyo-S025-D1-rest-T04,grabmyo-S025-D1-rest-T04,1,validation
grabmyo-S25-K3-seed3411,25,3,3411,rest,grabmyo-S025-D1-rest-T06,grabmyo-S025-D1-rest-T06,grabmyo-S025-D1-rest-T06,1,validation
grabmyo-S25-K3-seed3411,25,3,3411,wrist_extension,grabmyo-S025-D1-wrist_extension-T01,grabmyo-S025-D1-wrist_extension-T01,grabmyo-S025-D1-wrist_extension-T01,1,validation
grabmyo-S25-K3-seed3411,25,3,3411,wrist_extension,grabmyo-S025-D1-wrist_extension-T04,grabmyo-S025-D1-wrist_extension-T04,grabmyo-S025-D1-wrist_extension-T04,1,validation
grabmyo-S25-K3-seed3411,25,3,3411,wrist_extension,grabmyo-S025-D1-wrist_extension-T06,grabmyo-S025-D1-wrist_extension-T06,grabmyo-S025-D1-wrist_extension-T06,1,validation
grabmyo-S25-K3-seed3411,25,3,3411,wrist_flexion,grabmyo-S025-D1-wrist_flexion-T03,grabmyo-S025-D1-wrist_flexion-T03,grabmyo-S025-D1-wrist_flexion-T03,1,validation
grabmyo-S25-K3-seed3411,25,3,3411,wrist_flexion,grabmyo-S025-D1-wrist_flexion-T06,grabmyo-S025-D1-wrist_flexion-T06,grabmyo-S025-D1-wrist_flexion-T06,1,validation
grabmyo-S25-K3-seed3411,25,3,3411,wrist_flexion,grabmyo-S025-D1-wrist_flexion-T07,grabmyo-S025-D1-wrist_flexion-T07,grabmyo-S025-D1-wrist_flexion-T07,1,validation
grabmyo-S26-K3-seed3411,26,3,3411,hand_close,grabmyo-S026-D1-hand_close-T02,grabmyo-S026-D1-hand_close-T02,grabmyo-S026-D1-hand_close-T02,1,validation
grabmyo-S26-K3-seed3411,26,3,3411,hand_close,grabmyo-S026-D1-hand_close-T03,grabmyo-S026-D1-hand_close-T03,grabmyo-S026-D1-hand_close-T03,1,validation
grabmyo-S26-K3-seed3411,26,3,3411,hand_close,grabmyo-S026-D1-hand_close-T07,grabmyo-S026-D1-hand_close-T07,grabmyo-S026-D1-hand_close-T07,1,validation
grabmyo-S26-K3-seed3411,26,3,3411,rest,grabmyo-S026-D1-rest-T04,grabmyo-S026-D1-rest-T04,grabmyo-S026-D1-rest-T04,1,validation
grabmyo-S26-K3-seed3411,26,3,3411,rest,grabmyo-S026-D1-rest-T05,grabmyo-S026-D1-rest-T05,grabmyo-S026-D1-rest-T05,1,validation
grabmyo-S26-K3-seed3411,26,3,3411,rest,grabmyo-S026-D1-rest-T06,grabmyo-S026-D1-rest-T06,grabmyo-S026-D1-rest-T06,1,validation
grabmyo-S26-K3-seed3411,26,3,3411,wrist_extension,grabmyo-S026-D1-wrist_extension-T01,grabmyo-S026-D1-wrist_extension-T01,grabmyo-S026-D1-wrist_extension-T01,1,validation
grabmyo-S26-K3-seed3411,26,3,3411,wrist_extension,grabmyo-S026-D1-wrist_extension-T02,grabmyo-S026-D1-wrist_extension-T02,grabmyo-S026-D1-wrist_extension-T02,1,validation
grabmyo-S26-K3-seed3411,26,3,3411,wrist_extension,grabmyo-S026-D1-wrist_extension-T04,grabmyo-S026-D1-wrist_extension-T04,grabmyo-S026-D1-wrist_extension-T04,1,validation
grabmyo-S26-K3-seed3411,26,3,3411,wrist_flexion,grabmyo-S026-D1-wrist_flexion-T03,grabmyo-S026-D1-wrist_flexion-T03,grabmyo-S026-D1-wrist_flexion-T03,1,validation
grabmyo-S26-K3-seed3411,26,3,3411,wrist_flexion,grabmyo-S026-D1-wrist_flexion-T05,grabmyo-S026-D1-wrist_flexion-T05,grabmyo-S026-D1-wrist_flexion-T05,1,validation
grabmyo-S26-K3-seed3411,26,3,3411,wrist_flexion,grabmyo-S026-D1-wrist_flexion-T07,grabmyo-S026-D1-wrist_flexion-T07,grabmyo-S026-D1-wrist_flexion-T07,1,validation
grabmyo-S29-K3-seed3411,29,3,3411,hand_close,grabmyo-S029-D1-hand_close-T04,grabmyo-S029-D1-hand_close-T04,grabmyo-S029-D1-hand_close-T04,1,validation
grabmyo-S29-K3-seed3411,29,3,3411,hand_close,grabmyo-S029-D1-hand_close-T05,grabmyo-S029-D1-hand_close-T05,grabmyo-S029-D1-hand_close-T05,1,validation
grabmyo-S29-K3-seed3411,29,3,3411,hand_close,grabmyo-S029-D1-hand_close-T07,grabmyo-S029-D1-hand_close-T07,grabmyo-S029-D1-hand_close-T07,1,validation
grabmyo-S29-K3-seed3411,29,3,3411,rest,grabmyo-S029-D1-rest-T01,grabmyo-S029-D1-rest-T01,grabmyo-S029-D1-rest-T01,1,validation
grabmyo-S29-K3-seed3411,29,3,3411,rest,grabmyo-S029-D1-rest-T02,grabmyo-S029-D1-rest-T02,grabmyo-S029-D1-rest-T02,1,validation
grabmyo-S29-K3-seed3411,29,3,3411,rest,grabmyo-S029-D1-rest-T07,grabmyo-S029-D1-rest-T07,grabmyo-S029-D1-rest-T07,1,validation
grabmyo-S29-K3-seed3411,29,3,3411,wrist_extension,grabmyo-S029-D1-wrist_extension-T01,grabmyo-S029-D1-wrist_extension-T01,grabmyo-S029-D1-wrist_extension-T01,1,validation
grabmyo-S29-K3-seed3411,29,3,3411,wrist_extension,grabmyo-S029-D1-wrist_extension-T02,grabmyo-S029-D1-wrist_extension-T02,grabmyo-S029-D1-wrist_extension-T02,1,validation
grabmyo-S29-K3-seed3411,29,3,3411,wrist_extension,grabmyo-S029-D1-wrist_extension-T04,grabmyo-S029-D1-wrist_extension-T04,grabmyo-S029-D1-wrist_extension-T04,1,validation
grabmyo-S29-K3-seed3411,29,3,3411,wrist_flexion,grabmyo-S029-D1-wrist_flexion-T01,grabmyo-S029-D1-wrist_flexion-T01,grabmyo-S029-D1-wrist_flexion-T01,1,validation
grabmyo-S29-K3-seed3411,29,3,3411,wrist_flexion,grabmyo-S029-D1-wrist_flexion-T06,grabmyo-S029-D1-wrist_flexion-T06,grabmyo-S029-D1-wrist_flexion-T06,1,validation
grabmyo-S29-K3-seed3411,29,3,3411,wrist_flexion,grabmyo-S029-D1-wrist_flexion-T07,grabmyo-S029-D1-wrist_flexion-T07,grabmyo-S029-D1-wrist_flexion-T07,1,validation
grabmyo-S33-K3-seed3411,33,3,3411,hand_close,grabmyo-S033-D1-hand_close-T02,grabmyo-S033-D1-hand_close-T02,grabmyo-S033-D1-hand_close-T02,1,validation
grabmyo-S33-K3-seed3411,33,3,3411,hand_close,grabmyo-S033-D1-hand_close-T03,grabmyo-S033-D1-hand_close-T03,grabmyo-S033-D1-hand_close-T03,1,validation
grabmyo-S33-K3-seed3411,33,3,3411,hand_close,grabmyo-S033-D1-hand_close-T07,grabmyo-S033-D1-hand_close-T07,grabmyo-S033-D1-hand_close-T07,1,validation
grabmyo-S33-K3-seed3411,33,3,3411,rest,grabmyo-S033-D1-rest-T02,grabmyo-S033-D1-rest-T02,grabmyo-S033-D1-rest-T02,1,validation
grabmyo-S33-K3-seed3411,33,3,3411,rest,grabmyo-S033-D1-rest-T03,grabmyo-S033-D1-rest-T03,grabmyo-S033-D1-rest-T03,1,validation
grabmyo-S33-K3-seed3411,33,3,3411,rest,grabmyo-S033-D1-rest-T06,grabmyo-S033-D1-rest-T06,grabmyo-S033-D1-rest-T06,1,validation
grabmyo-S33-K3-seed3411,33,3,3411,wrist_extension,grabmyo-S033-D1-wrist_extension-T04,grabmyo-S033-D1-wrist_extension-T04,grabmyo-S033-D1-wrist_extension-T04,1,validation
grabmyo-S33-K3-seed3411,33,3,3411,wrist_extension,grabmyo-S033-D1-wrist_extension-T05,grabmyo-S033-D1-wrist_extension-T05,grabmyo-S033-D1-wrist_extension-T05,1,validation
grabmyo-S33-K3-seed3411,33,3,3411,wrist_extension,grabmyo-S033-D1-wrist_extension-T06,grabmyo-S033-D1-wrist_extension-T06,grabmyo-S033-D1-wrist_extension-T06,1,validation
grabmyo-S33-K3-seed3411,33,3,3411,wrist_flexion,grabmyo-S033-D1-wrist_flexion-T03,grabmyo-S033-D1-wrist_flexion-T03,grabmyo-S033-D1-wrist_flexion-T03,1,validation
grabmyo-S33-K3-seed3411,33,3,3411,wrist_flexion,grabmyo-S033-D1-wrist_flexion-T06,grabmyo-S033-D1-wrist_flexion-T06,grabmyo-S033-D1-wrist_flexion-T06,1,validation
grabmyo-S33-K3-seed3411,33,3,3411,wrist_flexion,grabmyo-S033-D1-wrist_flexion-T07,grabmyo-S033-D1-wrist_flexion-T07,grabmyo-S033-D1-wrist_flexion-T07,1,validation
grabmyo-S34-K3-seed3411,34,3,3411,hand_close,grabmyo-S034-D1-hand_close-T03,grabmyo-S034-D1-hand_close-T03,grabmyo-S034-D1-hand_close-T03,1,validation
grabmyo-S34-K3-seed3411,34,3,3411,hand_close,grabmyo-S034-D1-hand_close-T05,grabmyo-S034-D1-hand_close-T05,grabmyo-S034-D1-hand_close-T05,1,validation
grabmyo-S34-K3-seed3411,34,3,3411,hand_close,grabmyo-S034-D1-hand_close-T07,grabmyo-S034-D1-hand_close-T07,grabmyo-S034-D1-hand_close-T07,1,validation
grabmyo-S34-K3-seed3411,34,3,3411,rest,grabmyo-S034-D1-rest-T02,grabmyo-S034-D1-rest-T02,grabmyo-S034-D1-rest-T02,1,validation
grabmyo-S34-K3-seed3411,34,3,3411,rest,grabmyo-S034-D1-rest-T05,grabmyo-S034-D1-rest-T05,grabmyo-S034-D1-rest-T05,1,validation
grabmyo-S34-K3-seed3411,34,3,3411,rest,grabmyo-S034-D1-rest-T07,grabmyo-S034-D1-rest-T07,grabmyo-S034-D1-rest-T07,1,validation
grabmyo-S34-K3-seed3411,34,3,3411,wrist_extension,grabmyo-S034-D1-wrist_extension-T02,grabmyo-S034-D1-wrist_extension-T02,grabmyo-S034-D1-wrist_extension-T02,1,validation
grabmyo-S34-K3-seed3411,34,3,3411,wrist_extension,grabmyo-S034-D1-wrist_extension-T04,grabmyo-S034-D1-wrist_extension-T04,grabmyo-S034-D1-wrist_extension-T04,1,validation
grabmyo-S34-K3-seed3411,34,3,3411,wrist_extension,grabmyo-S034-D1-wrist_extension-T07,grabmyo-S034-D1-wrist_extension-T07,grabmyo-S034-D1-wrist_extension-T07,1,validation
grabmyo-S34-K3-seed3411,34,3,3411,wrist_flexion,grabmyo-S034-D1-wrist_flexion-T04,grabmyo-S034-D1-wrist_flexion-T04,grabmyo-S034-D1-wrist_flexion-T04,1,validation
grabmyo-S34-K3-seed3411,34,3,3411,wrist_flexion,grabmyo-S034-D1-wrist_flexion-T05,grabmyo-S034-D1-wrist_flexion-T05,grabmyo-S034-D1-wrist_flexion-T05,1,validation
grabmyo-S34-K3-seed3411,34,3,3411,wrist_flexion,grabmyo-S034-D1-wrist_flexion-T06,grabmyo-S034-D1-wrist_flexion-T06,grabmyo-S034-D1-wrist_flexion-T06,1,validation
grabmyo-S35-K3-seed3411,35,3,3411,hand_close,grabmyo-S035-D1-hand_close-T02,grabmyo-S035-D1-hand_close-T02,grabmyo-S035-D1-hand_close-T02,1,validation
grabmyo-S35-K3-seed3411,35,3,3411,hand_close,grabmyo-S035-D1-hand_close-T03,grabmyo-S035-D1-hand_close-T03,grabmyo-S035-D1-hand_close-T03,1,validation
grabmyo-S35-K3-seed3411,35,3,3411,hand_close,grabmyo-S035-D1-hand_close-T04,grabmyo-S035-D1-hand_close-T04,grabmyo-S035-D1-hand_close-T04,1,validation
grabmyo-S35-K3-seed3411,35,3,3411,rest,grabmyo-S035-D1-rest-T01,grabmyo-S035-D1-rest-T01,grabmyo-S035-D1-rest-T01,1,validation
grabmyo-S35-K3-seed3411,35,3,3411,rest,grabmyo-S035-D1-rest-T05,grabmyo-S035-D1-rest-T05,grabmyo-S035-D1-rest-T05,1,validation
grabmyo-S35-K3-seed3411,35,3,3411,rest,grabmyo-S035-D1-rest-T06,grabmyo-S035-D1-rest-T06,grabmyo-S035-D1-rest-T06,1,validation
grabmyo-S35-K3-seed3411,35,3,3411,wrist_extension,grabmyo-S035-D1-wrist_extension-T01,grabmyo-S035-D1-wrist_extension-T01,grabmyo-S035-D1-wrist_extension-T01,1,validation
grabmyo-S35-K3-seed3411,35,3,3411,wrist_extension,grabmyo-S035-D1-wrist_extension-T05,grabmyo-S035-D1-wrist_extension-T05,grabmyo-S035-D1-wrist_extension-T05,1,validation
grabmyo-S35-K3-seed3411,35,3,3411,wrist_extension,grabmyo-S035-D1-wrist_extension-T07,grabmyo-S035-D1-wrist_extension-T07,grabmyo-S035-D1-wrist_extension-T07,1,validation
grabmyo-S35-K3-seed3411,35,3,3411,wrist_flexion,grabmyo-S035-D1-wrist_flexion-T01,grabmyo-S035-D1-wrist_flexion-T01,grabmyo-S035-D1-wrist_flexion-T01,1,validation
grabmyo-S35-K3-seed3411,35,3,3411,wrist_flexion,grabmyo-S035-D1-wrist_flexion-T04,grabmyo-S035-D1-wrist_flexion-T04,grabmyo-S035-D1-wrist_flexion-T04,1,validation
grabmyo-S35-K3-seed3411,35,3,3411,wrist_flexion,grabmyo-S035-D1-wrist_flexion-T05,grabmyo-S035-D1-wrist_flexion-T05,grabmyo-S035-D1-wrist_flexion-T05,1,validation
grabmyo-S41-K3-seed3411,41,3,3411,hand_close,grabmyo-S041-D1-hand_close-T03,grabmyo-S041-D1-hand_close-T03,grabmyo-S041-D1-hand_close-T03,1,validation
grabmyo-S41-K3-seed3411,41,3,3411,hand_close,grabmyo-S041-D1-hand_close-T05,grabmyo-S041-D1-hand_close-T05,grabmyo-S041-D1-hand_close-T05,1,validation
grabmyo-S41-K3-seed3411,41,3,3411,hand_close,grabmyo-S041-D1-hand_close-T07,grabmyo-S041-D1-hand_close-T07,grabmyo-S041-D1-hand_close-T07,1,validation
grabmyo-S41-K3-seed3411,41,3,3411,rest,grabmyo-S041-D1-rest-T02,grabmyo-S041-D1-rest-T02,grabmyo-S041-D1-rest-T02,1,validation
grabmyo-S41-K3-seed3411,41,3,3411,rest,grabmyo-S041-D1-rest-T03,grabmyo-S041-D1-rest-T03,grabmyo-S041-D1-rest-T03,1,validation
grabmyo-S41-K3-seed3411,41,3,3411,rest,grabmyo-S041-D1-rest-T05,grabmyo-S041-D1-rest-T05,grabmyo-S041-D1-rest-T05,1,validation
grabmyo-S41-K3-seed3411,41,3,3411,wrist_extension,grabmyo-S041-D1-wrist_extension-T02,grabmyo-S041-D1-wrist_extension-T02,grabmyo-S041-D1-wrist_extension-T02,1,validation
grabmyo-S41-K3-seed3411,41,3,3411,wrist_extension,grabmyo-S041-D1-wrist_extension-T04,grabmyo-S041-D1-wrist_extension-T04,grabmyo-S041-D1-wrist_extension-T04,1,validation
grabmyo-S41-K3-seed3411,41,3,3411,wrist_extension,grabmyo-S041-D1-wrist_extension-T07,grabmyo-S041-D1-wrist_extension-T07,grabmyo-S041-D1-wrist_extension-T07,1,validation
grabmyo-S41-K3-seed3411,41,3,3411,wrist_flexion,grabmyo-S041-D1-wrist_flexion-T01,grabmyo-S041-D1-wrist_flexion-T01,grabmyo-S041-D1-wrist_flexion-T01,1,validation
grabmyo-S41-K3-seed3411,41,3,3411,wrist_flexion,grabmyo-S041-D1-wrist_flexion-T03,grabmyo-S041-D1-wrist_flexion-T03,grabmyo-S041-D1-wrist_flexion-T03,1,validation
grabmyo-S41-K3-seed3411,41,3,3411,wrist_flexion,grabmyo-S041-D1-wrist_flexion-T04,grabmyo-S041-D1-wrist_flexion-T04,grabmyo-S041-D1-wrist_flexion-T04,1,validation
grabmyo-S12-K3-seed3412,12,3,3412,hand_close,grabmyo-S012-D1-hand_close-T04,grabmyo-S012-D1-hand_close-T04,grabmyo-S012-D1-hand_close-T04,1,validation
grabmyo-S12-K3-seed3412,12,3,3412,hand_close,grabmyo-S012-D1-hand_close-T05,grabmyo-S012-D1-hand_close-T05,grabmyo-S012-D1-hand_close-T05,1,validation
grabmyo-S12-K3-seed3412,12,3,3412,hand_close,grabmyo-S012-D1-hand_close-T06,grabmyo-S012-D1-hand_close-T06,grabmyo-S012-D1-hand_close-T06,1,validation
grabmyo-S12-K3-seed3412,12,3,3412,rest,grabmyo-S012-D1-rest-T01,grabmyo-S012-D1-rest-T01,grabmyo-S012-D1-rest-T01,1,validation
grabmyo-S12-K3-seed3412,12,3,3412,rest,grabmyo-S012-D1-rest-T03,grabmyo-S012-D1-rest-T03,grabmyo-S012-D1-rest-T03,1,validation
grabmyo-S12-K3-seed3412,12,3,3412,rest,grabmyo-S012-D1-rest-T07,grabmyo-S012-D1-rest-T07,grabmyo-S012-D1-rest-T07,1,validation
grabmyo-S12-K3-seed3412,12,3,3412,wrist_extension,grabmyo-S012-D1-wrist_extension-T02,grabmyo-S012-D1-wrist_extension-T02,grabmyo-S012-D1-wrist_extension-T02,1,validation
grabmyo-S12-K3-seed3412,12,3,3412,wrist_extension,grabmyo-S012-D1-wrist_extension-T04,grabmyo-S012-D1-wrist_extension-T04,grabmyo-S012-D1-wrist_extension-T04,1,validation
grabmyo-S12-K3-seed3412,12,3,3412,wrist_extension,grabmyo-S012-D1-wrist_extension-T06,grabmyo-S012-D1-wrist_extension-T06,grabmyo-S012-D1-wrist_extension-T06,1,validation
grabmyo-S12-K3-seed3412,12,3,3412,wrist_flexion,grabmyo-S012-D1-wrist_flexion-T02,grabmyo-S012-D1-wrist_flexion-T02,grabmyo-S012-D1-wrist_flexion-T02,1,validation
grabmyo-S12-K3-seed3412,12,3,3412,wrist_flexion,grabmyo-S012-D1-wrist_flexion-T04,grabmyo-S012-D1-wrist_flexion-T04,grabmyo-S012-D1-wrist_flexion-T04,1,validation
grabmyo-S12-K3-seed3412,12,3,3412,wrist_flexion,grabmyo-S012-D1-wrist_flexion-T05,grabmyo-S012-D1-wrist_flexion-T05,grabmyo-S012-D1-wrist_flexion-T05,1,validation
grabmyo-S13-K3-seed3412,13,3,3412,hand_close,grabmyo-S013-D1-hand_close-T05,grabmyo-S013-D1-hand_close-T05,grabmyo-S013-D1-hand_close-T05,1,validation
grabmyo-S13-K3-seed3412,13,3,3412,hand_close,grabmyo-S013-D1-hand_close-T06,grabmyo-S013-D1-hand_close-T06,grabmyo-S013-D1-hand_close-T06,1,validation
grabmyo-S13-K3-seed3412,13,3,3412,hand_close,grabmyo-S013-D1-hand_close-T07,grabmyo-S013-D1-hand_close-T07,grabmyo-S013-D1-hand_close-T07,1,validation
grabmyo-S13-K3-seed3412,13,3,3412,rest,grabmyo-S013-D1-rest-T01,grabmyo-S013-D1-rest-T01,grabmyo-S013-D1-rest-T01,1,validation
grabmyo-S13-K3-seed3412,13,3,3412,rest,grabmyo-S013-D1-rest-T02,grabmyo-S013-D1-rest-T02,grabmyo-S013-D1-rest-T02,1,validation
grabmyo-S13-K3-seed3412,13,3,3412,rest,grabmyo-S013-D1-rest-T07,grabmyo-S013-D1-rest-T07,grabmyo-S013-D1-rest-T07,1,validation
grabmyo-S13-K3-seed3412,13,3,3412,wrist_extension,grabmyo-S013-D1-wrist_extension-T01,grabmyo-S013-D1-wrist_extension-T01,grabmyo-S013-D1-wrist_extension-T01,1,validation
grabmyo-S13-K3-seed3412,13,3,3412,wrist_extension,grabmyo-S013-D1-wrist_extension-T04,grabmyo-S013-D1-wrist_extension-T04,grabmyo-S013-D1-wrist_extension-T04,1,validation
grabmyo-S13-K3-seed3412,13,3,3412,wrist_extension,grabmyo-S013-D1-wrist_extension-T06,grabmyo-S013-D1-wrist_extension-T06,grabmyo-S013-D1-wrist_extension-T06,1,validation
grabmyo-S13-K3-seed3412,13,3,3412,wrist_flexion,grabmyo-S013-D1-wrist_flexion-T02,grabmyo-S013-D1-wrist_flexion-T02,grabmyo-S013-D1-wrist_flexion-T02,1,validation
grabmyo-S13-K3-seed3412,13,3,3412,wrist_flexion,grabmyo-S013-D1-wrist_flexion-T03,grabmyo-S013-D1-wrist_flexion-T03,grabmyo-S013-D1-wrist_flexion-T03,1,validation
grabmyo-S13-K3-seed3412,13,3,3412,wrist_flexion,grabmyo-S013-D1-wrist_flexion-T06,grabmyo-S013-D1-wrist_flexion-T06,grabmyo-S013-D1-wrist_flexion-T06,1,validation
grabmyo-S25-K3-seed3412,25,3,3412,hand_close,grabmyo-S025-D1-hand_close-T02,grabmyo-S025-D1-hand_close-T02,grabmyo-S025-D1-hand_close-T02,1,validation
grabmyo-S25-K3-seed3412,25,3,3412,hand_close,grabmyo-S025-D1-hand_close-T05,grabmyo-S025-D1-hand_close-T05,grabmyo-S025-D1-hand_close-T05,1,validation
grabmyo-S25-K3-seed3412,25,3,3412,hand_close,grabmyo-S025-D1-hand_close-T07,grabmyo-S025-D1-hand_close-T07,grabmyo-S025-D1-hand_close-T07,1,validation
grabmyo-S25-K3-seed3412,25,3,3412,rest,grabmyo-S025-D1-rest-T02,grabmyo-S025-D1-rest-T02,grabmyo-S025-D1-rest-T02,1,validation
grabmyo-S25-K3-seed3412,25,3,3412,rest,grabmyo-S025-D1-rest-T03,grabmyo-S025-D1-rest-T03,grabmyo-S025-D1-rest-T03,1,validation
grabmyo-S25-K3-seed3412,25,3,3412,rest,grabmyo-S025-D1-rest-T04,grabmyo-S025-D1-rest-T04,grabmyo-S025-D1-rest-T04,1,validation
grabmyo-S25-K3-seed3412,25,3,3412,wrist_extension,grabmyo-S025-D1-wrist_extension-T01,grabmyo-S025-D1-wrist_extension-T01,grabmyo-S025-D1-wrist_extension-T01,1,validation
grabmyo-S25-K3-seed3412,25,3,3412,wrist_extension,grabmyo-S025-D1-wrist_extension-T03,grabmyo-S025-D1-wrist_extension-T03,grabmyo-S025-D1-wrist_extension-T03,1,validation
grabmyo-S25-K3-seed3412,25,3,3412,wrist_extension,grabmyo-S025-D1-wrist_extension-T07,grabmyo-S025-D1-wrist_extension-T07,grabmyo-S025-D1-wrist_extension-T07,1,validation
grabmyo-S25-K3-seed3412,25,3,3412,wrist_flexion,grabmyo-S025-D1-wrist_flexion-T01,grabmyo-S025-D1-wrist_flexion-T01,grabmyo-S025-D1-wrist_flexion-T01,1,validation
grabmyo-S25-K3-seed3412,25,3,3412,wrist_flexion,grabmyo-S025-D1-wrist_flexion-T02,grabmyo-S025-D1-wrist_flexion-T02,grabmyo-S025-D1-wrist_flexion-T02,1,validation
grabmyo-S25-K3-seed3412,25,3,3412,wrist_flexion,grabmyo-S025-D1-wrist_flexion-T05,grabmyo-S025-D1-wrist_flexion-T05,grabmyo-S025-D1-wrist_flexion-T05,1,validation
grabmyo-S26-K3-seed3412,26,3,3412,hand_close,grabmyo-S026-D1-hand_close-T01,grabmyo-S026-D1-hand_close-T01,grabmyo-S026-D1-hand_close-T01,1,validation
grabmyo-S26-K3-seed3412,26,3,3412,hand_close,grabmyo-S026-D1-hand_close-T03,grabmyo-S026-D1-hand_close-T03,grabmyo-S026-D1-hand_close-T03,1,validation
grabmyo-S26-K3-seed3412,26,3,3412,hand_close,grabmyo-S026-D1-hand_close-T05,grabmyo-S026-D1-hand_close-T05,grabmyo-S026-D1-hand_close-T05,1,validation
grabmyo-S26-K3-seed3412,26,3,3412,rest,grabmyo-S026-D1-rest-T01,grabmyo-S026-D1-rest-T01,grabmyo-S026-D1-rest-T01,1,validation
grabmyo-S26-K3-seed3412,26,3,3412,rest,grabmyo-S026-D1-rest-T04,grabmyo-S026-D1-rest-T04,grabmyo-S026-D1-rest-T04,1,validation
grabmyo-S26-K3-seed3412,26,3,3412,rest,grabmyo-S026-D1-rest-T06,grabmyo-S026-D1-rest-T06,grabmyo-S026-D1-rest-T06,1,validation
grabmyo-S26-K3-seed3412,26,3,3412,wrist_extension,grabmyo-S026-D1-wrist_extension-T03,grabmyo-S026-D1-wrist_extension-T03,grabmyo-S026-D1-wrist_extension-T03,1,validation
grabmyo-S26-K3-seed3412,26,3,3412,wrist_extension,grabmyo-S026-D1-wrist_extension-T04,grabmyo-S026-D1-wrist_extension-T04,grabmyo-S026-D1-wrist_extension-T04,1,validation
grabmyo-S26-K3-seed3412,26,3,3412,wrist_extension,grabmyo-S026-D1-wrist_extension-T07,grabmyo-S026-D1-wrist_extension-T07,grabmyo-S026-D1-wrist_extension-T07,1,validation
grabmyo-S26-K3-seed3412,26,3,3412,wrist_flexion,grabmyo-S026-D1-wrist_flexion-T01,grabmyo-S026-D1-wrist_flexion-T01,grabmyo-S026-D1-wrist_flexion-T01,1,validation
grabmyo-S26-K3-seed3412,26,3,3412,wrist_flexion,grabmyo-S026-D1-wrist_flexion-T03,grabmyo-S026-D1-wrist_flexion-T03,grabmyo-S026-D1-wrist_flexion-T03,1,validation
grabmyo-S26-K3-seed3412,26,3,3412,wrist_flexion,grabmyo-S026-D1-wrist_flexion-T05,grabmyo-S026-D1-wrist_flexion-T05,grabmyo-S026-D1-wrist_flexion-T05,1,validation
grabmyo-S29-K3-seed3412,29,3,3412,hand_close,grabmyo-S029-D1-hand_close-T02,grabmyo-S029-D1-hand_close-T02,grabmyo-S029-D1-hand_close-T02,1,validation
grabmyo-S29-K3-seed3412,29,3,3412,hand_close,grabmyo-S029-D1-hand_close-T06,grabmyo-S029-D1-hand_close-T06,grabmyo-S029-D1-hand_close-T06,1,validation
grabmyo-S29-K3-seed3412,29,3,3412,hand_close,grabmyo-S029-D1-hand_close-T07,grabmyo-S029-D1-hand_close-T07,grabmyo-S029-D1-hand_close-T07,1,validation
grabmyo-S29-K3-seed3412,29,3,3412,rest,grabmyo-S029-D1-rest-T01,grabmyo-S029-D1-rest-T01,grabmyo-S029-D1-rest-T01,1,validation
grabmyo-S29-K3-seed3412,29,3,3412,rest,grabmyo-S029-D1-rest-T02,grabmyo-S029-D1-rest-T02,grabmyo-S029-D1-rest-T02,1,validation
grabmyo-S29-K3-seed3412,29,3,3412,rest,grabmyo-S029-D1-rest-T06,grabmyo-S029-D1-rest-T06,grabmyo-S029-D1-rest-T06,1,validation
grabmyo-S29-K3-seed3412,29,3,3412,wrist_extension,grabmyo-S029-D1-wrist_extension-T02,grabmyo-S029-D1-wrist_extension-T02,grabmyo-S029-D1-wrist_extension-T02,1,validation
grabmyo-S29-K3-seed3412,29,3,3412,wrist_extension,grabmyo-S029-D1-wrist_extension-T04,grabmyo-S029-D1-wrist_extension-T04,grabmyo-S029-D1-wrist_extension-T04,1,validation
grabmyo-S29-K3-seed3412,29,3,3412,wrist_extension,grabmyo-S029-D1-wrist_extension-T07,grabmyo-S029-D1-wrist_extension-T07,grabmyo-S029-D1-wrist_extension-T07,1,validation
grabmyo-S29-K3-seed3412,29,3,3412,wrist_flexion,grabmyo-S029-D1-wrist_flexion-T01,grabmyo-S029-D1-wrist_flexion-T01,grabmyo-S029-D1-wrist_flexion-T01,1,validation
grabmyo-S29-K3-seed3412,29,3,3412,wrist_flexion,grabmyo-S029-D1-wrist_flexion-T02,grabmyo-S029-D1-wrist_flexion-T02,grabmyo-S029-D1-wrist_flexion-T02,1,validation
grabmyo-S29-K3-seed3412,29,3,3412,wrist_flexion,grabmyo-S029-D1-wrist_flexion-T04,grabmyo-S029-D1-wrist_flexion-T04,grabmyo-S029-D1-wrist_flexion-T04,1,validation
grabmyo-S33-K3-seed3412,33,3,3412,hand_close,grabmyo-S033-D1-hand_close-T02,grabmyo-S033-D1-hand_close-T02,grabmyo-S033-D1-hand_close-T02,1,validation
grabmyo-S33-K3-seed3412,33,3,3412,hand_close,grabmyo-S033-D1-hand_close-T06,grabmyo-S033-D1-hand_close-T06,grabmyo-S033-D1-hand_close-T06,1,validation
grabmyo-S33-K3-seed3412,33,3,3412,hand_close,grabmyo-S033-D1-hand_close-T07,grabmyo-S033-D1-hand_close-T07,grabmyo-S033-D1-hand_close-T07,1,validation
grabmyo-S33-K3-seed3412,33,3,3412,rest,grabmyo-S033-D1-rest-T01,grabmyo-S033-D1-rest-T01,grabmyo-S033-D1-rest-T01,1,validation
grabmyo-S33-K3-seed3412,33,3,3412,rest,grabmyo-S033-D1-rest-T04,grabmyo-S033-D1-rest-T04,grabmyo-S033-D1-rest-T04,1,validation
grabmyo-S33-K3-seed3412,33,3,3412,rest,grabmyo-S033-D1-rest-T05,grabmyo-S033-D1-rest-T05,grabmyo-S033-D1-rest-T05,1,validation
grabmyo-S33-K3-seed3412,33,3,3412,wrist_extension,grabmyo-S033-D1-wrist_extension-T01,grabmyo-S033-D1-wrist_extension-T01,grabmyo-S033-D1-wrist_extension-T01,1,validation
grabmyo-S33-K3-seed3412,33,3,3412,wrist_extension,grabmyo-S033-D1-wrist_extension-T05,grabmyo-S033-D1-wrist_extension-T05,grabmyo-S033-D1-wrist_extension-T05,1,validation
grabmyo-S33-K3-seed3412,33,3,3412,wrist_extension,grabmyo-S033-D1-wrist_extension-T06,grabmyo-S033-D1-wrist_extension-T06,grabmyo-S033-D1-wrist_extension-T06,1,validation
grabmyo-S33-K3-seed3412,33,3,3412,wrist_flexion,grabmyo-S033-D1-wrist_flexion-T04,grabmyo-S033-D1-wrist_flexion-T04,grabmyo-S033-D1-wrist_flexion-T04,1,validation
grabmyo-S33-K3-seed3412,33,3,3412,wrist_flexion,grabmyo-S033-D1-wrist_flexion-T05,grabmyo-S033-D1-wrist_flexion-T05,grabmyo-S033-D1-wrist_flexion-T05,1,validation
grabmyo-S33-K3-seed3412,33,3,3412,wrist_flexion,grabmyo-S033-D1-wrist_flexion-T06,grabmyo-S033-D1-wrist_flexion-T06,grabmyo-S033-D1-wrist_flexion-T06,1,validation
grabmyo-S34-K3-seed3412,34,3,3412,hand_close,grabmyo-S034-D1-hand_close-T02,grabmyo-S034-D1-hand_close-T02,grabmyo-S034-D1-hand_close-T02,1,validation
grabmyo-S34-K3-seed3412,34,3,3412,hand_close,grabmyo-S034-D1-hand_close-T05,grabmyo-S034-D1-hand_close-T05,grabmyo-S034-D1-hand_close-T05,1,validation
grabmyo-S34-K3-seed3412,34,3,3412,hand_close,grabmyo-S034-D1-hand_close-T07,grabmyo-S034-D1-hand_close-T07,grabmyo-S034-D1-hand_close-T07,1,validation
grabmyo-S34-K3-seed3412,34,3,3412,rest,grabmyo-S034-D1-rest-T02,grabmyo-S034-D1-rest-T02,grabmyo-S034-D1-rest-T02,1,validation
grabmyo-S34-K3-seed3412,34,3,3412,rest,grabmyo-S034-D1-rest-T05,grabmyo-S034-D1-rest-T05,grabmyo-S034-D1-rest-T05,1,validation
grabmyo-S34-K3-seed3412,34,3,3412,rest,grabmyo-S034-D1-rest-T07,grabmyo-S034-D1-rest-T07,grabmyo-S034-D1-rest-T07,1,validation
grabmyo-S34-K3-seed3412,34,3,3412,wrist_extension,grabmyo-S034-D1-wrist_extension-T03,grabmyo-S034-D1-wrist_extension-T03,grabmyo-S034-D1-wrist_extension-T03,1,validation
grabmyo-S34-K3-seed3412,34,3,3412,wrist_extension,grabmyo-S034-D1-wrist_extension-T05,grabmyo-S034-D1-wrist_extension-T05,grabmyo-S034-D1-wrist_extension-T05,1,validation
grabmyo-S34-K3-seed3412,34,3,3412,wrist_extension,grabmyo-S034-D1-wrist_extension-T07,grabmyo-S034-D1-wrist_extension-T07,grabmyo-S034-D1-wrist_extension-T07,1,validation
grabmyo-S34-K3-seed3412,34,3,3412,wrist_flexion,grabmyo-S034-D1-wrist_flexion-T01,grabmyo-S034-D1-wrist_flexion-T01,grabmyo-S034-D1-wrist_flexion-T01,1,validation
grabmyo-S34-K3-seed3412,34,3,3412,wrist_flexion,grabmyo-S034-D1-wrist_flexion-T04,grabmyo-S034-D1-wrist_flexion-T04,grabmyo-S034-D1-wrist_flexion-T04,1,validation
grabmyo-S34-K3-seed3412,34,3,3412,wrist_flexion,grabmyo-S034-D1-wrist_flexion-T05,grabmyo-S034-D1-wrist_flexion-T05,grabmyo-S034-D1-wrist_flexion-T05,1,validation
grabmyo-S35-K3-seed3412,35,3,3412,hand_close,grabmyo-S035-D1-hand_close-T02,grabmyo-S035-D1-hand_close-T02,grabmyo-S035-D1-hand_close-T02,1,validation
grabmyo-S35-K3-seed3412,35,3,3412,hand_close,grabmyo-S035-D1-hand_close-T06,grabmyo-S035-D1-hand_close-T06,grabmyo-S035-D1-hand_close-T06,1,validation
grabmyo-S35-K3-seed3412,35,3,3412,hand_close,grabmyo-S035-D1-hand_close-T07,grabmyo-S035-D1-hand_close-T07,grabmyo-S035-D1-hand_close-T07,1,validation
grabmyo-S35-K3-seed3412,35,3,3412,rest,grabmyo-S035-D1-rest-T01,grabmyo-S035-D1-rest-T01,grabmyo-S035-D1-rest-T01,1,validation
grabmyo-S35-K3-seed3412,35,3,3412,rest,grabmyo-S035-D1-rest-T05,grabmyo-S035-D1-rest-T05,grabmyo-S035-D1-rest-T05,1,validation
grabmyo-S35-K3-seed3412,35,3,3412,rest,grabmyo-S035-D1-rest-T07,grabmyo-S035-D1-rest-T07,grabmyo-S035-D1-rest-T07,1,validation
grabmyo-S35-K3-seed3412,35,3,3412,wrist_extension,grabmyo-S035-D1-wrist_extension-T01,grabmyo-S035-D1-wrist_extension-T01,grabmyo-S035-D1-wrist_extension-T01,1,validation
grabmyo-S35-K3-seed3412,35,3,3412,wrist_extension,grabmyo-S035-D1-wrist_extension-T05,grabmyo-S035-D1-wrist_extension-T05,grabmyo-S035-D1-wrist_extension-T05,1,validation
grabmyo-S35-K3-seed3412,35,3,3412,wrist_extension,grabmyo-S035-D1-wrist_extension-T06,grabmyo-S035-D1-wrist_extension-T06,grabmyo-S035-D1-wrist_extension-T06,1,validation
grabmyo-S35-K3-seed3412,35,3,3412,wrist_flexion,grabmyo-S035-D1-wrist_flexion-T02,grabmyo-S035-D1-wrist_flexion-T02,grabmyo-S035-D1-wrist_flexion-T02,1,validation
grabmyo-S35-K3-seed3412,35,3,3412,wrist_flexion,grabmyo-S035-D1-wrist_flexion-T05,grabmyo-S035-D1-wrist_flexion-T05,grabmyo-S035-D1-wrist_flexion-T05,1,validation
grabmyo-S35-K3-seed3412,35,3,3412,wrist_flexion,grabmyo-S035-D1-wrist_flexion-T06,grabmyo-S035-D1-wrist_flexion-T06,grabmyo-S035-D1-wrist_flexion-T06,1,validation
grabmyo-S41-K3-seed3412,41,3,3412,hand_close,grabmyo-S041-D1-hand_close-T01,grabmyo-S041-D1-hand_close-T01,grabmyo-S041-D1-hand_close-T01,1,validation
grabmyo-S41-K3-seed3412,41,3,3412,hand_close,grabmyo-S041-D1-hand_close-T03,grabmyo-S041-D1-hand_close-T03,grabmyo-S041-D1-hand_close-T03,1,validation
grabmyo-S41-K3-seed3412,41,3,3412,hand_close,grabmyo-S041-D1-hand_close-T06,grabmyo-S041-D1-hand_close-T06,grabmyo-S041-D1-hand_close-T06,1,validation
grabmyo-S41-K3-seed3412,41,3,3412,rest,grabmyo-S041-D1-rest-T01,grabmyo-S041-D1-rest-T01,grabmyo-S041-D1-rest-T01,1,validation
grabmyo-S41-K3-seed3412,41,3,3412,rest,grabmyo-S041-D1-rest-T05,grabmyo-S041-D1-rest-T05,grabmyo-S041-D1-rest-T05,1,validation
grabmyo-S41-K3-seed3412,41,3,3412,rest,grabmyo-S041-D1-rest-T06,grabmyo-S041-D1-rest-T06,grabmyo-S041-D1-rest-T06,1,validation
grabmyo-S41-K3-seed3412,41,3,3412,wrist_extension,grabmyo-S041-D1-wrist_extension-T01,grabmyo-S041-D1-wrist_extension-T01,grabmyo-S041-D1-wrist_extension-T01,1,validation
grabmyo-S41-K3-seed3412,41,3,3412,wrist_extension,grabmyo-S041-D1-wrist_extension-T03,grabmyo-S041-D1-wrist_extension-T03,grabmyo-S041-D1-wrist_extension-T03,1,validation
grabmyo-S41-K3-seed3412,41,3,3412,wrist_extension,grabmyo-S041-D1-wrist_extension-T06,grabmyo-S041-D1-wrist_extension-T06,grabmyo-S041-D1-wrist_extension-T06,1,validation
grabmyo-S41-K3-seed3412,41,3,3412,wrist_flexion,grabmyo-S041-D1-wrist_flexion-T03,grabmyo-S041-D1-wrist_flexion-T03,grabmyo-S041-D1-wrist_flexion-T03,1,validation
grabmyo-S41-K3-seed3412,41,3,3412,wrist_flexion,grabmyo-S041-D1-wrist_flexion-T05,grabmyo-S041-D1-wrist_flexion-T05,grabmyo-S041-D1-wrist_flexion-T05,1,validation
grabmyo-S41-K3-seed3412,41,3,3412,wrist_flexion,grabmyo-S041-D1-wrist_flexion-T06,grabmyo-S041-D1-wrist_flexion-T06,grabmyo-S041-D1-wrist_flexion-T06,1,validation
grabmyo-S12-K3-seed3413,12,3,3413,hand_close,grabmyo-S012-D1-hand_close-T02,grabmyo-S012-D1-hand_close-T02,grabmyo-S012-D1-hand_close-T02,1,validation
grabmyo-S12-K3-seed3413,12,3,3413,hand_close,grabmyo-S012-D1-hand_close-T04,grabmyo-S012-D1-hand_close-T04,grabmyo-S012-D1-hand_close-T04,1,validation
grabmyo-S12-K3-seed3413,12,3,3413,hand_close,grabmyo-S012-D1-hand_close-T07,grabmyo-S012-D1-hand_close-T07,grabmyo-S012-D1-hand_close-T07,1,validation
grabmyo-S12-K3-seed3413,12,3,3413,rest,grabmyo-S012-D1-rest-T01,grabmyo-S012-D1-rest-T01,grabmyo-S012-D1-rest-T01,1,validation
grabmyo-S12-K3-seed3413,12,3,3413,rest,grabmyo-S012-D1-rest-T05,grabmyo-S012-D1-rest-T05,grabmyo-S012-D1-rest-T05,1,validation
grabmyo-S12-K3-seed3413,12,3,3413,rest,grabmyo-S012-D1-rest-T07,grabmyo-S012-D1-rest-T07,grabmyo-S012-D1-rest-T07,1,validation
grabmyo-S12-K3-seed3413,12,3,3413,wrist_extension,grabmyo-S012-D1-wrist_extension-T01,grabmyo-S012-D1-wrist_extension-T01,grabmyo-S012-D1-wrist_extension-T01,1,validation
grabmyo-S12-K3-seed3413,12,3,3413,wrist_extension,grabmyo-S012-D1-wrist_extension-T04,grabmyo-S012-D1-wrist_extension-T04,grabmyo-S012-D1-wrist_extension-T04,1,validation
grabmyo-S12-K3-seed3413,12,3,3413,wrist_extension,grabmyo-S012-D1-wrist_extension-T05,grabmyo-S012-D1-wrist_extension-T05,grabmyo-S012-D1-wrist_extension-T05,1,validation
grabmyo-S12-K3-seed3413,12,3,3413,wrist_flexion,grabmyo-S012-D1-wrist_flexion-T02,grabmyo-S012-D1-wrist_flexion-T02,grabmyo-S012-D1-wrist_flexion-T02,1,validation
grabmyo-S12-K3-seed3413,12,3,3413,wrist_flexion,grabmyo-S012-D1-wrist_flexion-T03,grabmyo-S012-D1-wrist_flexion-T03,grabmyo-S012-D1-wrist_flexion-T03,1,validation
grabmyo-S12-K3-seed3413,12,3,3413,wrist_flexion,grabmyo-S012-D1-wrist_flexion-T04,grabmyo-S012-D1-wrist_flexion-T04,grabmyo-S012-D1-wrist_flexion-T04,1,validation
grabmyo-S13-K3-seed3413,13,3,3413,hand_close,grabmyo-S013-D1-hand_close-T03,grabmyo-S013-D1-hand_close-T03,grabmyo-S013-D1-hand_close-T03,1,validation
grabmyo-S13-K3-seed3413,13,3,3413,hand_close,grabmyo-S013-D1-hand_close-T04,grabmyo-S013-D1-hand_close-T04,grabmyo-S013-D1-hand_close-T04,1,validation
grabmyo-S13-K3-seed3413,13,3,3413,hand_close,grabmyo-S013-D1-hand_close-T07,grabmyo-S013-D1-hand_close-T07,grabmyo-S013-D1-hand_close-T07,1,validation
grabmyo-S13-K3-seed3413,13,3,3413,rest,grabmyo-S013-D1-rest-T02,grabmyo-S013-D1-rest-T02,grabmyo-S013-D1-rest-T02,1,validation
grabmyo-S13-K3-seed3413,13,3,3413,rest,grabmyo-S013-D1-rest-T04,grabmyo-S013-D1-rest-T04,grabmyo-S013-D1-rest-T04,1,validation
grabmyo-S13-K3-seed3413,13,3,3413,rest,grabmyo-S013-D1-rest-T07,grabmyo-S013-D1-rest-T07,grabmyo-S013-D1-rest-T07,1,validation
grabmyo-S13-K3-seed3413,13,3,3413,wrist_extension,grabmyo-S013-D1-wrist_extension-T02,grabmyo-S013-D1-wrist_extension-T02,grabmyo-S013-D1-wrist_extension-T02,1,validation
grabmyo-S13-K3-seed3413,13,3,3413,wrist_extension,grabmyo-S013-D1-wrist_extension-T05,grabmyo-S013-D1-wrist_extension-T05,grabmyo-S013-D1-wrist_extension-T05,1,validation
grabmyo-S13-K3-seed3413,13,3,3413,wrist_extension,grabmyo-S013-D1-wrist_extension-T07,grabmyo-S013-D1-wrist_extension-T07,grabmyo-S013-D1-wrist_extension-T07,1,validation
grabmyo-S13-K3-seed3413,13,3,3413,wrist_flexion,grabmyo-S013-D1-wrist_flexion-T01,grabmyo-S013-D1-wrist_flexion-T01,grabmyo-S013-D1-wrist_flexion-T01,1,validation
grabmyo-S13-K3-seed3413,13,3,3413,wrist_flexion,grabmyo-S013-D1-wrist_flexion-T04,grabmyo-S013-D1-wrist_flexion-T04,grabmyo-S013-D1-wrist_flexion-T04,1,validation
grabmyo-S13-K3-seed3413,13,3,3413,wrist_flexion,grabmyo-S013-D1-wrist_flexion-T05,grabmyo-S013-D1-wrist_flexion-T05,grabmyo-S013-D1-wrist_flexion-T05,1,validation
grabmyo-S25-K3-seed3413,25,3,3413,hand_close,grabmyo-S025-D1-hand_close-T05,grabmyo-S025-D1-hand_close-T05,grabmyo-S025-D1-hand_close-T05,1,validation
grabmyo-S25-K3-seed3413,25,3,3413,hand_close,grabmyo-S025-D1-hand_close-T06,grabmyo-S025-D1-hand_close-T06,grabmyo-S025-D1-hand_close-T06,1,validation
grabmyo-S25-K3-seed3413,25,3,3413,hand_close,grabmyo-S025-D1-hand_close-T07,grabmyo-S025-D1-hand_close-T07,grabmyo-S025-D1-hand_close-T07,1,validation
grabmyo-S25-K3-seed3413,25,3,3413,rest,grabmyo-S025-D1-rest-T01,grabmyo-S025-D1-rest-T01,grabmyo-S025-D1-rest-T01,1,validation
grabmyo-S25-K3-seed3413,25,3,3413,rest,grabmyo-S025-D1-rest-T04,grabmyo-S025-D1-rest-T04,grabmyo-S025-D1-rest-T04,1,validation
grabmyo-S25-K3-seed3413,25,3,3413,rest,grabmyo-S025-D1-rest-T05,grabmyo-S025-D1-rest-T05,grabmyo-S025-D1-rest-T05,1,validation
grabmyo-S25-K3-seed3413,25,3,3413,wrist_extension,grabmyo-S025-D1-wrist_extension-T03,grabmyo-S025-D1-wrist_extension-T03,grabmyo-S025-D1-wrist_extension-T03,1,validation
grabmyo-S25-K3-seed3413,25,3,3413,wrist_extension,grabmyo-S025-D1-wrist_extension-T04,grabmyo-S025-D1-wrist_extension-T04,grabmyo-S025-D1-wrist_extension-T04,1,validation
grabmyo-S25-K3-seed3413,25,3,3413,wrist_extension,grabmyo-S025-D1-wrist_extension-T06,grabmyo-S025-D1-wrist_extension-T06,grabmyo-S025-D1-wrist_extension-T06,1,validation
grabmyo-S25-K3-seed3413,25,3,3413,wrist_flexion,grabmyo-S025-D1-wrist_flexion-T02,grabmyo-S025-D1-wrist_flexion-T02,grabmyo-S025-D1-wrist_flexion-T02,1,validation
grabmyo-S25-K3-seed3413,25,3,3413,wrist_flexion,grabmyo-S025-D1-wrist_flexion-T03,grabmyo-S025-D1-wrist_flexion-T03,grabmyo-S025-D1-wrist_flexion-T03,1,validation
grabmyo-S25-K3-seed3413,25,3,3413,wrist_flexion,grabmyo-S025-D1-wrist_flexion-T04,grabmyo-S025-D1-wrist_flexion-T04,grabmyo-S025-D1-wrist_flexion-T04,1,validation
grabmyo-S26-K3-seed3413,26,3,3413,hand_close,grabmyo-S026-D1-hand_close-T01,grabmyo-S026-D1-hand_close-T01,grabmyo-S026-D1-hand_close-T01,1,validation
grabmyo-S26-K3-seed3413,26,3,3413,hand_close,grabmyo-S026-D1-hand_close-T03,grabmyo-S026-D1-hand_close-T03,grabmyo-S026-D1-hand_close-T03,1,validation
grabmyo-S26-K3-seed3413,26,3,3413,hand_close,grabmyo-S026-D1-hand_close-T04,grabmyo-S026-D1-hand_close-T04,grabmyo-S026-D1-hand_close-T04,1,validation
grabmyo-S26-K3-seed3413,26,3,3413,rest,grabmyo-S026-D1-rest-T04,grabmyo-S026-D1-rest-T04,grabmyo-S026-D1-rest-T04,1,validation
grabmyo-S26-K3-seed3413,26,3,3413,rest,grabmyo-S026-D1-rest-T05,grabmyo-S026-D1-rest-T05,grabmyo-S026-D1-rest-T05,1,validation
grabmyo-S26-K3-seed3413,26,3,3413,rest,grabmyo-S026-D1-rest-T07,grabmyo-S026-D1-rest-T07,grabmyo-S026-D1-rest-T07,1,validation
grabmyo-S26-K3-seed3413,26,3,3413,wrist_extension,grabmyo-S026-D1-wrist_extension-T01,grabmyo-S026-D1-wrist_extension-T01,grabmyo-S026-D1-wrist_extension-T01,1,validation
grabmyo-S26-K3-seed3413,26,3,3413,wrist_extension,grabmyo-S026-D1-wrist_extension-T02,grabmyo-S026-D1-wrist_extension-T02,grabmyo-S026-D1-wrist_extension-T02,1,validation
grabmyo-S26-K3-seed3413,26,3,3413,wrist_extension,grabmyo-S026-D1-wrist_extension-T03,grabmyo-S026-D1-wrist_extension-T03,grabmyo-S026-D1-wrist_extension-T03,1,validation
grabmyo-S26-K3-seed3413,26,3,3413,wrist_flexion,grabmyo-S026-D1-wrist_flexion-T02,grabmyo-S026-D1-wrist_flexion-T02,grabmyo-S026-D1-wrist_flexion-T02,1,validation
grabmyo-S26-K3-seed3413,26,3,3413,wrist_flexion,grabmyo-S026-D1-wrist_flexion-T04,grabmyo-S026-D1-wrist_flexion-T04,grabmyo-S026-D1-wrist_flexion-T04,1,validation
grabmyo-S26-K3-seed3413,26,3,3413,wrist_flexion,grabmyo-S026-D1-wrist_flexion-T06,grabmyo-S026-D1-wrist_flexion-T06,grabmyo-S026-D1-wrist_flexion-T06,1,validation
grabmyo-S29-K3-seed3413,29,3,3413,hand_close,grabmyo-S029-D1-hand_close-T02,grabmyo-S029-D1-hand_close-T02,grabmyo-S029-D1-hand_close-T02,1,validation
grabmyo-S29-K3-seed3413,29,3,3413,hand_close,grabmyo-S029-D1-hand_close-T05,grabmyo-S029-D1-hand_close-T05,grabmyo-S029-D1-hand_close-T05,1,validation
grabmyo-S29-K3-seed3413,29,3,3413,hand_close,grabmyo-S029-D1-hand_close-T06,grabmyo-S029-D1-hand_close-T06,grabmyo-S029-D1-hand_close-T06,1,validation
grabmyo-S29-K3-seed3413,29,3,3413,rest,grabmyo-S029-D1-rest-T03,grabmyo-S029-D1-rest-T03,grabmyo-S029-D1-rest-T03,1,validation
grabmyo-S29-K3-seed3413,29,3,3413,rest,grabmyo-S029-D1-rest-T06,grabmyo-S029-D1-rest-T06,grabmyo-S029-D1-rest-T06,1,validation
grabmyo-S29-K3-seed3413,29,3,3413,rest,grabmyo-S029-D1-rest-T07,grabmyo-S029-D1-rest-T07,grabmyo-S029-D1-rest-T07,1,validation
grabmyo-S29-K3-seed3413,29,3,3413,wrist_extension,grabmyo-S029-D1-wrist_extension-T02,grabmyo-S029-D1-wrist_extension-T02,grabmyo-S029-D1-wrist_extension-T02,1,validation
grabmyo-S29-K3-seed3413,29,3,3413,wrist_extension,grabmyo-S029-D1-wrist_extension-T04,grabmyo-S029-D1-wrist_extension-T04,grabmyo-S029-D1-wrist_extension-T04,1,validation
grabmyo-S29-K3-seed3413,29,3,3413,wrist_extension,grabmyo-S029-D1-wrist_extension-T05,grabmyo-S029-D1-wrist_extension-T05,grabmyo-S029-D1-wrist_extension-T05,1,validation
grabmyo-S29-K3-seed3413,29,3,3413,wrist_flexion,grabmyo-S029-D1-wrist_flexion-T02,grabmyo-S029-D1-wrist_flexion-T02,grabmyo-S029-D1-wrist_flexion-T02,1,validation
grabmyo-S29-K3-seed3413,29,3,3413,wrist_flexion,grabmyo-S029-D1-wrist_flexion-T03,grabmyo-S029-D1-wrist_flexion-T03,grabmyo-S029-D1-wrist_flexion-T03,1,validation
grabmyo-S29-K3-seed3413,29,3,3413,wrist_flexion,grabmyo-S029-D1-wrist_flexion-T05,grabmyo-S029-D1-wrist_flexion-T05,grabmyo-S029-D1-wrist_flexion-T05,1,validation
grabmyo-S33-K3-seed3413,33,3,3413,hand_close,grabmyo-S033-D1-hand_close-T01,grabmyo-S033-D1-hand_close-T01,grabmyo-S033-D1-hand_close-T01,1,validation
grabmyo-S33-K3-seed3413,33,3,3413,hand_close,grabmyo-S033-D1-hand_close-T06,grabmyo-S033-D1-hand_close-T06,grabmyo-S033-D1-hand_close-T06,1,validation
grabmyo-S33-K3-seed3413,33,3,3413,hand_close,grabmyo-S033-D1-hand_close-T07,grabmyo-S033-D1-hand_close-T07,grabmyo-S033-D1-hand_close-T07,1,validation
grabmyo-S33-K3-seed3413,33,3,3413,rest,grabmyo-S033-D1-rest-T01,grabmyo-S033-D1-rest-T01,grabmyo-S033-D1-rest-T01,1,validation
grabmyo-S33-K3-seed3413,33,3,3413,rest,grabmyo-S033-D1-rest-T02,grabmyo-S033-D1-rest-T02,grabmyo-S033-D1-rest-T02,1,validation
grabmyo-S33-K3-seed3413,33,3,3413,rest,grabmyo-S033-D1-rest-T07,grabmyo-S033-D1-rest-T07,grabmyo-S033-D1-rest-T07,1,validation
grabmyo-S33-K3-seed3413,33,3,3413,wrist_extension,grabmyo-S033-D1-wrist_extension-T01,grabmyo-S033-D1-wrist_extension-T01,grabmyo-S033-D1-wrist_extension-T01,1,validation
grabmyo-S33-K3-seed3413,33,3,3413,wrist_extension,grabmyo-S033-D1-wrist_extension-T02,grabmyo-S033-D1-wrist_extension-T02,grabmyo-S033-D1-wrist_extension-T02,1,validation
grabmyo-S33-K3-seed3413,33,3,3413,wrist_extension,grabmyo-S033-D1-wrist_extension-T05,grabmyo-S033-D1-wrist_extension-T05,grabmyo-S033-D1-wrist_extension-T05,1,validation
grabmyo-S33-K3-seed3413,33,3,3413,wrist_flexion,grabmyo-S033-D1-wrist_flexion-T04,grabmyo-S033-D1-wrist_flexion-T04,grabmyo-S033-D1-wrist_flexion-T04,1,validation
grabmyo-S33-K3-seed3413,33,3,3413,wrist_flexion,grabmyo-S033-D1-wrist_flexion-T05,grabmyo-S033-D1-wrist_flexion-T05,grabmyo-S033-D1-wrist_flexion-T05,1,validation
grabmyo-S33-K3-seed3413,33,3,3413,wrist_flexion,grabmyo-S033-D1-wrist_flexion-T06,grabmyo-S033-D1-wrist_flexion-T06,grabmyo-S033-D1-wrist_flexion-T06,1,validation
grabmyo-S34-K3-seed3413,34,3,3413,hand_close,grabmyo-S034-D1-hand_close-T02,grabmyo-S034-D1-hand_close-T02,grabmyo-S034-D1-hand_close-T02,1,validation
grabmyo-S34-K3-seed3413,34,3,3413,hand_close,grabmyo-S034-D1-hand_close-T03,grabmyo-S034-D1-hand_close-T03,grabmyo-S034-D1-hand_close-T03,1,validation
grabmyo-S34-K3-seed3413,34,3,3413,hand_close,grabmyo-S034-D1-hand_close-T04,grabmyo-S034-D1-hand_close-T04,grabmyo-S034-D1-hand_close-T04,1,validation
grabmyo-S34-K3-seed3413,34,3,3413,rest,grabmyo-S034-D1-rest-T03,grabmyo-S034-D1-rest-T03,grabmyo-S034-D1-rest-T03,1,validation
grabmyo-S34-K3-seed3413,34,3,3413,rest,grabmyo-S034-D1-rest-T04,grabmyo-S034-D1-rest-T04,grabmyo-S034-D1-rest-T04,1,validation
grabmyo-S34-K3-seed3413,34,3,3413,rest,grabmyo-S034-D1-rest-T07,grabmyo-S034-D1-rest-T07,grabmyo-S034-D1-rest-T07,1,validation
grabmyo-S34-K3-seed3413,34,3,3413,wrist_extension,grabmyo-S034-D1-wrist_extension-T03,grabmyo-S034-D1-wrist_extension-T03,grabmyo-S034-D1-wrist_extension-T03,1,validation
grabmyo-S34-K3-seed3413,34,3,3413,wrist_extension,grabmyo-S034-D1-wrist_extension-T05,grabmyo-S034-D1-wrist_extension-T05,grabmyo-S034-D1-wrist_extension-T05,1,validation
grabmyo-S34-K3-seed3413,34,3,3413,wrist_extension,grabmyo-S034-D1-wrist_extension-T07,grabmyo-S034-D1-wrist_extension-T07,grabmyo-S034-D1-wrist_extension-T07,1,validation
grabmyo-S34-K3-seed3413,34,3,3413,wrist_flexion,grabmyo-S034-D1-wrist_flexion-T02,grabmyo-S034-D1-wrist_flexion-T02,grabmyo-S034-D1-wrist_flexion-T02,1,validation
grabmyo-S34-K3-seed3413,34,3,3413,wrist_flexion,grabmyo-S034-D1-wrist_flexion-T04,grabmyo-S034-D1-wrist_flexion-T04,grabmyo-S034-D1-wrist_flexion-T04,1,validation
grabmyo-S34-K3-seed3413,34,3,3413,wrist_flexion,grabmyo-S034-D1-wrist_flexion-T07,grabmyo-S034-D1-wrist_flexion-T07,grabmyo-S034-D1-wrist_flexion-T07,1,validation
grabmyo-S35-K3-seed3413,35,3,3413,hand_close,grabmyo-S035-D1-hand_close-T01,grabmyo-S035-D1-hand_close-T01,grabmyo-S035-D1-hand_close-T01,1,validation
grabmyo-S35-K3-seed3413,35,3,3413,hand_close,grabmyo-S035-D1-hand_close-T06,grabmyo-S035-D1-hand_close-T06,grabmyo-S035-D1-hand_close-T06,1,validation
grabmyo-S35-K3-seed3413,35,3,3413,hand_close,grabmyo-S035-D1-hand_close-T07,grabmyo-S035-D1-hand_close-T07,grabmyo-S035-D1-hand_close-T07,1,validation
grabmyo-S35-K3-seed3413,35,3,3413,rest,grabmyo-S035-D1-rest-T03,grabmyo-S035-D1-rest-T03,grabmyo-S035-D1-rest-T03,1,validation
grabmyo-S35-K3-seed3413,35,3,3413,rest,grabmyo-S035-D1-rest-T04,grabmyo-S035-D1-rest-T04,grabmyo-S035-D1-rest-T04,1,validation
grabmyo-S35-K3-seed3413,35,3,3413,rest,grabmyo-S035-D1-rest-T07,grabmyo-S035-D1-rest-T07,grabmyo-S035-D1-rest-T07,1,validation
grabmyo-S35-K3-seed3413,35,3,3413,wrist_extension,grabmyo-S035-D1-wrist_extension-T03,grabmyo-S035-D1-wrist_extension-T03,grabmyo-S035-D1-wrist_extension-T03,1,validation
grabmyo-S35-K3-seed3413,35,3,3413,wrist_extension,grabmyo-S035-D1-wrist_extension-T06,grabmyo-S035-D1-wrist_extension-T06,grabmyo-S035-D1-wrist_extension-T06,1,validation
grabmyo-S35-K3-seed3413,35,3,3413,wrist_extension,grabmyo-S035-D1-wrist_extension-T07,grabmyo-S035-D1-wrist_extension-T07,grabmyo-S035-D1-wrist_extension-T07,1,validation
grabmyo-S35-K3-seed3413,35,3,3413,wrist_flexion,grabmyo-S035-D1-wrist_flexion-T04,grabmyo-S035-D1-wrist_flexion-T04,grabmyo-S035-D1-wrist_flexion-T04,1,validation
grabmyo-S35-K3-seed3413,35,3,3413,wrist_flexion,grabmyo-S035-D1-wrist_flexion-T05,grabmyo-S035-D1-wrist_flexion-T05,grabmyo-S035-D1-wrist_flexion-T05,1,validation
grabmyo-S35-K3-seed3413,35,3,3413,wrist_flexion,grabmyo-S035-D1-wrist_flexion-T07,grabmyo-S035-D1-wrist_flexion-T07,grabmyo-S035-D1-wrist_flexion-T07,1,validation
grabmyo-S41-K3-seed3413,41,3,3413,hand_close,grabmyo-S041-D1-hand_close-T01,grabmyo-S041-D1-hand_close-T01,grabmyo-S041-D1-hand_close-T01,1,validation
grabmyo-S41-K3-seed3413,41,3,3413,hand_close,grabmyo-S041-D1-hand_close-T05,grabmyo-S041-D1-hand_close-T05,grabmyo-S041-D1-hand_close-T05,1,validation
grabmyo-S41-K3-seed3413,41,3,3413,hand_close,grabmyo-S041-D1-hand_close-T07,grabmyo-S041-D1-hand_close-T07,grabmyo-S041-D1-hand_close-T07,1,validation
grabmyo-S41-K3-seed3413,41,3,3413,rest,grabmyo-S041-D1-rest-T01,grabmyo-S041-D1-rest-T01,grabmyo-S041-D1-rest-T01,1,validation
grabmyo-S41-K3-seed3413,41,3,3413,rest,grabmyo-S041-D1-rest-T04,grabmyo-S041-D1-rest-T04,grabmyo-S041-D1-rest-T04,1,validation
grabmyo-S41-K3-seed3413,41,3,3413,rest,grabmyo-S041-D1-rest-T05,grabmyo-S041-D1-rest-T05,grabmyo-S041-D1-rest-T05,1,validation
grabmyo-S41-K3-seed3413,41,3,3413,wrist_extension,grabmyo-S041-D1-wrist_extension-T02,grabmyo-S041-D1-wrist_extension-T02,grabmyo-S041-D1-wrist_extension-T02,1,validation
grabmyo-S41-K3-seed3413,41,3,3413,wrist_extension,grabmyo-S041-D1-wrist_extension-T05,grabmyo-S041-D1-wrist_extension-T05,grabmyo-S041-D1-wrist_extension-T05,1,validation
grabmyo-S41-K3-seed3413,41,3,3413,wrist_extension,grabmyo-S041-D1-wrist_extension-T07,grabmyo-S041-D1-wrist_extension-T07,grabmyo-S041-D1-wrist_extension-T07,1,validation
grabmyo-S41-K3-seed3413,41,3,3413,wrist_flexion,grabmyo-S041-D1-wrist_flexion-T01,grabmyo-S041-D1-wrist_flexion-T01,grabmyo-S041-D1-wrist_flexion-T01,1,validation
grabmyo-S41-K3-seed3413,41,3,3413,wrist_flexion,grabmyo-S041-D1-wrist_flexion-T02,grabmyo-S041-D1-wrist_flexion-T02,grabmyo-S041-D1-wrist_flexion-T02,1,validation
grabmyo-S41-K3-seed3413,41,3,3413,wrist_flexion,grabmyo-S041-D1-wrist_flexion-T06,grabmyo-S041-D1-wrist_flexion-T06,grabmyo-S041-D1-wrist_flexion-T06,1,validation
grabmyo-S12-K3-seed3414,12,3,3414,hand_close,grabmyo-S012-D1-hand_close-T03,grabmyo-S012-D1-hand_close-T03,grabmyo-S012-D1-hand_close-T03,1,validation
grabmyo-S12-K3-seed3414,12,3,3414,hand_close,grabmyo-S012-D1-hand_close-T04,grabmyo-S012-D1-hand_close-T04,grabmyo-S012-D1-hand_close-T04,1,validation
grabmyo-S12-K3-seed3414,12,3,3414,hand_close,grabmyo-S012-D1-hand_close-T05,grabmyo-S012-D1-hand_close-T05,grabmyo-S012-D1-hand_close-T05,1,validation
grabmyo-S12-K3-seed3414,12,3,3414,rest,grabmyo-S012-D1-rest-T02,grabmyo-S012-D1-rest-T02,grabmyo-S012-D1-rest-T02,1,validation
grabmyo-S12-K3-seed3414,12,3,3414,rest,grabmyo-S012-D1-rest-T03,grabmyo-S012-D1-rest-T03,grabmyo-S012-D1-rest-T03,1,validation
grabmyo-S12-K3-seed3414,12,3,3414,rest,grabmyo-S012-D1-rest-T06,grabmyo-S012-D1-rest-T06,grabmyo-S012-D1-rest-T06,1,validation
grabmyo-S12-K3-seed3414,12,3,3414,wrist_extension,grabmyo-S012-D1-wrist_extension-T04,grabmyo-S012-D1-wrist_extension-T04,grabmyo-S012-D1-wrist_extension-T04,1,validation
grabmyo-S12-K3-seed3414,12,3,3414,wrist_extension,grabmyo-S012-D1-wrist_extension-T06,grabmyo-S012-D1-wrist_extension-T06,grabmyo-S012-D1-wrist_extension-T06,1,validation
grabmyo-S12-K3-seed3414,12,3,3414,wrist_extension,grabmyo-S012-D1-wrist_extension-T07,grabmyo-S012-D1-wrist_extension-T07,grabmyo-S012-D1-wrist_extension-T07,1,validation
grabmyo-S12-K3-seed3414,12,3,3414,wrist_flexion,grabmyo-S012-D1-wrist_flexion-T02,grabmyo-S012-D1-wrist_flexion-T02,grabmyo-S012-D1-wrist_flexion-T02,1,validation
grabmyo-S12-K3-seed3414,12,3,3414,wrist_flexion,grabmyo-S012-D1-wrist_flexion-T04,grabmyo-S012-D1-wrist_flexion-T04,grabmyo-S012-D1-wrist_flexion-T04,1,validation
grabmyo-S12-K3-seed3414,12,3,3414,wrist_flexion,grabmyo-S012-D1-wrist_flexion-T06,grabmyo-S012-D1-wrist_flexion-T06,grabmyo-S012-D1-wrist_flexion-T06,1,validation
grabmyo-S13-K3-seed3414,13,3,3414,hand_close,grabmyo-S013-D1-hand_close-T03,grabmyo-S013-D1-hand_close-T03,grabmyo-S013-D1-hand_close-T03,1,validation
grabmyo-S13-K3-seed3414,13,3,3414,hand_close,grabmyo-S013-D1-hand_close-T04,grabmyo-S013-D1-hand_close-T04,grabmyo-S013-D1-hand_close-T04,1,validation
grabmyo-S13-K3-seed3414,13,3,3414,hand_close,grabmyo-S013-D1-hand_close-T06,grabmyo-S013-D1-hand_close-T06,grabmyo-S013-D1-hand_close-T06,1,validation
grabmyo-S13-K3-seed3414,13,3,3414,rest,grabmyo-S013-D1-rest-T01,grabmyo-S013-D1-rest-T01,grabmyo-S013-D1-rest-T01,1,validation
grabmyo-S13-K3-seed3414,13,3,3414,rest,grabmyo-S013-D1-rest-T02,grabmyo-S013-D1-rest-T02,grabmyo-S013-D1-rest-T02,1,validation
grabmyo-S13-K3-seed3414,13,3,3414,rest,grabmyo-S013-D1-rest-T04,grabmyo-S013-D1-rest-T04,grabmyo-S013-D1-rest-T04,1,validation
grabmyo-S13-K3-seed3414,13,3,3414,wrist_extension,grabmyo-S013-D1-wrist_extension-T04,grabmyo-S013-D1-wrist_extension-T04,grabmyo-S013-D1-wrist_extension-T04,1,validation
grabmyo-S13-K3-seed3414,13,3,3414,wrist_extension,grabmyo-S013-D1-wrist_extension-T05,grabmyo-S013-D1-wrist_extension-T05,grabmyo-S013-D1-wrist_extension-T05,1,validation
grabmyo-S13-K3-seed3414,13,3,3414,wrist_extension,grabmyo-S013-D1-wrist_extension-T07,grabmyo-S013-D1-wrist_extension-T07,grabmyo-S013-D1-wrist_extension-T07,1,validation
grabmyo-S13-K3-seed3414,13,3,3414,wrist_flexion,grabmyo-S013-D1-wrist_flexion-T01,grabmyo-S013-D1-wrist_flexion-T01,grabmyo-S013-D1-wrist_flexion-T01,1,validation
grabmyo-S13-K3-seed3414,13,3,3414,wrist_flexion,grabmyo-S013-D1-wrist_flexion-T04,grabmyo-S013-D1-wrist_flexion-T04,grabmyo-S013-D1-wrist_flexion-T04,1,validation
grabmyo-S13-K3-seed3414,13,3,3414,wrist_flexion,grabmyo-S013-D1-wrist_flexion-T05,grabmyo-S013-D1-wrist_flexion-T05,grabmyo-S013-D1-wrist_flexion-T05,1,validation
grabmyo-S25-K3-seed3414,25,3,3414,hand_close,grabmyo-S025-D1-hand_close-T01,grabmyo-S025-D1-hand_close-T01,grabmyo-S025-D1-hand_close-T01,1,validation
grabmyo-S25-K3-seed3414,25,3,3414,hand_close,grabmyo-S025-D1-hand_close-T04,grabmyo-S025-D1-hand_close-T04,grabmyo-S025-D1-hand_close-T04,1,validation
grabmyo-S25-K3-seed3414,25,3,3414,hand_close,grabmyo-S025-D1-hand_close-T05,grabmyo-S025-D1-hand_close-T05,grabmyo-S025-D1-hand_close-T05,1,validation
grabmyo-S25-K3-seed3414,25,3,3414,rest,grabmyo-S025-D1-rest-T01,grabmyo-S025-D1-rest-T01,grabmyo-S025-D1-rest-T01,1,validation
grabmyo-S25-K3-seed3414,25,3,3414,rest,grabmyo-S025-D1-rest-T03,grabmyo-S025-D1-rest-T03,grabmyo-S025-D1-rest-T03,1,validation
grabmyo-S25-K3-seed3414,25,3,3414,rest,grabmyo-S025-D1-rest-T06,grabmyo-S025-D1-rest-T06,grabmyo-S025-D1-rest-T06,1,validation
grabmyo-S25-K3-seed3414,25,3,3414,wrist_extension,grabmyo-S025-D1-wrist_extension-T01,grabmyo-S025-D1-wrist_extension-T01,grabmyo-S025-D1-wrist_extension-T01,1,validation
grabmyo-S25-K3-seed3414,25,3,3414,wrist_extension,grabmyo-S025-D1-wrist_extension-T03,grabmyo-S025-D1-wrist_extension-T03,grabmyo-S025-D1-wrist_extension-T03,1,validation
grabmyo-S25-K3-seed3414,25,3,3414,wrist_extension,grabmyo-S025-D1-wrist_extension-T04,grabmyo-S025-D1-wrist_extension-T04,grabmyo-S025-D1-wrist_extension-T04,1,validation
grabmyo-S25-K3-seed3414,25,3,3414,wrist_flexion,grabmyo-S025-D1-wrist_flexion-T02,grabmyo-S025-D1-wrist_flexion-T02,grabmyo-S025-D1-wrist_flexion-T02,1,validation
grabmyo-S25-K3-seed3414,25,3,3414,wrist_flexion,grabmyo-S025-D1-wrist_flexion-T03,grabmyo-S025-D1-wrist_flexion-T03,grabmyo-S025-D1-wrist_flexion-T03,1,validation
grabmyo-S25-K3-seed3414,25,3,3414,wrist_flexion,grabmyo-S025-D1-wrist_flexion-T06,grabmyo-S025-D1-wrist_flexion-T06,grabmyo-S025-D1-wrist_flexion-T06,1,validation
grabmyo-S26-K3-seed3414,26,3,3414,hand_close,grabmyo-S026-D1-hand_close-T01,grabmyo-S026-D1-hand_close-T01,grabmyo-S026-D1-hand_close-T01,1,validation
grabmyo-S26-K3-seed3414,26,3,3414,hand_close,grabmyo-S026-D1-hand_close-T02,grabmyo-S026-D1-hand_close-T02,grabmyo-S026-D1-hand_close-T02,1,validation
grabmyo-S26-K3-seed3414,26,3,3414,hand_close,grabmyo-S026-D1-hand_close-T05,grabmyo-S026-D1-hand_close-T05,grabmyo-S026-D1-hand_close-T05,1,validation
grabmyo-S26-K3-seed3414,26,3,3414,rest,grabmyo-S026-D1-rest-T04,grabmyo-S026-D1-rest-T04,grabmyo-S026-D1-rest-T04,1,validation
grabmyo-S26-K3-seed3414,26,3,3414,rest,grabmyo-S026-D1-rest-T05,grabmyo-S026-D1-rest-T05,grabmyo-S026-D1-rest-T05,1,validation
grabmyo-S26-K3-seed3414,26,3,3414,rest,grabmyo-S026-D1-rest-T07,grabmyo-S026-D1-rest-T07,grabmyo-S026-D1-rest-T07,1,validation
grabmyo-S26-K3-seed3414,26,3,3414,wrist_extension,grabmyo-S026-D1-wrist_extension-T03,grabmyo-S026-D1-wrist_extension-T03,grabmyo-S026-D1-wrist_extension-T03,1,validation
grabmyo-S26-K3-seed3414,26,3,3414,wrist_extension,grabmyo-S026-D1-wrist_extension-T05,grabmyo-S026-D1-wrist_extension-T05,grabmyo-S026-D1-wrist_extension-T05,1,validation
grabmyo-S26-K3-seed3414,26,3,3414,wrist_extension,grabmyo-S026-D1-wrist_extension-T07,grabmyo-S026-D1-wrist_extension-T07,grabmyo-S026-D1-wrist_extension-T07,1,validation
grabmyo-S26-K3-seed3414,26,3,3414,wrist_flexion,grabmyo-S026-D1-wrist_flexion-T02,grabmyo-S026-D1-wrist_flexion-T02,grabmyo-S026-D1-wrist_flexion-T02,1,validation
grabmyo-S26-K3-seed3414,26,3,3414,wrist_flexion,grabmyo-S026-D1-wrist_flexion-T04,grabmyo-S026-D1-wrist_flexion-T04,grabmyo-S026-D1-wrist_flexion-T04,1,validation
grabmyo-S26-K3-seed3414,26,3,3414,wrist_flexion,grabmyo-S026-D1-wrist_flexion-T06,grabmyo-S026-D1-wrist_flexion-T06,grabmyo-S026-D1-wrist_flexion-T06,1,validation
grabmyo-S29-K3-seed3414,29,3,3414,hand_close,grabmyo-S029-D1-hand_close-T04,grabmyo-S029-D1-hand_close-T04,grabmyo-S029-D1-hand_close-T04,1,validation
grabmyo-S29-K3-seed3414,29,3,3414,hand_close,grabmyo-S029-D1-hand_close-T05,grabmyo-S029-D1-hand_close-T05,grabmyo-S029-D1-hand_close-T05,1,validation
grabmyo-S29-K3-seed3414,29,3,3414,hand_close,grabmyo-S029-D1-hand_close-T06,grabmyo-S029-D1-hand_close-T06,grabmyo-S029-D1-hand_close-T06,1,validation
grabmyo-S29-K3-seed3414,29,3,3414,rest,grabmyo-S029-D1-rest-T03,grabmyo-S029-D1-rest-T03,grabmyo-S029-D1-rest-T03,1,validation
grabmyo-S29-K3-seed3414,29,3,3414,rest,grabmyo-S029-D1-rest-T04,grabmyo-S029-D1-rest-T04,grabmyo-S029-D1-rest-T04,1,validation
grabmyo-S29-K3-seed3414,29,3,3414,rest,grabmyo-S029-D1-rest-T07,grabmyo-S029-D1-rest-T07,grabmyo-S029-D1-rest-T07,1,validation
grabmyo-S29-K3-seed3414,29,3,3414,wrist_extension,grabmyo-S029-D1-wrist_extension-T01,grabmyo-S029-D1-wrist_extension-T01,grabmyo-S029-D1-wrist_extension-T01,1,validation
grabmyo-S29-K3-seed3414,29,3,3414,wrist_extension,grabmyo-S029-D1-wrist_extension-T06,grabmyo-S029-D1-wrist_extension-T06,grabmyo-S029-D1-wrist_extension-T06,1,validation
grabmyo-S29-K3-seed3414,29,3,3414,wrist_extension,grabmyo-S029-D1-wrist_extension-T07,grabmyo-S029-D1-wrist_extension-T07,grabmyo-S029-D1-wrist_extension-T07,1,validation
grabmyo-S29-K3-seed3414,29,3,3414,wrist_flexion,grabmyo-S029-D1-wrist_flexion-T03,grabmyo-S029-D1-wrist_flexion-T03,grabmyo-S029-D1-wrist_flexion-T03,1,validation
grabmyo-S29-K3-seed3414,29,3,3414,wrist_flexion,grabmyo-S029-D1-wrist_flexion-T05,grabmyo-S029-D1-wrist_flexion-T05,grabmyo-S029-D1-wrist_flexion-T05,1,validation
grabmyo-S29-K3-seed3414,29,3,3414,wrist_flexion,grabmyo-S029-D1-wrist_flexion-T07,grabmyo-S029-D1-wrist_flexion-T07,grabmyo-S029-D1-wrist_flexion-T07,1,validation
grabmyo-S33-K3-seed3414,33,3,3414,hand_close,grabmyo-S033-D1-hand_close-T01,grabmyo-S033-D1-hand_close-T01,grabmyo-S033-D1-hand_close-T01,1,validation
grabmyo-S33-K3-seed3414,33,3,3414,hand_close,grabmyo-S033-D1-hand_close-T03,grabmyo-S033-D1-hand_close-T03,grabmyo-S033-D1-hand_close-T03,1,validation
grabmyo-S33-K3-seed3414,33,3,3414,hand_close,grabmyo-S033-D1-hand_close-T07,grabmyo-S033-D1-hand_close-T07,grabmyo-S033-D1-hand_close-T07,1,validation
grabmyo-S33-K3-seed3414,33,3,3414,rest,grabmyo-S033-D1-rest-T01,grabmyo-S033-D1-rest-T01,grabmyo-S033-D1-rest-T01,1,validation
grabmyo-S33-K3-seed3414,33,3,3414,rest,grabmyo-S033-D1-rest-T05,grabmyo-S033-D1-rest-T05,grabmyo-S033-D1-rest-T05,1,validation
grabmyo-S33-K3-seed3414,33,3,3414,rest,grabmyo-S033-D1-rest-T07,grabmyo-S033-D1-rest-T07,grabmyo-S033-D1-rest-T07,1,validation
grabmyo-S33-K3-seed3414,33,3,3414,wrist_extension,grabmyo-S033-D1-wrist_extension-T03,grabmyo-S033-D1-wrist_extension-T03,grabmyo-S033-D1-wrist_extension-T03,1,validation
grabmyo-S33-K3-seed3414,33,3,3414,wrist_extension,grabmyo-S033-D1-wrist_extension-T05,grabmyo-S033-D1-wrist_extension-T05,grabmyo-S033-D1-wrist_extension-T05,1,validation
grabmyo-S33-K3-seed3414,33,3,3414,wrist_extension,grabmyo-S033-D1-wrist_extension-T06,grabmyo-S033-D1-wrist_extension-T06,grabmyo-S033-D1-wrist_extension-T06,1,validation
grabmyo-S33-K3-seed3414,33,3,3414,wrist_flexion,grabmyo-S033-D1-wrist_flexion-T02,grabmyo-S033-D1-wrist_flexion-T02,grabmyo-S033-D1-wrist_flexion-T02,1,validation
grabmyo-S33-K3-seed3414,33,3,3414,wrist_flexion,grabmyo-S033-D1-wrist_flexion-T03,grabmyo-S033-D1-wrist_flexion-T03,grabmyo-S033-D1-wrist_flexion-T03,1,validation
grabmyo-S33-K3-seed3414,33,3,3414,wrist_flexion,grabmyo-S033-D1-wrist_flexion-T04,grabmyo-S033-D1-wrist_flexion-T04,grabmyo-S033-D1-wrist_flexion-T04,1,validation
grabmyo-S34-K3-seed3414,34,3,3414,hand_close,grabmyo-S034-D1-hand_close-T03,grabmyo-S034-D1-hand_close-T03,grabmyo-S034-D1-hand_close-T03,1,validation
grabmyo-S34-K3-seed3414,34,3,3414,hand_close,grabmyo-S034-D1-hand_close-T06,grabmyo-S034-D1-hand_close-T06,grabmyo-S034-D1-hand_close-T06,1,validation
grabmyo-S34-K3-seed3414,34,3,3414,hand_close,grabmyo-S034-D1-hand_close-T07,grabmyo-S034-D1-hand_close-T07,grabmyo-S034-D1-hand_close-T07,1,validation
grabmyo-S34-K3-seed3414,34,3,3414,rest,grabmyo-S034-D1-rest-T03,grabmyo-S034-D1-rest-T03,grabmyo-S034-D1-rest-T03,1,validation
grabmyo-S34-K3-seed3414,34,3,3414,rest,grabmyo-S034-D1-rest-T04,grabmyo-S034-D1-rest-T04,grabmyo-S034-D1-rest-T04,1,validation
grabmyo-S34-K3-seed3414,34,3,3414,rest,grabmyo-S034-D1-rest-T07,grabmyo-S034-D1-rest-T07,grabmyo-S034-D1-rest-T07,1,validation
grabmyo-S34-K3-seed3414,34,3,3414,wrist_extension,grabmyo-S034-D1-wrist_extension-T02,grabmyo-S034-D1-wrist_extension-T02,grabmyo-S034-D1-wrist_extension-T02,1,validation
grabmyo-S34-K3-seed3414,34,3,3414,wrist_extension,grabmyo-S034-D1-wrist_extension-T04,grabmyo-S034-D1-wrist_extension-T04,grabmyo-S034-D1-wrist_extension-T04,1,validation
grabmyo-S34-K3-seed3414,34,3,3414,wrist_extension,grabmyo-S034-D1-wrist_extension-T06,grabmyo-S034-D1-wrist_extension-T06,grabmyo-S034-D1-wrist_extension-T06,1,validation
grabmyo-S34-K3-seed3414,34,3,3414,wrist_flexion,grabmyo-S034-D1-wrist_flexion-T02,grabmyo-S034-D1-wrist_flexion-T02,grabmyo-S034-D1-wrist_flexion-T02,1,validation
grabmyo-S34-K3-seed3414,34,3,3414,wrist_flexion,grabmyo-S034-D1-wrist_flexion-T03,grabmyo-S034-D1-wrist_flexion-T03,grabmyo-S034-D1-wrist_flexion-T03,1,validation
grabmyo-S34-K3-seed3414,34,3,3414,wrist_flexion,grabmyo-S034-D1-wrist_flexion-T05,grabmyo-S034-D1-wrist_flexion-T05,grabmyo-S034-D1-wrist_flexion-T05,1,validation
grabmyo-S35-K3-seed3414,35,3,3414,hand_close,grabmyo-S035-D1-hand_close-T01,grabmyo-S035-D1-hand_close-T01,grabmyo-S035-D1-hand_close-T01,1,validation
grabmyo-S35-K3-seed3414,35,3,3414,hand_close,grabmyo-S035-D1-hand_close-T02,grabmyo-S035-D1-hand_close-T02,grabmyo-S035-D1-hand_close-T02,1,validation
grabmyo-S35-K3-seed3414,35,3,3414,hand_close,grabmyo-S035-D1-hand_close-T07,grabmyo-S035-D1-hand_close-T07,grabmyo-S035-D1-hand_close-T07,1,validation
grabmyo-S35-K3-seed3414,35,3,3414,rest,grabmyo-S035-D1-rest-T01,grabmyo-S035-D1-rest-T01,grabmyo-S035-D1-rest-T01,1,validation
grabmyo-S35-K3-seed3414,35,3,3414,rest,grabmyo-S035-D1-rest-T02,grabmyo-S035-D1-rest-T02,grabmyo-S035-D1-rest-T02,1,validation
grabmyo-S35-K3-seed3414,35,3,3414,rest,grabmyo-S035-D1-rest-T07,grabmyo-S035-D1-rest-T07,grabmyo-S035-D1-rest-T07,1,validation
grabmyo-S35-K3-seed3414,35,3,3414,wrist_extension,grabmyo-S035-D1-wrist_extension-T01,grabmyo-S035-D1-wrist_extension-T01,grabmyo-S035-D1-wrist_extension-T01,1,validation
grabmyo-S35-K3-seed3414,35,3,3414,wrist_extension,grabmyo-S035-D1-wrist_extension-T02,grabmyo-S035-D1-wrist_extension-T02,grabmyo-S035-D1-wrist_extension-T02,1,validation
grabmyo-S35-K3-seed3414,35,3,3414,wrist_extension,grabmyo-S035-D1-wrist_extension-T07,grabmyo-S035-D1-wrist_extension-T07,grabmyo-S035-D1-wrist_extension-T07,1,validation
grabmyo-S35-K3-seed3414,35,3,3414,wrist_flexion,grabmyo-S035-D1-wrist_flexion-T02,grabmyo-S035-D1-wrist_flexion-T02,grabmyo-S035-D1-wrist_flexion-T02,1,validation
grabmyo-S35-K3-seed3414,35,3,3414,wrist_flexion,grabmyo-S035-D1-wrist_flexion-T05,grabmyo-S035-D1-wrist_flexion-T05,grabmyo-S035-D1-wrist_flexion-T05,1,validation
grabmyo-S35-K3-seed3414,35,3,3414,wrist_flexion,grabmyo-S035-D1-wrist_flexion-T07,grabmyo-S035-D1-wrist_flexion-T07,grabmyo-S035-D1-wrist_flexion-T07,1,validation
grabmyo-S41-K3-seed3414,41,3,3414,hand_close,grabmyo-S041-D1-hand_close-T04,grabmyo-S041-D1-hand_close-T04,grabmyo-S041-D1-hand_close-T04,1,validation
grabmyo-S41-K3-seed3414,41,3,3414,hand_close,grabmyo-S041-D1-hand_close-T05,grabmyo-S041-D1-hand_close-T05,grabmyo-S041-D1-hand_close-T05,1,validation
grabmyo-S41-K3-seed3414,41,3,3414,hand_close,grabmyo-S041-D1-hand_close-T06,grabmyo-S041-D1-hand_close-T06,grabmyo-S041-D1-hand_close-T06,1,validation
grabmyo-S41-K3-seed3414,41,3,3414,rest,grabmyo-S041-D1-rest-T02,grabmyo-S041-D1-rest-T02,grabmyo-S041-D1-rest-T02,1,validation
grabmyo-S41-K3-seed3414,41,3,3414,rest,grabmyo-S041-D1-rest-T03,grabmyo-S041-D1-rest-T03,grabmyo-S041-D1-rest-T03,1,validation
grabmyo-S41-K3-seed3414,41,3,3414,rest,grabmyo-S041-D1-rest-T04,grabmyo-S041-D1-rest-T04,grabmyo-S041-D1-rest-T04,1,validation
grabmyo-S41-K3-seed3414,41,3,3414,wrist_extension,grabmyo-S041-D1-wrist_extension-T02,grabmyo-S041-D1-wrist_extension-T02,grabmyo-S041-D1-wrist_extension-T02,1,validation
grabmyo-S41-K3-seed3414,41,3,3414,wrist_extension,grabmyo-S041-D1-wrist_extension-T04,grabmyo-S041-D1-wrist_extension-T04,grabmyo-S041-D1-wrist_extension-T04,1,validation
grabmyo-S41-K3-seed3414,41,3,3414,wrist_extension,grabmyo-S041-D1-wrist_extension-T05,grabmyo-S041-D1-wrist_extension-T05,grabmyo-S041-D1-wrist_extension-T05,1,validation
grabmyo-S41-K3-seed3414,41,3,3414,wrist_flexion,grabmyo-S041-D1-wrist_flexion-T03,grabmyo-S041-D1-wrist_flexion-T03,grabmyo-S041-D1-wrist_flexion-T03,1,validation
grabmyo-S41-K3-seed3414,41,3,3414,wrist_flexion,grabmyo-S041-D1-wrist_flexion-T04,grabmyo-S041-D1-wrist_flexion-T04,grabmyo-S041-D1-wrist_flexion-T04,1,validation
grabmyo-S41-K3-seed3414,41,3,3414,wrist_flexion,grabmyo-S041-D1-wrist_flexion-T06,grabmyo-S041-D1-wrist_flexion-T06,grabmyo-S041-D1-wrist_flexion-T06,1,validation
grabmyo-S12-K3-seed3415,12,3,3415,hand_close,grabmyo-S012-D1-hand_close-T02,grabmyo-S012-D1-hand_close-T02,grabmyo-S012-D1-hand_close-T02,1,validation
grabmyo-S12-K3-seed3415,12,3,3415,hand_close,grabmyo-S012-D1-hand_close-T04,grabmyo-S012-D1-hand_close-T04,grabmyo-S012-D1-hand_close-T04,1,validation
grabmyo-S12-K3-seed3415,12,3,3415,hand_close,grabmyo-S012-D1-hand_close-T06,grabmyo-S012-D1-hand_close-T06,grabmyo-S012-D1-hand_close-T06,1,validation
grabmyo-S12-K3-seed3415,12,3,3415,rest,grabmyo-S012-D1-rest-T01,grabmyo-S012-D1-rest-T01,grabmyo-S012-D1-rest-T01,1,validation
grabmyo-S12-K3-seed3415,12,3,3415,rest,grabmyo-S012-D1-rest-T02,grabmyo-S012-D1-rest-T02,grabmyo-S012-D1-rest-T02,1,validation
grabmyo-S12-K3-seed3415,12,3,3415,rest,grabmyo-S012-D1-rest-T03,grabmyo-S012-D1-rest-T03,grabmyo-S012-D1-rest-T03,1,validation
grabmyo-S12-K3-seed3415,12,3,3415,wrist_extension,grabmyo-S012-D1-wrist_extension-T03,grabmyo-S012-D1-wrist_extension-T03,grabmyo-S012-D1-wrist_extension-T03,1,validation
grabmyo-S12-K3-seed3415,12,3,3415,wrist_extension,grabmyo-S012-D1-wrist_extension-T04,grabmyo-S012-D1-wrist_extension-T04,grabmyo-S012-D1-wrist_extension-T04,1,validation
grabmyo-S12-K3-seed3415,12,3,3415,wrist_extension,grabmyo-S012-D1-wrist_extension-T07,grabmyo-S012-D1-wrist_extension-T07,grabmyo-S012-D1-wrist_extension-T07,1,validation
grabmyo-S12-K3-seed3415,12,3,3415,wrist_flexion,grabmyo-S012-D1-wrist_flexion-T02,grabmyo-S012-D1-wrist_flexion-T02,grabmyo-S012-D1-wrist_flexion-T02,1,validation
grabmyo-S12-K3-seed3415,12,3,3415,wrist_flexion,grabmyo-S012-D1-wrist_flexion-T03,grabmyo-S012-D1-wrist_flexion-T03,grabmyo-S012-D1-wrist_flexion-T03,1,validation
grabmyo-S12-K3-seed3415,12,3,3415,wrist_flexion,grabmyo-S012-D1-wrist_flexion-T05,grabmyo-S012-D1-wrist_flexion-T05,grabmyo-S012-D1-wrist_flexion-T05,1,validation
grabmyo-S13-K3-seed3415,13,3,3415,hand_close,grabmyo-S013-D1-hand_close-T02,grabmyo-S013-D1-hand_close-T02,grabmyo-S013-D1-hand_close-T02,1,validation
grabmyo-S13-K3-seed3415,13,3,3415,hand_close,grabmyo-S013-D1-hand_close-T04,grabmyo-S013-D1-hand_close-T04,grabmyo-S013-D1-hand_close-T04,1,validation
grabmyo-S13-K3-seed3415,13,3,3415,hand_close,grabmyo-S013-D1-hand_close-T07,grabmyo-S013-D1-hand_close-T07,grabmyo-S013-D1-hand_close-T07,1,validation
grabmyo-S13-K3-seed3415,13,3,3415,rest,grabmyo-S013-D1-rest-T01,grabmyo-S013-D1-rest-T01,grabmyo-S013-D1-rest-T01,1,validation
grabmyo-S13-K3-seed3415,13,3,3415,rest,grabmyo-S013-D1-rest-T02,grabmyo-S013-D1-rest-T02,grabmyo-S013-D1-rest-T02,1,validation
grabmyo-S13-K3-seed3415,13,3,3415,rest,grabmyo-S013-D1-rest-T03,grabmyo-S013-D1-rest-T03,grabmyo-S013-D1-rest-T03,1,validation
grabmyo-S13-K3-seed3415,13,3,3415,wrist_extension,grabmyo-S013-D1-wrist_extension-T01,grabmyo-S013-D1-wrist_extension-T01,grabmyo-S013-D1-wrist_extension-T01,1,validation
grabmyo-S13-K3-seed3415,13,3,3415,wrist_extension,grabmyo-S013-D1-wrist_extension-T04,grabmyo-S013-D1-wrist_extension-T04,grabmyo-S013-D1-wrist_extension-T04,1,validation
grabmyo-S13-K3-seed3415,13,3,3415,wrist_extension,grabmyo-S013-D1-wrist_extension-T06,grabmyo-S013-D1-wrist_extension-T06,grabmyo-S013-D1-wrist_extension-T06,1,validation
grabmyo-S13-K3-seed3415,13,3,3415,wrist_flexion,grabmyo-S013-D1-wrist_flexion-T02,grabmyo-S013-D1-wrist_flexion-T02,grabmyo-S013-D1-wrist_flexion-T02,1,validation
grabmyo-S13-K3-seed3415,13,3,3415,wrist_flexion,grabmyo-S013-D1-wrist_flexion-T06,grabmyo-S013-D1-wrist_flexion-T06,grabmyo-S013-D1-wrist_flexion-T06,1,validation
grabmyo-S13-K3-seed3415,13,3,3415,wrist_flexion,grabmyo-S013-D1-wrist_flexion-T07,grabmyo-S013-D1-wrist_flexion-T07,grabmyo-S013-D1-wrist_flexion-T07,1,validation
grabmyo-S25-K3-seed3415,25,3,3415,hand_close,grabmyo-S025-D1-hand_close-T02,grabmyo-S025-D1-hand_close-T02,grabmyo-S025-D1-hand_close-T02,1,validation
grabmyo-S25-K3-seed3415,25,3,3415,hand_close,grabmyo-S025-D1-hand_close-T03,grabmyo-S025-D1-hand_close-T03,grabmyo-S025-D1-hand_close-T03,1,validation
grabmyo-S25-K3-seed3415,25,3,3415,hand_close,grabmyo-S025-D1-hand_close-T06,grabmyo-S025-D1-hand_close-T06,grabmyo-S025-D1-hand_close-T06,1,validation
grabmyo-S25-K3-seed3415,25,3,3415,rest,grabmyo-S025-D1-rest-T02,grabmyo-S025-D1-rest-T02,grabmyo-S025-D1-rest-T02,1,validation
grabmyo-S25-K3-seed3415,25,3,3415,rest,grabmyo-S025-D1-rest-T04,grabmyo-S025-D1-rest-T04,grabmyo-S025-D1-rest-T04,1,validation
grabmyo-S25-K3-seed3415,25,3,3415,rest,grabmyo-S025-D1-rest-T05,grabmyo-S025-D1-rest-T05,grabmyo-S025-D1-rest-T05,1,validation
grabmyo-S25-K3-seed3415,25,3,3415,wrist_extension,grabmyo-S025-D1-wrist_extension-T03,grabmyo-S025-D1-wrist_extension-T03,grabmyo-S025-D1-wrist_extension-T03,1,validation
grabmyo-S25-K3-seed3415,25,3,3415,wrist_extension,grabmyo-S025-D1-wrist_extension-T04,grabmyo-S025-D1-wrist_extension-T04,grabmyo-S025-D1-wrist_extension-T04,1,validation
grabmyo-S25-K3-seed3415,25,3,3415,wrist_extension,grabmyo-S025-D1-wrist_extension-T07,grabmyo-S025-D1-wrist_extension-T07,grabmyo-S025-D1-wrist_extension-T07,1,validation
grabmyo-S25-K3-seed3415,25,3,3415,wrist_flexion,grabmyo-S025-D1-wrist_flexion-T02,grabmyo-S025-D1-wrist_flexion-T02,grabmyo-S025-D1-wrist_flexion-T02,1,validation
grabmyo-S25-K3-seed3415,25,3,3415,wrist_flexion,grabmyo-S025-D1-wrist_flexion-T04,grabmyo-S025-D1-wrist_flexion-T04,grabmyo-S025-D1-wrist_flexion-T04,1,validation
grabmyo-S25-K3-seed3415,25,3,3415,wrist_flexion,grabmyo-S025-D1-wrist_flexion-T07,grabmyo-S025-D1-wrist_flexion-T07,grabmyo-S025-D1-wrist_flexion-T07,1,validation
grabmyo-S26-K3-seed3415,26,3,3415,hand_close,grabmyo-S026-D1-hand_close-T01,grabmyo-S026-D1-hand_close-T01,grabmyo-S026-D1-hand_close-T01,1,validation
grabmyo-S26-K3-seed3415,26,3,3415,hand_close,grabmyo-S026-D1-hand_close-T02,grabmyo-S026-D1-hand_close-T02,grabmyo-S026-D1-hand_close-T02,1,validation
grabmyo-S26-K3-seed3415,26,3,3415,hand_close,grabmyo-S026-D1-hand_close-T07,grabmyo-S026-D1-hand_close-T07,grabmyo-S026-D1-hand_close-T07,1,validation
grabmyo-S26-K3-seed3415,26,3,3415,rest,grabmyo-S026-D1-rest-T03,grabmyo-S026-D1-rest-T03,grabmyo-S026-D1-rest-T03,1,validation
grabmyo-S26-K3-seed3415,26,3,3415,rest,grabmyo-S026-D1-rest-T05,grabmyo-S026-D1-rest-T05,grabmyo-S026-D1-rest-T05,1,validation
grabmyo-S26-K3-seed3415,26,3,3415,rest,grabmyo-S026-D1-rest-T06,grabmyo-S026-D1-rest-T06,grabmyo-S026-D1-rest-T06,1,validation
grabmyo-S26-K3-seed3415,26,3,3415,wrist_extension,grabmyo-S026-D1-wrist_extension-T02,grabmyo-S026-D1-wrist_extension-T02,grabmyo-S026-D1-wrist_extension-T02,1,validation
grabmyo-S26-K3-seed3415,26,3,3415,wrist_extension,grabmyo-S026-D1-wrist_extension-T03,grabmyo-S026-D1-wrist_extension-T03,grabmyo-S026-D1-wrist_extension-T03,1,validation
grabmyo-S26-K3-seed3415,26,3,3415,wrist_extension,grabmyo-S026-D1-wrist_extension-T05,grabmyo-S026-D1-wrist_extension-T05,grabmyo-S026-D1-wrist_extension-T05,1,validation
grabmyo-S26-K3-seed3415,26,3,3415,wrist_flexion,grabmyo-S026-D1-wrist_flexion-T02,grabmyo-S026-D1-wrist_flexion-T02,grabmyo-S026-D1-wrist_flexion-T02,1,validation
grabmyo-S26-K3-seed3415,26,3,3415,wrist_flexion,grabmyo-S026-D1-wrist_flexion-T06,grabmyo-S026-D1-wrist_flexion-T06,grabmyo-S026-D1-wrist_flexion-T06,1,validation
grabmyo-S26-K3-seed3415,26,3,3415,wrist_flexion,grabmyo-S026-D1-wrist_flexion-T07,grabmyo-S026-D1-wrist_flexion-T07,grabmyo-S026-D1-wrist_flexion-T07,1,validation
grabmyo-S29-K3-seed3415,29,3,3415,hand_close,grabmyo-S029-D1-hand_close-T01,grabmyo-S029-D1-hand_close-T01,grabmyo-S029-D1-hand_close-T01,1,validation
grabmyo-S29-K3-seed3415,29,3,3415,hand_close,grabmyo-S029-D1-hand_close-T04,grabmyo-S029-D1-hand_close-T04,grabmyo-S029-D1-hand_close-T04,1,validation
grabmyo-S29-K3-seed3415,29,3,3415,hand_close,grabmyo-S029-D1-hand_close-T05,grabmyo-S029-D1-hand_close-T05,grabmyo-S029-D1-hand_close-T05,1,validation
grabmyo-S29-K3-seed3415,29,3,3415,rest,grabmyo-S029-D1-rest-T02,grabmyo-S029-D1-rest-T02,grabmyo-S029-D1-rest-T02,1,validation
grabmyo-S29-K3-seed3415,29,3,3415,rest,grabmyo-S029-D1-rest-T04,grabmyo-S029-D1-rest-T04,grabmyo-S029-D1-rest-T04,1,validation
grabmyo-S29-K3-seed3415,29,3,3415,rest,grabmyo-S029-D1-rest-T06,grabmyo-S029-D1-rest-T06,grabmyo-S029-D1-rest-T06,1,validation
grabmyo-S29-K3-seed3415,29,3,3415,wrist_extension,grabmyo-S029-D1-wrist_extension-T03,grabmyo-S029-D1-wrist_extension-T03,grabmyo-S029-D1-wrist_extension-T03,1,validation
grabmyo-S29-K3-seed3415,29,3,3415,wrist_extension,grabmyo-S029-D1-wrist_extension-T04,grabmyo-S029-D1-wrist_extension-T04,grabmyo-S029-D1-wrist_extension-T04,1,validation
grabmyo-S29-K3-seed3415,29,3,3415,wrist_extension,grabmyo-S029-D1-wrist_extension-T07,grabmyo-S029-D1-wrist_extension-T07,grabmyo-S029-D1-wrist_extension-T07,1,validation
grabmyo-S29-K3-seed3415,29,3,3415,wrist_flexion,grabmyo-S029-D1-wrist_flexion-T01,grabmyo-S029-D1-wrist_flexion-T01,grabmyo-S029-D1-wrist_flexion-T01,1,validation
grabmyo-S29-K3-seed3415,29,3,3415,wrist_flexion,grabmyo-S029-D1-wrist_flexion-T04,grabmyo-S029-D1-wrist_flexion-T04,grabmyo-S029-D1-wrist_flexion-T04,1,validation
grabmyo-S29-K3-seed3415,29,3,3415,wrist_flexion,grabmyo-S029-D1-wrist_flexion-T06,grabmyo-S029-D1-wrist_flexion-T06,grabmyo-S029-D1-wrist_flexion-T06,1,validation
grabmyo-S33-K3-seed3415,33,3,3415,hand_close,grabmyo-S033-D1-hand_close-T01,grabmyo-S033-D1-hand_close-T01,grabmyo-S033-D1-hand_close-T01,1,validation
grabmyo-S33-K3-seed3415,33,3,3415,hand_close,grabmyo-S033-D1-hand_close-T06,grabmyo-S033-D1-hand_close-T06,grabmyo-S033-D1-hand_close-T06,1,validation
grabmyo-S33-K3-seed3415,33,3,3415,hand_close,grabmyo-S033-D1-hand_close-T07,grabmyo-S033-D1-hand_close-T07,grabmyo-S033-D1-hand_close-T07,1,validation
grabmyo-S33-K3-seed3415,33,3,3415,rest,grabmyo-S033-D1-rest-T03,grabmyo-S033-D1-rest-T03,grabmyo-S033-D1-rest-T03,1,validation
grabmyo-S33-K3-seed3415,33,3,3415,rest,grabmyo-S033-D1-rest-T04,grabmyo-S033-D1-rest-T04,grabmyo-S033-D1-rest-T04,1,validation
grabmyo-S33-K3-seed3415,33,3,3415,rest,grabmyo-S033-D1-rest-T06,grabmyo-S033-D1-rest-T06,grabmyo-S033-D1-rest-T06,1,validation
grabmyo-S33-K3-seed3415,33,3,3415,wrist_extension,grabmyo-S033-D1-wrist_extension-T03,grabmyo-S033-D1-wrist_extension-T03,grabmyo-S033-D1-wrist_extension-T03,1,validation
grabmyo-S33-K3-seed3415,33,3,3415,wrist_extension,grabmyo-S033-D1-wrist_extension-T04,grabmyo-S033-D1-wrist_extension-T04,grabmyo-S033-D1-wrist_extension-T04,1,validation
grabmyo-S33-K3-seed3415,33,3,3415,wrist_extension,grabmyo-S033-D1-wrist_extension-T07,grabmyo-S033-D1-wrist_extension-T07,grabmyo-S033-D1-wrist_extension-T07,1,validation
grabmyo-S33-K3-seed3415,33,3,3415,wrist_flexion,grabmyo-S033-D1-wrist_flexion-T01,grabmyo-S033-D1-wrist_flexion-T01,grabmyo-S033-D1-wrist_flexion-T01,1,validation
grabmyo-S33-K3-seed3415,33,3,3415,wrist_flexion,grabmyo-S033-D1-wrist_flexion-T02,grabmyo-S033-D1-wrist_flexion-T02,grabmyo-S033-D1-wrist_flexion-T02,1,validation
grabmyo-S33-K3-seed3415,33,3,3415,wrist_flexion,grabmyo-S033-D1-wrist_flexion-T04,grabmyo-S033-D1-wrist_flexion-T04,grabmyo-S033-D1-wrist_flexion-T04,1,validation
grabmyo-S34-K3-seed3415,34,3,3415,hand_close,grabmyo-S034-D1-hand_close-T02,grabmyo-S034-D1-hand_close-T02,grabmyo-S034-D1-hand_close-T02,1,validation
grabmyo-S34-K3-seed3415,34,3,3415,hand_close,grabmyo-S034-D1-hand_close-T06,grabmyo-S034-D1-hand_close-T06,grabmyo-S034-D1-hand_close-T06,1,validation
grabmyo-S34-K3-seed3415,34,3,3415,hand_close,grabmyo-S034-D1-hand_close-T07,grabmyo-S034-D1-hand_close-T07,grabmyo-S034-D1-hand_close-T07,1,validation
grabmyo-S34-K3-seed3415,34,3,3415,rest,grabmyo-S034-D1-rest-T02,grabmyo-S034-D1-rest-T02,grabmyo-S034-D1-rest-T02,1,validation
grabmyo-S34-K3-seed3415,34,3,3415,rest,grabmyo-S034-D1-rest-T04,grabmyo-S034-D1-rest-T04,grabmyo-S034-D1-rest-T04,1,validation
grabmyo-S34-K3-seed3415,34,3,3415,rest,grabmyo-S034-D1-rest-T05,grabmyo-S034-D1-rest-T05,grabmyo-S034-D1-rest-T05,1,validation
grabmyo-S34-K3-seed3415,34,3,3415,wrist_extension,grabmyo-S034-D1-wrist_extension-T02,grabmyo-S034-D1-wrist_extension-T02,grabmyo-S034-D1-wrist_extension-T02,1,validation
grabmyo-S34-K3-seed3415,34,3,3415,wrist_extension,grabmyo-S034-D1-wrist_extension-T03,grabmyo-S034-D1-wrist_extension-T03,grabmyo-S034-D1-wrist_extension-T03,1,validation
grabmyo-S34-K3-seed3415,34,3,3415,wrist_extension,grabmyo-S034-D1-wrist_extension-T04,grabmyo-S034-D1-wrist_extension-T04,grabmyo-S034-D1-wrist_extension-T04,1,validation
grabmyo-S34-K3-seed3415,34,3,3415,wrist_flexion,grabmyo-S034-D1-wrist_flexion-T03,grabmyo-S034-D1-wrist_flexion-T03,grabmyo-S034-D1-wrist_flexion-T03,1,validation
grabmyo-S34-K3-seed3415,34,3,3415,wrist_flexion,grabmyo-S034-D1-wrist_flexion-T04,grabmyo-S034-D1-wrist_flexion-T04,grabmyo-S034-D1-wrist_flexion-T04,1,validation
grabmyo-S34-K3-seed3415,34,3,3415,wrist_flexion,grabmyo-S034-D1-wrist_flexion-T05,grabmyo-S034-D1-wrist_flexion-T05,grabmyo-S034-D1-wrist_flexion-T05,1,validation
grabmyo-S35-K3-seed3415,35,3,3415,hand_close,grabmyo-S035-D1-hand_close-T02,grabmyo-S035-D1-hand_close-T02,grabmyo-S035-D1-hand_close-T02,1,validation
grabmyo-S35-K3-seed3415,35,3,3415,hand_close,grabmyo-S035-D1-hand_close-T03,grabmyo-S035-D1-hand_close-T03,grabmyo-S035-D1-hand_close-T03,1,validation
grabmyo-S35-K3-seed3415,35,3,3415,hand_close,grabmyo-S035-D1-hand_close-T06,grabmyo-S035-D1-hand_close-T06,grabmyo-S035-D1-hand_close-T06,1,validation
grabmyo-S35-K3-seed3415,35,3,3415,rest,grabmyo-S035-D1-rest-T01,grabmyo-S035-D1-rest-T01,grabmyo-S035-D1-rest-T01,1,validation
grabmyo-S35-K3-seed3415,35,3,3415,rest,grabmyo-S035-D1-rest-T02,grabmyo-S035-D1-rest-T02,grabmyo-S035-D1-rest-T02,1,validation
grabmyo-S35-K3-seed3415,35,3,3415,rest,grabmyo-S035-D1-rest-T04,grabmyo-S035-D1-rest-T04,grabmyo-S035-D1-rest-T04,1,validation
grabmyo-S35-K3-seed3415,35,3,3415,wrist_extension,grabmyo-S035-D1-wrist_extension-T05,grabmyo-S035-D1-wrist_extension-T05,grabmyo-S035-D1-wrist_extension-T05,1,validation
grabmyo-S35-K3-seed3415,35,3,3415,wrist_extension,grabmyo-S035-D1-wrist_extension-T06,grabmyo-S035-D1-wrist_extension-T06,grabmyo-S035-D1-wrist_extension-T06,1,validation
grabmyo-S35-K3-seed3415,35,3,3415,wrist_extension,grabmyo-S035-D1-wrist_extension-T07,grabmyo-S035-D1-wrist_extension-T07,grabmyo-S035-D1-wrist_extension-T07,1,validation
grabmyo-S35-K3-seed3415,35,3,3415,wrist_flexion,grabmyo-S035-D1-wrist_flexion-T03,grabmyo-S035-D1-wrist_flexion-T03,grabmyo-S035-D1-wrist_flexion-T03,1,validation
grabmyo-S35-K3-seed3415,35,3,3415,wrist_flexion,grabmyo-S035-D1-wrist_flexion-T06,grabmyo-S035-D1-wrist_flexion-T06,grabmyo-S035-D1-wrist_flexion-T06,1,validation
grabmyo-S35-K3-seed3415,35,3,3415,wrist_flexion,grabmyo-S035-D1-wrist_flexion-T07,grabmyo-S035-D1-wrist_flexion-T07,grabmyo-S035-D1-wrist_flexion-T07,1,validation
grabmyo-S41-K3-seed3415,41,3,3415,hand_close,grabmyo-S041-D1-hand_close-T02,grabmyo-S041-D1-hand_close-T02,grabmyo-S041-D1-hand_close-T02,1,validation
grabmyo-S41-K3-seed3415,41,3,3415,hand_close,grabmyo-S041-D1-hand_close-T04,grabmyo-S041-D1-hand_close-T04,grabmyo-S041-D1-hand_close-T04,1,validation
grabmyo-S41-K3-seed3415,41,3,3415,hand_close,grabmyo-S041-D1-hand_close-T06,grabmyo-S041-D1-hand_close-T06,grabmyo-S041-D1-hand_close-T06,1,validation
grabmyo-S41-K3-seed3415,41,3,3415,rest,grabmyo-S041-D1-rest-T02,grabmyo-S041-D1-rest-T02,grabmyo-S041-D1-rest-T02,1,validation
grabmyo-S41-K3-seed3415,41,3,3415,rest,grabmyo-S041-D1-rest-T03,grabmyo-S041-D1-rest-T03,grabmyo-S041-D1-rest-T03,1,validation
grabmyo-S41-K3-seed3415,41,3,3415,rest,grabmyo-S041-D1-rest-T06,grabmyo-S041-D1-rest-T06,grabmyo-S041-D1-rest-T06,1,validation
grabmyo-S41-K3-seed3415,41,3,3415,wrist_extension,grabmyo-S041-D1-wrist_extension-T01,grabmyo-S041-D1-wrist_extension-T01,grabmyo-S041-D1-wrist_extension-T01,1,validation
grabmyo-S41-K3-seed3415,41,3,3415,wrist_extension,grabmyo-S041-D1-wrist_extension-T04,grabmyo-S041-D1-wrist_extension-T04,grabmyo-S041-D1-wrist_extension-T04,1,validation
grabmyo-S41-K3-seed3415,41,3,3415,wrist_extension,grabmyo-S041-D1-wrist_extension-T05,grabmyo-S041-D1-wrist_extension-T05,grabmyo-S041-D1-wrist_extension-T05,1,validation
grabmyo-S41-K3-seed3415,41,3,3415,wrist_flexion,grabmyo-S041-D1-wrist_flexion-T01,grabmyo-S041-D1-wrist_flexion-T01,grabmyo-S041-D1-wrist_flexion-T01,1,validation
grabmyo-S41-K3-seed3415,41,3,3415,wrist_flexion,grabmyo-S041-D1-wrist_flexion-T04,grabmyo-S041-D1-wrist_flexion-T04,grabmyo-S041-D1-wrist_flexion-T04,1,validation
grabmyo-S41-K3-seed3415,41,3,3415,wrist_flexion,grabmyo-S041-D1-wrist_flexion-T06,grabmyo-S041-D1-wrist_flexion-T06,grabmyo-S041-D1-wrist_flexion-T06,1,validation
grabmyo-S12-K3-seed3416,12,3,3416,hand_close,grabmyo-S012-D1-hand_close-T01,grabmyo-S012-D1-hand_close-T01,grabmyo-S012-D1-hand_close-T01,1,validation
grabmyo-S12-K3-seed3416,12,3,3416,hand_close,grabmyo-S012-D1-hand_close-T04,grabmyo-S012-D1-hand_close-T04,grabmyo-S012-D1-hand_close-T04,1,validation
grabmyo-S12-K3-seed3416,12,3,3416,hand_close,grabmyo-S012-D1-hand_close-T06,grabmyo-S012-D1-hand_close-T06,grabmyo-S012-D1-hand_close-T06,1,validation
grabmyo-S12-K3-seed3416,12,3,3416,rest,grabmyo-S012-D1-rest-T03,grabmyo-S012-D1-rest-T03,grabmyo-S012-D1-rest-T03,1,validation
grabmyo-S12-K3-seed3416,12,3,3416,rest,grabmyo-S012-D1-rest-T04,grabmyo-S012-D1-rest-T04,grabmyo-S012-D1-rest-T04,1,validation
grabmyo-S12-K3-seed3416,12,3,3416,rest,grabmyo-S012-D1-rest-T06,grabmyo-S012-D1-rest-T06,grabmyo-S012-D1-rest-T06,1,validation
grabmyo-S12-K3-seed3416,12,3,3416,wrist_extension,grabmyo-S012-D1-wrist_extension-T02,grabmyo-S012-D1-wrist_extension-T02,grabmyo-S012-D1-wrist_extension-T02,1,validation
grabmyo-S12-K3-seed3416,12,3,3416,wrist_extension,grabmyo-S012-D1-wrist_extension-T03,grabmyo-S012-D1-wrist_extension-T03,grabmyo-S012-D1-wrist_extension-T03,1,validation
grabmyo-S12-K3-seed3416,12,3,3416,wrist_extension,grabmyo-S012-D1-wrist_extension-T05,grabmyo-S012-D1-wrist_extension-T05,grabmyo-S012-D1-wrist_extension-T05,1,validation
grabmyo-S12-K3-seed3416,12,3,3416,wrist_flexion,grabmyo-S012-D1-wrist_flexion-T01,grabmyo-S012-D1-wrist_flexion-T01,grabmyo-S012-D1-wrist_flexion-T01,1,validation
grabmyo-S12-K3-seed3416,12,3,3416,wrist_flexion,grabmyo-S012-D1-wrist_flexion-T03,grabmyo-S012-D1-wrist_flexion-T03,grabmyo-S012-D1-wrist_flexion-T03,1,validation
grabmyo-S12-K3-seed3416,12,3,3416,wrist_flexion,grabmyo-S012-D1-wrist_flexion-T06,grabmyo-S012-D1-wrist_flexion-T06,grabmyo-S012-D1-wrist_flexion-T06,1,validation
grabmyo-S13-K3-seed3416,13,3,3416,hand_close,grabmyo-S013-D1-hand_close-T02,grabmyo-S013-D1-hand_close-T02,grabmyo-S013-D1-hand_close-T02,1,validation
grabmyo-S13-K3-seed3416,13,3,3416,hand_close,grabmyo-S013-D1-hand_close-T03,grabmyo-S013-D1-hand_close-T03,grabmyo-S013-D1-hand_close-T03,1,validation
grabmyo-S13-K3-seed3416,13,3,3416,hand_close,grabmyo-S013-D1-hand_close-T07,grabmyo-S013-D1-hand_close-T07,grabmyo-S013-D1-hand_close-T07,1,validation
grabmyo-S13-K3-seed3416,13,3,3416,rest,grabmyo-S013-D1-rest-T02,grabmyo-S013-D1-rest-T02,grabmyo-S013-D1-rest-T02,1,validation
grabmyo-S13-K3-seed3416,13,3,3416,rest,grabmyo-S013-D1-rest-T05,grabmyo-S013-D1-rest-T05,grabmyo-S013-D1-rest-T05,1,validation
grabmyo-S13-K3-seed3416,13,3,3416,rest,grabmyo-S013-D1-rest-T07,grabmyo-S013-D1-rest-T07,grabmyo-S013-D1-rest-T07,1,validation
grabmyo-S13-K3-seed3416,13,3,3416,wrist_extension,grabmyo-S013-D1-wrist_extension-T03,grabmyo-S013-D1-wrist_extension-T03,grabmyo-S013-D1-wrist_extension-T03,1,validation
grabmyo-S13-K3-seed3416,13,3,3416,wrist_extension,grabmyo-S013-D1-wrist_extension-T06,grabmyo-S013-D1-wrist_extension-T06,grabmyo-S013-D1-wrist_extension-T06,1,validation
grabmyo-S13-K3-seed3416,13,3,3416,wrist_extension,grabmyo-S013-D1-wrist_extension-T07,grabmyo-S013-D1-wrist_extension-T07,grabmyo-S013-D1-wrist_extension-T07,1,validation
grabmyo-S13-K3-seed3416,13,3,3416,wrist_flexion,grabmyo-S013-D1-wrist_flexion-T03,grabmyo-S013-D1-wrist_flexion-T03,grabmyo-S013-D1-wrist_flexion-T03,1,validation
grabmyo-S13-K3-seed3416,13,3,3416,wrist_flexion,grabmyo-S013-D1-wrist_flexion-T04,grabmyo-S013-D1-wrist_flexion-T04,grabmyo-S013-D1-wrist_flexion-T04,1,validation
grabmyo-S13-K3-seed3416,13,3,3416,wrist_flexion,grabmyo-S013-D1-wrist_flexion-T07,grabmyo-S013-D1-wrist_flexion-T07,grabmyo-S013-D1-wrist_flexion-T07,1,validation
grabmyo-S25-K3-seed3416,25,3,3416,hand_close,grabmyo-S025-D1-hand_close-T02,grabmyo-S025-D1-hand_close-T02,grabmyo-S025-D1-hand_close-T02,1,validation
grabmyo-S25-K3-seed3416,25,3,3416,hand_close,grabmyo-S025-D1-hand_close-T05,grabmyo-S025-D1-hand_close-T05,grabmyo-S025-D1-hand_close-T05,1,validation
grabmyo-S25-K3-seed3416,25,3,3416,hand_close,grabmyo-S025-D1-hand_close-T07,grabmyo-S025-D1-hand_close-T07,grabmyo-S025-D1-hand_close-T07,1,validation
grabmyo-S25-K3-seed3416,25,3,3416,rest,grabmyo-S025-D1-rest-T02,grabmyo-S025-D1-rest-T02,grabmyo-S025-D1-rest-T02,1,validation
grabmyo-S25-K3-seed3416,25,3,3416,rest,grabmyo-S025-D1-rest-T05,grabmyo-S025-D1-rest-T05,grabmyo-S025-D1-rest-T05,1,validation
grabmyo-S25-K3-seed3416,25,3,3416,rest,grabmyo-S025-D1-rest-T06,grabmyo-S025-D1-rest-T06,grabmyo-S025-D1-rest-T06,1,validation
grabmyo-S25-K3-seed3416,25,3,3416,wrist_extension,grabmyo-S025-D1-wrist_extension-T03,grabmyo-S025-D1-wrist_extension-T03,grabmyo-S025-D1-wrist_extension-T03,1,validation
grabmyo-S25-K3-seed3416,25,3,3416,wrist_extension,grabmyo-S025-D1-wrist_extension-T05,grabmyo-S025-D1-wrist_extension-T05,grabmyo-S025-D1-wrist_extension-T05,1,validation
grabmyo-S25-K3-seed3416,25,3,3416,wrist_extension,grabmyo-S025-D1-wrist_extension-T06,grabmyo-S025-D1-wrist_extension-T06,grabmyo-S025-D1-wrist_extension-T06,1,validation
grabmyo-S25-K3-seed3416,25,3,3416,wrist_flexion,grabmyo-S025-D1-wrist_flexion-T02,grabmyo-S025-D1-wrist_flexion-T02,grabmyo-S025-D1-wrist_flexion-T02,1,validation
grabmyo-S25-K3-seed3416,25,3,3416,wrist_flexion,grabmyo-S025-D1-wrist_flexion-T03,grabmyo-S025-D1-wrist_flexion-T03,grabmyo-S025-D1-wrist_flexion-T03,1,validation
grabmyo-S25-K3-seed3416,25,3,3416,wrist_flexion,grabmyo-S025-D1-wrist_flexion-T04,grabmyo-S025-D1-wrist_flexion-T04,grabmyo-S025-D1-wrist_flexion-T04,1,validation
grabmyo-S26-K3-seed3416,26,3,3416,hand_close,grabmyo-S026-D1-hand_close-T01,grabmyo-S026-D1-hand_close-T01,grabmyo-S026-D1-hand_close-T01,1,validation
grabmyo-S26-K3-seed3416,26,3,3416,hand_close,grabmyo-S026-D1-hand_close-T02,grabmyo-S026-D1-hand_close-T02,grabmyo-S026-D1-hand_close-T02,1,validation
grabmyo-S26-K3-seed3416,26,3,3416,hand_close,grabmyo-S026-D1-hand_close-T07,grabmyo-S026-D1-hand_close-T07,grabmyo-S026-D1-hand_close-T07,1,validation
grabmyo-S26-K3-seed3416,26,3,3416,rest,grabmyo-S026-D1-rest-T01,grabmyo-S026-D1-rest-T01,grabmyo-S026-D1-rest-T01,1,validation
grabmyo-S26-K3-seed3416,26,3,3416,rest,grabmyo-S026-D1-rest-T05,grabmyo-S026-D1-rest-T05,grabmyo-S026-D1-rest-T05,1,validation
grabmyo-S26-K3-seed3416,26,3,3416,rest,grabmyo-S026-D1-rest-T06,grabmyo-S026-D1-rest-T06,grabmyo-S026-D1-rest-T06,1,validation
grabmyo-S26-K3-seed3416,26,3,3416,wrist_extension,grabmyo-S026-D1-wrist_extension-T02,grabmyo-S026-D1-wrist_extension-T02,grabmyo-S026-D1-wrist_extension-T02,1,validation
grabmyo-S26-K3-seed3416,26,3,3416,wrist_extension,grabmyo-S026-D1-wrist_extension-T05,grabmyo-S026-D1-wrist_extension-T05,grabmyo-S026-D1-wrist_extension-T05,1,validation
grabmyo-S26-K3-seed3416,26,3,3416,wrist_extension,grabmyo-S026-D1-wrist_extension-T07,grabmyo-S026-D1-wrist_extension-T07,grabmyo-S026-D1-wrist_extension-T07,1,validation
grabmyo-S26-K3-seed3416,26,3,3416,wrist_flexion,grabmyo-S026-D1-wrist_flexion-T01,grabmyo-S026-D1-wrist_flexion-T01,grabmyo-S026-D1-wrist_flexion-T01,1,validation
grabmyo-S26-K3-seed3416,26,3,3416,wrist_flexion,grabmyo-S026-D1-wrist_flexion-T02,grabmyo-S026-D1-wrist_flexion-T02,grabmyo-S026-D1-wrist_flexion-T02,1,validation
grabmyo-S26-K3-seed3416,26,3,3416,wrist_flexion,grabmyo-S026-D1-wrist_flexion-T06,grabmyo-S026-D1-wrist_flexion-T06,grabmyo-S026-D1-wrist_flexion-T06,1,validation
grabmyo-S29-K3-seed3416,29,3,3416,hand_close,grabmyo-S029-D1-hand_close-T03,grabmyo-S029-D1-hand_close-T03,grabmyo-S029-D1-hand_close-T03,1,validation
grabmyo-S29-K3-seed3416,29,3,3416,hand_close,grabmyo-S029-D1-hand_close-T06,grabmyo-S029-D1-hand_close-T06,grabmyo-S029-D1-hand_close-T06,1,validation
grabmyo-S29-K3-seed3416,29,3,3416,hand_close,grabmyo-S029-D1-hand_close-T07,grabmyo-S029-D1-hand_close-T07,grabmyo-S029-D1-hand_close-T07,1,validation
grabmyo-S29-K3-seed3416,29,3,3416,rest,grabmyo-S029-D1-rest-T01,grabmyo-S029-D1-rest-T01,grabmyo-S029-D1-rest-T01,1,validation
grabmyo-S29-K3-seed3416,29,3,3416,rest,grabmyo-S029-D1-rest-T02,grabmyo-S029-D1-rest-T02,grabmyo-S029-D1-rest-T02,1,validation
grabmyo-S29-K3-seed3416,29,3,3416,rest,grabmyo-S029-D1-rest-T03,grabmyo-S029-D1-rest-T03,grabmyo-S029-D1-rest-T03,1,validation
grabmyo-S29-K3-seed3416,29,3,3416,wrist_extension,grabmyo-S029-D1-wrist_extension-T03,grabmyo-S029-D1-wrist_extension-T03,grabmyo-S029-D1-wrist_extension-T03,1,validation
grabmyo-S29-K3-seed3416,29,3,3416,wrist_extension,grabmyo-S029-D1-wrist_extension-T04,grabmyo-S029-D1-wrist_extension-T04,grabmyo-S029-D1-wrist_extension-T04,1,validation
grabmyo-S29-K3-seed3416,29,3,3416,wrist_extension,grabmyo-S029-D1-wrist_extension-T05,grabmyo-S029-D1-wrist_extension-T05,grabmyo-S029-D1-wrist_extension-T05,1,validation
grabmyo-S29-K3-seed3416,29,3,3416,wrist_flexion,grabmyo-S029-D1-wrist_flexion-T01,grabmyo-S029-D1-wrist_flexion-T01,grabmyo-S029-D1-wrist_flexion-T01,1,validation
grabmyo-S29-K3-seed3416,29,3,3416,wrist_flexion,grabmyo-S029-D1-wrist_flexion-T04,grabmyo-S029-D1-wrist_flexion-T04,grabmyo-S029-D1-wrist_flexion-T04,1,validation
grabmyo-S29-K3-seed3416,29,3,3416,wrist_flexion,grabmyo-S029-D1-wrist_flexion-T05,grabmyo-S029-D1-wrist_flexion-T05,grabmyo-S029-D1-wrist_flexion-T05,1,validation
grabmyo-S33-K3-seed3416,33,3,3416,hand_close,grabmyo-S033-D1-hand_close-T04,grabmyo-S033-D1-hand_close-T04,grabmyo-S033-D1-hand_close-T04,1,validation
grabmyo-S33-K3-seed3416,33,3,3416,hand_close,grabmyo-S033-D1-hand_close-T06,grabmyo-S033-D1-hand_close-T06,grabmyo-S033-D1-hand_close-T06,1,validation
grabmyo-S33-K3-seed3416,33,3,3416,hand_close,grabmyo-S033-D1-hand_close-T07,grabmyo-S033-D1-hand_close-T07,grabmyo-S033-D1-hand_close-T07,1,validation
grabmyo-S33-K3-seed3416,33,3,3416,rest,grabmyo-S033-D1-rest-T03,grabmyo-S033-D1-rest-T03,grabmyo-S033-D1-rest-T03,1,validation
grabmyo-S33-K3-seed3416,33,3,3416,rest,grabmyo-S033-D1-rest-T04,grabmyo-S033-D1-rest-T04,grabmyo-S033-D1-rest-T04,1,validation
grabmyo-S33-K3-seed3416,33,3,3416,rest,grabmyo-S033-D1-rest-T07,grabmyo-S033-D1-rest-T07,grabmyo-S033-D1-rest-T07,1,validation
grabmyo-S33-K3-seed3416,33,3,3416,wrist_extension,grabmyo-S033-D1-wrist_extension-T01,grabmyo-S033-D1-wrist_extension-T01,grabmyo-S033-D1-wrist_extension-T01,1,validation
grabmyo-S33-K3-seed3416,33,3,3416,wrist_extension,grabmyo-S033-D1-wrist_extension-T03,grabmyo-S033-D1-wrist_extension-T03,grabmyo-S033-D1-wrist_extension-T03,1,validation
grabmyo-S33-K3-seed3416,33,3,3416,wrist_extension,grabmyo-S033-D1-wrist_extension-T06,grabmyo-S033-D1-wrist_extension-T06,grabmyo-S033-D1-wrist_extension-T06,1,validation
grabmyo-S33-K3-seed3416,33,3,3416,wrist_flexion,grabmyo-S033-D1-wrist_flexion-T05,grabmyo-S033-D1-wrist_flexion-T05,grabmyo-S033-D1-wrist_flexion-T05,1,validation
grabmyo-S33-K3-seed3416,33,3,3416,wrist_flexion,grabmyo-S033-D1-wrist_flexion-T06,grabmyo-S033-D1-wrist_flexion-T06,grabmyo-S033-D1-wrist_flexion-T06,1,validation
grabmyo-S33-K3-seed3416,33,3,3416,wrist_flexion,grabmyo-S033-D1-wrist_flexion-T07,grabmyo-S033-D1-wrist_flexion-T07,grabmyo-S033-D1-wrist_flexion-T07,1,validation
grabmyo-S34-K3-seed3416,34,3,3416,hand_close,grabmyo-S034-D1-hand_close-T02,grabmyo-S034-D1-hand_close-T02,grabmyo-S034-D1-hand_close-T02,1,validation
grabmyo-S34-K3-seed3416,34,3,3416,hand_close,grabmyo-S034-D1-hand_close-T04,grabmyo-S034-D1-hand_close-T04,grabmyo-S034-D1-hand_close-T04,1,validation
grabmyo-S34-K3-seed3416,34,3,3416,hand_close,grabmyo-S034-D1-hand_close-T06,grabmyo-S034-D1-hand_close-T06,grabmyo-S034-D1-hand_close-T06,1,validation
grabmyo-S34-K3-seed3416,34,3,3416,rest,grabmyo-S034-D1-rest-T01,grabmyo-S034-D1-rest-T01,grabmyo-S034-D1-rest-T01,1,validation
grabmyo-S34-K3-seed3416,34,3,3416,rest,grabmyo-S034-D1-rest-T02,grabmyo-S034-D1-rest-T02,grabmyo-S034-D1-rest-T02,1,validation
grabmyo-S34-K3-seed3416,34,3,3416,rest,grabmyo-S034-D1-rest-T06,grabmyo-S034-D1-rest-T06,grabmyo-S034-D1-rest-T06,1,validation
grabmyo-S34-K3-seed3416,34,3,3416,wrist_extension,grabmyo-S034-D1-wrist_extension-T01,grabmyo-S034-D1-wrist_extension-T01,grabmyo-S034-D1-wrist_extension-T01,1,validation
grabmyo-S34-K3-seed3416,34,3,3416,wrist_extension,grabmyo-S034-D1-wrist_extension-T03,grabmyo-S034-D1-wrist_extension-T03,grabmyo-S034-D1-wrist_extension-T03,1,validation
grabmyo-S34-K3-seed3416,34,3,3416,wrist_extension,grabmyo-S034-D1-wrist_extension-T05,grabmyo-S034-D1-wrist_extension-T05,grabmyo-S034-D1-wrist_extension-T05,1,validation
grabmyo-S34-K3-seed3416,34,3,3416,wrist_flexion,grabmyo-S034-D1-wrist_flexion-T04,grabmyo-S034-D1-wrist_flexion-T04,grabmyo-S034-D1-wrist_flexion-T04,1,validation
grabmyo-S34-K3-seed3416,34,3,3416,wrist_flexion,grabmyo-S034-D1-wrist_flexion-T06,grabmyo-S034-D1-wrist_flexion-T06,grabmyo-S034-D1-wrist_flexion-T06,1,validation
grabmyo-S34-K3-seed3416,34,3,3416,wrist_flexion,grabmyo-S034-D1-wrist_flexion-T07,grabmyo-S034-D1-wrist_flexion-T07,grabmyo-S034-D1-wrist_flexion-T07,1,validation
grabmyo-S35-K3-seed3416,35,3,3416,hand_close,grabmyo-S035-D1-hand_close-T02,grabmyo-S035-D1-hand_close-T02,grabmyo-S035-D1-hand_close-T02,1,validation
grabmyo-S35-K3-seed3416,35,3,3416,hand_close,grabmyo-S035-D1-hand_close-T04,grabmyo-S035-D1-hand_close-T04,grabmyo-S035-D1-hand_close-T04,1,validation
grabmyo-S35-K3-seed3416,35,3,3416,hand_close,grabmyo-S035-D1-hand_close-T05,grabmyo-S035-D1-hand_close-T05,grabmyo-S035-D1-hand_close-T05,1,validation
grabmyo-S35-K3-seed3416,35,3,3416,rest,grabmyo-S035-D1-rest-T04,grabmyo-S035-D1-rest-T04,grabmyo-S035-D1-rest-T04,1,validation
grabmyo-S35-K3-seed3416,35,3,3416,rest,grabmyo-S035-D1-rest-T05,grabmyo-S035-D1-rest-T05,grabmyo-S035-D1-rest-T05,1,validation
grabmyo-S35-K3-seed3416,35,3,3416,rest,grabmyo-S035-D1-rest-T06,grabmyo-S035-D1-rest-T06,grabmyo-S035-D1-rest-T06,1,validation
grabmyo-S35-K3-seed3416,35,3,3416,wrist_extension,grabmyo-S035-D1-wrist_extension-T03,grabmyo-S035-D1-wrist_extension-T03,grabmyo-S035-D1-wrist_extension-T03,1,validation
grabmyo-S35-K3-seed3416,35,3,3416,wrist_extension,grabmyo-S035-D1-wrist_extension-T04,grabmyo-S035-D1-wrist_extension-T04,grabmyo-S035-D1-wrist_extension-T04,1,validation
grabmyo-S35-K3-seed3416,35,3,3416,wrist_extension,grabmyo-S035-D1-wrist_extension-T07,grabmyo-S035-D1-wrist_extension-T07,grabmyo-S035-D1-wrist_extension-T07,1,validation
grabmyo-S35-K3-seed3416,35,3,3416,wrist_flexion,grabmyo-S035-D1-wrist_flexion-T03,grabmyo-S035-D1-wrist_flexion-T03,grabmyo-S035-D1-wrist_flexion-T03,1,validation
grabmyo-S35-K3-seed3416,35,3,3416,wrist_flexion,grabmyo-S035-D1-wrist_flexion-T06,grabmyo-S035-D1-wrist_flexion-T06,grabmyo-S035-D1-wrist_flexion-T06,1,validation
grabmyo-S35-K3-seed3416,35,3,3416,wrist_flexion,grabmyo-S035-D1-wrist_flexion-T07,grabmyo-S035-D1-wrist_flexion-T07,grabmyo-S035-D1-wrist_flexion-T07,1,validation
grabmyo-S41-K3-seed3416,41,3,3416,hand_close,grabmyo-S041-D1-hand_close-T02,grabmyo-S041-D1-hand_close-T02,grabmyo-S041-D1-hand_close-T02,1,validation
grabmyo-S41-K3-seed3416,41,3,3416,hand_close,grabmyo-S041-D1-hand_close-T03,grabmyo-S041-D1-hand_close-T03,grabmyo-S041-D1-hand_close-T03,1,validation
grabmyo-S41-K3-seed3416,41,3,3416,hand_close,grabmyo-S041-D1-hand_close-T06,grabmyo-S041-D1-hand_close-T06,grabmyo-S041-D1-hand_close-T06,1,validation
grabmyo-S41-K3-seed3416,41,3,3416,rest,grabmyo-S041-D1-rest-T01,grabmyo-S041-D1-rest-T01,grabmyo-S041-D1-rest-T01,1,validation
grabmyo-S41-K3-seed3416,41,3,3416,rest,grabmyo-S041-D1-rest-T03,grabmyo-S041-D1-rest-T03,grabmyo-S041-D1-rest-T03,1,validation
grabmyo-S41-K3-seed3416,41,3,3416,rest,grabmyo-S041-D1-rest-T06,grabmyo-S041-D1-rest-T06,grabmyo-S041-D1-rest-T06,1,validation
grabmyo-S41-K3-seed3416,41,3,3416,wrist_extension,grabmyo-S041-D1-wrist_extension-T01,grabmyo-S041-D1-wrist_extension-T01,grabmyo-S041-D1-wrist_extension-T01,1,validation
grabmyo-S41-K3-seed3416,41,3,3416,wrist_extension,grabmyo-S041-D1-wrist_extension-T02,grabmyo-S041-D1-wrist_extension-T02,grabmyo-S041-D1-wrist_extension-T02,1,validation
grabmyo-S41-K3-seed3416,41,3,3416,wrist_extension,grabmyo-S041-D1-wrist_extension-T04,grabmyo-S041-D1-wrist_extension-T04,grabmyo-S041-D1-wrist_extension-T04,1,validation
grabmyo-S41-K3-seed3416,41,3,3416,wrist_flexion,grabmyo-S041-D1-wrist_flexion-T04,grabmyo-S041-D1-wrist_flexion-T04,grabmyo-S041-D1-wrist_flexion-T04,1,validation
grabmyo-S41-K3-seed3416,41,3,3416,wrist_flexion,grabmyo-S041-D1-wrist_flexion-T06,grabmyo-S041-D1-wrist_flexion-T06,grabmyo-S041-D1-wrist_flexion-T06,1,validation
grabmyo-S41-K3-seed3416,41,3,3416,wrist_flexion,grabmyo-S041-D1-wrist_flexion-T07,grabmyo-S041-D1-wrist_flexion-T07,grabmyo-S041-D1-wrist_flexion-T07,1,validation
grabmyo-S12-K3-seed3417,12,3,3417,hand_close,grabmyo-S012-D1-hand_close-T02,grabmyo-S012-D1-hand_close-T02,grabmyo-S012-D1-hand_close-T02,1,validation
grabmyo-S12-K3-seed3417,12,3,3417,hand_close,grabmyo-S012-D1-hand_close-T04,grabmyo-S012-D1-hand_close-T04,grabmyo-S012-D1-hand_close-T04,1,validation
grabmyo-S12-K3-seed3417,12,3,3417,hand_close,grabmyo-S012-D1-hand_close-T07,grabmyo-S012-D1-hand_close-T07,grabmyo-S012-D1-hand_close-T07,1,validation
grabmyo-S12-K3-seed3417,12,3,3417,rest,grabmyo-S012-D1-rest-T02,grabmyo-S012-D1-rest-T02,grabmyo-S012-D1-rest-T02,1,validation
grabmyo-S12-K3-seed3417,12,3,3417,rest,grabmyo-S012-D1-rest-T05,grabmyo-S012-D1-rest-T05,grabmyo-S012-D1-rest-T05,1,validation
grabmyo-S12-K3-seed3417,12,3,3417,rest,grabmyo-S012-D1-rest-T07,grabmyo-S012-D1-rest-T07,grabmyo-S012-D1-rest-T07,1,validation
grabmyo-S12-K3-seed3417,12,3,3417,wrist_extension,grabmyo-S012-D1-wrist_extension-T01,grabmyo-S012-D1-wrist_extension-T01,grabmyo-S012-D1-wrist_extension-T01,1,validation
grabmyo-S12-K3-seed3417,12,3,3417,wrist_extension,grabmyo-S012-D1-wrist_extension-T05,grabmyo-S012-D1-wrist_extension-T05,grabmyo-S012-D1-wrist_extension-T05,1,validation
grabmyo-S12-K3-seed3417,12,3,3417,wrist_extension,grabmyo-S012-D1-wrist_extension-T06,grabmyo-S012-D1-wrist_extension-T06,grabmyo-S012-D1-wrist_extension-T06,1,validation
grabmyo-S12-K3-seed3417,12,3,3417,wrist_flexion,grabmyo-S012-D1-wrist_flexion-T04,grabmyo-S012-D1-wrist_flexion-T04,grabmyo-S012-D1-wrist_flexion-T04,1,validation
grabmyo-S12-K3-seed3417,12,3,3417,wrist_flexion,grabmyo-S012-D1-wrist_flexion-T05,grabmyo-S012-D1-wrist_flexion-T05,grabmyo-S012-D1-wrist_flexion-T05,1,validation
grabmyo-S12-K3-seed3417,12,3,3417,wrist_flexion,grabmyo-S012-D1-wrist_flexion-T06,grabmyo-S012-D1-wrist_flexion-T06,grabmyo-S012-D1-wrist_flexion-T06,1,validation
grabmyo-S13-K3-seed3417,13,3,3417,hand_close,grabmyo-S013-D1-hand_close-T01,grabmyo-S013-D1-hand_close-T01,grabmyo-S013-D1-hand_close-T01,1,validation
grabmyo-S13-K3-seed3417,13,3,3417,hand_close,grabmyo-S013-D1-hand_close-T04,grabmyo-S013-D1-hand_close-T04,grabmyo-S013-D1-hand_close-T04,1,validation
grabmyo-S13-K3-seed3417,13,3,3417,hand_close,grabmyo-S013-D1-hand_close-T07,grabmyo-S013-D1-hand_close-T07,grabmyo-S013-D1-hand_close-T07,1,validation
grabmyo-S13-K3-seed3417,13,3,3417,rest,grabmyo-S013-D1-rest-T02,grabmyo-S013-D1-rest-T02,grabmyo-S013-D1-rest-T02,1,validation
grabmyo-S13-K3-seed3417,13,3,3417,rest,grabmyo-S013-D1-rest-T04,grabmyo-S013-D1-rest-T04,grabmyo-S013-D1-rest-T04,1,validation
grabmyo-S13-K3-seed3417,13,3,3417,rest,grabmyo-S013-D1-rest-T06,grabmyo-S013-D1-rest-T06,grabmyo-S013-D1-rest-T06,1,validation
grabmyo-S13-K3-seed3417,13,3,3417,wrist_extension,grabmyo-S013-D1-wrist_extension-T01,grabmyo-S013-D1-wrist_extension-T01,grabmyo-S013-D1-wrist_extension-T01,1,validation
grabmyo-S13-K3-seed3417,13,3,3417,wrist_extension,grabmyo-S013-D1-wrist_extension-T02,grabmyo-S013-D1-wrist_extension-T02,grabmyo-S013-D1-wrist_extension-T02,1,validation
grabmyo-S13-K3-seed3417,13,3,3417,wrist_extension,grabmyo-S013-D1-wrist_extension-T07,grabmyo-S013-D1-wrist_extension-T07,grabmyo-S013-D1-wrist_extension-T07,1,validation
grabmyo-S13-K3-seed3417,13,3,3417,wrist_flexion,grabmyo-S013-D1-wrist_flexion-T01,grabmyo-S013-D1-wrist_flexion-T01,grabmyo-S013-D1-wrist_flexion-T01,1,validation
grabmyo-S13-K3-seed3417,13,3,3417,wrist_flexion,grabmyo-S013-D1-wrist_flexion-T04,grabmyo-S013-D1-wrist_flexion-T04,grabmyo-S013-D1-wrist_flexion-T04,1,validation
grabmyo-S13-K3-seed3417,13,3,3417,wrist_flexion,grabmyo-S013-D1-wrist_flexion-T05,grabmyo-S013-D1-wrist_flexion-T05,grabmyo-S013-D1-wrist_flexion-T05,1,validation
grabmyo-S25-K3-seed3417,25,3,3417,hand_close,grabmyo-S025-D1-hand_close-T01,grabmyo-S025-D1-hand_close-T01,grabmyo-S025-D1-hand_close-T01,1,validation
grabmyo-S25-K3-seed3417,25,3,3417,hand_close,grabmyo-S025-D1-hand_close-T03,grabmyo-S025-D1-hand_close-T03,grabmyo-S025-D1-hand_close-T03,1,validation
grabmyo-S25-K3-seed3417,25,3,3417,hand_close,grabmyo-S025-D1-hand_close-T07,grabmyo-S025-D1-hand_close-T07,grabmyo-S025-D1-hand_close-T07,1,validation
grabmyo-S25-K3-seed3417,25,3,3417,rest,grabmyo-S025-D1-rest-T02,grabmyo-S025-D1-rest-T02,grabmyo-S025-D1-rest-T02,1,validation
grabmyo-S25-K3-seed3417,25,3,3417,rest,grabmyo-S025-D1-rest-T04,grabmyo-S025-D1-rest-T04,grabmyo-S025-D1-rest-T04,1,validation
grabmyo-S25-K3-seed3417,25,3,3417,rest,grabmyo-S025-D1-rest-T07,grabmyo-S025-D1-rest-T07,grabmyo-S025-D1-rest-T07,1,validation
grabmyo-S25-K3-seed3417,25,3,3417,wrist_extension,grabmyo-S025-D1-wrist_extension-T01,grabmyo-S025-D1-wrist_extension-T01,grabmyo-S025-D1-wrist_extension-T01,1,validation
grabmyo-S25-K3-seed3417,25,3,3417,wrist_extension,grabmyo-S025-D1-wrist_extension-T02,grabmyo-S025-D1-wrist_extension-T02,grabmyo-S025-D1-wrist_extension-T02,1,validation
grabmyo-S25-K3-seed3417,25,3,3417,wrist_extension,grabmyo-S025-D1-wrist_extension-T07,grabmyo-S025-D1-wrist_extension-T07,grabmyo-S025-D1-wrist_extension-T07,1,validation
grabmyo-S25-K3-seed3417,25,3,3417,wrist_flexion,grabmyo-S025-D1-wrist_flexion-T03,grabmyo-S025-D1-wrist_flexion-T03,grabmyo-S025-D1-wrist_flexion-T03,1,validation
grabmyo-S25-K3-seed3417,25,3,3417,wrist_flexion,grabmyo-S025-D1-wrist_flexion-T04,grabmyo-S025-D1-wrist_flexion-T04,grabmyo-S025-D1-wrist_flexion-T04,1,validation
grabmyo-S25-K3-seed3417,25,3,3417,wrist_flexion,grabmyo-S025-D1-wrist_flexion-T05,grabmyo-S025-D1-wrist_flexion-T05,grabmyo-S025-D1-wrist_flexion-T05,1,validation
grabmyo-S26-K3-seed3417,26,3,3417,hand_close,grabmyo-S026-D1-hand_close-T02,grabmyo-S026-D1-hand_close-T02,grabmyo-S026-D1-hand_close-T02,1,validation
grabmyo-S26-K3-seed3417,26,3,3417,hand_close,grabmyo-S026-D1-hand_close-T04,grabmyo-S026-D1-hand_close-T04,grabmyo-S026-D1-hand_close-T04,1,validation
grabmyo-S26-K3-seed3417,26,3,3417,hand_close,grabmyo-S026-D1-hand_close-T07,grabmyo-S026-D1-hand_close-T07,grabmyo-S026-D1-hand_close-T07,1,validation
grabmyo-S26-K3-seed3417,26,3,3417,rest,grabmyo-S026-D1-rest-T02,grabmyo-S026-D1-rest-T02,grabmyo-S026-D1-rest-T02,1,validation
grabmyo-S26-K3-seed3417,26,3,3417,rest,grabmyo-S026-D1-rest-T03,grabmyo-S026-D1-rest-T03,grabmyo-S026-D1-rest-T03,1,validation
grabmyo-S26-K3-seed3417,26,3,3417,rest,grabmyo-S026-D1-rest-T04,grabmyo-S026-D1-rest-T04,grabmyo-S026-D1-rest-T04,1,validation
grabmyo-S26-K3-seed3417,26,3,3417,wrist_extension,grabmyo-S026-D1-wrist_extension-T02,grabmyo-S026-D1-wrist_extension-T02,grabmyo-S026-D1-wrist_extension-T02,1,validation
grabmyo-S26-K3-seed3417,26,3,3417,wrist_extension,grabmyo-S026-D1-wrist_extension-T03,grabmyo-S026-D1-wrist_extension-T03,grabmyo-S026-D1-wrist_extension-T03,1,validation
grabmyo-S26-K3-seed3417,26,3,3417,wrist_extension,grabmyo-S026-D1-wrist_extension-T05,grabmyo-S026-D1-wrist_extension-T05,grabmyo-S026-D1-wrist_extension-T05,1,validation
grabmyo-S26-K3-seed3417,26,3,3417,wrist_flexion,grabmyo-S026-D1-wrist_flexion-T01,grabmyo-S026-D1-wrist_flexion-T01,grabmyo-S026-D1-wrist_flexion-T01,1,validation
grabmyo-S26-K3-seed3417,26,3,3417,wrist_flexion,grabmyo-S026-D1-wrist_flexion-T02,grabmyo-S026-D1-wrist_flexion-T02,grabmyo-S026-D1-wrist_flexion-T02,1,validation
grabmyo-S26-K3-seed3417,26,3,3417,wrist_flexion,grabmyo-S026-D1-wrist_flexion-T04,grabmyo-S026-D1-wrist_flexion-T04,grabmyo-S026-D1-wrist_flexion-T04,1,validation
grabmyo-S29-K3-seed3417,29,3,3417,hand_close,grabmyo-S029-D1-hand_close-T05,grabmyo-S029-D1-hand_close-T05,grabmyo-S029-D1-hand_close-T05,1,validation
grabmyo-S29-K3-seed3417,29,3,3417,hand_close,grabmyo-S029-D1-hand_close-T06,grabmyo-S029-D1-hand_close-T06,grabmyo-S029-D1-hand_close-T06,1,validation
grabmyo-S29-K3-seed3417,29,3,3417,hand_close,grabmyo-S029-D1-hand_close-T07,grabmyo-S029-D1-hand_close-T07,grabmyo-S029-D1-hand_close-T07,1,validation
grabmyo-S29-K3-seed3417,29,3,3417,rest,grabmyo-S029-D1-rest-T01,grabmyo-S029-D1-rest-T01,grabmyo-S029-D1-rest-T01,1,validation
grabmyo-S29-K3-seed3417,29,3,3417,rest,grabmyo-S029-D1-rest-T02,grabmyo-S029-D1-rest-T02,grabmyo-S029-D1-rest-T02,1,validation
grabmyo-S29-K3-seed3417,29,3,3417,rest,grabmyo-S029-D1-rest-T03,grabmyo-S029-D1-rest-T03,grabmyo-S029-D1-rest-T03,1,validation
grabmyo-S29-K3-seed3417,29,3,3417,wrist_extension,grabmyo-S029-D1-wrist_extension-T01,grabmyo-S029-D1-wrist_extension-T01,grabmyo-S029-D1-wrist_extension-T01,1,validation
grabmyo-S29-K3-seed3417,29,3,3417,wrist_extension,grabmyo-S029-D1-wrist_extension-T03,grabmyo-S029-D1-wrist_extension-T03,grabmyo-S029-D1-wrist_extension-T03,1,validation
grabmyo-S29-K3-seed3417,29,3,3417,wrist_extension,grabmyo-S029-D1-wrist_extension-T06,grabmyo-S029-D1-wrist_extension-T06,grabmyo-S029-D1-wrist_extension-T06,1,validation
grabmyo-S29-K3-seed3417,29,3,3417,wrist_flexion,grabmyo-S029-D1-wrist_flexion-T03,grabmyo-S029-D1-wrist_flexion-T03,grabmyo-S029-D1-wrist_flexion-T03,1,validation
grabmyo-S29-K3-seed3417,29,3,3417,wrist_flexion,grabmyo-S029-D1-wrist_flexion-T04,grabmyo-S029-D1-wrist_flexion-T04,grabmyo-S029-D1-wrist_flexion-T04,1,validation
grabmyo-S29-K3-seed3417,29,3,3417,wrist_flexion,grabmyo-S029-D1-wrist_flexion-T05,grabmyo-S029-D1-wrist_flexion-T05,grabmyo-S029-D1-wrist_flexion-T05,1,validation
grabmyo-S33-K3-seed3417,33,3,3417,hand_close,grabmyo-S033-D1-hand_close-T01,grabmyo-S033-D1-hand_close-T01,grabmyo-S033-D1-hand_close-T01,1,validation
grabmyo-S33-K3-seed3417,33,3,3417,hand_close,grabmyo-S033-D1-hand_close-T03,grabmyo-S033-D1-hand_close-T03,grabmyo-S033-D1-hand_close-T03,1,validation
grabmyo-S33-K3-seed3417,33,3,3417,hand_close,grabmyo-S033-D1-hand_close-T07,grabmyo-S033-D1-hand_close-T07,grabmyo-S033-D1-hand_close-T07,1,validation
grabmyo-S33-K3-seed3417,33,3,3417,rest,grabmyo-S033-D1-rest-T01,grabmyo-S033-D1-rest-T01,grabmyo-S033-D1-rest-T01,1,validation
grabmyo-S33-K3-seed3417,33,3,3417,rest,grabmyo-S033-D1-rest-T02,grabmyo-S033-D1-rest-T02,grabmyo-S033-D1-rest-T02,1,validation
grabmyo-S33-K3-seed3417,33,3,3417,rest,grabmyo-S033-D1-rest-T04,grabmyo-S033-D1-rest-T04,grabmyo-S033-D1-rest-T04,1,validation
grabmyo-S33-K3-seed3417,33,3,3417,wrist_extension,grabmyo-S033-D1-wrist_extension-T01,grabmyo-S033-D1-wrist_extension-T01,grabmyo-S033-D1-wrist_extension-T01,1,validation
grabmyo-S33-K3-seed3417,33,3,3417,wrist_extension,grabmyo-S033-D1-wrist_extension-T02,grabmyo-S033-D1-wrist_extension-T02,grabmyo-S033-D1-wrist_extension-T02,1,validation
grabmyo-S33-K3-seed3417,33,3,3417,wrist_extension,grabmyo-S033-D1-wrist_extension-T05,grabmyo-S033-D1-wrist_extension-T05,grabmyo-S033-D1-wrist_extension-T05,1,validation
grabmyo-S33-K3-seed3417,33,3,3417,wrist_flexion,grabmyo-S033-D1-wrist_flexion-T02,grabmyo-S033-D1-wrist_flexion-T02,grabmyo-S033-D1-wrist_flexion-T02,1,validation
grabmyo-S33-K3-seed3417,33,3,3417,wrist_flexion,grabmyo-S033-D1-wrist_flexion-T05,grabmyo-S033-D1-wrist_flexion-T05,grabmyo-S033-D1-wrist_flexion-T05,1,validation
grabmyo-S33-K3-seed3417,33,3,3417,wrist_flexion,grabmyo-S033-D1-wrist_flexion-T07,grabmyo-S033-D1-wrist_flexion-T07,grabmyo-S033-D1-wrist_flexion-T07,1,validation
grabmyo-S34-K3-seed3417,34,3,3417,hand_close,grabmyo-S034-D1-hand_close-T01,grabmyo-S034-D1-hand_close-T01,grabmyo-S034-D1-hand_close-T01,1,validation
grabmyo-S34-K3-seed3417,34,3,3417,hand_close,grabmyo-S034-D1-hand_close-T04,grabmyo-S034-D1-hand_close-T04,grabmyo-S034-D1-hand_close-T04,1,validation
grabmyo-S34-K3-seed3417,34,3,3417,hand_close,grabmyo-S034-D1-hand_close-T05,grabmyo-S034-D1-hand_close-T05,grabmyo-S034-D1-hand_close-T05,1,validation
grabmyo-S34-K3-seed3417,34,3,3417,rest,grabmyo-S034-D1-rest-T03,grabmyo-S034-D1-rest-T03,grabmyo-S034-D1-rest-T03,1,validation
grabmyo-S34-K3-seed3417,34,3,3417,rest,grabmyo-S034-D1-rest-T05,grabmyo-S034-D1-rest-T05,grabmyo-S034-D1-rest-T05,1,validation
grabmyo-S34-K3-seed3417,34,3,3417,rest,grabmyo-S034-D1-rest-T06,grabmyo-S034-D1-rest-T06,grabmyo-S034-D1-rest-T06,1,validation
grabmyo-S34-K3-seed3417,34,3,3417,wrist_extension,grabmyo-S034-D1-wrist_extension-T02,grabmyo-S034-D1-wrist_extension-T02,grabmyo-S034-D1-wrist_extension-T02,1,validation
grabmyo-S34-K3-seed3417,34,3,3417,wrist_extension,grabmyo-S034-D1-wrist_extension-T03,grabmyo-S034-D1-wrist_extension-T03,grabmyo-S034-D1-wrist_extension-T03,1,validation
grabmyo-S34-K3-seed3417,34,3,3417,wrist_extension,grabmyo-S034-D1-wrist_extension-T07,grabmyo-S034-D1-wrist_extension-T07,grabmyo-S034-D1-wrist_extension-T07,1,validation
grabmyo-S34-K3-seed3417,34,3,3417,wrist_flexion,grabmyo-S034-D1-wrist_flexion-T05,grabmyo-S034-D1-wrist_flexion-T05,grabmyo-S034-D1-wrist_flexion-T05,1,validation
grabmyo-S34-K3-seed3417,34,3,3417,wrist_flexion,grabmyo-S034-D1-wrist_flexion-T06,grabmyo-S034-D1-wrist_flexion-T06,grabmyo-S034-D1-wrist_flexion-T06,1,validation
grabmyo-S34-K3-seed3417,34,3,3417,wrist_flexion,grabmyo-S034-D1-wrist_flexion-T07,grabmyo-S034-D1-wrist_flexion-T07,grabmyo-S034-D1-wrist_flexion-T07,1,validation
grabmyo-S35-K3-seed3417,35,3,3417,hand_close,grabmyo-S035-D1-hand_close-T03,grabmyo-S035-D1-hand_close-T03,grabmyo-S035-D1-hand_close-T03,1,validation
grabmyo-S35-K3-seed3417,35,3,3417,hand_close,grabmyo-S035-D1-hand_close-T05,grabmyo-S035-D1-hand_close-T05,grabmyo-S035-D1-hand_close-T05,1,validation
grabmyo-S35-K3-seed3417,35,3,3417,hand_close,grabmyo-S035-D1-hand_close-T06,grabmyo-S035-D1-hand_close-T06,grabmyo-S035-D1-hand_close-T06,1,validation
grabmyo-S35-K3-seed3417,35,3,3417,rest,grabmyo-S035-D1-rest-T03,grabmyo-S035-D1-rest-T03,grabmyo-S035-D1-rest-T03,1,validation
grabmyo-S35-K3-seed3417,35,3,3417,rest,grabmyo-S035-D1-rest-T05,grabmyo-S035-D1-rest-T05,grabmyo-S035-D1-rest-T05,1,validation
grabmyo-S35-K3-seed3417,35,3,3417,rest,grabmyo-S035-D1-rest-T07,grabmyo-S035-D1-rest-T07,grabmyo-S035-D1-rest-T07,1,validation
grabmyo-S35-K3-seed3417,35,3,3417,wrist_extension,grabmyo-S035-D1-wrist_extension-T02,grabmyo-S035-D1-wrist_extension-T02,grabmyo-S035-D1-wrist_extension-T02,1,validation
grabmyo-S35-K3-seed3417,35,3,3417,wrist_extension,grabmyo-S035-D1-wrist_extension-T03,grabmyo-S035-D1-wrist_extension-T03,grabmyo-S035-D1-wrist_extension-T03,1,validation
grabmyo-S35-K3-seed3417,35,3,3417,wrist_extension,grabmyo-S035-D1-wrist_extension-T07,grabmyo-S035-D1-wrist_extension-T07,grabmyo-S035-D1-wrist_extension-T07,1,validation
grabmyo-S35-K3-seed3417,35,3,3417,wrist_flexion,grabmyo-S035-D1-wrist_flexion-T03,grabmyo-S035-D1-wrist_flexion-T03,grabmyo-S035-D1-wrist_flexion-T03,1,validation
grabmyo-S35-K3-seed3417,35,3,3417,wrist_flexion,grabmyo-S035-D1-wrist_flexion-T05,grabmyo-S035-D1-wrist_flexion-T05,grabmyo-S035-D1-wrist_flexion-T05,1,validation
grabmyo-S35-K3-seed3417,35,3,3417,wrist_flexion,grabmyo-S035-D1-wrist_flexion-T06,grabmyo-S035-D1-wrist_flexion-T06,grabmyo-S035-D1-wrist_flexion-T06,1,validation
grabmyo-S41-K3-seed3417,41,3,3417,hand_close,grabmyo-S041-D1-hand_close-T03,grabmyo-S041-D1-hand_close-T03,grabmyo-S041-D1-hand_close-T03,1,validation
grabmyo-S41-K3-seed3417,41,3,3417,hand_close,grabmyo-S041-D1-hand_close-T05,grabmyo-S041-D1-hand_close-T05,grabmyo-S041-D1-hand_close-T05,1,validation
grabmyo-S41-K3-seed3417,41,3,3417,hand_close,grabmyo-S041-D1-hand_close-T07,grabmyo-S041-D1-hand_close-T07,grabmyo-S041-D1-hand_close-T07,1,validation
grabmyo-S41-K3-seed3417,41,3,3417,rest,grabmyo-S041-D1-rest-T01,grabmyo-S041-D1-rest-T01,grabmyo-S041-D1-rest-T01,1,validation
grabmyo-S41-K3-seed3417,41,3,3417,rest,grabmyo-S041-D1-rest-T03,grabmyo-S041-D1-rest-T03,grabmyo-S041-D1-rest-T03,1,validation
grabmyo-S41-K3-seed3417,41,3,3417,rest,grabmyo-S041-D1-rest-T05,grabmyo-S041-D1-rest-T05,grabmyo-S041-D1-rest-T05,1,validation
grabmyo-S41-K3-seed3417,41,3,3417,wrist_extension,grabmyo-S041-D1-wrist_extension-T03,grabmyo-S041-D1-wrist_extension-T03,grabmyo-S041-D1-wrist_extension-T03,1,validation
grabmyo-S41-K3-seed3417,41,3,3417,wrist_extension,grabmyo-S041-D1-wrist_extension-T04,grabmyo-S041-D1-wrist_extension-T04,grabmyo-S041-D1-wrist_extension-T04,1,validation
grabmyo-S41-K3-seed3417,41,3,3417,wrist_extension,grabmyo-S041-D1-wrist_extension-T07,grabmyo-S041-D1-wrist_extension-T07,grabmyo-S041-D1-wrist_extension-T07,1,validation
grabmyo-S41-K3-seed3417,41,3,3417,wrist_flexion,grabmyo-S041-D1-wrist_flexion-T01,grabmyo-S041-D1-wrist_flexion-T01,grabmyo-S041-D1-wrist_flexion-T01,1,validation
grabmyo-S41-K3-seed3417,41,3,3417,wrist_flexion,grabmyo-S041-D1-wrist_flexion-T03,grabmyo-S041-D1-wrist_flexion-T03,grabmyo-S041-D1-wrist_flexion-T03,1,validation
grabmyo-S41-K3-seed3417,41,3,3417,wrist_flexion,grabmyo-S041-D1-wrist_flexion-T07,grabmyo-S041-D1-wrist_flexion-T07,grabmyo-S041-D1-wrist_flexion-T07,1,validation
grabmyo-S12-K3-seed3418,12,3,3418,hand_close,grabmyo-S012-D1-hand_close-T03,grabmyo-S012-D1-hand_close-T03,grabmyo-S012-D1-hand_close-T03,1,validation
grabmyo-S12-K3-seed3418,12,3,3418,hand_close,grabmyo-S012-D1-hand_close-T06,grabmyo-S012-D1-hand_close-T06,grabmyo-S012-D1-hand_close-T06,1,validation
grabmyo-S12-K3-seed3418,12,3,3418,hand_close,grabmyo-S012-D1-hand_close-T07,grabmyo-S012-D1-hand_close-T07,grabmyo-S012-D1-hand_close-T07,1,validation
grabmyo-S12-K3-seed3418,12,3,3418,rest,grabmyo-S012-D1-rest-T02,grabmyo-S012-D1-rest-T02,grabmyo-S012-D1-rest-T02,1,validation
grabmyo-S12-K3-seed3418,12,3,3418,rest,grabmyo-S012-D1-rest-T03,grabmyo-S012-D1-rest-T03,grabmyo-S012-D1-rest-T03,1,validation
grabmyo-S12-K3-seed3418,12,3,3418,rest,grabmyo-S012-D1-rest-T06,grabmyo-S012-D1-rest-T06,grabmyo-S012-D1-rest-T06,1,validation
grabmyo-S12-K3-seed3418,12,3,3418,wrist_extension,grabmyo-S012-D1-wrist_extension-T01,grabmyo-S012-D1-wrist_extension-T01,grabmyo-S012-D1-wrist_extension-T01,1,validation
grabmyo-S12-K3-seed3418,12,3,3418,wrist_extension,grabmyo-S012-D1-wrist_extension-T04,grabmyo-S012-D1-wrist_extension-T04,grabmyo-S012-D1-wrist_extension-T04,1,validation
grabmyo-S12-K3-seed3418,12,3,3418,wrist_extension,grabmyo-S012-D1-wrist_extension-T05,grabmyo-S012-D1-wrist_extension-T05,grabmyo-S012-D1-wrist_extension-T05,1,validation
grabmyo-S12-K3-seed3418,12,3,3418,wrist_flexion,grabmyo-S012-D1-wrist_flexion-T04,grabmyo-S012-D1-wrist_flexion-T04,grabmyo-S012-D1-wrist_flexion-T04,1,validation
grabmyo-S12-K3-seed3418,12,3,3418,wrist_flexion,grabmyo-S012-D1-wrist_flexion-T05,grabmyo-S012-D1-wrist_flexion-T05,grabmyo-S012-D1-wrist_flexion-T05,1,validation
grabmyo-S12-K3-seed3418,12,3,3418,wrist_flexion,grabmyo-S012-D1-wrist_flexion-T06,grabmyo-S012-D1-wrist_flexion-T06,grabmyo-S012-D1-wrist_flexion-T06,1,validation
grabmyo-S13-K3-seed3418,13,3,3418,hand_close,grabmyo-S013-D1-hand_close-T04,grabmyo-S013-D1-hand_close-T04,grabmyo-S013-D1-hand_close-T04,1,validation
grabmyo-S13-K3-seed3418,13,3,3418,hand_close,grabmyo-S013-D1-hand_close-T05,grabmyo-S013-D1-hand_close-T05,grabmyo-S013-D1-hand_close-T05,1,validation
grabmyo-S13-K3-seed3418,13,3,3418,hand_close,grabmyo-S013-D1-hand_close-T07,grabmyo-S013-D1-hand_close-T07,grabmyo-S013-D1-hand_close-T07,1,validation
grabmyo-S13-K3-seed3418,13,3,3418,rest,grabmyo-S013-D1-rest-T02,grabmyo-S013-D1-rest-T02,grabmyo-S013-D1-rest-T02,1,validation
grabmyo-S13-K3-seed3418,13,3,3418,rest,grabmyo-S013-D1-rest-T03,grabmyo-S013-D1-rest-T03,grabmyo-S013-D1-rest-T03,1,validation
grabmyo-S13-K3-seed3418,13,3,3418,rest,grabmyo-S013-D1-rest-T04,grabmyo-S013-D1-rest-T04,grabmyo-S013-D1-rest-T04,1,validation
grabmyo-S13-K3-seed3418,13,3,3418,wrist_extension,grabmyo-S013-D1-wrist_extension-T03,grabmyo-S013-D1-wrist_extension-T03,grabmyo-S013-D1-wrist_extension-T03,1,validation
grabmyo-S13-K3-seed3418,13,3,3418,wrist_extension,grabmyo-S013-D1-wrist_extension-T04,grabmyo-S013-D1-wrist_extension-T04,grabmyo-S013-D1-wrist_extension-T04,1,validation
grabmyo-S13-K3-seed3418,13,3,3418,wrist_extension,grabmyo-S013-D1-wrist_extension-T06,grabmyo-S013-D1-wrist_extension-T06,grabmyo-S013-D1-wrist_extension-T06,1,validation
grabmyo-S13-K3-seed3418,13,3,3418,wrist_flexion,grabmyo-S013-D1-wrist_flexion-T01,grabmyo-S013-D1-wrist_flexion-T01,grabmyo-S013-D1-wrist_flexion-T01,1,validation
grabmyo-S13-K3-seed3418,13,3,3418,wrist_flexion,grabmyo-S013-D1-wrist_flexion-T03,grabmyo-S013-D1-wrist_flexion-T03,grabmyo-S013-D1-wrist_flexion-T03,1,validation
grabmyo-S13-K3-seed3418,13,3,3418,wrist_flexion,grabmyo-S013-D1-wrist_flexion-T05,grabmyo-S013-D1-wrist_flexion-T05,grabmyo-S013-D1-wrist_flexion-T05,1,validation
grabmyo-S25-K3-seed3418,25,3,3418,hand_close,grabmyo-S025-D1-hand_close-T03,grabmyo-S025-D1-hand_close-T03,grabmyo-S025-D1-hand_close-T03,1,validation
grabmyo-S25-K3-seed3418,25,3,3418,hand_close,grabmyo-S025-D1-hand_close-T04,grabmyo-S025-D1-hand_close-T04,grabmyo-S025-D1-hand_close-T04,1,validation
grabmyo-S25-K3-seed3418,25,3,3418,hand_close,grabmyo-S025-D1-hand_close-T07,grabmyo-S025-D1-hand_close-T07,grabmyo-S025-D1-hand_close-T07,1,validation
grabmyo-S25-K3-seed3418,25,3,3418,rest,grabmyo-S025-D1-rest-T01,grabmyo-S025-D1-rest-T01,grabmyo-S025-D1-rest-T01,1,validation
grabmyo-S25-K3-seed3418,25,3,3418,rest,grabmyo-S025-D1-rest-T02,grabmyo-S025-D1-rest-T02,grabmyo-S025-D1-rest-T02,1,validation
grabmyo-S25-K3-seed3418,25,3,3418,rest,grabmyo-S025-D1-rest-T05,grabmyo-S025-D1-rest-T05,grabmyo-S025-D1-rest-T05,1,validation
grabmyo-S25-K3-seed3418,25,3,3418,wrist_extension,grabmyo-S025-D1-wrist_extension-T01,grabmyo-S025-D1-wrist_extension-T01,grabmyo-S025-D1-wrist_extension-T01,1,validation
grabmyo-S25-K3-seed3418,25,3,3418,wrist_extension,grabmyo-S025-D1-wrist_extension-T02,grabmyo-S025-D1-wrist_extension-T02,grabmyo-S025-D1-wrist_extension-T02,1,validation
grabmyo-S25-K3-seed3418,25,3,3418,wrist_extension,grabmyo-S025-D1-wrist_extension-T03,grabmyo-S025-D1-wrist_extension-T03,grabmyo-S025-D1-wrist_extension-T03,1,validation
grabmyo-S25-K3-seed3418,25,3,3418,wrist_flexion,grabmyo-S025-D1-wrist_flexion-T01,grabmyo-S025-D1-wrist_flexion-T01,grabmyo-S025-D1-wrist_flexion-T01,1,validation
grabmyo-S25-K3-seed3418,25,3,3418,wrist_flexion,grabmyo-S025-D1-wrist_flexion-T02,grabmyo-S025-D1-wrist_flexion-T02,grabmyo-S025-D1-wrist_flexion-T02,1,validation
grabmyo-S25-K3-seed3418,25,3,3418,wrist_flexion,grabmyo-S025-D1-wrist_flexion-T06,grabmyo-S025-D1-wrist_flexion-T06,grabmyo-S025-D1-wrist_flexion-T06,1,validation
grabmyo-S26-K3-seed3418,26,3,3418,hand_close,grabmyo-S026-D1-hand_close-T01,grabmyo-S026-D1-hand_close-T01,grabmyo-S026-D1-hand_close-T01,1,validation
grabmyo-S26-K3-seed3418,26,3,3418,hand_close,grabmyo-S026-D1-hand_close-T02,grabmyo-S026-D1-hand_close-T02,grabmyo-S026-D1-hand_close-T02,1,validation
grabmyo-S26-K3-seed3418,26,3,3418,hand_close,grabmyo-S026-D1-hand_close-T04,grabmyo-S026-D1-hand_close-T04,grabmyo-S026-D1-hand_close-T04,1,validation
grabmyo-S26-K3-seed3418,26,3,3418,rest,grabmyo-S026-D1-rest-T03,grabmyo-S026-D1-rest-T03,grabmyo-S026-D1-rest-T03,1,validation
grabmyo-S26-K3-seed3418,26,3,3418,rest,grabmyo-S026-D1-rest-T06,grabmyo-S026-D1-rest-T06,grabmyo-S026-D1-rest-T06,1,validation
grabmyo-S26-K3-seed3418,26,3,3418,rest,grabmyo-S026-D1-rest-T07,grabmyo-S026-D1-rest-T07,grabmyo-S026-D1-rest-T07,1,validation
grabmyo-S26-K3-seed3418,26,3,3418,wrist_extension,grabmyo-S026-D1-wrist_extension-T01,grabmyo-S026-D1-wrist_extension-T01,grabmyo-S026-D1-wrist_extension-T01,1,validation
grabmyo-S26-K3-seed3418,26,3,3418,wrist_extension,grabmyo-S026-D1-wrist_extension-T02,grabmyo-S026-D1-wrist_extension-T02,grabmyo-S026-D1-wrist_extension-T02,1,validation
grabmyo-S26-K3-seed3418,26,3,3418,wrist_extension,grabmyo-S026-D1-wrist_extension-T07,grabmyo-S026-D1-wrist_extension-T07,grabmyo-S026-D1-wrist_extension-T07,1,validation
grabmyo-S26-K3-seed3418,26,3,3418,wrist_flexion,grabmyo-S026-D1-wrist_flexion-T04,grabmyo-S026-D1-wrist_flexion-T04,grabmyo-S026-D1-wrist_flexion-T04,1,validation
grabmyo-S26-K3-seed3418,26,3,3418,wrist_flexion,grabmyo-S026-D1-wrist_flexion-T05,grabmyo-S026-D1-wrist_flexion-T05,grabmyo-S026-D1-wrist_flexion-T05,1,validation
grabmyo-S26-K3-seed3418,26,3,3418,wrist_flexion,grabmyo-S026-D1-wrist_flexion-T06,grabmyo-S026-D1-wrist_flexion-T06,grabmyo-S026-D1-wrist_flexion-T06,1,validation
grabmyo-S29-K3-seed3418,29,3,3418,hand_close,grabmyo-S029-D1-hand_close-T01,grabmyo-S029-D1-hand_close-T01,grabmyo-S029-D1-hand_close-T01,1,validation
grabmyo-S29-K3-seed3418,29,3,3418,hand_close,grabmyo-S029-D1-hand_close-T06,grabmyo-S029-D1-hand_close-T06,grabmyo-S029-D1-hand_close-T06,1,validation
grabmyo-S29-K3-seed3418,29,3,3418,hand_close,grabmyo-S029-D1-hand_close-T07,grabmyo-S029-D1-hand_close-T07,grabmyo-S029-D1-hand_close-T07,1,validation
grabmyo-S29-K3-seed3418,29,3,3418,rest,grabmyo-S029-D1-rest-T01,grabmyo-S029-D1-rest-T01,grabmyo-S029-D1-rest-T01,1,validation
grabmyo-S29-K3-seed3418,29,3,3418,rest,grabmyo-S029-D1-rest-T02,grabmyo-S029-D1-rest-T02,grabmyo-S029-D1-rest-T02,1,validation
grabmyo-S29-K3-seed3418,29,3,3418,rest,grabmyo-S029-D1-rest-T05,grabmyo-S029-D1-rest-T05,grabmyo-S029-D1-rest-T05,1,validation
grabmyo-S29-K3-seed3418,29,3,3418,wrist_extension,grabmyo-S029-D1-wrist_extension-T05,grabmyo-S029-D1-wrist_extension-T05,grabmyo-S029-D1-wrist_extension-T05,1,validation
grabmyo-S29-K3-seed3418,29,3,3418,wrist_extension,grabmyo-S029-D1-wrist_extension-T06,grabmyo-S029-D1-wrist_extension-T06,grabmyo-S029-D1-wrist_extension-T06,1,validation
grabmyo-S29-K3-seed3418,29,3,3418,wrist_extension,grabmyo-S029-D1-wrist_extension-T07,grabmyo-S029-D1-wrist_extension-T07,grabmyo-S029-D1-wrist_extension-T07,1,validation
grabmyo-S29-K3-seed3418,29,3,3418,wrist_flexion,grabmyo-S029-D1-wrist_flexion-T02,grabmyo-S029-D1-wrist_flexion-T02,grabmyo-S029-D1-wrist_flexion-T02,1,validation
grabmyo-S29-K3-seed3418,29,3,3418,wrist_flexion,grabmyo-S029-D1-wrist_flexion-T04,grabmyo-S029-D1-wrist_flexion-T04,grabmyo-S029-D1-wrist_flexion-T04,1,validation
grabmyo-S29-K3-seed3418,29,3,3418,wrist_flexion,grabmyo-S029-D1-wrist_flexion-T05,grabmyo-S029-D1-wrist_flexion-T05,grabmyo-S029-D1-wrist_flexion-T05,1,validation
grabmyo-S33-K3-seed3418,33,3,3418,hand_close,grabmyo-S033-D1-hand_close-T03,grabmyo-S033-D1-hand_close-T03,grabmyo-S033-D1-hand_close-T03,1,validation
grabmyo-S33-K3-seed3418,33,3,3418,hand_close,grabmyo-S033-D1-hand_close-T04,grabmyo-S033-D1-hand_close-T04,grabmyo-S033-D1-hand_close-T04,1,validation
grabmyo-S33-K3-seed3418,33,3,3418,hand_close,grabmyo-S033-D1-hand_close-T05,grabmyo-S033-D1-hand_close-T05,grabmyo-S033-D1-hand_close-T05,1,validation
grabmyo-S33-K3-seed3418,33,3,3418,rest,grabmyo-S033-D1-rest-T01,grabmyo-S033-D1-rest-T01,grabmyo-S033-D1-rest-T01,1,validation
grabmyo-S33-K3-seed3418,33,3,3418,rest,grabmyo-S033-D1-rest-T02,grabmyo-S033-D1-rest-T02,grabmyo-S033-D1-rest-T02,1,validation
grabmyo-S33-K3-seed3418,33,3,3418,rest,grabmyo-S033-D1-rest-T07,grabmyo-S033-D1-rest-T07,grabmyo-S033-D1-rest-T07,1,validation
grabmyo-S33-K3-seed3418,33,3,3418,wrist_extension,grabmyo-S033-D1-wrist_extension-T02,grabmyo-S033-D1-wrist_extension-T02,grabmyo-S033-D1-wrist_extension-T02,1,validation
grabmyo-S33-K3-seed3418,33,3,3418,wrist_extension,grabmyo-S033-D1-wrist_extension-T03,grabmyo-S033-D1-wrist_extension-T03,grabmyo-S033-D1-wrist_extension-T03,1,validation
grabmyo-S33-K3-seed3418,33,3,3418,wrist_extension,grabmyo-S033-D1-wrist_extension-T04,grabmyo-S033-D1-wrist_extension-T04,grabmyo-S033-D1-wrist_extension-T04,1,validation
grabmyo-S33-K3-seed3418,33,3,3418,wrist_flexion,grabmyo-S033-D1-wrist_flexion-T03,grabmyo-S033-D1-wrist_flexion-T03,grabmyo-S033-D1-wrist_flexion-T03,1,validation
grabmyo-S33-K3-seed3418,33,3,3418,wrist_flexion,grabmyo-S033-D1-wrist_flexion-T04,grabmyo-S033-D1-wrist_flexion-T04,grabmyo-S033-D1-wrist_flexion-T04,1,validation
grabmyo-S33-K3-seed3418,33,3,3418,wrist_flexion,grabmyo-S033-D1-wrist_flexion-T07,grabmyo-S033-D1-wrist_flexion-T07,grabmyo-S033-D1-wrist_flexion-T07,1,validation
grabmyo-S34-K3-seed3418,34,3,3418,hand_close,grabmyo-S034-D1-hand_close-T03,grabmyo-S034-D1-hand_close-T03,grabmyo-S034-D1-hand_close-T03,1,validation
grabmyo-S34-K3-seed3418,34,3,3418,hand_close,grabmyo-S034-D1-hand_close-T06,grabmyo-S034-D1-hand_close-T06,grabmyo-S034-D1-hand_close-T06,1,validation
grabmyo-S34-K3-seed3418,34,3,3418,hand_close,grabmyo-S034-D1-hand_close-T07,grabmyo-S034-D1-hand_close-T07,grabmyo-S034-D1-hand_close-T07,1,validation
grabmyo-S34-K3-seed3418,34,3,3418,rest,grabmyo-S034-D1-rest-T03,grabmyo-S034-D1-rest-T03,grabmyo-S034-D1-rest-T03,1,validation
grabmyo-S34-K3-seed3418,34,3,3418,rest,grabmyo-S034-D1-rest-T05,grabmyo-S034-D1-rest-T05,grabmyo-S034-D1-rest-T05,1,validation
grabmyo-S34-K3-seed3418,34,3,3418,rest,grabmyo-S034-D1-rest-T06,grabmyo-S034-D1-rest-T06,grabmyo-S034-D1-rest-T06,1,validation
grabmyo-S34-K3-seed3418,34,3,3418,wrist_extension,grabmyo-S034-D1-wrist_extension-T01,grabmyo-S034-D1-wrist_extension-T01,grabmyo-S034-D1-wrist_extension-T01,1,validation
grabmyo-S34-K3-seed3418,34,3,3418,wrist_extension,grabmyo-S034-D1-wrist_extension-T02,grabmyo-S034-D1-wrist_extension-T02,grabmyo-S034-D1-wrist_extension-T02,1,validation
grabmyo-S34-K3-seed3418,34,3,3418,wrist_extension,grabmyo-S034-D1-wrist_extension-T05,grabmyo-S034-D1-wrist_extension-T05,grabmyo-S034-D1-wrist_extension-T05,1,validation
grabmyo-S34-K3-seed3418,34,3,3418,wrist_flexion,grabmyo-S034-D1-wrist_flexion-T01,grabmyo-S034-D1-wrist_flexion-T01,grabmyo-S034-D1-wrist_flexion-T01,1,validation
grabmyo-S34-K3-seed3418,34,3,3418,wrist_flexion,grabmyo-S034-D1-wrist_flexion-T04,grabmyo-S034-D1-wrist_flexion-T04,grabmyo-S034-D1-wrist_flexion-T04,1,validation
grabmyo-S34-K3-seed3418,34,3,3418,wrist_flexion,grabmyo-S034-D1-wrist_flexion-T05,grabmyo-S034-D1-wrist_flexion-T05,grabmyo-S034-D1-wrist_flexion-T05,1,validation
grabmyo-S35-K3-seed3418,35,3,3418,hand_close,grabmyo-S035-D1-hand_close-T04,grabmyo-S035-D1-hand_close-T04,grabmyo-S035-D1-hand_close-T04,1,validation
grabmyo-S35-K3-seed3418,35,3,3418,hand_close,grabmyo-S035-D1-hand_close-T05,grabmyo-S035-D1-hand_close-T05,grabmyo-S035-D1-hand_close-T05,1,validation
grabmyo-S35-K3-seed3418,35,3,3418,hand_close,grabmyo-S035-D1-hand_close-T06,grabmyo-S035-D1-hand_close-T06,grabmyo-S035-D1-hand_close-T06,1,validation
grabmyo-S35-K3-seed3418,35,3,3418,rest,grabmyo-S035-D1-rest-T02,grabmyo-S035-D1-rest-T02,grabmyo-S035-D1-rest-T02,1,validation
grabmyo-S35-K3-seed3418,35,3,3418,rest,grabmyo-S035-D1-rest-T04,grabmyo-S035-D1-rest-T04,grabmyo-S035-D1-rest-T04,1,validation
grabmyo-S35-K3-seed3418,35,3,3418,rest,grabmyo-S035-D1-rest-T06,grabmyo-S035-D1-rest-T06,grabmyo-S035-D1-rest-T06,1,validation
grabmyo-S35-K3-seed3418,35,3,3418,wrist_extension,grabmyo-S035-D1-wrist_extension-T03,grabmyo-S035-D1-wrist_extension-T03,grabmyo-S035-D1-wrist_extension-T03,1,validation
grabmyo-S35-K3-seed3418,35,3,3418,wrist_extension,grabmyo-S035-D1-wrist_extension-T04,grabmyo-S035-D1-wrist_extension-T04,grabmyo-S035-D1-wrist_extension-T04,1,validation
grabmyo-S35-K3-seed3418,35,3,3418,wrist_extension,grabmyo-S035-D1-wrist_extension-T06,grabmyo-S035-D1-wrist_extension-T06,grabmyo-S035-D1-wrist_extension-T06,1,validation
grabmyo-S35-K3-seed3418,35,3,3418,wrist_flexion,grabmyo-S035-D1-wrist_flexion-T03,grabmyo-S035-D1-wrist_flexion-T03,grabmyo-S035-D1-wrist_flexion-T03,1,validation
grabmyo-S35-K3-seed3418,35,3,3418,wrist_flexion,grabmyo-S035-D1-wrist_flexion-T04,grabmyo-S035-D1-wrist_flexion-T04,grabmyo-S035-D1-wrist_flexion-T04,1,validation
grabmyo-S35-K3-seed3418,35,3,3418,wrist_flexion,grabmyo-S035-D1-wrist_flexion-T06,grabmyo-S035-D1-wrist_flexion-T06,grabmyo-S035-D1-wrist_flexion-T06,1,validation
grabmyo-S41-K3-seed3418,41,3,3418,hand_close,grabmyo-S041-D1-hand_close-T01,grabmyo-S041-D1-hand_close-T01,grabmyo-S041-D1-hand_close-T01,1,validation
grabmyo-S41-K3-seed3418,41,3,3418,hand_close,grabmyo-S041-D1-hand_close-T04,grabmyo-S041-D1-hand_close-T04,grabmyo-S041-D1-hand_close-T04,1,validation
grabmyo-S41-K3-seed3418,41,3,3418,hand_close,grabmyo-S041-D1-hand_close-T05,grabmyo-S041-D1-hand_close-T05,grabmyo-S041-D1-hand_close-T05,1,validation
grabmyo-S41-K3-seed3418,41,3,3418,rest,grabmyo-S041-D1-rest-T03,grabmyo-S041-D1-rest-T03,grabmyo-S041-D1-rest-T03,1,validation
grabmyo-S41-K3-seed3418,41,3,3418,rest,grabmyo-S041-D1-rest-T04,grabmyo-S041-D1-rest-T04,grabmyo-S041-D1-rest-T04,1,validation
grabmyo-S41-K3-seed3418,41,3,3418,rest,grabmyo-S041-D1-rest-T05,grabmyo-S041-D1-rest-T05,grabmyo-S041-D1-rest-T05,1,validation
grabmyo-S41-K3-seed3418,41,3,3418,wrist_extension,grabmyo-S041-D1-wrist_extension-T01,grabmyo-S041-D1-wrist_extension-T01,grabmyo-S041-D1-wrist_extension-T01,1,validation
grabmyo-S41-K3-seed3418,41,3,3418,wrist_extension,grabmyo-S041-D1-wrist_extension-T03,grabmyo-S041-D1-wrist_extension-T03,grabmyo-S041-D1-wrist_extension-T03,1,validation
grabmyo-S41-K3-seed3418,41,3,3418,wrist_extension,grabmyo-S041-D1-wrist_extension-T07,grabmyo-S041-D1-wrist_extension-T07,grabmyo-S041-D1-wrist_extension-T07,1,validation
grabmyo-S41-K3-seed3418,41,3,3418,wrist_flexion,grabmyo-S041-D1-wrist_flexion-T03,grabmyo-S041-D1-wrist_flexion-T03,grabmyo-S041-D1-wrist_flexion-T03,1,validation
grabmyo-S41-K3-seed3418,41,3,3418,wrist_flexion,grabmyo-S041-D1-wrist_flexion-T06,grabmyo-S041-D1-wrist_flexion-T06,grabmyo-S041-D1-wrist_flexion-T06,1,validation
grabmyo-S41-K3-seed3418,41,3,3418,wrist_flexion,grabmyo-S041-D1-wrist_flexion-T07,grabmyo-S041-D1-wrist_flexion-T07,grabmyo-S041-D1-wrist_flexion-T07,1,validation
grabmyo-S12-K3-seed3419,12,3,3419,hand_close,grabmyo-S012-D1-hand_close-T03,grabmyo-S012-D1-hand_close-T03,grabmyo-S012-D1-hand_close-T03,1,validation
grabmyo-S12-K3-seed3419,12,3,3419,hand_close,grabmyo-S012-D1-hand_close-T05,grabmyo-S012-D1-hand_close-T05,grabmyo-S012-D1-hand_close-T05,1,validation
grabmyo-S12-K3-seed3419,12,3,3419,hand_close,grabmyo-S012-D1-hand_close-T06,grabmyo-S012-D1-hand_close-T06,grabmyo-S012-D1-hand_close-T06,1,validation
grabmyo-S12-K3-seed3419,12,3,3419,rest,grabmyo-S012-D1-rest-T04,grabmyo-S012-D1-rest-T04,grabmyo-S012-D1-rest-T04,1,validation
grabmyo-S12-K3-seed3419,12,3,3419,rest,grabmyo-S012-D1-rest-T05,grabmyo-S012-D1-rest-T05,grabmyo-S012-D1-rest-T05,1,validation
grabmyo-S12-K3-seed3419,12,3,3419,rest,grabmyo-S012-D1-rest-T07,grabmyo-S012-D1-rest-T07,grabmyo-S012-D1-rest-T07,1,validation
grabmyo-S12-K3-seed3419,12,3,3419,wrist_extension,grabmyo-S012-D1-wrist_extension-T03,grabmyo-S012-D1-wrist_extension-T03,grabmyo-S012-D1-wrist_extension-T03,1,validation
grabmyo-S12-K3-seed3419,12,3,3419,wrist_extension,grabmyo-S012-D1-wrist_extension-T05,grabmyo-S012-D1-wrist_extension-T05,grabmyo-S012-D1-wrist_extension-T05,1,validation
grabmyo-S12-K3-seed3419,12,3,3419,wrist_extension,grabmyo-S012-D1-wrist_extension-T07,grabmyo-S012-D1-wrist_extension-T07,grabmyo-S012-D1-wrist_extension-T07,1,validation
grabmyo-S12-K3-seed3419,12,3,3419,wrist_flexion,grabmyo-S012-D1-wrist_flexion-T01,grabmyo-S012-D1-wrist_flexion-T01,grabmyo-S012-D1-wrist_flexion-T01,1,validation
grabmyo-S12-K3-seed3419,12,3,3419,wrist_flexion,grabmyo-S012-D1-wrist_flexion-T04,grabmyo-S012-D1-wrist_flexion-T04,grabmyo-S012-D1-wrist_flexion-T04,1,validation
grabmyo-S12-K3-seed3419,12,3,3419,wrist_flexion,grabmyo-S012-D1-wrist_flexion-T07,grabmyo-S012-D1-wrist_flexion-T07,grabmyo-S012-D1-wrist_flexion-T07,1,validation
grabmyo-S13-K3-seed3419,13,3,3419,hand_close,grabmyo-S013-D1-hand_close-T01,grabmyo-S013-D1-hand_close-T01,grabmyo-S013-D1-hand_close-T01,1,validation
grabmyo-S13-K3-seed3419,13,3,3419,hand_close,grabmyo-S013-D1-hand_close-T02,grabmyo-S013-D1-hand_close-T02,grabmyo-S013-D1-hand_close-T02,1,validation
grabmyo-S13-K3-seed3419,13,3,3419,hand_close,grabmyo-S013-D1-hand_close-T06,grabmyo-S013-D1-hand_close-T06,grabmyo-S013-D1-hand_close-T06,1,validation
grabmyo-S13-K3-seed3419,13,3,3419,rest,grabmyo-S013-D1-rest-T03,grabmyo-S013-D1-rest-T03,grabmyo-S013-D1-rest-T03,1,validation
grabmyo-S13-K3-seed3419,13,3,3419,rest,grabmyo-S013-D1-rest-T04,grabmyo-S013-D1-rest-T04,grabmyo-S013-D1-rest-T04,1,validation
grabmyo-S13-K3-seed3419,13,3,3419,rest,grabmyo-S013-D1-rest-T07,grabmyo-S013-D1-rest-T07,grabmyo-S013-D1-rest-T07,1,validation
grabmyo-S13-K3-seed3419,13,3,3419,wrist_extension,grabmyo-S013-D1-wrist_extension-T01,grabmyo-S013-D1-wrist_extension-T01,grabmyo-S013-D1-wrist_extension-T01,1,validation
grabmyo-S13-K3-seed3419,13,3,3419,wrist_extension,grabmyo-S013-D1-wrist_extension-T02,grabmyo-S013-D1-wrist_extension-T02,grabmyo-S013-D1-wrist_extension-T02,1,validation
grabmyo-S13-K3-seed3419,13,3,3419,wrist_extension,grabmyo-S013-D1-wrist_extension-T06,grabmyo-S013-D1-wrist_extension-T06,grabmyo-S013-D1-wrist_extension-T06,1,validation
grabmyo-S13-K3-seed3419,13,3,3419,wrist_flexion,grabmyo-S013-D1-wrist_flexion-T03,grabmyo-S013-D1-wrist_flexion-T03,grabmyo-S013-D1-wrist_flexion-T03,1,validation
grabmyo-S13-K3-seed3419,13,3,3419,wrist_flexion,grabmyo-S013-D1-wrist_flexion-T05,grabmyo-S013-D1-wrist_flexion-T05,grabmyo-S013-D1-wrist_flexion-T05,1,validation
grabmyo-S13-K3-seed3419,13,3,3419,wrist_flexion,grabmyo-S013-D1-wrist_flexion-T07,grabmyo-S013-D1-wrist_flexion-T07,grabmyo-S013-D1-wrist_flexion-T07,1,validation
grabmyo-S25-K3-seed3419,25,3,3419,hand_close,grabmyo-S025-D1-hand_close-T04,grabmyo-S025-D1-hand_close-T04,grabmyo-S025-D1-hand_close-T04,1,validation
grabmyo-S25-K3-seed3419,25,3,3419,hand_close,grabmyo-S025-D1-hand_close-T05,grabmyo-S025-D1-hand_close-T05,grabmyo-S025-D1-hand_close-T05,1,validation
grabmyo-S25-K3-seed3419,25,3,3419,hand_close,grabmyo-S025-D1-hand_close-T07,grabmyo-S025-D1-hand_close-T07,grabmyo-S025-D1-hand_close-T07,1,validation
grabmyo-S25-K3-seed3419,25,3,3419,rest,grabmyo-S025-D1-rest-T02,grabmyo-S025-D1-rest-T02,grabmyo-S025-D1-rest-T02,1,validation
grabmyo-S25-K3-seed3419,25,3,3419,rest,grabmyo-S025-D1-rest-T03,grabmyo-S025-D1-rest-T03,grabmyo-S025-D1-rest-T03,1,validation
grabmyo-S25-K3-seed3419,25,3,3419,rest,grabmyo-S025-D1-rest-T06,grabmyo-S025-D1-rest-T06,grabmyo-S025-D1-rest-T06,1,validation
grabmyo-S25-K3-seed3419,25,3,3419,wrist_extension,grabmyo-S025-D1-wrist_extension-T02,grabmyo-S025-D1-wrist_extension-T02,grabmyo-S025-D1-wrist_extension-T02,1,validation
grabmyo-S25-K3-seed3419,25,3,3419,wrist_extension,grabmyo-S025-D1-wrist_extension-T04,grabmyo-S025-D1-wrist_extension-T04,grabmyo-S025-D1-wrist_extension-T04,1,validation
grabmyo-S25-K3-seed3419,25,3,3419,wrist_extension,grabmyo-S025-D1-wrist_extension-T06,grabmyo-S025-D1-wrist_extension-T06,grabmyo-S025-D1-wrist_extension-T06,1,validation
grabmyo-S25-K3-seed3419,25,3,3419,wrist_flexion,grabmyo-S025-D1-wrist_flexion-T02,grabmyo-S025-D1-wrist_flexion-T02,grabmyo-S025-D1-wrist_flexion-T02,1,validation
grabmyo-S25-K3-seed3419,25,3,3419,wrist_flexion,grabmyo-S025-D1-wrist_flexion-T03,grabmyo-S025-D1-wrist_flexion-T03,grabmyo-S025-D1-wrist_flexion-T03,1,validation
grabmyo-S25-K3-seed3419,25,3,3419,wrist_flexion,grabmyo-S025-D1-wrist_flexion-T04,grabmyo-S025-D1-wrist_flexion-T04,grabmyo-S025-D1-wrist_flexion-T04,1,validation
grabmyo-S26-K3-seed3419,26,3,3419,hand_close,grabmyo-S026-D1-hand_close-T01,grabmyo-S026-D1-hand_close-T01,grabmyo-S026-D1-hand_close-T01,1,validation
grabmyo-S26-K3-seed3419,26,3,3419,hand_close,grabmyo-S026-D1-hand_close-T05,grabmyo-S026-D1-hand_close-T05,grabmyo-S026-D1-hand_close-T05,1,validation
grabmyo-S26-K3-seed3419,26,3,3419,hand_close,grabmyo-S026-D1-hand_close-T07,grabmyo-S026-D1-hand_close-T07,grabmyo-S026-D1-hand_close-T07,1,validation
grabmyo-S26-K3-seed3419,26,3,3419,rest,grabmyo-S026-D1-rest-T01,grabmyo-S026-D1-rest-T01,grabmyo-S026-D1-rest-T01,1,validation
grabmyo-S26-K3-seed3419,26,3,3419,rest,grabmyo-S026-D1-rest-T03,grabmyo-S026-D1-rest-T03,grabmyo-S026-D1-rest-T03,1,validation
grabmyo-S26-K3-seed3419,26,3,3419,rest,grabmyo-S026-D1-rest-T05,grabmyo-S026-D1-rest-T05,grabmyo-S026-D1-rest-T05,1,validation
grabmyo-S26-K3-seed3419,26,3,3419,wrist_extension,grabmyo-S026-D1-wrist_extension-T01,grabmyo-S026-D1-wrist_extension-T01,grabmyo-S026-D1-wrist_extension-T01,1,validation
grabmyo-S26-K3-seed3419,26,3,3419,wrist_extension,grabmyo-S026-D1-wrist_extension-T02,grabmyo-S026-D1-wrist_extension-T02,grabmyo-S026-D1-wrist_extension-T02,1,validation
grabmyo-S26-K3-seed3419,26,3,3419,wrist_extension,grabmyo-S026-D1-wrist_extension-T06,grabmyo-S026-D1-wrist_extension-T06,grabmyo-S026-D1-wrist_extension-T06,1,validation
grabmyo-S26-K3-seed3419,26,3,3419,wrist_flexion,grabmyo-S026-D1-wrist_flexion-T03,grabmyo-S026-D1-wrist_flexion-T03,grabmyo-S026-D1-wrist_flexion-T03,1,validation
grabmyo-S26-K3-seed3419,26,3,3419,wrist_flexion,grabmyo-S026-D1-wrist_flexion-T05,grabmyo-S026-D1-wrist_flexion-T05,grabmyo-S026-D1-wrist_flexion-T05,1,validation
grabmyo-S26-K3-seed3419,26,3,3419,wrist_flexion,grabmyo-S026-D1-wrist_flexion-T07,grabmyo-S026-D1-wrist_flexion-T07,grabmyo-S026-D1-wrist_flexion-T07,1,validation
grabmyo-S29-K3-seed3419,29,3,3419,hand_close,grabmyo-S029-D1-hand_close-T01,grabmyo-S029-D1-hand_close-T01,grabmyo-S029-D1-hand_close-T01,1,validation
grabmyo-S29-K3-seed3419,29,3,3419,hand_close,grabmyo-S029-D1-hand_close-T04,grabmyo-S029-D1-hand_close-T04,grabmyo-S029-D1-hand_close-T04,1,validation
grabmyo-S29-K3-seed3419,29,3,3419,hand_close,grabmyo-S029-D1-hand_close-T05,grabmyo-S029-D1-hand_close-T05,grabmyo-S029-D1-hand_close-T05,1,validation
grabmyo-S29-K3-seed3419,29,3,3419,rest,grabmyo-S029-D1-rest-T03,grabmyo-S029-D1-rest-T03,grabmyo-S029-D1-rest-T03,1,validation
grabmyo-S29-K3-seed3419,29,3,3419,rest,grabmyo-S029-D1-rest-T05,grabmyo-S029-D1-rest-T05,grabmyo-S029-D1-rest-T05,1,validation
grabmyo-S29-K3-seed3419,29,3,3419,rest,grabmyo-S029-D1-rest-T06,grabmyo-S029-D1-rest-T06,grabmyo-S029-D1-rest-T06,1,validation
grabmyo-S29-K3-seed3419,29,3,3419,wrist_extension,grabmyo-S029-D1-wrist_extension-T03,grabmyo-S029-D1-wrist_extension-T03,grabmyo-S029-D1-wrist_extension-T03,1,validation
grabmyo-S29-K3-seed3419,29,3,3419,wrist_extension,grabmyo-S029-D1-wrist_extension-T06,grabmyo-S029-D1-wrist_extension-T06,grabmyo-S029-D1-wrist_extension-T06,1,validation
grabmyo-S29-K3-seed3419,29,3,3419,wrist_extension,grabmyo-S029-D1-wrist_extension-T07,grabmyo-S029-D1-wrist_extension-T07,grabmyo-S029-D1-wrist_extension-T07,1,validation
grabmyo-S29-K3-seed3419,29,3,3419,wrist_flexion,grabmyo-S029-D1-wrist_flexion-T02,grabmyo-S029-D1-wrist_flexion-T02,grabmyo-S029-D1-wrist_flexion-T02,1,validation
grabmyo-S29-K3-seed3419,29,3,3419,wrist_flexion,grabmyo-S029-D1-wrist_flexion-T04,grabmyo-S029-D1-wrist_flexion-T04,grabmyo-S029-D1-wrist_flexion-T04,1,validation
grabmyo-S29-K3-seed3419,29,3,3419,wrist_flexion,grabmyo-S029-D1-wrist_flexion-T06,grabmyo-S029-D1-wrist_flexion-T06,grabmyo-S029-D1-wrist_flexion-T06,1,validation
grabmyo-S33-K3-seed3419,33,3,3419,hand_close,grabmyo-S033-D1-hand_close-T02,grabmyo-S033-D1-hand_close-T02,grabmyo-S033-D1-hand_close-T02,1,validation
grabmyo-S33-K3-seed3419,33,3,3419,hand_close,grabmyo-S033-D1-hand_close-T06,grabmyo-S033-D1-hand_close-T06,grabmyo-S033-D1-hand_close-T06,1,validation
grabmyo-S33-K3-seed3419,33,3,3419,hand_close,grabmyo-S033-D1-hand_close-T07,grabmyo-S033-D1-hand_close-T07,grabmyo-S033-D1-hand_close-T07,1,validation
grabmyo-S33-K3-seed3419,33,3,3419,rest,grabmyo-S033-D1-rest-T01,grabmyo-S033-D1-rest-T01,grabmyo-S033-D1-rest-T01,1,validation
grabmyo-S33-K3-seed3419,33,3,3419,rest,grabmyo-S033-D1-rest-T04,grabmyo-S033-D1-rest-T04,grabmyo-S033-D1-rest-T04,1,validation
grabmyo-S33-K3-seed3419,33,3,3419,rest,grabmyo-S033-D1-rest-T06,grabmyo-S033-D1-rest-T06,grabmyo-S033-D1-rest-T06,1,validation
grabmyo-S33-K3-seed3419,33,3,3419,wrist_extension,grabmyo-S033-D1-wrist_extension-T03,grabmyo-S033-D1-wrist_extension-T03,grabmyo-S033-D1-wrist_extension-T03,1,validation
grabmyo-S33-K3-seed3419,33,3,3419,wrist_extension,grabmyo-S033-D1-wrist_extension-T04,grabmyo-S033-D1-wrist_extension-T04,grabmyo-S033-D1-wrist_extension-T04,1,validation
grabmyo-S33-K3-seed3419,33,3,3419,wrist_extension,grabmyo-S033-D1-wrist_extension-T07,grabmyo-S033-D1-wrist_extension-T07,grabmyo-S033-D1-wrist_extension-T07,1,validation
grabmyo-S33-K3-seed3419,33,3,3419,wrist_flexion,grabmyo-S033-D1-wrist_flexion-T01,grabmyo-S033-D1-wrist_flexion-T01,grabmyo-S033-D1-wrist_flexion-T01,1,validation
grabmyo-S33-K3-seed3419,33,3,3419,wrist_flexion,grabmyo-S033-D1-wrist_flexion-T02,grabmyo-S033-D1-wrist_flexion-T02,grabmyo-S033-D1-wrist_flexion-T02,1,validation
grabmyo-S33-K3-seed3419,33,3,3419,wrist_flexion,grabmyo-S033-D1-wrist_flexion-T06,grabmyo-S033-D1-wrist_flexion-T06,grabmyo-S033-D1-wrist_flexion-T06,1,validation
grabmyo-S34-K3-seed3419,34,3,3419,hand_close,grabmyo-S034-D1-hand_close-T02,grabmyo-S034-D1-hand_close-T02,grabmyo-S034-D1-hand_close-T02,1,validation
grabmyo-S34-K3-seed3419,34,3,3419,hand_close,grabmyo-S034-D1-hand_close-T03,grabmyo-S034-D1-hand_close-T03,grabmyo-S034-D1-hand_close-T03,1,validation
grabmyo-S34-K3-seed3419,34,3,3419,hand_close,grabmyo-S034-D1-hand_close-T05,grabmyo-S034-D1-hand_close-T05,grabmyo-S034-D1-hand_close-T05,1,validation
grabmyo-S34-K3-seed3419,34,3,3419,rest,grabmyo-S034-D1-rest-T01,grabmyo-S034-D1-rest-T01,grabmyo-S034-D1-rest-T01,1,validation
grabmyo-S34-K3-seed3419,34,3,3419,rest,grabmyo-S034-D1-rest-T04,grabmyo-S034-D1-rest-T04,grabmyo-S034-D1-rest-T04,1,validation
grabmyo-S34-K3-seed3419,34,3,3419,rest,grabmyo-S034-D1-rest-T06,grabmyo-S034-D1-rest-T06,grabmyo-S034-D1-rest-T06,1,validation
grabmyo-S34-K3-seed3419,34,3,3419,wrist_extension,grabmyo-S034-D1-wrist_extension-T02,grabmyo-S034-D1-wrist_extension-T02,grabmyo-S034-D1-wrist_extension-T02,1,validation
grabmyo-S34-K3-seed3419,34,3,3419,wrist_extension,grabmyo-S034-D1-wrist_extension-T06,grabmyo-S034-D1-wrist_extension-T06,grabmyo-S034-D1-wrist_extension-T06,1,validation
grabmyo-S34-K3-seed3419,34,3,3419,wrist_extension,grabmyo-S034-D1-wrist_extension-T07,grabmyo-S034-D1-wrist_extension-T07,grabmyo-S034-D1-wrist_extension-T07,1,validation
grabmyo-S34-K3-seed3419,34,3,3419,wrist_flexion,grabmyo-S034-D1-wrist_flexion-T02,grabmyo-S034-D1-wrist_flexion-T02,grabmyo-S034-D1-wrist_flexion-T02,1,validation
grabmyo-S34-K3-seed3419,34,3,3419,wrist_flexion,grabmyo-S034-D1-wrist_flexion-T04,grabmyo-S034-D1-wrist_flexion-T04,grabmyo-S034-D1-wrist_flexion-T04,1,validation
grabmyo-S34-K3-seed3419,34,3,3419,wrist_flexion,grabmyo-S034-D1-wrist_flexion-T05,grabmyo-S034-D1-wrist_flexion-T05,grabmyo-S034-D1-wrist_flexion-T05,1,validation
grabmyo-S35-K3-seed3419,35,3,3419,hand_close,grabmyo-S035-D1-hand_close-T02,grabmyo-S035-D1-hand_close-T02,grabmyo-S035-D1-hand_close-T02,1,validation
grabmyo-S35-K3-seed3419,35,3,3419,hand_close,grabmyo-S035-D1-hand_close-T03,grabmyo-S035-D1-hand_close-T03,grabmyo-S035-D1-hand_close-T03,1,validation
grabmyo-S35-K3-seed3419,35,3,3419,hand_close,grabmyo-S035-D1-hand_close-T04,grabmyo-S035-D1-hand_close-T04,grabmyo-S035-D1-hand_close-T04,1,validation
grabmyo-S35-K3-seed3419,35,3,3419,rest,grabmyo-S035-D1-rest-T02,grabmyo-S035-D1-rest-T02,grabmyo-S035-D1-rest-T02,1,validation
grabmyo-S35-K3-seed3419,35,3,3419,rest,grabmyo-S035-D1-rest-T03,grabmyo-S035-D1-rest-T03,grabmyo-S035-D1-rest-T03,1,validation
grabmyo-S35-K3-seed3419,35,3,3419,rest,grabmyo-S035-D1-rest-T05,grabmyo-S035-D1-rest-T05,grabmyo-S035-D1-rest-T05,1,validation
grabmyo-S35-K3-seed3419,35,3,3419,wrist_extension,grabmyo-S035-D1-wrist_extension-T01,grabmyo-S035-D1-wrist_extension-T01,grabmyo-S035-D1-wrist_extension-T01,1,validation
grabmyo-S35-K3-seed3419,35,3,3419,wrist_extension,grabmyo-S035-D1-wrist_extension-T04,grabmyo-S035-D1-wrist_extension-T04,grabmyo-S035-D1-wrist_extension-T04,1,validation
grabmyo-S35-K3-seed3419,35,3,3419,wrist_extension,grabmyo-S035-D1-wrist_extension-T05,grabmyo-S035-D1-wrist_extension-T05,grabmyo-S035-D1-wrist_extension-T05,1,validation
grabmyo-S35-K3-seed3419,35,3,3419,wrist_flexion,grabmyo-S035-D1-wrist_flexion-T05,grabmyo-S035-D1-wrist_flexion-T05,grabmyo-S035-D1-wrist_flexion-T05,1,validation
grabmyo-S35-K3-seed3419,35,3,3419,wrist_flexion,grabmyo-S035-D1-wrist_flexion-T06,grabmyo-S035-D1-wrist_flexion-T06,grabmyo-S035-D1-wrist_flexion-T06,1,validation
grabmyo-S35-K3-seed3419,35,3,3419,wrist_flexion,grabmyo-S035-D1-wrist_flexion-T07,grabmyo-S035-D1-wrist_flexion-T07,grabmyo-S035-D1-wrist_flexion-T07,1,validation
grabmyo-S41-K3-seed3419,41,3,3419,hand_close,grabmyo-S041-D1-hand_close-T02,grabmyo-S041-D1-hand_close-T02,grabmyo-S041-D1-hand_close-T02,1,validation
grabmyo-S41-K3-seed3419,41,3,3419,hand_close,grabmyo-S041-D1-hand_close-T03,grabmyo-S041-D1-hand_close-T03,grabmyo-S041-D1-hand_close-T03,1,validation
grabmyo-S41-K3-seed3419,41,3,3419,hand_close,grabmyo-S041-D1-hand_close-T06,grabmyo-S041-D1-hand_close-T06,grabmyo-S041-D1-hand_close-T06,1,validation
grabmyo-S41-K3-seed3419,41,3,3419,rest,grabmyo-S041-D1-rest-T04,grabmyo-S041-D1-rest-T04,grabmyo-S041-D1-rest-T04,1,validation
grabmyo-S41-K3-seed3419,41,3,3419,rest,grabmyo-S041-D1-rest-T05,grabmyo-S041-D1-rest-T05,grabmyo-S041-D1-rest-T05,1,validation
grabmyo-S41-K3-seed3419,41,3,3419,rest,grabmyo-S041-D1-rest-T06,grabmyo-S041-D1-rest-T06,grabmyo-S041-D1-rest-T06,1,validation
grabmyo-S41-K3-seed3419,41,3,3419,wrist_extension,grabmyo-S041-D1-wrist_extension-T02,grabmyo-S041-D1-wrist_extension-T02,grabmyo-S041-D1-wrist_extension-T02,1,validation
grabmyo-S41-K3-seed3419,41,3,3419,wrist_extension,grabmyo-S041-D1-wrist_extension-T04,grabmyo-S041-D1-wrist_extension-T04,grabmyo-S041-D1-wrist_extension-T04,1,validation
grabmyo-S41-K3-seed3419,41,3,3419,wrist_extension,grabmyo-S041-D1-wrist_extension-T06,grabmyo-S041-D1-wrist_extension-T06,grabmyo-S041-D1-wrist_extension-T06,1,validation
grabmyo-S41-K3-seed3419,41,3,3419,wrist_flexion,grabmyo-S041-D1-wrist_flexion-T02,grabmyo-S041-D1-wrist_flexion-T02,grabmyo-S041-D1-wrist_flexion-T02,1,validation
grabmyo-S41-K3-seed3419,41,3,3419,wrist_flexion,grabmyo-S041-D1-wrist_flexion-T03,grabmyo-S041-D1-wrist_flexion-T03,grabmyo-S041-D1-wrist_flexion-T03,1,validation
grabmyo-S41-K3-seed3419,41,3,3419,wrist_flexion,grabmyo-S041-D1-wrist_flexion-T06,grabmyo-S041-D1-wrist_flexion-T06,grabmyo-S041-D1-wrist_flexion-T06,1,validation
grabmyo-S12-K3-seed3420,12,3,3420,hand_close,grabmyo-S012-D1-hand_close-T02,grabmyo-S012-D1-hand_close-T02,grabmyo-S012-D1-hand_close-T02,1,validation
grabmyo-S12-K3-seed3420,12,3,3420,hand_close,grabmyo-S012-D1-hand_close-T04,grabmyo-S012-D1-hand_close-T04,grabmyo-S012-D1-hand_close-T04,1,validation
grabmyo-S12-K3-seed3420,12,3,3420,hand_close,grabmyo-S012-D1-hand_close-T07,grabmyo-S012-D1-hand_close-T07,grabmyo-S012-D1-hand_close-T07,1,validation
grabmyo-S12-K3-seed3420,12,3,3420,rest,grabmyo-S012-D1-rest-T02,grabmyo-S012-D1-rest-T02,grabmyo-S012-D1-rest-T02,1,validation
grabmyo-S12-K3-seed3420,12,3,3420,rest,grabmyo-S012-D1-rest-T03,grabmyo-S012-D1-rest-T03,grabmyo-S012-D1-rest-T03,1,validation
grabmyo-S12-K3-seed3420,12,3,3420,rest,grabmyo-S012-D1-rest-T07,grabmyo-S012-D1-rest-T07,grabmyo-S012-D1-rest-T07,1,validation
grabmyo-S12-K3-seed3420,12,3,3420,wrist_extension,grabmyo-S012-D1-wrist_extension-T01,grabmyo-S012-D1-wrist_extension-T01,grabmyo-S012-D1-wrist_extension-T01,1,validation
grabmyo-S12-K3-seed3420,12,3,3420,wrist_extension,grabmyo-S012-D1-wrist_extension-T02,grabmyo-S012-D1-wrist_extension-T02,grabmyo-S012-D1-wrist_extension-T02,1,validation
grabmyo-S12-K3-seed3420,12,3,3420,wrist_extension,grabmyo-S012-D1-wrist_extension-T05,grabmyo-S012-D1-wrist_extension-T05,grabmyo-S012-D1-wrist_extension-T05,1,validation
grabmyo-S12-K3-seed3420,12,3,3420,wrist_flexion,grabmyo-S012-D1-wrist_flexion-T01,grabmyo-S012-D1-wrist_flexion-T01,grabmyo-S012-D1-wrist_flexion-T01,1,validation
grabmyo-S12-K3-seed3420,12,3,3420,wrist_flexion,grabmyo-S012-D1-wrist_flexion-T02,grabmyo-S012-D1-wrist_flexion-T02,grabmyo-S012-D1-wrist_flexion-T02,1,validation
grabmyo-S12-K3-seed3420,12,3,3420,wrist_flexion,grabmyo-S012-D1-wrist_flexion-T05,grabmyo-S012-D1-wrist_flexion-T05,grabmyo-S012-D1-wrist_flexion-T05,1,validation
grabmyo-S13-K3-seed3420,13,3,3420,hand_close,grabmyo-S013-D1-hand_close-T04,grabmyo-S013-D1-hand_close-T04,grabmyo-S013-D1-hand_close-T04,1,validation
grabmyo-S13-K3-seed3420,13,3,3420,hand_close,grabmyo-S013-D1-hand_close-T06,grabmyo-S013-D1-hand_close-T06,grabmyo-S013-D1-hand_close-T06,1,validation
grabmyo-S13-K3-seed3420,13,3,3420,hand_close,grabmyo-S013-D1-hand_close-T07,grabmyo-S013-D1-hand_close-T07,grabmyo-S013-D1-hand_close-T07,1,validation
grabmyo-S13-K3-seed3420,13,3,3420,rest,grabmyo-S013-D1-rest-T01,grabmyo-S013-D1-rest-T01,grabmyo-S013-D1-rest-T01,1,validation
grabmyo-S13-K3-seed3420,13,3,3420,rest,grabmyo-S013-D1-rest-T02,grabmyo-S013-D1-rest-T02,grabmyo-S013-D1-rest-T02,1,validation
grabmyo-S13-K3-seed3420,13,3,3420,rest,grabmyo-S013-D1-rest-T06,grabmyo-S013-D1-rest-T06,grabmyo-S013-D1-rest-T06,1,validation
grabmyo-S13-K3-seed3420,13,3,3420,wrist_extension,grabmyo-S013-D1-wrist_extension-T02,grabmyo-S013-D1-wrist_extension-T02,grabmyo-S013-D1-wrist_extension-T02,1,validation
grabmyo-S13-K3-seed3420,13,3,3420,wrist_extension,grabmyo-S013-D1-wrist_extension-T03,grabmyo-S013-D1-wrist_extension-T03,grabmyo-S013-D1-wrist_extension-T03,1,validation
grabmyo-S13-K3-seed3420,13,3,3420,wrist_extension,grabmyo-S013-D1-wrist_extension-T06,grabmyo-S013-D1-wrist_extension-T06,grabmyo-S013-D1-wrist_extension-T06,1,validation
grabmyo-S13-K3-seed3420,13,3,3420,wrist_flexion,grabmyo-S013-D1-wrist_flexion-T05,grabmyo-S013-D1-wrist_flexion-T05,grabmyo-S013-D1-wrist_flexion-T05,1,validation
grabmyo-S13-K3-seed3420,13,3,3420,wrist_flexion,grabmyo-S013-D1-wrist_flexion-T06,grabmyo-S013-D1-wrist_flexion-T06,grabmyo-S013-D1-wrist_flexion-T06,1,validation
grabmyo-S13-K3-seed3420,13,3,3420,wrist_flexion,grabmyo-S013-D1-wrist_flexion-T07,grabmyo-S013-D1-wrist_flexion-T07,grabmyo-S013-D1-wrist_flexion-T07,1,validation
grabmyo-S25-K3-seed3420,25,3,3420,hand_close,grabmyo-S025-D1-hand_close-T05,grabmyo-S025-D1-hand_close-T05,grabmyo-S025-D1-hand_close-T05,1,validation
grabmyo-S25-K3-seed3420,25,3,3420,hand_close,grabmyo-S025-D1-hand_close-T06,grabmyo-S025-D1-hand_close-T06,grabmyo-S025-D1-hand_close-T06,1,validation
grabmyo-S25-K3-seed3420,25,3,3420,hand_close,grabmyo-S025-D1-hand_close-T07,grabmyo-S025-D1-hand_close-T07,grabmyo-S025-D1-hand_close-T07,1,validation
grabmyo-S25-K3-seed3420,25,3,3420,rest,grabmyo-S025-D1-rest-T03,grabmyo-S025-D1-rest-T03,grabmyo-S025-D1-rest-T03,1,validation
grabmyo-S25-K3-seed3420,25,3,3420,rest,grabmyo-S025-D1-rest-T05,grabmyo-S025-D1-rest-T05,grabmyo-S025-D1-rest-T05,1,validation
grabmyo-S25-K3-seed3420,25,3,3420,rest,grabmyo-S025-D1-rest-T07,grabmyo-S025-D1-rest-T07,grabmyo-S025-D1-rest-T07,1,validation
grabmyo-S25-K3-seed3420,25,3,3420,wrist_extension,grabmyo-S025-D1-wrist_extension-T01,grabmyo-S025-D1-wrist_extension-T01,grabmyo-S025-D1-wrist_extension-T01,1,validation
grabmyo-S25-K3-seed3420,25,3,3420,wrist_extension,grabmyo-S025-D1-wrist_extension-T03,grabmyo-S025-D1-wrist_extension-T03,grabmyo-S025-D1-wrist_extension-T03,1,validation
grabmyo-S25-K3-seed3420,25,3,3420,wrist_extension,grabmyo-S025-D1-wrist_extension-T04,grabmyo-S025-D1-wrist_extension-T04,grabmyo-S025-D1-wrist_extension-T04,1,validation
grabmyo-S25-K3-seed3420,25,3,3420,wrist_flexion,grabmyo-S025-D1-wrist_flexion-T03,grabmyo-S025-D1-wrist_flexion-T03,grabmyo-S025-D1-wrist_flexion-T03,1,validation
grabmyo-S25-K3-seed3420,25,3,3420,wrist_flexion,grabmyo-S025-D1-wrist_flexion-T06,grabmyo-S025-D1-wrist_flexion-T06,grabmyo-S025-D1-wrist_flexion-T06,1,validation
grabmyo-S25-K3-seed3420,25,3,3420,wrist_flexion,grabmyo-S025-D1-wrist_flexion-T07,grabmyo-S025-D1-wrist_flexion-T07,grabmyo-S025-D1-wrist_flexion-T07,1,validation
grabmyo-S26-K3-seed3420,26,3,3420,hand_close,grabmyo-S026-D1-hand_close-T01,grabmyo-S026-D1-hand_close-T01,grabmyo-S026-D1-hand_close-T01,1,validation
grabmyo-S26-K3-seed3420,26,3,3420,hand_close,grabmyo-S026-D1-hand_close-T03,grabmyo-S026-D1-hand_close-T03,grabmyo-S026-D1-hand_close-T03,1,validation
grabmyo-S26-K3-seed3420,26,3,3420,hand_close,grabmyo-S026-D1-hand_close-T05,grabmyo-S026-D1-hand_close-T05,grabmyo-S026-D1-hand_close-T05,1,validation
grabmyo-S26-K3-seed3420,26,3,3420,rest,grabmyo-S026-D1-rest-T01,grabmyo-S026-D1-rest-T01,grabmyo-S026-D1-rest-T01,1,validation
grabmyo-S26-K3-seed3420,26,3,3420,rest,grabmyo-S026-D1-rest-T02,grabmyo-S026-D1-rest-T02,grabmyo-S026-D1-rest-T02,1,validation
grabmyo-S26-K3-seed3420,26,3,3420,rest,grabmyo-S026-D1-rest-T05,grabmyo-S026-D1-rest-T05,grabmyo-S026-D1-rest-T05,1,validation
grabmyo-S26-K3-seed3420,26,3,3420,wrist_extension,grabmyo-S026-D1-wrist_extension-T03,grabmyo-S026-D1-wrist_extension-T03,grabmyo-S026-D1-wrist_extension-T03,1,validation
grabmyo-S26-K3-seed3420,26,3,3420,wrist_extension,grabmyo-S026-D1-wrist_extension-T05,grabmyo-S026-D1-wrist_extension-T05,grabmyo-S026-D1-wrist_extension-T05,1,validation
grabmyo-S26-K3-seed3420,26,3,3420,wrist_extension,grabmyo-S026-D1-wrist_extension-T07,grabmyo-S026-D1-wrist_extension-T07,grabmyo-S026-D1-wrist_extension-T07,1,validation
grabmyo-S26-K3-seed3420,26,3,3420,wrist_flexion,grabmyo-S026-D1-wrist_flexion-T02,grabmyo-S026-D1-wrist_flexion-T02,grabmyo-S026-D1-wrist_flexion-T02,1,validation
grabmyo-S26-K3-seed3420,26,3,3420,wrist_flexion,grabmyo-S026-D1-wrist_flexion-T05,grabmyo-S026-D1-wrist_flexion-T05,grabmyo-S026-D1-wrist_flexion-T05,1,validation
grabmyo-S26-K3-seed3420,26,3,3420,wrist_flexion,grabmyo-S026-D1-wrist_flexion-T06,grabmyo-S026-D1-wrist_flexion-T06,grabmyo-S026-D1-wrist_flexion-T06,1,validation
grabmyo-S29-K3-seed3420,29,3,3420,hand_close,grabmyo-S029-D1-hand_close-T02,grabmyo-S029-D1-hand_close-T02,grabmyo-S029-D1-hand_close-T02,1,validation
grabmyo-S29-K3-seed3420,29,3,3420,hand_close,grabmyo-S029-D1-hand_close-T06,grabmyo-S029-D1-hand_close-T06,grabmyo-S029-D1-hand_close-T06,1,validation
grabmyo-S29-K3-seed3420,29,3,3420,hand_close,grabmyo-S029-D1-hand_close-T07,grabmyo-S029-D1-hand_close-T07,grabmyo-S029-D1-hand_close-T07,1,validation
grabmyo-S29-K3-seed3420,29,3,3420,rest,grabmyo-S029-D1-rest-T01,grabmyo-S029-D1-rest-T01,grabmyo-S029-D1-rest-T01,1,validation
grabmyo-S29-K3-seed3420,29,3,3420,rest,grabmyo-S029-D1-rest-T02,grabmyo-S029-D1-rest-T02,grabmyo-S029-D1-rest-T02,1,validation
grabmyo-S29-K3-seed3420,29,3,3420,rest,grabmyo-S029-D1-rest-T03,grabmyo-S029-D1-rest-T03,grabmyo-S029-D1-rest-T03,1,validation
grabmyo-S29-K3-seed3420,29,3,3420,wrist_extension,grabmyo-S029-D1-wrist_extension-T01,grabmyo-S029-D1-wrist_extension-T01,grabmyo-S029-D1-wrist_extension-T01,1,validation
grabmyo-S29-K3-seed3420,29,3,3420,wrist_extension,grabmyo-S029-D1-wrist_extension-T03,grabmyo-S029-D1-wrist_extension-T03,grabmyo-S029-D1-wrist_extension-T03,1,validation
grabmyo-S29-K3-seed3420,29,3,3420,wrist_extension,grabmyo-S029-D1-wrist_extension-T04,grabmyo-S029-D1-wrist_extension-T04,grabmyo-S029-D1-wrist_extension-T04,1,validation
grabmyo-S29-K3-seed3420,29,3,3420,wrist_flexion,grabmyo-S029-D1-wrist_flexion-T01,grabmyo-S029-D1-wrist_flexion-T01,grabmyo-S029-D1-wrist_flexion-T01,1,validation
grabmyo-S29-K3-seed3420,29,3,3420,wrist_flexion,grabmyo-S029-D1-wrist_flexion-T02,grabmyo-S029-D1-wrist_flexion-T02,grabmyo-S029-D1-wrist_flexion-T02,1,validation
grabmyo-S29-K3-seed3420,29,3,3420,wrist_flexion,grabmyo-S029-D1-wrist_flexion-T06,grabmyo-S029-D1-wrist_flexion-T06,grabmyo-S029-D1-wrist_flexion-T06,1,validation
grabmyo-S33-K3-seed3420,33,3,3420,hand_close,grabmyo-S033-D1-hand_close-T01,grabmyo-S033-D1-hand_close-T01,grabmyo-S033-D1-hand_close-T01,1,validation
grabmyo-S33-K3-seed3420,33,3,3420,hand_close,grabmyo-S033-D1-hand_close-T02,grabmyo-S033-D1-hand_close-T02,grabmyo-S033-D1-hand_close-T02,1,validation
grabmyo-S33-K3-seed3420,33,3,3420,hand_close,grabmyo-S033-D1-hand_close-T03,grabmyo-S033-D1-hand_close-T03,grabmyo-S033-D1-hand_close-T03,1,validation
grabmyo-S33-K3-seed3420,33,3,3420,rest,grabmyo-S033-D1-rest-T01,grabmyo-S033-D1-rest-T01,grabmyo-S033-D1-rest-T01,1,validation
grabmyo-S33-K3-seed3420,33,3,3420,rest,grabmyo-S033-D1-rest-T02,grabmyo-S033-D1-rest-T02,grabmyo-S033-D1-rest-T02,1,validation
grabmyo-S33-K3-seed3420,33,3,3420,rest,grabmyo-S033-D1-rest-T05,grabmyo-S033-D1-rest-T05,grabmyo-S033-D1-rest-T05,1,validation
grabmyo-S33-K3-seed3420,33,3,3420,wrist_extension,grabmyo-S033-D1-wrist_extension-T02,grabmyo-S033-D1-wrist_extension-T02,grabmyo-S033-D1-wrist_extension-T02,1,validation
grabmyo-S33-K3-seed3420,33,3,3420,wrist_extension,grabmyo-S033-D1-wrist_extension-T05,grabmyo-S033-D1-wrist_extension-T05,grabmyo-S033-D1-wrist_extension-T05,1,validation
grabmyo-S33-K3-seed3420,33,3,3420,wrist_extension,grabmyo-S033-D1-wrist_extension-T07,grabmyo-S033-D1-wrist_extension-T07,grabmyo-S033-D1-wrist_extension-T07,1,validation
grabmyo-S33-K3-seed3420,33,3,3420,wrist_flexion,grabmyo-S033-D1-wrist_flexion-T04,grabmyo-S033-D1-wrist_flexion-T04,grabmyo-S033-D1-wrist_flexion-T04,1,validation
grabmyo-S33-K3-seed3420,33,3,3420,wrist_flexion,grabmyo-S033-D1-wrist_flexion-T06,grabmyo-S033-D1-wrist_flexion-T06,grabmyo-S033-D1-wrist_flexion-T06,1,validation
grabmyo-S33-K3-seed3420,33,3,3420,wrist_flexion,grabmyo-S033-D1-wrist_flexion-T07,grabmyo-S033-D1-wrist_flexion-T07,grabmyo-S033-D1-wrist_flexion-T07,1,validation
grabmyo-S34-K3-seed3420,34,3,3420,hand_close,grabmyo-S034-D1-hand_close-T01,grabmyo-S034-D1-hand_close-T01,grabmyo-S034-D1-hand_close-T01,1,validation
grabmyo-S34-K3-seed3420,34,3,3420,hand_close,grabmyo-S034-D1-hand_close-T04,grabmyo-S034-D1-hand_close-T04,grabmyo-S034-D1-hand_close-T04,1,validation
grabmyo-S34-K3-seed3420,34,3,3420,hand_close,grabmyo-S034-D1-hand_close-T06,grabmyo-S034-D1-hand_close-T06,grabmyo-S034-D1-hand_close-T06,1,validation
grabmyo-S34-K3-seed3420,34,3,3420,rest,grabmyo-S034-D1-rest-T01,grabmyo-S034-D1-rest-T01,grabmyo-S034-D1-rest-T01,1,validation
grabmyo-S34-K3-seed3420,34,3,3420,rest,grabmyo-S034-D1-rest-T05,grabmyo-S034-D1-rest-T05,grabmyo-S034-D1-rest-T05,1,validation
grabmyo-S34-K3-seed3420,34,3,3420,rest,grabmyo-S034-D1-rest-T07,grabmyo-S034-D1-rest-T07,grabmyo-S034-D1-rest-T07,1,validation
grabmyo-S34-K3-seed3420,34,3,3420,wrist_extension,grabmyo-S034-D1-wrist_extension-T03,grabmyo-S034-D1-wrist_extension-T03,grabmyo-S034-D1-wrist_extension-T03,1,validation
grabmyo-S34-K3-seed3420,34,3,3420,wrist_extension,grabmyo-S034-D1-wrist_extension-T05,grabmyo-S034-D1-wrist_extension-T05,grabmyo-S034-D1-wrist_extension-T05,1,validation
grabmyo-S34-K3-seed3420,34,3,3420,wrist_extension,grabmyo-S034-D1-wrist_extension-T06,grabmyo-S034-D1-wrist_extension-T06,grabmyo-S034-D1-wrist_extension-T06,1,validation
grabmyo-S34-K3-seed3420,34,3,3420,wrist_flexion,grabmyo-S034-D1-wrist_flexion-T02,grabmyo-S034-D1-wrist_flexion-T02,grabmyo-S034-D1-wrist_flexion-T02,1,validation
grabmyo-S34-K3-seed3420,34,3,3420,wrist_flexion,grabmyo-S034-D1-wrist_flexion-T03,grabmyo-S034-D1-wrist_flexion-T03,grabmyo-S034-D1-wrist_flexion-T03,1,validation
grabmyo-S34-K3-seed3420,34,3,3420,wrist_flexion,grabmyo-S034-D1-wrist_flexion-T07,grabmyo-S034-D1-wrist_flexion-T07,grabmyo-S034-D1-wrist_flexion-T07,1,validation
grabmyo-S35-K3-seed3420,35,3,3420,hand_close,grabmyo-S035-D1-hand_close-T01,grabmyo-S035-D1-hand_close-T01,grabmyo-S035-D1-hand_close-T01,1,validation
grabmyo-S35-K3-seed3420,35,3,3420,hand_close,grabmyo-S035-D1-hand_close-T02,grabmyo-S035-D1-hand_close-T02,grabmyo-S035-D1-hand_close-T02,1,validation
grabmyo-S35-K3-seed3420,35,3,3420,hand_close,grabmyo-S035-D1-hand_close-T06,grabmyo-S035-D1-hand_close-T06,grabmyo-S035-D1-hand_close-T06,1,validation
grabmyo-S35-K3-seed3420,35,3,3420,rest,grabmyo-S035-D1-rest-T03,grabmyo-S035-D1-rest-T03,grabmyo-S035-D1-rest-T03,1,validation
grabmyo-S35-K3-seed3420,35,3,3420,rest,grabmyo-S035-D1-rest-T04,grabmyo-S035-D1-rest-T04,grabmyo-S035-D1-rest-T04,1,validation
grabmyo-S35-K3-seed3420,35,3,3420,rest,grabmyo-S035-D1-rest-T06,grabmyo-S035-D1-rest-T06,grabmyo-S035-D1-rest-T06,1,validation
grabmyo-S35-K3-seed3420,35,3,3420,wrist_extension,grabmyo-S035-D1-wrist_extension-T02,grabmyo-S035-D1-wrist_extension-T02,grabmyo-S035-D1-wrist_extension-T02,1,validation
grabmyo-S35-K3-seed3420,35,3,3420,wrist_extension,grabmyo-S035-D1-wrist_extension-T04,grabmyo-S035-D1-wrist_extension-T04,grabmyo-S035-D1-wrist_extension-T04,1,validation
grabmyo-S35-K3-seed3420,35,3,3420,wrist_extension,grabmyo-S035-D1-wrist_extension-T06,grabmyo-S035-D1-wrist_extension-T06,grabmyo-S035-D1-wrist_extension-T06,1,validation
grabmyo-S35-K3-seed3420,35,3,3420,wrist_flexion,grabmyo-S035-D1-wrist_flexion-T03,grabmyo-S035-D1-wrist_flexion-T03,grabmyo-S035-D1-wrist_flexion-T03,1,validation
grabmyo-S35-K3-seed3420,35,3,3420,wrist_flexion,grabmyo-S035-D1-wrist_flexion-T05,grabmyo-S035-D1-wrist_flexion-T05,grabmyo-S035-D1-wrist_flexion-T05,1,validation
grabmyo-S35-K3-seed3420,35,3,3420,wrist_flexion,grabmyo-S035-D1-wrist_flexion-T07,grabmyo-S035-D1-wrist_flexion-T07,grabmyo-S035-D1-wrist_flexion-T07,1,validation
grabmyo-S41-K3-seed3420,41,3,3420,hand_close,grabmyo-S041-D1-hand_close-T01,grabmyo-S041-D1-hand_close-T01,grabmyo-S041-D1-hand_close-T01,1,validation
grabmyo-S41-K3-seed3420,41,3,3420,hand_close,grabmyo-S041-D1-hand_close-T05,grabmyo-S041-D1-hand_close-T05,grabmyo-S041-D1-hand_close-T05,1,validation
grabmyo-S41-K3-seed3420,41,3,3420,hand_close,grabmyo-S041-D1-hand_close-T06,grabmyo-S041-D1-hand_close-T06,grabmyo-S041-D1-hand_close-T06,1,validation
grabmyo-S41-K3-seed3420,41,3,3420,rest,grabmyo-S041-D1-rest-T03,grabmyo-S041-D1-rest-T03,grabmyo-S041-D1-rest-T03,1,validation
grabmyo-S41-K3-seed3420,41,3,3420,rest,grabmyo-S041-D1-rest-T05,grabmyo-S041-D1-rest-T05,grabmyo-S041-D1-rest-T05,1,validation
grabmyo-S41-K3-seed3420,41,3,3420,rest,grabmyo-S041-D1-rest-T06,grabmyo-S041-D1-rest-T06,grabmyo-S041-D1-rest-T06,1,validation
grabmyo-S41-K3-seed3420,41,3,3420,wrist_extension,grabmyo-S041-D1-wrist_extension-T01,grabmyo-S041-D1-wrist_extension-T01,grabmyo-S041-D1-wrist_extension-T01,1,validation
grabmyo-S41-K3-seed3420,41,3,3420,wrist_extension,grabmyo-S041-D1-wrist_extension-T02,grabmyo-S041-D1-wrist_extension-T02,grabmyo-S041-D1-wrist_extension-T02,1,validation
grabmyo-S41-K3-seed3420,41,3,3420,wrist_extension,grabmyo-S041-D1-wrist_extension-T04,grabmyo-S041-D1-wrist_extension-T04,grabmyo-S041-D1-wrist_extension-T04,1,validation
grabmyo-S41-K3-seed3420,41,3,3420,wrist_flexion,grabmyo-S041-D1-wrist_flexion-T04,grabmyo-S041-D1-wrist_flexion-T04,grabmyo-S041-D1-wrist_flexion-T04,1,validation
grabmyo-S41-K3-seed3420,41,3,3420,wrist_flexion,grabmyo-S041-D1-wrist_flexion-T05,grabmyo-S041-D1-wrist_flexion-T05,grabmyo-S041-D1-wrist_flexion-T05,1,validation
grabmyo-S41-K3-seed3420,41,3,3420,wrist_flexion,grabmyo-S041-D1-wrist_flexion-T06,grabmyo-S041-D1-wrist_flexion-T06,grabmyo-S041-D1-wrist_flexion-T06,1,validation
