episode_id,subject_id,k,seed,scope,n_calibration_trials,n_evaluation_trials,p0_accuracy,p0_balanced_accuracy,p0_macro_f1,p0_macro_precision,p0_macro_recall,p1_accuracy,p1_balanced_accuracy,p1_macro_f1,p1_macro_precision,p1_macro_recall,delta_accuracy,delta_balanced_accuracy,delta_macro_f1,delta_macro_precision,delta_macro_recall
grabmyo-S12-K2-seed3401,12,2,3401,all_eval,8,76,1.0,1.0,1.0,1.0,1.0,1.0,1.0,1.0,1.0,1.0,0.0,0.0,0.0,0.0,0.0
grabmyo-S12-K2-seed3401,12,2,3401,same_session_holdout,8,20,1.0,1.0,1.0,1.0,1.0,1.0,1.0,1.0,1.0,1.0,0.0,0.0,0.0,0.0,0.0
grabmyo-S12-K2-seed3401,12,2,3401,cross_session,8,56,1.0,1.0,1.0,1.0,1.0,1.0,1.0,1.0,1.0,1.0,0.0,0.0,0.0,0.0,0.0
grabmyo-S13-K2-seed3401,13,2,3401,all_eval,8,76,1.0,1.0,1.0,1.0,1.0,1.0,1.0,1.0,1.0,1.0,0.0,0.0,0.0,0.0,0.0
grabmyo-S13-K2-seed3401,13,2,3401,same_session_holdout,8,20,1.0,1.0,1.0,1.0,1.0,1.0,1.0,1.0,1.0,1.0,0.0,0.0,0.0,0.0,0.0
grabmyo-S13-K2-seed3401,13,2,3401,cross_session,8,56,1.0,1.0,1.0,1.0,1.0,1.0,1.0,1.0,1.0,1.0,0.0,0.0,0.0,0.0,0.0
grabmyo-S25-K2-seed3401,25,2,3401,all_eval,8,76,1.0,1.0,1.0,1.0,1.0,1.0,1.0,1.0,1.0,1.0,0.0,0.0,0.0,0.0,0.0
grabmyo-S25-K2-seed3401,25,2,3401,same_session_holdout,8,20,1.0,1.0,1.0,1.0,1.0,1.0,1.0,1.0,1.0,1.0,0.0,0.0,0.0,0.0,0.0
grabmyo-S25-K2-seed3401,25,2,3401,cross_session,8,56,1.0,1.0,1.0,1.0,1.0,1.0,1.0,1.0,1.0,1.0,0.0,0.0,0.0,0.0,0.0
grabmyo-S26-K2-seed3401,26,2,3401,all_eval,8,76,0.9868421052631579,0.9868421052631579,0.9868329868329868,0.9875,0.9868421052631579,0.9868421052631579,0.9868421052631579,0.9868329868329868,0.9875,0.9868421052631579,0.0,0.0,0.0,0.0,0.0
grabmyo-S26-K2-seed3401,26,2,3401,same_session_holdout,8,20,1.0,1.0,1.0,1.0,1.0,1.0,1.0,1.0,1.0,1.0,0.0,0.0,0.0,0.0,0.0
grabmyo-S26-K2-seed3401,26,2,3401,cross_session,8,56,0.9821428571428571,0.9821428571428572,0.9821200510855683,0.9833333333333334,0.9821428571428572,0.9821428571428571,0.9821428571428572,0.9821200510855683,0.9833333333333334,0.9821428571428572,0.0,0.0,0.0,0.0,0.0
grabmyo-S29-K2-seed3401,29,2,3401,all_eval,8,76,1.0,1.0,1.0,1.0,1.0,1.0,1.0,1.0,1.0,1.0,0.0,0.0,0.0,0.0,0.0
grabmyo-S29-K2-seed3401,29,2,3401,same_session_holdout,8,20,1.0,1.0,1.0,1.0,1.0,1.0,1.0,1.0,1.0,1.0,0.0,0.0,0.0,0.0,0.0
grabmyo-S29-K2-seed3401,29,2,3401,cross_session,8,56,1.0,1.0,1.0,1.0,1.0,1.0,1.0,1.0,1.0,1.0,0.0,0.0,0.0,0.0,0.0
grabmyo-S33-K2-seed3401,33,2,3401,all_eval,8,76,0.9342105263157895,0.9342105263157895,0.9330514446793516,0.9479166666666666,0.9342105263157895,0.9342105263157895,0.9342105263157895,0.9330514446793516,0.9479166666666666,0.9342105263157895,0.0,0.0,0.0,0.0,0.0
grabmyo-S33-K2-seed3401,33,2,3401,same_session_holdout,8,20,0.95,0.95,0.9494949494949495,0.9583333333333334,0.95,0.95,0.95,0.9494949494949495,0.9583333333333334,0.95,0.0,0.0,0.0,0.0,0.0
grabmyo-S33-K2-seed3401,33,2,3401,cross_session,8,56,0.9285714285714286,0.9285714285714286,0.9270833333333334,0.9444444444444444,0.9285714285714286,0.9285714285714286,0.9285714285714286,0.9270833333333334,0.9444444444444444,0.9285714285714286,0.0,0.0,0.0,0.0,0.0
grabmyo-S34-K2-seed3401,34,2,3401,all_eval,8,76,0.9868421052631579,0.9868421052631579,0.9868329868329868,0.9875,0.9868421052631579,0.9868421052631579,0.9868421052631579,0.9868329868329868,0.9875,0.9868421052631579,0.0,0.0,0.0,0.0,0.0
grabmyo-S34-K2-seed3401,34,2,3401,same_session_holdout,8,20,1.0,1.0,1.0,1.0,1.0,1.0,1.0,1.0,1.0,1.0,0.0,0.0,0.0,0.0,0.0
grabmyo-S34-K2-seed3401,34,2,3401,cross_session,8,56,0.9821428571428571,0.9821428571428572,0.9821200510855683,0.9833333333333334,0.9821428571428572,0.9821428571428571,0.9821428571428572,0.9821200510855683,0.9833333333333334,0.9821428571428572,0.0,0.0,0.0,0.0,0.0
grabmyo-S35-K2-seed3401,35,2,3401,all_eval,8,76,1.0,1.0,1.0,1.0,1.0,1.0,1.0,1.0,1.0,1.0,0.0,0.0,0.0,0.0,0.0
grabmyo-S35-K2-seed3401,35,2,3401,same_session_holdout,8,20,1.0,1.0,1.0,1.0,1.0,1.0,1.0,1.0,1.0,1.0,0.0,0.0,0.0,0.0,0.0
grabmyo-S35-K2-seed3401,35,2,3401,cross_session,8,56,1.0,1.0,1.0,1.0,1.0,1.0,1.0,1.0,1.0,1.0,0.0,0.0,0.0,0.0,0.0
grabmyo-S41-K2-seed3401,41,2,3401,all_eval,8,76,1.0,1.0,1.0,1.0,1.0,1.0,1.0,1.0,1.0,1.0,0.0,0.0,0.0,0.0,0.0
grabmyo-S41-K2-seed3401,41,2,3401,same_session_holdout,8,20,1.0,1.0,1.0,1.0,1.0,1.0,1.0,1.0,1.0,1.0,0.0,0.0,0.0,0.0,0.0
grabmyo-S41-K2-seed3401,41,2,3401,cross_session,8,56,1.0,1.0,1.0,1.0,1.0,1.0,1.0,1.0,1.0,1.0,0.0,0.0,0.0,0.0,0.0
grabmyo-S12-K2-seed3402,12,2,3402,all_eval,8,76,1.0,1.0,1.0,1.0,1.0,1.0,1.0,1.0,1.0,1.0,0.0,0.0,0.0,0.0,0.0
grabmyo-S12-K2-seed3402,12,2,3402,same_session_holdout,8,20,1.0,1.0,1.0,1.0,1.0,1.0,1.0,1.0,1.0,1.0,0.0,0.0,0.0,0.0,0.0
grabmyo-S12-K2-seed3402,12,2,3402,cross_session,8,56,1.0,1.0,1.0,1.0,1.0,1.0,1.0,1.0,1.0,1.0,0.0,0.0,0.0,0.0,0.0
grabmyo-S13-K2-seed3402,13,2,3402,all_eval,8,76,1.0,1.0,1.0,1.0,1.0,1.0,1.0,1.0,1.0,1.0,0.0,0.0,0.0,0.0,0.0
grabmyo-S13-K2-seed3402,13,2,3402,same_session_holdout,8,20,1.0,1.0,1.0,1.0,1.0,1.0,1.0,1.0,1.0,1.0,0.0,0.0,0.0,0.0,0.0
grabmyo-S13-K2-seed3402,13,2,3402,cross_session,8,56,1.0,1.0,1.0,1.0,1.0,1.0,1.0,1.0,1.0,1.0,0.0,0.0,0.0,0.0,0.0
grabmyo-S25-K2-seed3402,25,2,3402,all_eval,8,76,1.0,1.0,1.0,1.0,1.0,1.0,1.0,1.0,1.0,1.0,0.0,0.0,0.0,0.0,0.0
grabmyo-S25-K2-seed3402,25,2,3402,same_session_holdout,8,20,1.0,1.0,1.0,1.0,1.0,1.0,1.0,1.0,1.0,1.0,0.0,0.0,0.0,0.0,0.0
grabmyo-S25-K2-seed3402,25,2,3402,cross_session,8,56,1.0,1.0,1.0,1.0,1.0,1.0,1.0,1.0,1.0,1.0,0.0,0.0,0.0,0.0,0.0
grabmyo-S26-K2-seed3402,26,2,3402,all_eval,8,76,0.9868421052631579,0.9868421052631579,0.9868329868329868,0.9875,0.9868421052631579,0.9868421052631579,0.9868421052631579,0.9868329868329868,0.9875,0.9868421052631579,0.0,0.0,0.0,0.0,0.0
grabmyo-S26-K2-seed3402,26,2,3402,same_session_holdout,8,20,1.0,1.0,1.0,1.0,1.0,1.0,1.0,1.0,1.0,1.0,0.0,0.0,0.0,0.0,0.0
grabmyo-S26-K2-seed3402,26,2,3402,cross_session,8,56,0.9821428571428571,0.9821428571428572,0.9821200510855683,0.9833333333333334,0.9821428571428572,0.9821428571428571,0.9821428571428572,0.9821200510855683,0.9833333333333334,0.9821428571428572,0.0,0.0,0.0,0.0,0.0
grabmyo-S29-K2-seed3402,29,2,3402,all_eval,8,76,0.9868421052631579,0.9868421052631579,0.9868329868329868,0.9875,0.9868421052631579,0.9868421052631579,0.9868421052631579,0.9868329868329868,0.9875,0.9868421052631579,0.0,0.0,0.0,0.0,0.0
grabmyo-S29-K2-seed3402,29,2,3402,same_session_holdout,8,20,0.95,0.95,0.9494949494949495,0.9583333333333334,0.95,0.95,0.95,0.9494949494949495,0.9583333333333334,0.95,0.0,0.0,0.0,0.0,0.0
grabmyo-S29-K2-seed3402,29,2,3402,cross_session,8,56,1.0,1.0,1.0,1.0,1.0,1.0,1.0,1.0,1.0,1.0,0.0,0.0,0.0,0.0,0.0
grabmyo-S33-K2-seed3402,33,2,3402,all_eval,8,76,0.9342105263157895,0.9342105263157895,0.9330514446793516,0.9479166666666666,0.9342105263157895,0.9342105263157895,0.9342105263157895,0.9330514446793516,0.9479166666666666,0.9342105263157895,0.0,0.0,0.0,0.0,0.0
grabmyo-S33-K2-seed3402,33,2,3402,same_session_holdout,8,20,0.95,0.95,0.9494949494949495,0.9583333333333334,0.95,0.95,0.95,0.9494949494949495,0.9583333333333334,0.95,0.0,0.0,0.0,0.0,0.0
grabmyo-S33-K2-seed3402,33,2,3402,cross_session,8,56,0.9285714285714286,0.9285714285714286,0.9270833333333334,0.9444444444444444,0.9285714285714286,0.9285714285714286,0.9285714285714286,0.9270833333333334,0.9444444444444444,0.9285714285714286,0.0,0.0,0.0,0.0,0.0
grabmyo-S34-K2-seed3402,34,2,3402,all_eval,8,76,0.9868421052631579,0.9868421052631579,0.9868329868329868,0.9875,0.9868421052631579,0.9868421052631579,0.9868421052631579,0.9868329868329868,0.9875,0.9868421052631579,0.0,0.0,0.0,0.0,0.0
grabmyo-S34-K2-seed3402,34,2,3402,same_session_holdout,8,20,1.0,1.0,1.0,1.0,1.0,1.0,1.0,1.0,1.0,1.0,0.0,0.0,0.0,0.0,0.0
grabmyo-S34-K2-seed3402,34,2,3402,cross_session,8,56,0.9821428571428571,0.9821428571428572,0.9821200510855683,0.9833333333333334,0.9821428571428572,0.9821428571428571,0.9821428571428572,0.9821200510855683,0.9833333333333334,0.9821428571428572,0.0,0.0,0.0,0.0,0.0
grabmyo-S35-K2-seed3402,35,2,3402,all_eval,8,76,1.0,1.0,1.0,1.0,1.0,1.0,1.0,1.0,1.0,1.0,0.0,0.0,0.0,0.0,0.0
grabmyo-S35-K2-seed3402,35,2,3402,same_session_holdout,8,20,1.0,1.0,1.0,1.0,1.0,1.0,1.0,1.0,1.0,1.0,0.0,0.0,0.0,0.0,0.0
grabmyo-S35-K2-seed3402,35,2,3402,cross_session,8,56,1.0,1.0,1.0,1.0,1.0,1.0,1.0,1.0,1.0,1.0,0.0,0.0,0.0,0.0,0.0
grabmyo-S41-K2-seed3402,41,2,3402,all_eval,8,76,1.0,1.0,1.0,1.0,1.0,1.0,1.0,1.0,1.0,1.0,0.0,0.0,0.0,0.0,0.0
grabmyo-S41-K2-seed3402,41,2,3402,same_session_holdout,8,20,1.0,1.0,1.0,1.0,1.0,1.0,1.0,1.0,1.0,1.0,0.0,0.0,0.0,0.0,0.0
grabmyo-S41-K2-seed3402,41,2,3402,cross_session,8,56,1.0,1.0,1.0,1.0,1.0,1.0,1.0,1.0,1.0,1.0,0.0,0.0,0.0,0.0,0.0
grabmyo-S12-K2-seed3403,12,2,3403,all_eval,8,76,1.0,1.0,1.0,1.0,1.0,1.0,1.0,1.0,1.0,1.0,0.0,0.0,0.0,0.0,0.0
grabmyo-S12-K2-seed3403,12,2,3403,same_session_holdout,8,20,1.0,1.0,1.0,1.0,1.0,1.0,1.0,1.0,1.0,1.0,0.0,0.0,0.0,0.0,0.0
grabmyo-S12-K2-seed3403,12,2,3403,cross_session,8,56,1.0,1.0,1.0,1.0,1.0,1.0,1.0,1.0,1.0,1.0,0.0,0.0,0.0,0.0,0.0
grabmyo-S13-K2-seed3403,13,2,3403,all_eval,8,76,1.0,1.0,1.0,1.0,1.0,1.0,1.0,1.0,1.0,1.0,0.0,0.0,0.0,0.0,0.0
grabmyo-S13-K2-seed3403,13,2,3403,same_session_holdout,8,20,1.0,1.0,1.0,1.0,1.0,1.0,1.0,1.0,1.0,1.0,0.0,0.0,0.0,0.0,0.0
grabmyo-S13-K2-seed3403,13,2,3403,cross_session,8,56,1.0,1.0,1.0,1.0,1.0,1.0,1.0,1.0,1.0,1.0,0.0,0.0,0.0,0.0,0.0
grabmyo-S25-K2-seed3403,25,2,3403,all_eval,8,76,1.0,1.0,1.0,1.0,1.0,1.0,1.0,1.0,1.0,1.0,0.0,0.0,0.0,0.0,0.0
grabmyo-S25-K2-seed3403,25,2,3403,same_session_holdout,8,20,1.0,1.0,1.0,1.0,1.0,1.0,1.0,1.0,1.0,1.0,0.0,0.0,0.0,0.0,0.0
grabmyo-S25-K2-seed3403,25,2,3403,cross_session,8,56,1.0,1.0,1.0,1.0,1.0,1.0,1.0,1.0,1.0,1.0,0.0,0.0,0.0,0.0,0.0
grabmyo-S26-K2-seed3403,26,2,3403,all_eval,8,76,0.9868421052631579,0.9868421052631579,0.9868329868329868,0.9875,0.9868421052631579,0.9868421052631579,0.9868421052631579,0.9868329868329868,0.9875,0.9868421052631579,0.0,0.0,0.0,0.0,0.0
grabmyo-S26-K2-seed3403,26,2,3403,same_session_holdout,8,20,1.0,1.0,1.0,1.0,1.0,1.0,1.0,1.0,1.0,1.0,0.0,0.0,0.0,0.0,0.0
grabmyo-S26-K2-seed3403,26,2,3403,cross_session,8,56,0.9821428571428571,0.9821428571428572,0.9821200510855683,0.9833333333333334,0.9821428571428572,0.9821428571428571,0.9821428571428572,0.9821200510855683,0.9833333333333334,0.9821428571428572,0.0,0.0,0.0,0.0,0.0
grabmyo-S29-K2-seed3403,29,2,3403,all_eval,8,76,0.9868421052631579,0.9868421052631579,0.9868329868329868,0.9875,0.9868421052631579,0.9868421052631579,0.9868421052631579,0.9868329868329868,0.9875,0.9868421052631579,0.0,0.0,0.0,0.0,0.0
grabmyo-S29-K2-seed3403,29,2,3403,same_session_holdout,8,20,0.95,0.95,0.9494949494949495,0.9583333333333334,0.95,0.95,0.95,0.9494949494949495,0.9583333333333334,0.95,0.0,0.0,0.0,0.0,0.0
grabmyo-S29-K2-seed3403,29,2,3403,cross_session,8,56,1.0,1.0,1.0,1.0,1.0,1.0,1.0,1.0,1.0,1.0,0.0,0.0,0.0,0.0,0.0
grabmyo-S33-K2-seed3403,33,2,3403,all_eval,8,76,0.9342105263157895,0.9342105263157895,0.9330514446793516,0.9479166666666666,0.9342105263157895,0.9210526315789473,0.9210526315789473,0.9200558287425593,0.93125,0.9210526315789473,-0.013157894736842146,-0.013157894736842146,-0.012995615936792326,-0.016666666666666607,-0.013157894736842146
grabmyo-S33-K2-seed3403,33,2,3403,same_session_holdout,8,20,0.95,0.95,0.9494949494949495,0.9583333333333334,0.95,0.9,0.9,0.8994949494949495,0.9083333333333333,0.9,-0.04999999999999993,-0.04999999999999993,-0.050000000000000044,-0.050000000000000044,-0.04999999999999993
grabmyo-S33-K2-seed3403,33,2,3403,cross_session,8,56,0.9285714285714286,0.9285714285714286,0.9270833333333334,0.9444444444444444,0.9285714285714286,0.9285714285714286,0.9285714285714286,0.9270833333333334,0.9444444444444444,0.9285714285714286,0.0,0.0,0.0,0.0,0.0
grabmyo-S34-K2-seed3403,34,2,3403,all_eval,8,76,0.9868421052631579,0.9868421052631579,0.9868329868329868,0.9875,0.9868421052631579,0.9868421052631579,0.9868421052631579,0.9868329868329868,0.9875,0.9868421052631579,0.0,0.0,0.0,0.0,0.0
grabmyo-S34-K2-seed3403,34,2,3403,same_session_holdout,8,20,1.0,1.0,1.0,1.0,1.0,1.0,1.0,1.0,1.0,1.0,0.0,0.0,0.0,0.0,0.0
grabmyo-S34-K2-seed3403,34,2,3403,cross_session,8,56,0.9821428571428571,0.9821428571428572,0.9821200510855683,0.9833333333333334,0.9821428571428572,0.9821428571428571,0.9821428571428572,0.9821200510855683,0.9833333333333334,0.9821428571428572,0.0,0.0,0.0,0.0,0.0
grabmyo-S35-K2-seed3403,35,2,3403,all_eval,8,76,1.0,1.0,1.0,1.0,1.0,1.0,1.0,1.0,1.0,1.0,0.0,0.0,0.0,0.0,0.0
grabmyo-S35-K2-seed3403,35,2,3403,same_session_holdout,8,20,1.0,1.0,1.0,1.0,1.0,1.0,1.0,1.0,1.0,1.0,0.0,0.0,0.0,0.0,0.0
grabmyo-S35-K2-seed3403,35,2,3403,cross_session,8,56,1.0,1.0,1.0,1.0,1.0,1.0,1.0,1.0,1.0,1.0,0.0,0.0,0.0,0.0,0.0
grabmyo-S41-K2-seed3403,41,2,3403,all_eval,8,76,1.0,1.0,1.0,1.0,1.0,1.0,1.0,1.0,1.0,1.0,0.0,0.0,0.0,0.0,0.0
grabmyo-S41-K2-seed3403,41,2,3403,same_session_holdout,8,20,1.0,1.0,1.0,1.0,1.0,1.0,1.0,1.0,1.0,1.0,0.0,0.0,0.0,0.0,0.0
grabmyo-S41-K2-seed3403,41,2,3403,cross_session,8,56,1.0,1.0,1.0,1.0,1.0,1.0,1.0,1.0,1.0,1.0,0.0,0.0,0.0,0.0,0.0
grabmyo-S12-K2-seed3404,12,2,3404,all_eval,8,76,1.0,1.0,1.0,1.0,1.0,1.0,1.0,1.0,1.0,1.0,0.0,0.0,0.0,0.0,0.0
grabmyo-S12-K2-seed3404,12,2,3404,same_session_holdout,8,20,1.0,1.0,1.0,1.0,1.0,1.0,1.0,1.0,1.0,1.0,0.0,0.0,0.0,0.0,0.0
grabmyo-S12-K2-seed3404,12,2,3404,cross_session,8,56,1.0,1.0,1.0,1.0,1.0,1.0,1.0,1.0,1.0,1.0,0.0,0.0,0.0,0.0,0.0
grabmyo-S13-K2-seed3404,13,2,3404,all_eval,8,76,1.0,1.0,1.0,1.0,1.0,1.0,1.0,1.0,1.0,1.0,0.0,0.0,0.0,0.0,0.0
grabmyo-S13-K2-seed3404,13,2,3404,same_session_holdout,8,20,1.0,1.0,1.0,1.0,1.0,1.0,1.0,1.0,1.0,1.0,0.0,0.0,0.0,0.0,0.0
grabmyo-S13-K2-seed3404,13,2,3404,cross_session,8,56,1.0,1.0,1.0,1.0,1.0,1.0,1.0,1.0,1.0,1.0,0.0,0.0,0.0,0.0,0.0
grabmyo-S25-K2-seed3404,25,2,3404,all_eval,8,76,1.0,1.0,1.0,1.0,1.0,1.0,1.0,1.0,1.0,1.0,0.0,0.0,0.0,0.0,0.0
grabmyo-S25-K2-seed3404,25,2,3404,same_session_holdout,8,20,1.0,1.0,1.0,1.0,1.0,1.0,1.0,1.0,1.0,1.0,0.0,0.0,0.0,0.0,0.0
grabmyo-S25-K2-seed3404,25,2,3404,cross_session,8,56,1.0,1.0,1.0,1.0,1.0,1.0,1.0,1.0,1.0,1.0,0.0,0.0,0.0,0.0,0.0
grabmyo-S26-K2-seed3404,26,2,3404,all_eval,8,76,0.9868421052631579,0.9868421052631579,0.9868329868329868,0.9875,0.9868421052631579,0.9868421052631579,0.9868421052631579,0.9868329868329868,0.9875,0.9868421052631579,0.0,0.0,0.0,0.0,0.0
grabmyo-S26-K2-seed3404,26,2,3404,same_session_holdout,8,20,1.0,1.0,1.0,1.0,1.0,1.0,1.0,1.0,1.0,1.0,0.0,0.0,0.0,0.0,0.0
grabmyo-S26-K2-seed3404,26,2,3404,cross_session,8,56,0.9821428571428571,0.9821428571428572,0.9821200510855683,0.9833333333333334,0.9821428571428572,0.9821428571428571,0.9821428571428572,0.9821200510855683,0.9833333333333334,0.9821428571428572,0.0,0.0,0.0,0.0,0.0
grabmyo-S29-K2-seed3404,29,2,3404,all_eval,8,76,0.9868421052631579,0.9868421052631579,0.9868329868329868,0.9875,0.9868421052631579,0.9868421052631579,0.9868421052631579,0.9868329868329868,0.9875,0.9868421052631579,0.0,0.0,0.0,0.0,0.0
grabmyo-S29-K2-seed3404,29,2,3404,same_session_holdout,8,20,0.95,0.95,0.9494949494949495,0.9583333333333334,0.95,0.95,0.95,0.9494949494949495,0.9583333333333334,0.95,0.0,0.0,0.0,0.0,0.0
grabmyo-S29-K2-seed3404,29,2,3404,cross_session,8,56,1.0,1.0,1.0,1.0,1.0,1.0,1.0,1.0,1.0,1.0,0.0,0.0,0.0,0.0,0.0
grabmyo-S33-K2-seed3404,33,2,3404,all_eval,8,76,0.9210526315789473,0.9210526315789473,0.9176449761478831,0.9354166666666667,0.9210526315789473,0.9210526315789473,0.9210526315789473,0.9176449761478831,0.9354166666666667,0.9210526315789473,0.0,0.0,0.0,0.0,0.0
grabmyo-S33-K2-seed3404,33,2,3404,same_session_holdout,8,20,0.9,0.9,0.8920454545454546,0.9166666666666667,0.9,0.9,0.9,0.8920454545454546,0.9166666666666667,0.9,0.0,0.0,0.0,0.0,0.0
grabmyo-S33-K2-seed3404,33,2,3404,cross_session,8,56,0.9285714285714286,0.9285714285714286,0.9270833333333334,0.9444444444444444,0.9285714285714286,0.9285714285714286,0.9285714285714286,0.9270833333333334,0.9444444444444444,0.9285714285714286,0.0,0.0,0.0,0.0,0.0
grabmyo-S34-K2-seed3404,34,2,3404,all_eval,8,76,0.9868421052631579,0.9868421052631579,0.9868329868329868,0.9875,0.9868421052631579,0.9868421052631579,0.9868421052631579,0.9868329868329868,0.9875,0.9868421052631579,0.0,0.0,0.0,0.0,0.0
grabmyo-S34-K2-seed3404,34,2,3404,same_session_holdout,8,20,1.0,1.0,1.0,1.0,1.0,1.0,1.0,1.0,1.0,1.0,0.0,0.0,0.0,0.0,0.0
grabmyo-S34-K2-seed3404,34,2,3404,cross_session,8,56,0.9821428571428571,0.9821428571428572,0.9821200510855683,0.9833333333333334,0.9821428571428572,0.9821428571428571,0.9821428571428572,0.9821200510855683,0.9833333333333334,0.9821428571428572,0.0,0.0,0.0,0.0,0.0
grabmyo-S35-K2-seed3404,35,2,3404,all_eval,8,76,1.0,1.0,1.0,1.0,1.0,1.0,1.0,1.0,1.0,1.0,0.0,0.0,0.0,0.0,0.0
grabmyo-S35-K2-seed3404,35,2,3404,same_session_holdout,8,20,1.0,1.0,1.0,1.0,1.0,1.0,1.0,1.0,1.0,1.0,0.0,0.0,0.0,0.0,0.0
grabmyo-S35-K2-seed3404,35,2,3404,cross_session,8,56,1.0,1.0,1.0,1.0,1.0,1.0,1.0,1.0,1.0,1.0,0.0,0.0,0.0,0.0,0.0
grabmyo-S41-K2-seed3404,41,2,3404,all_eval,8,76,1.0,1.0,1.0,1.0,1.0,1.0,1.0,1.0,1.0,1.0,0.0,0.0,0.0,0.0,0.0
grabmyo-S41-K2-seed3404,41,2,3404,same_session_holdout,8,20,1.0,1.0,1.0,1.0,1.0,1.0,1.0,1.0,1.0,1.0,0.0,0.0,0.0,0.0,0.0
grabmyo-S41-K2-seed3404,41,2,3404,cross_session,8,56,1.0,1.0,1.0,1.0,1.0,1.0,1.0,1.0,1.0,1.0,0.0,0.0,0.0,0.0,0.0
grabmyo-S12-K2-seed3405,12,2,3405,all_eval,8,76,1.0,1.0,1.0,1.0,1.0,1.0,1.0,1.0,1.0,1.0,0.0,0.0,0.0,0.0,0.0
grabmyo-S12-K2-seed3405,12,2,3405,same_session_holdout,8,20,1.0,1.0,1.0,1.0,1.0,1.0,1.0,1.0,1.0,1.0,0.0,0.0,0.0,0.0,0.0
grabmyo-S12-K2-seed3405,12,2,3405,cross_session,8,56,1.0,1.0,1.0,1.0,1.0,1.0,1.0,1.0,1.0,1.0,0.0,0.0,0.0,0.0,0.0
grabmyo-S13-K2-seed3405,13,2,3405,all_eval,8,76,1.0,1.0,1.0,1.0,1.0,1.0,1.0,1.0,1.0,1.0,0.0,0.0,0.0,0.0,0.0
grabmyo-S13-K2-seed3405,13,2,3405,same_session_holdout,8,20,1.0,1.0,1.0,1.0,1.0,1.0,1.0,1.0,1.0,1.0,0.0,0.0,0.0,0.0,0.0
grabmyo-S13-K2-seed3405,13,2,3405,cross_session,8,56,1.0,1.0,1.0,1.0,1.0,1.0,1.0,1.0,1.0,1.0,0.0,0.0,0.0,0.0,0.0
grabmyo-S25-K2-seed3405,25,2,3405,all_eval,8,76,1.0,1.0,1.0,1.0,1.0,1.0,1.0,1.0,1.0,1.0,0.0,0.0,0.0,0.0,0.0
grabmyo-S25-K2-seed3405,25,2,3405,same_session_holdout,8,20,1.0,1.0,1.0,1.0,1.0,1.0,1.0,1.0,1.0,1.0,0.0,0.0,0.0,0.0,0.0
grabmyo-S25-K2-seed3405,25,2,3405,cross_session,8,56,1.0,1.0,1.0,1.0,1.0,1.0,1.0,1.0,1.0,1.0,0.0,0.0,0.0,0.0,0.0
grabmyo-S26-K2-seed3405,26,2,3405,all_eval,8,76,0.9868421052631579,0.9868421052631579,0.9868329868329868,0.9875,0.9868421052631579,0.9868421052631579,0.9868421052631579,0.9868329868329868,0.9875,0.9868421052631579,0.0,0.0,0.0,0.0,0.0
grabmyo-S26-K2-seed3405,26,2,3405,same_session_holdout,8,20,1.0,1.0,1.0,1.0,1.0,1.0,1.0,1.0,1.0,1.0,0.0,0.0,0.0,0.0,0.0
grabmyo-S26-K2-seed3405,26,2,3405,cross_session,8,56,0.9821428571428571,0.9821428571428572,0.9821200510855683,0.9833333333333334,0.9821428571428572,0.9821428571428571,0.9821428571428572,0.9821200510855683,0.9833333333333334,0.9821428571428572,0.0,0.0,0.0,0.0,0.0
grabmyo-S29-K2-seed3405,29,2,3405,all_eval,8,76,0.9868421052631579,0.9868421052631579,0.9868329868329868,0.9875,0.9868421052631579,0.9868421052631579,0.9868421052631579,0.9868329868329868,0.9875,0.9868421052631579,0.0,0.0,0.0,0.0,0.0
grabmyo-S29-K2-seed3405,29,2,3405,same_session_holdout,8,20,0.95,0.95,0.9494949494949495,0.9583333333333334,0.95,0.95,0.95,0.9494949494949495,0.9583333333333334,0.95,0.0,0.0,0.0,0.0,0.0
grabmyo-S29-K2-seed3405,29,2,3405,cross_session,8,56,1.0,1.0,1.0,1.0,1.0,1.0,1.0,1.0,1.0,1.0,0.0,0.0,0.0,0.0,0.0
grabmyo-S33-K2-seed3405,33,2,3405,all_eval,8,76,0.9342105263157895,0.9342105263157895,0.9319014319014319,0.9440217391304347,0.9342105263157895,0.9342105263157895,0.9342105263157895,0.9319014319014319,0.9440217391304347,0.9342105263157895,0.0,0.0,0.0,0.0,0.0
grabmyo-S33-K2-seed3405,33,2,3405,same_session_holdout,8,20,0.95,0.95,0.9494949494949495,0.9583333333333334,0.95,0.95,0.95,0.9494949494949495,0.9583333333333334,0.95,0.0,0.0,0.0,0.0,0.0
grabmyo-S33-K2-seed3405,33,2,3405,cross_session,8,56,0.9285714285714286,0.9285714285714286,0.9270833333333334,0.9444444444444444,0.9285714285714286,0.9285714285714286,0.9285714285714286,0.9270833333333334,0.9444444444444444,0.9285714285714286,0.0,0.0,0.0,0.0,0.0
grabmyo-S34-K2-seed3405,34,2,3405,all_eval,8,76,0.9868421052631579,0.9868421052631579,0.9868329868329868,0.9875,0.9868421052631579,0.9868421052631579,0.9868421052631579,0.9868329868329868,0.9875,0.9868421052631579,0.0,0.0,0.0,0.0,0.0
grabmyo-S34-K2-seed3405,34,2,3405,same_session_holdout,8,20,1.0,1.0,1.0,1.0,1.0,1.0,1.0,1.0,1.0,1.0,0.0,0.0,0.0,0.0,0.0
grabmyo-S34-K2-seed3405,34,2,3405,cross_session,8,56,0.9821428571428571,0.9821428571428572,0.9821200510855683,0.9833333333333334,0.9821428571428572,0.9821428571428571,0.9821428571428572,0.9821200510855683,0.9833333333333334,0.9821428571428572,0.0,0.0,0.0,0.0,0.0
grabmyo-S35-K2-seed3405,35,2,3405,all_eval,8,76,1.0,1.0,1.0,1.0,1.0,1.0,1.0,1.0,1.0,1.0,0.0,0.0,0.0,0.0,0.0
grabmyo-S35-K2-seed3405,35,2,3405,same_session_holdout,8,20,1.0,1.0,1.0,1.0,1.0,1.0,1.0,1.0,1.0,1.0,0.0,0.0,0.0,0.0,0.0
grabmyo-S35-K2-seed3405,35,2,3405,cross_session,8,56,1.0,1.0,1.0,1.0,1.0,1.0,1.0,1.0,1.0,1.0,0.0,0.0,0.0,0.0,0.0
grabmyo-S41-K2-seed3405,41,2,3405,all_eval,8,76,1.0,1.0,1.0,1.0,1.0,1.0,1.0,1.0,1.0,1.0,0.0,0.0,0.0,0.0,0.0
grabmyo-S41-K2-seed3405,41,2,3405,same_session_holdout,8,20,1.0,1.0,1.0,1.0,1.0,1.0,1.0,1.0,1.0,1.0,0.0,0.0,0.0,0.0,0.0
grabmyo-S41-K2-seed3405,41,2,3405,cross_session,8,56,1.0,1.0,1.0,1.0,1.0,1.0,1.0,1.0,1.0,1.0,0.0,0.0,0.0,0.0,0.0
grabmyo-S12-K2-seed3406,12,2,3406,all_eval,8,76,1.0,1.0,1.0,1.0,1.0,1.0,1.0,1.0,1.0,1.0,0.0,0.0,0.0,0.0,0.0
grabmyo-S12-K2-seed3406,12,2,3406,same_session_holdout,8,20,1.0,1.0,1.0,1.0,1.0,1.0,1.0,1.0,1.0,1.0,0.0,0.0,0.0,0.0,0.0
grabmyo-S12-K2-seed3406,12,2,3406,cross_session,8,56,1.0,1.0,1.0,1.0,1.0,1.0,1.0,1.0,1.0,1.0,0.0,0.0,0.0,0.0,0.0
grabmyo-S13-K2-seed3406,13,2,3406,all_eval,8,76,1.0,1.0,1.0,1.0,1.0,1.0,1.0,1.0,1.0,1.0,0.0,0.0,0.0,0.0,0.0
grabmyo-S13-K2-seed3406,13,2,3406,same_session_holdout,8,20,1.0,1.0,1.0,1.0,1.0,1.0,1.0,1.0,1.0,1.0,0.0,0.0,0.0,0.0,0.0
grabmyo-S13-K2-seed3406,13,2,3406,cross_session,8,56,1.0,1.0,1.0,1.0,1.0,1.0,1.0,1.0,1.0,1.0,0.0,0.0,0.0,0.0,0.0
grabmyo-S25-K2-seed3406,25,2,3406,all_eval,8,76,1.0,1.0,1.0,1.0,1.0,1.0,1.0,1.0,1.0,1.0,0.0,0.0,0.0,0.0,0.0
grabmyo-S25-K2-seed3406,25,2,3406,same_session_holdout,8,20,1.0,1.0,1.0,1.0,1.0,1.0,1.0,1.0,1.0,1.0,0.0,0.0,0.0,0.0,0.0
grabmyo-S25-K2-seed3406,25,2,3406,cross_session,8,56,1.0,1.0,1.0,1.0,1.0,1.0,1.0,1.0,1.0,1.0,0.0,0.0,0.0,0.0,0.0
grabmyo-S26-K2-seed3406,26,2,3406,all_eval,8,76,0.9868421052631579,0.9868421052631579,0.9868329868329868,0.9875,0.9868421052631579,0.9868421052631579,0.9868421052631579,0.9868329868329868,0.9875,0.9868421052631579,0.0,0.0,0.0,0.0,0.0
grabmyo-S26-K2-seed3406,26,2,3406,same_session_holdout,8,20,1.0,1.0,1.0,1.0,1.0,1.0,1.0,1.0,1.0,1.0,0.0,0.0,0.0,0.0,0.0
grabmyo-S26-K2-seed3406,26,2,3406,cross_session,8,56,0.9821428571428571,0.9821428571428572,0.9821200510855683,0.9833333333333334,0.9821428571428572,0.9821428571428571,0.9821428571428572,0.9821200510855683,0.9833333333333334,0.9821428571428572,0.0,0.0,0.0,0.0,0.0
grabmyo-S29-K2-seed3406,29,2,3406,all_eval,8,76,0.9868421052631579,0.9868421052631579,0.9868329868329868,0.9875,0.9868421052631579,0.9868421052631579,0.9868421052631579,0.9868329868329868,0.9875,0.9868421052631579,0.0,0.0,0.0,0.0,0.0
grabmyo-S29-K2-seed3406,29,2,3406,same_session_holdout,8,20,0.95,0.95,0.9494949494949495,0.9583333333333334,0.95,0.95,0.95,0.9494949494949495,0.9583333333333334,0.95,0.0,0.0,0.0,0.0,0.0
grabmyo-S29-K2-seed3406,29,2,3406,cross_session,8,56,1.0,1.0,1.0,1.0,1.0,1.0,1.0,1.0,1.0,1.0,0.0,0.0,0.0,0.0,0.0
grabmyo-S33-K2-seed3406,33,2,3406,all_eval,8,76,0.9210526315789473,0.9210526315789473,0.9176449761478831,0.9354166666666667,0.9210526315789473,0.9210526315789473,0.9210526315789473,0.9176449761478831,0.9354166666666667,0.9210526315789473,0.0,0.0,0.0,0.0,0.0
grabmyo-S33-K2-seed3406,33,2,3406,same_session_holdout,8,20,0.9,0.9,0.8920454545454546,0.9166666666666667,0.9,0.9,0.9,0.8920454545454546,0.9166666666666667,0.9,0.0,0.0,0.0,0.0,0.0
grabmyo-S33-K2-seed3406,33,2,3406,cross_session,8,56,0.9285714285714286,0.9285714285714286,0.9270833333333334,0.9444444444444444,0.9285714285714286,0.9285714285714286,0.9285714285714286,0.9270833333333334,0.9444444444444444,0.9285714285714286,0.0,0.0,0.0,0.0,0.0
grabmyo-S34-K2-seed3406,34,2,3406,all_eval,8,76,0.9868421052631579,0.9868421052631579,0.9868329868329868,0.9875,0.9868421052631579,0.9868421052631579,0.9868421052631579,0.9868329868329868,0.9875,0.9868421052631579,0.0,0.0,0.0,0.0,0.0
grabmyo-S34-K2-seed3406,34,2,3406,same_session_holdout,8,20,1.0,1.0,1.0,1.0,1.0,1.0,1.0,1.0,1.0,1.0,0.0,0.0,0.0,0.0,0.0
grabmyo-S34-K2-seed3406,34,2,3406,cross_session,8,56,0.9821428571428571,0.9821428571428572,0.9821200510855683,0.9833333333333334,0.9821428571428572,0.9821428571428571,0.9821428571428572,0.9821200510855683,0.9833333333333334,0.9821428571428572,0.0,0.0,0.0,0.0,0.0
grabmyo-S35-K2-seed3406,35,2,3406,all_eval,8,76,1.0,1.0,1.0,1.0,1.0,1.0,1.0,1.0,1.0,1.0,0.0,0.0,0.0,0.0,0.0
grabmyo-S35-K2-seed3406,35,2,3406,same_session_holdout,8,20,1.0,1.0,1.0,1.0,1.0,1.0,1.0,1.0,1.0,1.0,0.0,0.0,0.0,0.0,0.0
grabmyo-S35-K2-seed3406,35,2,3406,cross_session,8,56,1.0,1.0,1.0,1.0,1.0,1.0,1.0,1.0,1.0,1.0,0.0,0.0,0.0,0.0,0.0
grabmyo-S41-K2-seed3406,41,2,3406,all_eval,8,76,1.0,1.0,1.0,1.0,1.0,1.0,1.0,1.0,1.0,1.0,0.0,0.0,0.0,0.0,0.0
grabmyo-S41-K2-seed3406,41,2,3406,same_session_holdout,8,20,1.0,1.0,1.0,1.0,1.0,1.0,1.0,1.0,1.0,1.0,0.0,0.0,0.0,0.0,0.0
grabmyo-S41-K2-seed3406,41,2,3406,cross_session,8,56,1.0,1.0,1.0,1.0,1.0,1.0,1.0,1.0,1.0,1.0,0.0,0.0,0.0,0.0,0.0
grabmyo-S12-K2-seed3407,12,2,3407,all_eval,8,76,1.0,1.0,1.0,1.0,1.0,1.0,1.0,1.0,1.0,1.0,0.0,0.0,0.0,0.0,0.0
grabmyo-S12-K2-seed3407,12,2,3407,same_session_holdout,8,20,1.0,1.0,1.0,1.0,1.0,1.0,1.0,1.0,1.0,1.0,0.0,0.0,0.0,0.0,0.0
grabmyo-S12-K2-seed3407,12,2,3407,cross_session,8,56,1.0,1.0,1.0,1.0,1.0,1.0,1.0,1.0,1.0,1.0,0.0,0.0,0.0,0.0,0.0
grabmyo-S13-K2-seed3407,13,2,3407,all_eval,8,76,1.0,1.0,1.0,1.0,1.0,1.0,1.0,1.0,1.0,1.0,0.0,0.0,0.0,0.0,0.0
grabmyo-S13-K2-seed3407,13,2,3407,same_session_holdout,8,20,1.0,1.0,1.0,1.0,1.0,1.0,1.0,1.0,1.0,1.0,0.0,0.0,0.0,0.0,0.0
grabmyo-S13-K2-seed3407,13,2,3407,cross_session,8,56,1.0,1.0,1.0,1.0,1.0,1.0,1.0,1.0,1.0,1.0,0.0,0.0,0.0,0.0,0.0
grabmyo-S25-K2-seed3407,25,2,3407,all_eval,8,76,1.0,1.0,1.0,1.0,1.0,1.0,1.0,1.0,1.0,1.0,0.0,0.0,0.0,0.0,0.0
grabmyo-S25-K2-seed3407,25,2,3407,same_session_holdout,8,20,1.0,1.0,1.0,1.0,1.0,1.0,1.0,1.0,1.0,1.0,0.0,0.0,0.0,0.0,0.0
grabmyo-S25-K2-seed3407,25,2,3407,cross_session,8,56,1.0,1.0,1.0,1.0,1.0,1.0,1.0,1.0,1.0,1.0,0.0,0.0,0.0,0.0,0.0
grabmyo-S26-K2-seed3407,26,2,3407,all_eval,8,76,0.9868421052631579,0.9868421052631579,0.9868329868329868,0.9875,0.9868421052631579,0.9868421052631579,0.9868421052631579,0.9868329868329868,0.9875,0.9868421052631579,0.0,0.0,0.0,0.0,0.0
grabmyo-S26-K2-seed3407,26,2,3407,same_session_holdout,8,20,1.0,1.0,1.0,1.0,1.0,1.0,1.0,1.0,1.0,1.0,0.0,0.0,0.0,0.0,0.0
grabmyo-S26-K2-seed3407,26,2,3407,cross_session,8,56,0.9821428571428571,0.9821428571428572,0.9821200510855683,0.9833333333333334,0.9821428571428572,0.9821428571428571,0.9821428571428572,0.9821200510855683,0.9833333333333334,0.9821428571428572,0.0,0.0,0.0,0.0,0.0
grabmyo-S29-K2-seed3407,29,2,3407,all_eval,8,76,1.0,1.0,1.0,1.0,1.0,1.0,1.0,1.0,1.0,1.0,0.0,0.0,0.0,0.0,0.0
grabmyo-S29-K2-seed3407,29,2,3407,same_session_holdout,8,20,1.0,1.0,1.0,1.0,1.0,1.0,1.0,1.0,1.0,1.0,0.0,0.0,0.0,0.0,0.0
grabmyo-S29-K2-seed3407,29,2,3407,cross_session,8,56,1.0,1.0,1.0,1.0,1.0,1.0,1.0,1.0,1.0,1.0,0.0,0.0,0.0,0.0,0.0
grabmyo-S33-K2-seed3407,33,2,3407,all_eval,8,76,0.9342105263157895,0.9342105263157895,0.9330514446793516,0.9479166666666666,0.9342105263157895,0.9342105263157895,0.9342105263157895,0.9330514446793516,0.9479166666666666,0.9342105263157895,0.0,0.0,0.0,0.0,0.0
grabmyo-S33-K2-seed3407,33,2,3407,same_session_holdout,8,20,0.95,0.95,0.9494949494949495,0.9583333333333334,0.95,0.95,0.95,0.9494949494949495,0.9583333333333334,0.95,0.0,0.0,0.0,0.0,0.0
grabmyo-S33-K2-seed3407,33,2,3407,cross_session,8,56,0.9285714285714286,0.9285714285714286,0.9270833333333334,0.9444444444444444,0.9285714285714286,0.9285714285714286,0.9285714285714286,0.9270833333333334,0.9444444444444444,0.9285714285714286,0.0,0.0,0.0,0.0,0.0
grabmyo-S34-K2-seed3407,34,2,3407,all_eval,8,76,0.9868421052631579,0.9868421052631579,0.9868329868329868,0.9875,0.9868421052631579,0.9868421052631579,0.9868421052631579,0.9868329868329868,0.9875,0.9868421052631579,0.0,0.0,0.0,0.0,0.0
grabmyo-S34-K2-seed3407,34,2,3407,same_session_holdout,8,20,1.0,1.0,1.0,1.0,1.0,1.0,1.0,1.0,1.0,1.0,0.0,0.0,0.0,0.0,0.0
grabmyo-S34-K2-seed3407,34,2,3407,cross_session,8,56,0.9821428571428571,0.9821428571428572,0.9821200510855683,0.9833333333333334,0.9821428571428572,0.9821428571428571,0.9821428571428572,0.9821200510855683,0.9833333333333334,0.9821428571428572,0.0,0.0,0.0,0.0,0.0
grabmyo-S35-K2-seed3407,35,2,3407,all_eval,8,76,1.0,1.0,1.0,1.0,1.0,1.0,1.0,1.0,1.0,1.0,0.0,0.0,0.0,0.0,0.0
grabmyo-S35-K2-seed3407,35,2,3407,same_session_holdout,8,20,1.0,1.0,1.0,1.0,1.0,1.0,1.0,1.0,1.0,1.0,0.0,0.0,0.0,0.0,0.0
grabmyo-S35-K2-seed3407,35,2,3407,cross_session,8,56,1.0,1.0,1.0,1.0,1.0,1.0,1.0,1.0,1.0,1.0,0.0,0.0,0.0,0.0,0.0
grabmyo-S41-K2-seed3407,41,2,3407,all_eval,8,76,1.0,1.0,1.0,1.0,1.0,1.0,1.0,1.0,1.0,1.0,0.0,0.0,0.0,0.0,0.0
grabmyo-S41-K2-seed3407,41,2,3407,same_session_holdout,8,20,1.0,1.0,1.0,1.0,1.0,1.0,1.0,1.0,1.0,1.0,0.0,0.0,0.0,0.0,0.0
grabmyo-S41-K2-seed3407,41,2,3407,cross_session,8,56,1.0,1.0,1.0,1.0,1.0,1.0,1.0,1.0,1.0,1.0,0.0,0.0,0.0,0.0,0.0
grabmyo-S12-K2-seed3408,12,2,3408,all_eval,8,76,1.0,1.0,1.0,1.0,1.0,1.0,1.0,1.0,1.0,1.0,0.0,0.0,0.0,0.0,0.0
grabmyo-S12-K2-seed3408,12,2,3408,same_session_holdout,8,20,1.0,1.0,1.0,1.0,1.0,1.0,1.0,1.0,1.0,1.0,0.0,0.0,0.0,0.0,0.0
grabmyo-S12-K2-seed3408,12,2,3408,cross_session,8,56,1.0,1.0,1.0,1.0,1.0,1.0,1.0,1.0,1.0,1.0,0.0,0.0,0.0,0.0,0.0
grabmyo-S13-K2-seed3408,13,2,3408,all_eval,8,76,1.0,1.0,1.0,1.0,1.0,1.0,1.0,1.0,1.0,1.0,0.0,0.0,0.0,0.0,0.0
grabmyo-S13-K2-seed3408,13,2,3408,same_session_holdout,8,20,1.0,1.0,1.0,1.0,1.0,1.0,1.0,1.0,1.0,1.0,0.0,0.0,0.0,0.0,0.0
grabmyo-S13-K2-seed3408,13,2,3408,cross_session,8,56,1.0,1.0,1.0,1.0,1.0,1.0,1.0,1.0,1.0,1.0,0.0,0.0,0.0,0.0,0.0
grabmyo-S25-K2-seed3408,25,2,3408,all_eval,8,76,1.0,1.0,1.0,1.0,1.0,1.0,1.0,1.0,1.0,1.0,0.0,0.0,0.0,0.0,0.0
grabmyo-S25-K2-seed3408,25,2,3408,same_session_holdout,8,20,1.0,1.0,1.0,1.0,1.0,1.0,1.0,1.0,1.0,1.0,0.0,0.0,0.0,0.0,0.0
grabmyo-S25-K2-seed3408,25,2,3408,cross_session,8,56,1.0,1.0,1.0,1.0,1.0,1.0,1.0,1.0,1.0,1.0,0.0,0.0,0.0,0.0,0.0
grabmyo-S26-K2-seed3408,26,2,3408,all_eval,8,76,0.9868421052631579,0.9868421052631579,0.9868329868329868,0.9875,0.9868421052631579,0.9868421052631579,0.9868421052631579,0.9868329868329868,0.9875,0.9868421052631579,0.0,0.0,0.0,0.0,0.0
grabmyo-S26-K2-seed3408,26,2,3408,same_session_holdout,8,20,1.0,1.0,1.0,1.0,1.0,1.0,1.0,1.0,1.0,1.0,0.0,0.0,0.0,0.0,0.0
grabmyo-S26-K2-seed3408,26,2,3408,cross_session,8,56,0.9821428571428571,0.9821428571428572,0.9821200510855683,0.9833333333333334,0.9821428571428572,0.9821428571428571,0.9821428571428572,0.9821200510855683,0.9833333333333334,0.9821428571428572,0.0,0.0,0.0,0.0,0.0
grabmyo-S29-K2-seed3408,29,2,3408,all_eval,8,76,0.9868421052631579,0.9868421052631579,0.9868329868329868,0.9875,0.9868421052631579,0.9868421052631579,0.9868421052631579,0.9868329868329868,0.9875,0.9868421052631579,0.0,0.0,0.0,0.0,0.0
grabmyo-S29-K2-seed3408,29,2,3408,same_session_holdout,8,20,0.95,0.95,0.9494949494949495,0.9583333333333334,0.95,0.95,0.95,0.9494949494949495,0.9583333333333334,0.95,0.0,0.0,0.0,0.0,0.0
grabmyo-S29-K2-seed3408,29,2,3408,cross_session,8,56,1.0,1.0,1.0,1.0,1.0,1.0,1.0,1.0,1.0,1.0,0.0,0.0,0.0,0.0,0.0
grabmyo-S33-K2-seed3408,33,2,3408,all_eval,8,76,0.9342105263157895,0.9342105263157895,0.9319014319014319,0.9440217391304347,0.9342105263157895,0.9342105263157895,0.9342105263157895,0.9319014319014319,0.9440217391304347,0.9342105263157895,0.0,0.0,0.0,0.0,0.0
grabmyo-S33-K2-seed3408,33,2,3408,same_session_holdout,8,20,0.95,0.95,0.9494949494949495,0.9583333333333334,0.95,0.95,0.95,0.9494949494949495,0.9583333333333334,0.95,0.0,0.0,0.0,0.0,0.0
grabmyo-S33-K2-seed3408,33,2,3408,cross_session,8,56,0.9285714285714286,0.9285714285714286,0.9270833333333334,0.9444444444444444,0.9285714285714286,0.9285714285714286,0.9285714285714286,0.9270833333333334,0.9444444444444444,0.9285714285714286,0.0,0.0,0.0,0.0,0.0
grabmyo-S34-K2-seed3408,34,2,3408,all_eval,8,76,0.9868421052631579,0.9868421052631579,0.9868329868329868,0.9875,0.9868421052631579,0.9868421052631579,0.9868421052631579,0.9868329868329868,0.9875,0.9868421052631579,0.0,0.0,0.0,0.0,0.0
grabmyo-S34-K2-seed3408,34,2,3408,same_session_holdout,8,20,1.0,1.0,1.0,1.0,1.0,1.0,1.0,1.0,1.0,1.0,0.0,0.0,0.0,0.0,0.0
grabmyo-S34-K2-seed3408,34,2,3408,cross_session,8,56,0.9821428571428571,0.9821428571428572,0.9821200510855683,0.9833333333333334,0.9821428571428572,0.9821428571428571,0.9821428571428572,0.9821200510855683,0.9833333333333334,0.9821428571428572,0.0,0.0,0.0,0.0,0.0
grabmyo-S35-K2-seed3408,35,2,3408,all_eval,8,76,1.0,1.0,1.0,1.0,1.0,1.0,1.0,1.0,1.0,1.0,0.0,0.0,0.0,0.0,0.0
grabmyo-S35-K2-seed3408,35,2,3408,same_session_holdout,8,20,1.0,1.0,1.0,1.0,1.0,1.0,1.0,1.0,1.0,1.0,0.0,0.0,0.0,0.0,0.0
grabmyo-S35-K2-seed3408,35,2,3408,cross_session,8,56,1.0,1.0,1.0,1.0,1.0,1.0,1.0,1.0,1.0,1.0,0.0,0.0,0.0,0.0,0.0
grabmyo-S41-K2-seed3408,41,2,3408,all_eval,8,76,1.0,1.0,1.0,1.0,1.0,1.0,1.0,1.0,1.0,1.0,0.0,0.0,0.0,0.0,0.0
grabmyo-S41-K2-seed3408,41,2,3408,same_session_holdout,8,20,1.0,1.0,1.0,1.0,1.0,1.0,1.0,1.0,1.0,1.0,0.0,0.0,0.0,0.0,0.0
grabmyo-S41-K2-seed3408,41,2,3408,cross_session,8,56,1.0,1.0,1.0,1.0,1.0,1.0,1.0,1.0,1.0,1.0,0.0,0.0,0.0,0.0,0.0
grabmyo-S12-K2-seed3409,12,2,3409,all_eval,8,76,1.0,1.0,1.0,1.0,1.0,1.0,1.0,1.0,1.0,1.0,0.0,0.0,0.0,0.0,0.0
grabmyo-S12-K2-seed3409,12,2,3409,same_session_holdout,8,20,1.0,1.0,1.0,1.0,1.0,1.0,1.0,1.0,1.0,1.0,0.0,0.0,0.0,0.0,0.0
grabmyo-S12-K2-seed3409,12,2,3409,cross_session,8,56,1.0,1.0,1.0,1.0,1.0,1.0,1.0,1.0,1.0,1.0,0.0,0.0,0.0,0.0,0.0
grabmyo-S13-K2-seed3409,13,2,3409,all_eval,8,76,1.0,1.0,1.0,1.0,1.0,1.0,1.0,1.0,1.0,1.0,0.0,0.0,0.0,0.0,0.0
grabmyo-S13-K2-seed3409,13,2,3409,same_session_holdout,8,20,1.0,1.0,1.0,1.0,1.0,1.0,1.0,1.0,1.0,1.0,0.0,0.0,0.0,0.0,0.0
grabmyo-S13-K2-seed3409,13,2,3409,cross_session,8,56,1.0,1.0,1.0,1.0,1.0,1.0,1.0,1.0,1.0,1.0,0.0,0.0,0.0,0.0,0.0
grabmyo-S25-K2-seed3409,25,2,3409,all_eval,8,76,1.0,1.0,1.0,1.0,1.0,1.0,1.0,1.0,1.0,1.0,0.0,0.0,0.0,0.0,0.0
grabmyo-S25-K2-seed3409,25,2,3409,same_session_holdout,8,20,1.0,1.0,1.0,1.0,1.0,1.0,1.0,1.0,1.0,1.0,0.0,0.0,0.0,0.0,0.0
grabmyo-S25-K2-seed3409,25,2,3409,cross_session,8,56,1.0,1.0,1.0,1.0,1.0,1.0,1.0,1.0,1.0,1.0,0.0,0.0,0.0,0.0,0.0
grabmyo-S26-K2-seed3409,26,2,3409,all_eval,8,76,0.9868421052631579,0.9868421052631579,0.9868329868329868,0.9875,0.9868421052631579,0.9868421052631579,0.9868421052631579,0.9868329868329868,0.9875,0.9868421052631579,0.0,0.0,0.0,0.0,0.0
grabmyo-S26-K2-seed3409,26,2,3409,same_session_holdout,8,20,1.0,1.0,1.0,1.0,1.0,1.0,1.0,1.0,1.0,1.0,0.0,0.0,0.0,0.0,0.0
grabmyo-S26-K2-seed3409,26,2,3409,cross_session,8,56,0.9821428571428571,0.9821428571428572,0.9821200510855683,0.9833333333333334,0.9821428571428572,0.9821428571428571,0.9821428571428572,0.9821200510855683,0.9833333333333334,0.9821428571428572,0.0,0.0,0.0,0.0,0.0
grabmyo-S29-K2-seed3409,29,2,3409,all_eval,8,76,0.9868421052631579,0.9868421052631579,0.9868329868329868,0.9875,0.9868421052631579,0.9868421052631579,0.9868421052631579,0.9868329868329868,0.9875,0.9868421052631579,0.0,0.0,0.0,0.0,0.0
grabmyo-S29-K2-seed3409,29,2,3409,same_session_holdout,8,20,0.95,0.95,0.9494949494949495,0.9583333333333334,0.95,0.95,0.95,0.9494949494949495,0.9583333333333334,0.95,0.0,0.0,0.0,0.0,0.0
grabmyo-S29-K2-seed3409,29,2,3409,cross_session,8,56,1.0,1.0,1.0,1.0,1.0,1.0,1.0,1.0,1.0,1.0,0.0,0.0,0.0,0.0,0.0
grabmyo-S33-K2-seed3409,33,2,3409,all_eval,8,76,0.9210526315789473,0.9210526315789473,0.9176449761478831,0.9354166666666667,0.9210526315789473,0.9210526315789473,0.9210526315789473,0.9176449761478831,0.9354166666666667,0.9210526315789473,0.0,0.0,0.0,0.0,0.0
grabmyo-S33-K2-seed3409,33,2,3409,same_session_holdout,8,20,0.9,0.9,0.8920454545454546,0.9166666666666667,0.9,0.9,0.9,0.8920454545454546,0.9166666666666667,0.9,0.0,0.0,0.0,0.0,0.0
grabmyo-S33-K2-seed3409,33,2,3409,cross_session,8,56,0.9285714285714286,0.9285714285714286,0.9270833333333334,0.9444444444444444,0.9285714285714286,0.9285714285714286,0.9285714285714286,0.9270833333333334,0.9444444444444444,0.9285714285714286,0.0,0.0,0.0,0.0,0.0
grabmyo-S34-K2-seed3409,34,2,3409,all_eval,8,76,0.9868421052631579,0.9868421052631579,0.9868329868329868,0.9875,0.9868421052631579,0.9868421052631579,0.9868421052631579,0.9868329868329868,0.9875,0.9868421052631579,0.0,0.0,0.0,0.0,0.0
grabmyo-S34-K2-seed3409,34,2,3409,same_session_holdout,8,20,1.0,1.0,1.0,1.0,1.0,1.0,1.0,1.0,1.0,1.0,0.0,0.0,0.0,0.0,0.0
grabmyo-S34-K2-seed3409,34,2,3409,cross_session,8,56,0.9821428571428571,0.9821428571428572,0.9821200510855683,0.9833333333333334,0.9821428571428572,0.9821428571428571,0.9821428571428572,0.9821200510855683,0.9833333333333334,0.9821428571428572,0.0,0.0,0.0,0.0,0.0
grabmyo-S35-K2-seed3409,35,2,3409,all_eval,8,76,1.0,1.0,1.0,1.0,1.0,1.0,1.0,1.0,1.0,1.0,0.0,0.0,0.0,0.0,0.0
grabmyo-S35-K2-seed3409,35,2,3409,same_session_holdout,8,20,1.0,1.0,1.0,1.0,1.0,1.0,1.0,1.0,1.0,1.0,0.0,0.0,0.0,0.0,0.0
grabmyo-S35-K2-seed3409,35,2,3409,cross_session,8,56,1.0,1.0,1.0,1.0,1.0,1.0,1.0,1.0,1.0,1.0,0.0,0.0,0.0,0.0,0.0
grabmyo-S41-K2-seed3409,41,2,3409,all_eval,8,76,1.0,1.0,1.0,1.0,1.0,1.0,1.0,1.0,1.0,1.0,0.0,0.0,0.0,0.0,0.0
grabmyo-S41-K2-seed3409,41,2,3409,same_session_holdout,8,20,1.0,1.0,1.0,1.0,1.0,1.0,1.0,1.0,1.0,1.0,0.0,0.0,0.0,0.0,0.0
grabmyo-S41-K2-seed3409,41,2,3409,cross_session,8,56,1.0,1.0,1.0,1.0,1.0,1.0,1.0,1.0,1.0,1.0,0.0,0.0,0.0,0.0,0.0
grabmyo-S12-K2-seed3410,12,2,3410,all_eval,8,76,1.0,1.0,1.0,1.0,1.0,1.0,1.0,1.0,1.0,1.0,0.0,0.0,0.0,0.0,0.0
grabmyo-S12-K2-seed3410,12,2,3410,same_session_holdout,8,20,1.0,1.0,1.0,1.0,1.0,1.0,1.0,1.0,1.0,1.0,0.0,0.0,0.0,0.0,0.0
grabmyo-S12-K2-seed3410,12,2,3410,cross_session,8,56,1.0,1.0,1.0,1.0,1.0,1.0,1.0,1.0,1.0,1.0,0.0,0.0,0.0,0.0,0.0
grabmyo-S13-K2-seed3410,13,2,3410,all_eval,8,76,1.0,1.0,1.0,1.0,1.0,1.0,1.0,1.0,1.0,1.0,0.0,0.0,0.0,0.0,0.0
grabmyo-S13-K2-seed3410,13,2,3410,same_session_holdout,8,20,1.0,1.0,1.0,1.0,1.0,1.0,1.0,1.0,1.0,1.0,0.0,0.0,0.0,0.0,0.0
grabmyo-S13-K2-seed3410,13,2,3410,cross_session,8,56,1.0,1.0,1.0,1.0,1.0,1.0,1.0,1.0,1.0,1.0,0.0,0.0,0.0,0.0,0.0
grabmyo-S25-K2-seed3410,25,2,3410,all_eval,8,76,1.0,1.0,1.0,1.0,1.0,1.0,1.0,1.0,1.0,1.0,0.0,0.0,0.0,0.0,0.0
grabmyo-S25-K2-seed3410,25,2,3410,same_session_holdout,8,20,1.0,1.0,1.0,1.0,1.0,1.0,1.0,1.0,1.0,1.0,0.0,0.0,0.0,0.0,0.0
grabmyo-S25-K2-seed3410,25,2,3410,cross_session,8,56,1.0,1.0,1.0,1.0,1.0,1.0,1.0,1.0,1.0,1.0,0.0,0.0,0.0,0.0,0.0
grabmyo-S26-K2-seed3410,26,2,3410,all_eval,8,76,0.9868421052631579,0.9868421052631579,0.9868329868329868,0.9875,0.9868421052631579,0.9868421052631579,0.9868421052631579,0.9868329868329868,0.9875,0.9868421052631579,0.0,0.0,0.0,0.0,0.0
grabmyo-S26-K2-seed3410,26,2,3410,same_session_holdout,8,20,1.0,1.0,1.0,1.0,1.0,1.0,1.0,1.0,1.0,1.0,0.0,0.0,0.0,0.0,0.0
grabmyo-S26-K2-seed3410,26,2,3410,cross_session,8,56,0.9821428571428571,0.9821428571428572,0.9821200510855683,0.9833333333333334,0.9821428571428572,0.9821428571428571,0.9821428571428572,0.9821200510855683,0.9833333333333334,0.9821428571428572,0.0,0.0,0.0,0.0,0.0
grabmyo-S29-K2-seed3410,29,2,3410,all_eval,8,76,0.9868421052631579,0.9868421052631579,0.9868329868329868,0.9875,0.9868421052631579,0.9868421052631579,0.9868421052631579,0.9868329868329868,0.9875,0.9868421052631579,0.0,0.0,0.0,0.0,0.0
grabmyo-S29-K2-seed3410,29,2,3410,same_session_holdout,8,20,0.95,0.95,0.9494949494949495,0.9583333333333334,0.95,0.95,0.95,0.9494949494949495,0.9583333333333334,0.95,0.0,0.0,0.0,0.0,0.0
grabmyo-S29-K2-seed3410,29,2,3410,cross_session,8,56,1.0,1.0,1.0,1.0,1.0,1.0,1.0,1.0,1.0,1.0,0.0,0.0,0.0,0.0,0.0
grabmyo-S33-K2-seed3410,33,2,3410,all_eval,8,76,0.9210526315789473,0.9210526315789473,0.9176449761478831,0.9354166666666667,0.9210526315789473,0.9210526315789473,0.9210526315789473,0.9176449761478831,0.9354166666666667,0.9210526315789473,0.0,0.0,0.0,0.0,0.0
grabmyo-S33-K2-seed3410,33,2,3410,same_session_holdout,8,20,0.9,0.9,0.8920454545454546,0.9166666666666667,0.9,0.9,0.9,0.8920454545454546,0.9166666666666667,0.9,0.0,0.0,0.0,0.0,0.0
grabmyo-S33-K2-seed3410,33,2,3410,cross_session,8,56,0.9285714285714286,0.9285714285714286,0.9270833333333334,0.9444444444444444,0.9285714285714286,0.9285714285714286,0.9285714285714286,0.9270833333333334,0.9444444444444444,0.9285714285714286,0.0,0.0,0.0,0.0,0.0
grabmyo-S34-K2-seed3410,34,2,3410,all_eval,8,76,0.9868421052631579,0.9868421052631579,0.9868329868329868,0.9875,0.9868421052631579,0.9868421052631579,0.9868421052631579,0.9868329868329868,0.9875,0.9868421052631579,0.0,0.0,0.0,0.0,0.0
grabmyo-S34-K2-seed3410,34,2,3410,same_session_holdout,8,20,1.0,1.0,1.0,1.0,1.0,1.0,1.0,1.0,1.0,1.0,0.0,0.0,0.0,0.0,0.0
grabmyo-S34-K2-seed3410,34,2,3410,cross_session,8,56,0.9821428571428571,0.9821428571428572,0.9821200510855683,0.9833333333333334,0.9821428571428572,0.9821428571428571,0.9821428571428572,0.9821200510855683,0.9833333333333334,0.9821428571428572,0.0,0.0,0.0,0.0,0.0
grabmyo-S35-K2-seed3410,35,2,3410,all_eval,8,76,1.0,1.0,1.0,1.0,1.0,1.0,1.0,1.0,1.0,1.0,0.0,0.0,0.0,0.0,0.0
grabmyo-S35-K2-seed3410,35,2,3410,same_session_holdout,8,20,1.0,1.0,1.0,1.0,1.0,1.0,1.0,1.0,1.0,1.0,0.0,0.0,0.0,0.0,0.0
grabmyo-S35-K2-seed3410,35,2,3410,cross_session,8,56,1.0,1.0,1.0,1.0,1.0,1.0,1.0,1.0,1.0,1.0,0.0,0.0,0.0,0.0,0.0
grabmyo-S41-K2-seed3410,41,2,3410,all_eval,8,76,1.0,1.0,1.0,1.0,1.0,1.0,1.0,1.0,1.0,1.0,0.0,0.0,0.0,0.0,0.0
grabmyo-S41-K2-seed3410,41,2,3410,same_session_holdout,8,20,1.0,1.0,1.0,1.0,1.0,1.0,1.0,1.0,1.0,1.0,0.0,0.0,0.0,0.0,0.0
grabmyo-S41-K2-seed3410,41,2,3410,cross_session,8,56,1.0,1.0,1.0,1.0,1.0,1.0,1.0,1.0,1.0,1.0,0.0,0.0,0.0,0.0,0.0
grabmyo-S12-K2-seed3411,12,2,3411,all_eval,8,76,1.0,1.0,1.0,1.0,1.0,1.0,1.0,1.0,1.0,1.0,0.0,0.0,0.0,0.0,0.0
grabmyo-S12-K2-seed3411,12,2,3411,same_session_holdout,8,20,1.0,1.0,1.0,1.0,1.0,1.0,1.0,1.0,1.0,1.0,0.0,0.0,0.0,0.0,0.0
grabmyo-S12-K2-seed3411,12,2,3411,cross_session,8,56,1.0,1.0,1.0,1.0,1.0,1.0,1.0,1.0,1.0,1.0,0.0,0.0,0.0,0.0,0.0
grabmyo-S13-K2-seed3411,13,2,3411,all_eval,8,76,1.0,1.0,1.0,1.0,1.0,1.0,1.0,1.0,1.0,1.0,0.0,0.0,0.0,0.0,0.0
grabmyo-S13-K2-seed3411,13,2,3411,same_session_holdout,8,20,1.0,1.0,1.0,1.0,1.0,1.0,1.0,1.0,1.0,1.0,0.0,0.0,0.0,0.0,0.0
grabmyo-S13-K2-seed3411,13,2,3411,cross_session,8,56,1.0,1.0,1.0,1.0,1.0,1.0,1.0,1.0,1.0,1.0,0.0,0.0,0.0,0.0,0.0
grabmyo-S25-K2-seed3411,25,2,3411,all_eval,8,76,1.0,1.0,1.0,1.0,1.0,1.0,1.0,1.0,1.0,1.0,0.0,0.0,0.0,0.0,0.0
grabmyo-S25-K2-seed3411,25,2,3411,same_session_holdout,8,20,1.0,1.0,1.0,1.0,1.0,1.0,1.0,1.0,1.0,1.0,0.0,0.0,0.0,0.0,0.0
grabmyo-S25-K2-seed3411,25,2,3411,cross_session,8,56,1.0,1.0,1.0,1.0,1.0,1.0,1.0,1.0,1.0,1.0,0.0,0.0,0.0,0.0,0.0
grabmyo-S26-K2-seed3411,26,2,3411,all_eval,8,76,0.9868421052631579,0.9868421052631579,0.9868329868329868,0.9875,0.9868421052631579,0.9868421052631579,0.9868421052631579,0.9868329868329868,0.9875,0.9868421052631579,0.0,0.0,0.0,0.0,0.0
grabmyo-S26-K2-seed3411,26,2,3411,same_session_holdout,8,20,1.0,1.0,1.0,1.0,1.0,1.0,1.0,1.0,1.0,1.0,0.0,0.0,0.0,0.0,0.0
grabmyo-S26-K2-seed3411,26,2,3411,cross_session,8,56,0.9821428571428571,0.9821428571428572,0.9821200510855683,0.9833333333333334,0.9821428571428572,0.9821428571428571,0.9821428571428572,0.9821200510855683,0.9833333333333334,0.9821428571428572,0.0,0.0,0.0,0.0,0.0
grabmyo-S29-K2-seed3411,29,2,3411,all_eval,8,76,1.0,1.0,1.0,1.0,1.0,1.0,1.0,1.0,1.0,1.0,0.0,0.0,0.0,0.0,0.0
grabmyo-S29-K2-seed3411,29,2,3411,same_session_holdout,8,20,1.0,1.0,1.0,1.0,1.0,1.0,1.0,1.0,1.0,1.0,0.0,0.0,0.0,0.0,0.0
grabmyo-S29-K2-seed3411,29,2,3411,cross_session,8,56,1.0,1.0,1.0,1.0,1.0,1.0,1.0,1.0,1.0,1.0,0.0,0.0,0.0,0.0,0.0
grabmyo-S33-K2-seed3411,33,2,3411,all_eval,8,76,0.9210526315789473,0.9210526315789473,0.9176449761478831,0.9354166666666667,0.9210526315789473,0.9210526315789473,0.9210526315789473,0.9176449761478831,0.9354166666666667,0.9210526315789473,0.0,0.0,0.0,0.0,0.0
grabmyo-S33-K2-seed3411,33,2,3411,same_session_holdout,8,20,0.9,0.9,0.8920454545454546,0.9166666666666667,0.9,0.9,0.9,0.8920454545454546,0.9166666666666667,0.9,0.0,0.0,0.0,0.0,0.0
grabmyo-S33-K2-seed3411,33,2,3411,cross_session,8,56,0.9285714285714286,0.9285714285714286,0.9270833333333334,0.9444444444444444,0.9285714285714286,0.9285714285714286,0.9285714285714286,0.9270833333333334,0.9444444444444444,0.9285714285714286,0.0,0.0,0.0,0.0,0.0
grabmyo-S34-K2-seed3411,34,2,3411,all_eval,8,76,0.9868421052631579,0.9868421052631579,0.9868329868329868,0.9875,0.9868421052631579,0.9868421052631579,0.9868421052631579,0.9868329868329868,0.9875,0.9868421052631579,0.0,0.0,0.0,0.0,0.0
grabmyo-S34-K2-seed3411,34,2,3411,same_session_holdout,8,20,1.0,1.0,1.0,1.0,1.0,1.0,1.0,1.0,1.0,1.0,0.0,0.0,0.0,0.0,0.0
grabmyo-S34-K2-seed3411,34,2,3411,cross_session,8,56,0.9821428571428571,0.9821428571428572,0.9821200510855683,0.9833333333333334,0.9821428571428572,0.9821428571428571,0.9821428571428572,0.9821200510855683,0.9833333333333334,0.9821428571428572,0.0,0.0,0.0,0.0,0.0
grabmyo-S35-K2-seed3411,35,2,3411,all_eval,8,76,1.0,1.0,1.0,1.0,1.0,1.0,1.0,1.0,1.0,1.0,0.0,0.0,0.0,0.0,0.0
grabmyo-S35-K2-seed3411,35,2,3411,same_session_holdout,8,20,1.0,1.0,1.0,1.0,1.0,1.0,1.0,1.0,1.0,1.0,0.0,0.0,0.0,0.0,0.0
grabmyo-S35-K2-seed3411,35,2,3411,cross_session,8,56,1.0,1.0,1.0,1.0,1.0,1.0,1.0,1.0,1.0,1.0,0.0,0.0,0.0,0.0,0.0
grabmyo-S41-K2-seed3411,41,2,3411,all_eval,8,76,1.0,1.0,1.0,1.0,1.0,1.0,1.0,1.0,1.0,1.0,0.0,0.0,0.0,0.0,0.0
grabmyo-S41-K2-seed3411,41,2,3411,same_session_holdout,8,20,1.0,1.0,1.0,1.0,1.0,1.0,1.0,1.0,1.0,1.0,0.0,0.0,0.0,0.0,0.0
grabmyo-S41-K2-seed3411,41,2,3411,cross_session,8,56,1.0,1.0,1.0,1.0,1.0,1.0,1.0,1.0,1.0,1.0,0.0,0.0,0.0,0.0,0.0
grabmyo-S12-K2-seed3412,12,2,3412,all_eval,8,76,1.0,1.0,1.0,1.0,1.0,1.0,1.0,1.0,1.0,1.0,0.0,0.0,0.0,0.0,0.0
grabmyo-S12-K2-seed3412,12,2,3412,same_session_holdout,8,20,1.0,1.0,1.0,1.0,1.0,1.0,1.0,1.0,1.0,1.0,0.0,0.0,0.0,0.0,0.0
grabmyo-S12-K2-seed3412,12,2,3412,cross_session,8,56,1.0,1.0,1.0,1.0,1.0,1.0,1.0,1.0,1.0,1.0,0.0,0.0,0.0,0.0,0.0
grabmyo-S13-K2-seed3412,13,2,3412,all_eval,8,76,1.0,1.0,1.0,1.0,1.0,1.0,1.0,1.0,1.0,1.0,0.0,0.0,0.0,0.0,0.0
grabmyo-S13-K2-seed3412,13,2,3412,same_session_holdout,8,20,1.0,1.0,1.0,1.0,1.0,1.0,1.0,1.0,1.0,1.0,0.0,0.0,0.0,0.0,0.0
grabmyo-S13-K2-seed3412,13,2,3412,cross_session,8,56,1.0,1.0,1.0,1.0,1.0,1.0,1.0,1.0,1.0,1.0,0.0,0.0,0.0,0.0,0.0
grabmyo-S25-K2-seed3412,25,2,3412,all_eval,8,76,1.0,1.0,1.0,1.0,1.0,1.0,1.0,1.0,1.0,1.0,0.0,0.0,0.0,0.0,0.0
grabmyo-S25-K2-seed3412,25,2,3412,same_session_holdout,8,20,1.0,1.0,1.0,1.0,1.0,1.0,1.0,1.0,1.0,1.0,0.0,0.0,0.0,0.0,0.0
grabmyo-S25-K2-seed3412,25,2,3412,cross_session,8,56,1.0,1.0,1.0,1.0,1.0,1.0,1.0,1.0,1.0,1.0,0.0,0.0,0.0,0.0,0.0
grabmyo-S26-K2-seed3412,26,2,3412,all_eval,8,76,0.9868421052631579,0.9868421052631579,0.9868329868329868,0.9875,0.9868421052631579,0.9868421052631579,0.9868421052631579,0.9868329868329868,0.9875,0.9868421052631579,0.0,0.0,0.0,0.0,0.0
grabmyo-S26-K2-seed3412,26,2,3412,same_session_holdout,8,20,1.0,1.0,1.0,1.0,1.0,1.0,1.0,1.0,1.0,1.0,0.0,0.0,0.0,0.0,0.0
grabmyo-S26-K2-seed3412,26,2,3412,cross_session,8,56,0.9821428571428571,0.9821428571428572,0.9821200510855683,0.9833333333333334,0.9821428571428572,0.9821428571428571,0.9821428571428572,0.9821200510855683,0.9833333333333334,0.9821428571428572,0.0,0.0,0.0,0.0,0.0
grabmyo-S29-K2-seed3412,29,2,3412,all_eval,8,76,0.9868421052631579,0.9868421052631579,0.9868329868329868,0.9875,0.9868421052631579,0.9868421052631579,0.9868421052631579,0.9868329868329868,0.9875,0.9868421052631579,0.0,0.0,0.0,0.0,0.0
grabmyo-S29-K2-seed3412,29,2,3412,same_session_holdout,8,20,0.95,0.95,0.9494949494949495,0.9583333333333334,0.95,0.95,0.95,0.9494949494949495,0.9583333333333334,0.95,0.0,0.0,0.0,0.0,0.0
grabmyo-S29-K2-seed3412,29,2,3412,cross_session,8,56,1.0,1.0,1.0,1.0,1.0,1.0,1.0,1.0,1.0,1.0,0.0,0.0,0.0,0.0,0.0
grabmyo-S33-K2-seed3412,33,2,3412,all_eval,8,76,0.9342105263157895,0.9342105263157895,0.9319014319014319,0.9440217391304347,0.9342105263157895,0.9342105263157895,0.9342105263157895,0.9319014319014319,0.9440217391304347,0.9342105263157895,0.0,0.0,0.0,0.0,0.0
grabmyo-S33-K2-seed3412,33,2,3412,same_session_holdout,8,20,0.95,0.95,0.9494949494949495,0.9583333333333334,0.95,0.95,0.95,0.9494949494949495,0.9583333333333334,0.95,0.0,0.0,0.0,0.0,0.0
grabmyo-S33-K2-seed3412,33,2,3412,cross_session,8,56,0.9285714285714286,0.9285714285714286,0.9270833333333334,0.9444444444444444,0.9285714285714286,0.9285714285714286,0.9285714285714286,0.9270833333333334,0.9444444444444444,0.9285714285714286,0.0,0.0,0.0,0.0,0.0
grabmyo-S34-K2-seed3412,34,2,3412,all_eval,8,76,0.9868421052631579,0.9868421052631579,0.9868329868329868,0.9875,0.9868421052631579,0.9868421052631579,0.9868421052631579,0.9868329868329868,0.9875,0.9868421052631579,0.0,0.0,0.0,0.0,0.0
grabmyo-S34-K2-seed3412,34,2,3412,same_session_holdout,8,20,1.0,1.0,1.0,1.0,1.0,1.0,1.0,1.0,1.0,1.0,0.0,0.0,0.0,0.0,0.0
grabmyo-S34-K2-seed3412,34,2,3412,cross_session,8,56,0.9821428571428571,0.9821428571428572,0.9821200510855683,0.9833333333333334,0.9821428571428572,0.9821428571428571,0.9821428571428572,0.9821200510855683,0.9833333333333334,0.9821428571428572,0.0,0.0,0.0,0.0,0.0
grabmyo-S35-K2-seed3412,35,2,3412,all_eval,8,76,1.0,1.0,1.0,1.0,1.0,1.0,1.0,1.0,1.0,1.0,0.0,0.0,0.0,0.0,0.0
grabmyo-S35-K2-seed3412,35,2,3412,same_session_holdout,8,20,1.0,1.0,1.0,1.0,1.0,1.0,1.0,1.0,1.0,1.0,0.0,0.0,0.0,0.0,0.0
grabmyo-S35-K2-seed3412,35,2,3412,cross_session,8,56,1.0,1.0,1.0,1.0,1.0,1.0,1.0,1.0,1.0,1.0,0.0,0.0,0.0,0.0,0.0
grabmyo-S41-K2-seed3412,41,2,3412,all_eval,8,76,1.0,1.0,1.0,1.0,1.0,1.0,1.0,1.0,1.0,1.0,0.0,0.0,0.0,0.0,0.0
grabmyo-S41-K2-seed3412,41,2,3412,same_session_holdout,8,20,1.0,1.0,1.0,1.0,1.0,1.0,1.0,1.0,1.0,1.0,0.0,0.0,0.0,0.0,0.0
grabmyo-S41-K2-seed3412,41,2,3412,cross_session,8,56,1.0,1.0,1.0,1.0,1.0,1.0,1.0,1.0,1.0,1.0,0.0,0.0,0.0,0.0,0.0
grabmyo-S12-K2-seed3413,12,2,3413,all_eval,8,76,1.0,1.0,1.0,1.0,1.0,1.0,1.0,1.0,1.0,1.0,0.0,0.0,0.0,0.0,0.0
grabmyo-S12-K2-seed3413,12,2,3413,same_session_holdout,8,20,1.0,1.0,1.0,1.0,1.0,1.0,1.0,1.0,1.0,1.0,0.0,0.0,0.0,0.0,0.0
grabmyo-S12-K2-seed3413,12,2,3413,cross_session,8,56,1.0,1.0,1.0,1.0,1.0,1.0,1.0,1.0,1.0,1.0,0.0,0.0,0.0,0.0,0.0
grabmyo-S13-K2-seed3413,13,2,3413,all_eval,8,76,1.0,1.0,1.0,1.0,1.0,1.0,1.0,1.0,1.0,1.0,0.0,0.0,0.0,0.0,0.0
grabmyo-S13-K2-seed3413,13,2,3413,same_session_holdout,8,20,1.0,1.0,1.0,1.0,1.0,1.0,1.0,1.0,1.0,1.0,0.0,0.0,0.0,0.0,0.0
grabmyo-S13-K2-seed3413,13,2,3413,cross_session,8,56,1.0,1.0,1.0,1.0,1.0,1.0,1.0,1.0,1.0,1.0,0.0,0.0,0.0,0.0,0.0
grabmyo-S25-K2-seed3413,25,2,3413,all_eval,8,76,1.0,1.0,1.0,1.0,1.0,1.0,1.0,1.0,1.0,1.0,0.0,0.0,0.0,0.0,0.0
grabmyo-S25-K2-seed3413,25,2,3413,same_session_holdout,8,20,1.0,1.0,1.0,1.0,1.0,1.0,1.0,1.0,1.0,1.0,0.0,0.0,0.0,0.0,0.0
grabmyo-S25-K2-seed3413,25,2,3413,cross_session,8,56,1.0,1.0,1.0,1.0,1.0,1.0,1.0,1.0,1.0,1.0,0.0,0.0,0.0,0.0,0.0
grabmyo-S26-K2-seed3413,26,2,3413,all_eval,8,76,0.9868421052631579,0.9868421052631579,0.9868329868329868,0.9875,0.9868421052631579,0.9868421052631579,0.9868421052631579,0.9868329868329868,0.9875,0.9868421052631579,0.0,0.0,0.0,0.0,0.0
grabmyo-S26-K2-seed3413,26,2,3413,same_session_holdout,8,20,1.0,1.0,1.0,1.0,1.0,1.0,1.0,1.0,1.0,1.0,0.0,0.0,0.0,0.0,0.0
grabmyo-S26-K2-seed3413,26,2,3413,cross_session,8,56,0.9821428571428571,0.9821428571428572,0.9821200510855683,0.9833333333333334,0.9821428571428572,0.9821428571428571,0.9821428571428572,0.9821200510855683,0.9833333333333334,0.9821428571428572,0.0,0.0,0.0,0.0,0.0
grabmyo-S29-K2-seed3413,29,2,3413,all_eval,8,76,0.9868421052631579,0.9868421052631579,0.9868329868329868,0.9875,0.9868421052631579,0.9868421052631579,0.9868421052631579,0.9868329868329868,0.9875,0.9868421052631579,0.0,0.0,0.0,0.0,0.0
grabmyo-S29-K2-seed3413,29,2,3413,same_session_holdout,8,20,0.95,0.95,0.9494949494949495,0.9583333333333334,0.95,0.95,0.95,0.9494949494949495,0.9583333333333334,0.95,0.0,0.0,0.0,0.0,0.0
grabmyo-S29-K2-seed3413,29,2,3413,cross_session,8,56,1.0,1.0,1.0,1.0,1.0,1.0,1.0,1.0,1.0,1.0,0.0,0.0,0.0,0.0,0.0
grabmyo-S33-K2-seed3413,33,2,3413,all_eval,8,76,0.9342105263157895,0.9342105263157895,0.9319014319014319,0.9440217391304347,0.9342105263157895,0.9342105263157895,0.9342105263157895,0.9319014319014319,0.9440217391304347,0.9342105263157895,0.0,0.0,0.0,0.0,0.0
grabmyo-S33-K2-seed3413,33,2,3413,same_session_holdout,8,20,0.95,0.95,0.9494949494949495,0.9583333333333334,0.95,0.95,0.95,0.9494949494949495,0.9583333333333334,0.95,0.0,0.0,0.0,0.0,0.0
grabmyo-S33-K2-seed3413,33,2,3413,cross_session,8,56,0.9285714285714286,0.9285714285714286,0.9270833333333334,0.9444444444444444,0.9285714285714286,0.9285714285714286,0.9285714285714286,0.9270833333333334,0.9444444444444444,0.9285714285714286,0.0,0.0,0.0,0.0,0.0
grabmyo-S34-K2-seed3413,34,2,3413,all_eval,8,76,0.9868421052631579,0.9868421052631579,0.9868329868329868,0.9875,0.9868421052631579,0.9868421052631579,0.9868421052631579,0.9868329868329868,0.9875,0.9868421052631579,0.0,0.0,0.0,0.0,0.0
grabmyo-S34-K2-seed3413,34,2,3413,same_session_holdout,8,20,1.0,1.0,1.0,1.0,1.0,1.0,1.0,1.0,1.0,1.0,0.0,0.0,0.0,0.0,0.0
grabmyo-S34-K2-seed3413,34,2,3413,cross_session,8,56,0.9821428571428571,0.9821428571428572,0.9821200510855683,0.9833333333333334,0.9821428571428572,0.9821428571428571,0.9821428571428572,0.9821200510855683,0.9833333333333334,0.9821428571428572,0.0,0.0,0.0,0.0,0.0
grabmyo-S35-K2-seed3413,35,2,3413,all_eval,8,76,1.0,1.0,1.0,1.0,1.0,1.0,1.0,1.0,1.0,1.0,0.0,0.0,0.0,0.0,0.0
grabmyo-S35-K2-seed3413,35,2,3413,same_session_holdout,8,20,1.0,1.0,1.0,1.0,1.0,1.0,1.0,1.0,1.0,1.0,0.0,0.0,0.0,0.0,0.0
grabmyo-S35-K2-seed3413,35,2,3413,cross_session,8,56,1.0,1.0,1.0,1.0,1.0,1.0,1.0,1.0,1.0,1.0,0.0,0.0,0.0,0.0,0.0
grabmyo-S41-K2-seed3413,41,2,3413,all_eval,8,76,1.0,1.0,1.0,1.0,1.0,1.0,1.0,1.0,1.0,1.0,0.0,0.0,0.0,0.0,0.0
grabmyo-S41-K2-seed3413,41,2,3413,same_session_holdout,8,20,1.0,1.0,1.0,1.0,1.0,1.0,1.0,1.0,1.0,1.0,0.0,0.0,0.0,0.0,0.0
grabmyo-S41-K2-seed3413,41,2,3413,cross_session,8,56,1.0,1.0,1.0,1.0,1.0,1.0,1.0,1.0,1.0,1.0,0.0,0.0,0.0,0.0,0.0
grabmyo-S12-K2-seed3414,12,2,3414,all_eval,8,76,1.0,1.0,1.0,1.0,1.0,1.0,1.0,1.0,1.0,1.0,0.0,0.0,0.0,0.0,0.0
grabmyo-S12-K2-seed3414,12,2,3414,same_session_holdout,8,20,1.0,1.0,1.0,1.0,1.0,1.0,1.0,1.0,1.0,1.0,0.0,0.0,0.0,0.0,0.0
grabmyo-S12-K2-seed3414,12,2,3414,cross_session,8,56,1.0,1.0,1.0,1.0,1.0,1.0,1.0,1.0,1.0,1.0,0.0,0.0,0.0,0.0,0.0
grabmyo-S13-K2-seed3414,13,2,3414,all_eval,8,76,1.0,1.0,1.0,1.0,1.0,1.0,1.0,1.0,1.0,1.0,0.0,0.0,0.0,0.0,0.0
grabmyo-S13-K2-seed3414,13,2,3414,same_session_holdout,8,20,1.0,1.0,1.0,1.0,1.0,1.0,1.0,1.0,1.0,1.0,0.0,0.0,0.0,0.0,0.0
grabmyo-S13-K2-seed3414,13,2,3414,cross_session,8,56,1.0,1.0,1.0,1.0,1.0,1.0,1.0,1.0,1.0,1.0,0.0,0.0,0.0,0.0,0.0
grabmyo-S25-K2-seed3414,25,2,3414,all_eval,8,76,1.0,1.0,1.0,1.0,1.0,1.0,1.0,1.0,1.0,1.0,0.0,0.0,0.0,0.0,0.0
grabmyo-S25-K2-seed3414,25,2,3414,same_session_holdout,8,20,1.0,1.0,1.0,1.0,1.0,1.0,1.0,1.0,1.0,1.0,0.0,0.0,0.0,0.0,0.0
grabmyo-S25-K2-seed3414,25,2,3414,cross_session,8,56,1.0,1.0,1.0,1.0,1.0,1.0,1.0,1.0,1.0,1.0,0.0,0.0,0.0,0.0,0.0
grabmyo-S26-K2-seed3414,26,2,3414,all_eval,8,76,0.9868421052631579,0.9868421052631579,0.9868329868329868,0.9875,0.9868421052631579,0.9868421052631579,0.9868421052631579,0.9868329868329868,0.9875,0.9868421052631579,0.0,0.0,0.0,0.0,0.0
grabmyo-S26-K2-seed3414,26,2,3414,same_session_holdout,8,20,1.0,1.0,1.0,1.0,1.0,1.0,1.0,1.0,1.0,1.0,0.0,0.0,0.0,0.0,0.0
grabmyo-S26-K2-seed3414,26,2,3414,cross_session,8,56,0.9821428571428571,0.9821428571428572,0.9821200510855683,0.9833333333333334,0.9821428571428572,0.9821428571428571,0.9821428571428572,0.9821200510855683,0.9833333333333334,0.9821428571428572,0.0,0.0,0.0,0.0,0.0
grabmyo-S29-K2-seed3414,29,2,3414,all_eval,8,76,0.9868421052631579,0.9868421052631579,0.9868329868329868,0.9875,0.9868421052631579,0.9868421052631579,0.9868421052631579,0.9868329868329868,0.9875,0.9868421052631579,0.0,0.0,0.0,0.0,0.0
grabmyo-S29-K2-seed3414,29,2,3414,same_session_holdout,8,20,0.95,0.95,0.9494949494949495,0.9583333333333334,0.95,0.95,0.95,0.9494949494949495,0.9583333333333334,0.95,0.0,0.0,0.0,0.0,0.0
grabmyo-S29-K2-seed3414,29,2,3414,cross_session,8,56,1.0,1.0,1.0,1.0,1.0,1.0,1.0,1.0,1.0,1.0,0.0,0.0,0.0,0.0,0.0
grabmyo-S33-K2-seed3414,33,2,3414,all_eval,8,76,0.9210526315789473,0.9210526315789473,0.9176449761478831,0.9354166666666667,0.9210526315789473,0.9210526315789473,0.9210526315789473,0.9176449761478831,0.9354166666666667,0.9210526315789473,0.0,0.0,0.0,0.0,0.0
grabmyo-S33-K2-seed3414,33,2,3414,same_session_holdout,8,20,0.9,0.9,0.8920454545454546,0.9166666666666667,0.9,0.9,0.9,0.8920454545454546,0.9166666666666667,0.9,0.0,0.0,0.0,0.0,0.0
grabmyo-S33-K2-seed3414,33,2,3414,cross_session,8,56,0.9285714285714286,0.9285714285714286,0.9270833333333334,0.9444444444444444,0.9285714285714286,0.9285714285714286,0.9285714285714286,0.9270833333333334,0.9444444444444444,0.9285714285714286,0.0,0.0,0.0,0.0,0.0
grabmyo-S34-K2-seed3414,34,2,3414,all_eval,8,76,0.9868421052631579,0.9868421052631579,0.9868329868329868,0.9875,0.9868421052631579,0.9868421052631579,0.9868421052631579,0.9868329868329868,0.9875,0.9868421052631579,0.0,0.0,0.0,0.0,0.0
grabmyo-S34-K2-seed3414,34,2,3414,same_session_holdout,8,20,1.0,1.0,1.0,1.0,1.0,1.0,1.0,1.0,1.0,1.0,0.0,0.0,0.0,0.0,0.0
grabmyo-S34-K2-seed3414,34,2,3414,cross_session,8,56,0.9821428571428571,0.9821428571428572,0.9821200510855683,0.9833333333333334,0.9821428571428572,0.9821428571428571,0.9821428571428572,0.9821200510855683,0.9833333333333334,0.9821428571428572,0.0,0.0,0.0,0.0,0.0
grabmyo-S35-K2-seed3414,35,2,3414,all_eval,8,76,1.0,1.0,1.0,1.0,1.0,1.0,1.0,1.0,1.0,1.0,0.0,0.0,0.0,0.0,0.0
grabmyo-S35-K2-seed3414,35,2,3414,same_session_holdout,8,20,1.0,1.0,1.0,1.0,1.0,1.0,1.0,1.0,1.0,1.0,0.0,0.0,0.0,0.0,0.0
grabmyo-S35-K2-seed3414,35,2,3414,cross_session,8,56,1.0,1.0,1.0,1.0,1.0,1.0,1.0,1.0,1.0,1.0,0.0,0.0,0.0,0.0,0.0
grabmyo-S41-K2-seed3414,41,2,3414,all_eval,8,76,1.0,1.0,1.0,1.0,1.0,1.0,1.0,1.0,1.0,1.0,0.0,0.0,0.0,0.0,0.0
grabmyo-S41-K2-seed3414,41,2,3414,same_session_holdout,8,20,1.0,1.0,1.0,1.0,1.0,1.0,1.0,1.0,1.0,1.0,0.0,0.0,0.0,0.0,0.0
grabmyo-S41-K2-seed3414,41,2,3414,cross_session,8,56,1.0,1.0,1.0,1.0,1.0,1.0,1.0,1.0,1.0,1.0,0.0,0.0,0.0,0.0,0.0
grabmyo-S12-K2-seed3415,12,2,3415,all_eval,8,76,1.0,1.0,1.0,1.0,1.0,1.0,1.0,1.0,1.0,1.0,0.0,0.0,0.0,0.0,0.0
grabmyo-S12-K2-seed3415,12,2,3415,same_session_holdout,8,20,1.0,1.0,1.0,1.0,1.0,1.0,1.0,1.0,1.0,1.0,0.0,0.0,0.0,0.0,0.0
grabmyo-S12-K2-seed3415,12,2,3415,cross_session,8,56,1.0,1.0,1.0,1.0,1.0,1.0,1.0,1.0,1.0,1.0,0.0,0.0,0.0,0.0,0.0
grabmyo-S13-K2-seed3415,13,2,3415,all_eval,8,76,1.0,1.0,1.0,1.0,1.0,1.0,1.0,1.0,1.0,1.0,0.0,0.0,0.0,0.0,0.0
grabmyo-S13-K2-seed3415,13,2,3415,same_session_holdout,8,20,1.0,1.0,1.0,1.0,1.0,1.0,1.0,1.0,1.0,1.0,0.0,0.0,0.0,0.0,0.0
grabmyo-S13-K2-seed3415,13,2,3415,cross_session,8,56,1.0,1.0,1.0,1.0,1.0,1.0,1.0,1.0,1.0,1.0,0.0,0.0,0.0,0.0,0.0
grabmyo-S25-K2-seed3415,25,2,3415,all_eval,8,76,1.0,1.0,1.0,1.0,1.0,1.0,1.0,1.0,1.0,1.0,0.0,0.0,0.0,0.0,0.0
grabmyo-S25-K2-seed3415,25,2,3415,same_session_holdout,8,20,1.0,1.0,1.0,1.0,1.0,1.0,1.0,1.0,1.0,1.0,0.0,0.0,0.0,0.0,0.0
grabmyo-S25-K2-seed3415,25,2,3415,cross_session,8,56,1.0,1.0,1.0,1.0,1.0,1.0,1.0,1.0,1.0,1.0,0.0,0.0,0.0,0.0,0.0
grabmyo-S26-K2-seed3415,26,2,3415,all_eval,8,76,0.9868421052631579,0.9868421052631579,0.9868329868329868,0.9875,0.9868421052631579,0.9868421052631579,0.9868421052631579,0.9868329868329868,0.9875,0.9868421052631579,0.0,0.0,0.0,0.0,0.0
grabmyo-S26-K2-seed3415,26,2,3415,same_session_holdout,8,20,1.0,1.0,1.0,1.0,1.0,1.0,1.0,1.0,1.0,1.0,0.0,0.0,0.0,0.0,0.0
grabmyo-S26-K2-seed3415,26,2,3415,cross_session,8,56,0.9821428571428571,0.9821428571428572,0.9821200510855683,0.9833333333333334,0.9821428571428572,0.9821428571428571,0.9821428571428572,0.9821200510855683,0.9833333333333334,0.9821428571428572,0.0,0.0,0.0,0.0,0.0
grabmyo-S29-K2-seed3415,29,2,3415,all_eval,8,76,0.9868421052631579,0.9868421052631579,0.9868329868329868,0.9875,0.9868421052631579,0.9868421052631579,0.9868421052631579,0.9868329868329868,0.9875,0.9868421052631579,0.0,0.0,0.0,0.0,0.0
grabmyo-S29-K2-seed3415,29,2,3415,same_session_holdout,8,20,0.95,0.95,0.9494949494949495,0.9583333333333334,0.95,0.95,0.95,0.9494949494949495,0.9583333333333334,0.95,0.0,0.0,0.0,0.0,0.0
grabmyo-S29-K2-seed3415,29,2,3415,cross_session,8,56,1.0,1.0,1.0,1.0,1.0,1.0,1.0,1.0,1.0,1.0,0.0,0.0,0.0,0.0,0.0
grabmyo-S33-K2-seed3415,33,2,3415,all_eval,8,76,0.9342105263157895,0.9342105263157895,0.9319014319014319,0.9440217391304347,0.9342105263157895,0.9342105263157895,0.9342105263157895,0.9319014319014319,0.9440217391304347,0.9342105263157895,0.0,0.0,0.0,0.0,0.0
grabmyo-S33-K2-seed3415,33,2,3415,same_session_holdout,8,20,0.95,0.95,0.9494949494949495,0.9583333333333334,0.95,0.95,0.95,0.9494949494949495,0.9583333333333334,0.95,0.0,0.0,0.0,0.0,0.0
grabmyo-S33-K2-seed3415,33,2,3415,cross_session,8,56,0.9285714285714286,0.9285714285714286,0.9270833333333334,0.9444444444444444,0.9285714285714286,0.9285714285714286,0.9285714285714286,0.9270833333333334,0.9444444444444444,0.9285714285714286,0.0,0.0,0.0,0.0,0.0
grabmyo-S34-K2-seed3415,34,2,3415,all_eval,8,76,0.9868421052631579,0.9868421052631579,0.9868329868329868,0.9875,0.9868421052631579,0.9868421052631579,0.9868421052631579,0.9868329868329868,0.9875,0.9868421052631579,0.0,0.0,0.0,0.0,0.0
grabmyo-S34-K2-seed3415,34,2,3415,same_session_holdout,8,20,1.0,1.0,1.0,1.0,1.0,1.0,1.0,1.0,1.0,1.0,0.0,0.0,0.0,0.0,0.0
grabmyo-S34-K2-seed3415,34,2,3415,cross_session,8,56,0.9821428571428571,0.9821428571428572,0.9821200510855683,0.9833333333333334,0.9821428571428572,0.9821428571428571,0.9821428571428572,0.9821200510855683,0.9833333333333334,0.9821428571428572,0.0,0.0,0.0,0.0,0.0
grabmyo-S35-K2-seed3415,35,2,3415,all_eval,8,76,1.0,1.0,1.0,1.0,1.0,1.0,1.0,1.0,1.0,1.0,0.0,0.0,0.0,0.0,0.0
grabmyo-S35-K2-seed3415,35,2,3415,same_session_holdout,8,20,1.0,1.0,1.0,1.0,1.0,1.0,1.0,1.0,1.0,1.0,0.0,0.0,0.0,0.0,0.0
grabmyo-S35-K2-seed3415,35,2,3415,cross_session,8,56,1.0,1.0,1.0,1.0,1.0,1.0,1.0,1.0,1.0,1.0,0.0,0.0,0.0,0.0,0.0
grabmyo-S41-K2-seed3415,41,2,3415,all_eval,8,76,1.0,1.0,1.0,1.0,1.0,1.0,1.0,1.0,1.0,1.0,0.0,0.0,0.0,0.0,0.0
grabmyo-S41-K2-seed3415,41,2,3415,same_session_holdout,8,20,1.0,1.0,1.0,1.0,1.0,1.0,1.0,1.0,1.0,1.0,0.0,0.0,0.0,0.0,0.0
grabmyo-S41-K2-seed3415,41,2,3415,cross_session,8,56,1.0,1.0,1.0,1.0,1.0,1.0,1.0,1.0,1.0,1.0,0.0,0.0,0.0,0.0,0.0
grabmyo-S12-K2-seed3416,12,2,3416,all_eval,8,76,1.0,1.0,1.0,1.0,1.0,1.0,1.0,1.0,1.0,1.0,0.0,0.0,0.0,0.0,0.0
grabmyo-S12-K2-seed3416,12,2,3416,same_session_holdout,8,20,1.0,1.0,1.0,1.0,1.0,1.0,1.0,1.0,1.0,1.0,0.0,0.0,0.0,0.0,0.0
grabmyo-S12-K2-seed3416,12,2,3416,cross_session,8,56,1.0,1.0,1.0,1.0,1.0,1.0,1.0,1.0,1.0,1.0,0.0,0.0,0.0,0.0,0.0
grabmyo-S13-K2-seed3416,13,2,3416,all_eval,8,76,1.0,1.0,1.0,1.0,1.0,1.0,1.0,1.0,1.0,1.0,0.0,0.0,0.0,0.0,0.0
grabmyo-S13-K2-seed3416,13,2,3416,same_session_holdout,8,20,1.0,1.0,1.0,1.0,1.0,1.0,1.0,1.0,1.0,1.0,0.0,0.0,0.0,0.0,0.0
grabmyo-S13-K2-seed3416,13,2,3416,cross_session,8,56,1.0,1.0,1.0,1.0,1.0,1.0,1.0,1.0,1.0,1.0,0.0,0.0,0.0,0.0,0.0
grabmyo-S25-K2-seed3416,25,2,3416,all_eval,8,76,1.0,1.0,1.0,1.0,1.0,1.0,1.0,1.0,1.0,1.0,0.0,0.0,0.0,0.0,0.0
grabmyo-S25-K2-seed3416,25,2,3416,same_session_holdout,8,20,1.0,1.0,1.0,1.0,1.0,1.0,1.0,1.0,1.0,1.0,0.0,0.0,0.0,0.0,0.0
grabmyo-S25-K2-seed3416,25,2,3416,cross_session,8,56,1.0,1.0,1.0,1.0,1.0,1.0,1.0,1.0,1.0,1.0,0.0,0.0,0.0,0.0,0.0
grabmyo-S26-K2-seed3416,26,2,3416,all_eval,8,76,0.9868421052631579,0.9868421052631579,0.9868329868329868,0.9875,0.9868421052631579,0.9868421052631579,0.9868421052631579,0.9868329868329868,0.9875,0.9868421052631579,0.0,0.0,0.0,0.0,0.0
grabmyo-S26-K2-seed3416,26,2,3416,same_session_holdout,8,20,1.0,1.0,1.0,1.0,1.0,1.0,1.0,1.0,1.0,1.0,0.0,0.0,0.0,0.0,0.0
grabmyo-S26-K2-seed3416,26,2,3416,cross_session,8,56,0.9821428571428571,0.9821428571428572,0.9821200510855683,0.9833333333333334,0.9821428571428572,0.9821428571428571,0.9821428571428572,0.9821200510855683,0.9833333333333334,0.9821428571428572,0.0,0.0,0.0,0.0,0.0
grabmyo-S29-K2-seed3416,29,2,3416,all_eval,8,76,1.0,1.0,1.0,1.0,1.0,1.0,1.0,1.0,1.0,1.0,0.0,0.0,0.0,0.0,0.0
grabmyo-S29-K2-seed3416,29,2,3416,same_session_holdout,8,20,1.0,1.0,1.0,1.0,1.0,1.0,1.0,1.0,1.0,1.0,0.0,0.0,0.0,0.0,0.0
grabmyo-S29-K2-seed3416,29,2,3416,cross_session,8,56,1.0,1.0,1.0,1.0,1.0,1.0,1.0,1.0,1.0,1.0,0.0,0.0,0.0,0.0,0.0
grabmyo-S33-K2-seed3416,33,2,3416,all_eval,8,76,0.9210526315789473,0.9210526315789473,0.9176449761478831,0.9354166666666667,0.9210526315789473,0.9078947368421053,0.9078947368421053,0.9047420347909945,0.9169016290726817,0.9078947368421053,-0.013157894736842035,-0.013157894736842035,-0.01290294135688863,-0.018515037593984984,-0.013157894736842035
grabmyo-S33-K2-seed3416,33,2,3416,same_session_holdout,8,20,0.9,0.9,0.8920454545454546,0.9166666666666667,0.9,0.85,0.85,0.843939393939394,0.8458333333333333,0.85,-0.050000000000000044,-0.050000000000000044,-0.0481060606060606,-0.07083333333333341,-0.050000000000000044
grabmyo-S33-K2-seed3416,33,2,3416,cross_session,8,56,0.9285714285714286,0.9285714285714286,0.9270833333333334,0.9444444444444444,0.9285714285714286,0.9285714285714286,0.9285714285714286,0.9270833333333334,0.9444444444444444,0.9285714285714286,0.0,0.0,0.0,0.0,0.0
grabmyo-S34-K2-seed3416,34,2,3416,all_eval,8,76,0.9868421052631579,0.9868421052631579,0.9868329868329868,0.9875,0.9868421052631579,0.9868421052631579,0.9868421052631579,0.9868329868329868,0.9875,0.9868421052631579,0.0,0.0,0.0,0.0,0.0
grabmyo-S34-K2-seed3416,34,2,3416,same_session_holdout,8,20,1.0,1.0,1.0,1.0,1.0,1.0,1.0,1.0,1.0,1.0,0.0,0.0,0.0,0.0,0.0
grabmyo-S34-K2-seed3416,34,2,3416,cross_session,8,56,0.9821428571428571,0.9821428571428572,0.9821200510855683,0.9833333333333334,0.9821428571428572,0.9821428571428571,0.9821428571428572,0.9821200510855683,0.9833333333333334,0.9821428571428572,0.0,0.0,0.0,0.0,0.0
grabmyo-S35-K2-seed3416,35,2,3416,all_eval,8,76,1.0,1.0,1.0,1.0,1.0,1.0,1.0,1.0,1.0,1.0,0.0,0.0,0.0,0.0,0.0
grabmyo-S35-K2-seed3416,35,2,3416,same_session_holdout,8,20,1.0,1.0,1.0,1.0,1.0,1.0,1.0,1.0,1.0,1.0,0.0,0.0,0.0,0.0,0.0
grabmyo-S35-K2-seed3416,35,2,3416,cross_session,8,56,1.0,1.0,1.0,1.0,1.0,1.0,1.0,1.0,1.0,1.0,0.0,0.0,0.0,0.0,0.0
grabmyo-S41-K2-seed3416,41,2,3416,all_eval,8,76,1.0,1.0,1.0,1.0,1.0,1.0,1.0,1.0,1.0,1.0,0.0,0.0,0.0,0.0,0.0
grabmyo-S41-K2-seed3416,41,2,3416,same_session_holdout,8,20,1.0,1.0,1.0,1.0,1.0,1.0,1.0,1.0,1.0,1.0,0.0,0.0,0.0,0.0,0.0
grabmyo-S41-K2-seed3416,41,2,3416,cross_session,8,56,1.0,1.0,1.0,1.0,1.0,1.0,1.0,1.0,1.0,1.0,0.0,0.0,0.0,0.0,0.0
grabmyo-S12-K2-seed3417,12,2,3417,all_eval,8,76,1.0,1.0,1.0,1.0,1.0,1.0,1.0,1.0,1.0,1.0,0.0,0.0,0.0,0.0,0.0
grabmyo-S12-K2-seed3417,12,2,3417,same_session_holdout,8,20,1.0,1.0,1.0,1.0,1.0,1.0,1.0,1.0,1.0,1.0,0.0,0.0,0.0,0.0,0.0
grabmyo-S12-K2-seed3417,12,2,3417,cross_session,8,56,1.0,1.0,1.0,1.0,1.0,1.0,1.0,1.0,1.0,1.0,0.0,0.0,0.0,0.0,0.0
grabmyo-S13-K2-seed3417,13,2,3417,all_eval,8,76,1.0,1.0,1.0,1.0,1.0,1.0,1.0,1.0,1.0,1.0,0.0,0.0,0.0,0.0,0.0
grabmyo-S13-K2-seed3417,13,2,3417,same_session_holdout,8,20,1.0,1.0,1.0,1.0,1.0,1.0,1.0,1.0,1.0,1.0,0.0,0.0,0.0,0.0,0.0
grabmyo-S13-K2-seed3417,13,2,3417,cross_session,8,56,1.0,1.0,1.0,1.0,1.0,1.0,1.0,1.0,1.0,1.0,0.0,0.0,0.0,0.0,0.0
grabmyo-S25-K2-seed3417,25,2,3417,all_eval,8,76,1.0,1.0,1.0,1.0,1.0,1.0,1.0,1.0,1.0,1.0,0.0,0.0,0.0,0.0,0.0
grabmyo-S25-K2-seed3417,25,2,3417,same_session_holdout,8,20,1.0,1.0,1.0,1.0,1.0,1.0,1.0,1.0,1.0,1.0,0.0,0.0,0.0,0.0,0.0
grabmyo-S25-K2-seed3417,25,2,3417,cross_session,8,56,1.0,1.0,1.0,1.0,1.0,1.0,1.0,1.0,1.0,1.0,0.0,0.0,0.0,0.0,0.0
grabmyo-S26-K2-seed3417,26,2,3417,all_eval,8,76,0.9868421052631579,0.9868421052631579,0.9868329868329868,0.9875,0.9868421052631579,0.9868421052631579,0.9868421052631579,0.9868329868329868,0.9875,0.9868421052631579,0.0,0.0,0.0,0.0,0.0
grabmyo-S26-K2-seed3417,26,2,3417,same_session_holdout,8,20,1.0,1.0,1.0,1.0,1.0,1.0,1.0,1.0,1.0,1.0,0.0,0.0,0.0,0.0,0.0
grabmyo-S26-K2-seed3417,26,2,3417,cross_session,8,56,0.9821428571428571,0.9821428571428572,0.9821200510855683,0.9833333333333334,0.9821428571428572,0.9821428571428571,0.9821428571428572,0.9821200510855683,0.9833333333333334,0.9821428571428572,0.0,0.0,0.0,0.0,0.0
grabmyo-S29-K2-seed3417,29,2,3417,all_eval,8,76,1.0,1.0,1.0,1.0,1.0,1.0,1.0,1.0,1.0,1.0,0.0,0.0,0.0,0.0,0.0
grabmyo-S29-K2-seed3417,29,2,3417,same_session_holdout,8,20,1.0,1.0,1.0,1.0,1.0,1.0,1.0,1.0,1.0,1.0,0.0,0.0,0.0,0.0,0.0
grabmyo-S29-K2-seed3417,29,2,3417,cross_session,8,56,1.0,1.0,1.0,1.0,1.0,1.0,1.0,1.0,1.0,1.0,0.0,0.0,0.0,0.0,0.0
grabmyo-S33-K2-seed3417,33,2,3417,all_eval,8,76,0.9210526315789473,0.9210526315789473,0.9176449761478831,0.9354166666666667,0.9210526315789473,0.9078947368421053,0.9078947368421053,0.9047420347909945,0.9169016290726817,0.9078947368421053,-0.013157894736842035,-0.013157894736842035,-0.01290294135688863,-0.018515037593984984,-0.013157894736842035
grabmyo-S33-K2-seed3417,33,2,3417,same_session_holdout,8,20,0.9,0.9,0.8920454545454546,0.9166666666666667,0.9,0.85,0.85,0.843939393939394,0.8458333333333333,0.85,-0.050000000000000044,-0.050000000000000044,-0.0481060606060606,-0.07083333333333341,-0.050000000000000044
grabmyo-S33-K2-seed3417,33,2,3417,cross_session,8,56,0.9285714285714286,0.9285714285714286,0.9270833333333334,0.9444444444444444,0.9285714285714286,0.9285714285714286,0.9285714285714286,0.9270833333333334,0.9444444444444444,0.9285714285714286,0.0,0.0,0.0,0.0,0.0
grabmyo-S34-K2-seed3417,34,2,3417,all_eval,8,76,0.9868421052631579,0.9868421052631579,0.9868329868329868,0.9875,0.9868421052631579,0.9868421052631579,0.9868421052631579,0.9868329868329868,0.9875,0.9868421052631579,0.0,0.0,0.0,0.0,0.0
grabmyo-S34-K2-seed3417,34,2,3417,same_session_holdout,8,20,1.0,1.0,1.0,1.0,1.0,1.0,1.0,1.0,1.0,1.0,0.0,0.0,0.0,0.0,0.0
grabmyo-S34-K2-seed3417,34,2,3417,cross_session,8,56,0.9821428571428571,0.9821428571428572,0.9821200510855683,0.9833333333333334,0.9821428571428572,0.9821428571428571,0.9821428571428572,0.9821200510855683,0.9833333333333334,0.9821428571428572,0.0,0.0,0.0,0.0,0.0
grabmyo-S35-K2-seed3417,35,2,3417,all_eval,8,76,1.0,1.0,1.0,1.0,1.0,1.0,1.0,1.0,1.0,1.0,0.0,0.0,0.0,0.0,0.0
grabmyo-S35-K2-seed3417,35,2,3417,same_session_holdout,8,20,1.0,1.0,1.0,1.0,1.0,1.0,1.0,1.0,1.0,1.0,0.0,0.0,0.0,0.0,0.0
grabmyo-S35-K2-seed3417,35,2,3417,cross_session,8,56,1.0,1.0,1.0,1.0,1.0,1.0,1.0,1.0,1.0,1.0,0.0,0.0,0.0,0.0,0.0
grabmyo-S41-K2-seed3417,41,2,3417,all_eval,8,76,1.0,1.0,1.0,1.0,1.0,1.0,1.0,1.0,1.0,1.0,0.0,0.0,0.0,0.0,0.0
grabmyo-S41-K2-seed3417,41,2,3417,same_session_holdout,8,20,1.0,1.0,1.0,1.0,1.0,1.0,1.0,1.0,1.0,1.0,0.0,0.0,0.0,0.0,0.0
grabmyo-S41-K2-seed3417,41,2,3417,cross_session,8,56,1.0,1.0,1.0,1.0,1.0,1.0,1.0,1.0,1.0,1.0,0.0,0.0,0.0,0.0,0.0
grabmyo-S12-K2-seed3418,12,2,3418,all_eval,8,76,1.0,1.0,1.0,1.0,1.0,1.0,1.0,1.0,1.0,1.0,0.0,0.0,0.0,0.0,0.0
grabmyo-S12-K2-seed3418,12,2,3418,same_session_holdout,8,20,1.0,1.0,1.0,1.0,1.0,1.0,1.0,1.0,1.0,1.0,0.0,0.0,0.0,0.0,0.0
grabmyo-S12-K2-seed3418,12,2,3418,cross_session,8,56,1.0,1.0,1.0,1.0,1.0,1.0,1.0,1.0,1.0,1.0,0.0,0.0,0.0,0.0,0.0
grabmyo-S13-K2-seed3418,13,2,3418,all_eval,8,76,1.0,1.0,1.0,1.0,1.0,1.0,1.0,1.0,1.0,1.0,0.0,0.0,0.0,0.0,0.0
grabmyo-S13-K2-seed3418,13,2,3418,same_session_holdout,8,20,1.0,1.0,1.0,1.0,1.0,1.0,1.0,1.0,1.0,1.0,0.0,0.0,0.0,0.0,0.0
grabmyo-S13-K2-seed3418,13,2,3418,cross_session,8,56,1.0,1.0,1.0,1.0,1.0,1.0,1.0,1.0,1.0,1.0,0.0,0.0,0.0,0.0,0.0
grabmyo-S25-K2-seed3418,25,2,3418,all_eval,8,76,1.0,1.0,1.0,1.0,1.0,1.0,1.0,1.0,1.0,1.0,0.0,0.0,0.0,0.0,0.0
grabmyo-S25-K2-seed3418,25,2,3418,same_session_holdout,8,20,1.0,1.0,1.0,1.0,1.0,1.0,1.0,1.0,1.0,1.0,0.0,0.0,0.0,0.0,0.0
grabmyo-S25-K2-seed3418,25,2,3418,cross_session,8,56,1.0,1.0,1.0,1.0,1.0,1.0,1.0,1.0,1.0,1.0,0.0,0.0,0.0,0.0,0.0
grabmyo-S26-K2-seed3418,26,2,3418,all_eval,8,76,0.9868421052631579,0.9868421052631579,0.9868329868329868,0.9875,0.9868421052631579,0.9868421052631579,0.9868421052631579,0.9868329868329868,0.9875,0.9868421052631579,0.0,0.0,0.0,0.0,0.0
grabmyo-S26-K2-seed3418,26,2,3418,same_session_holdout,8,20,1.0,1.0,1.0,1.0,1.0,1.0,1.0,1.0,1.0,1.0,0.0,0.0,0.0,0.0,0.0
grabmyo-S26-K2-seed3418,26,2,3418,cross_session,8,56,0.9821428571428571,0.9821428571428572,0.9821200510855683,0.9833333333333334,0.9821428571428572,0.9821428571428571,0.9821428571428572,0.9821200510855683,0.9833333333333334,0.9821428571428572,0.0,0.0,0.0,0.0,0.0
grabmyo-S29-K2-seed3418,29,2,3418,all_eval,8,76,0.9868421052631579,0.9868421052631579,0.9868329868329868,0.9875,0.9868421052631579,0.9868421052631579,0.9868421052631579,0.9868329868329868,0.9875,0.9868421052631579,0.0,0.0,0.0,0.0,0.0
grabmyo-S29-K2-seed3418,29,2,3418,same_session_holdout,8,20,0.95,0.95,0.9494949494949495,0.9583333333333334,0.95,0.95,0.95,0.9494949494949495,0.9583333333333334,0.95,0.0,0.0,0.0,0.0,0.0
grabmyo-S29-K2-seed3418,29,2,3418,cross_session,8,56,1.0,1.0,1.0,1.0,1.0,1.0,1.0,1.0,1.0,1.0,0.0,0.0,0.0,0.0,0.0
grabmyo-S33-K2-seed3418,33,2,3418,all_eval,8,76,0.9342105263157895,0.9342105263157895,0.9330514446793516,0.9479166666666666,0.9342105263157895,0.9210526315789473,0.9210526315789473,0.9200558287425593,0.93125,0.9210526315789473,-0.013157894736842146,-0.013157894736842146,-0.012995615936792326,-0.016666666666666607,-0.013157894736842146
grabmyo-S33-K2-seed3418,33,2,3418,same_session_holdout,8,20,0.95,0.95,0.9494949494949495,0.9583333333333334,0.95,0.9,0.9,0.8994949494949495,0.9083333333333333,0.9,-0.04999999999999993,-0.04999999999999993,-0.050000000000000044,-0.050000000000000044,-0.04999999999999993
grabmyo-S33-K2-seed3418,33,2,3418,cross_session,8,56,0.9285714285714286,0.9285714285714286,0.9270833333333334,0.9444444444444444,0.9285714285714286,0.9285714285714286,0.9285714285714286,0.9270833333333334,0.9444444444444444,0.9285714285714286,0.0,0.0,0.0,0.0,0.0
grabmyo-S34-K2-seed3418,34,2,3418,all_eval,8,76,0.9868421052631579,0.9868421052631579,0.9868329868329868,0.9875,0.9868421052631579,0.9868421052631579,0.9868421052631579,0.9868329868329868,0.9875,0.9868421052631579,0.0,0.0,0.0,0.0,0.0
grabmyo-S34-K2-seed3418,34,2,3418,same_session_holdout,8,20,1.0,1.0,1.0,1.0,1.0,1.0,1.0,1.0,1.0,1.0,0.0,0.0,0.0,0.0,0.0
grabmyo-S34-K2-seed3418,34,2,3418,cross_session,8,56,0.9821428571428571,0.9821428571428572,0.9821200510855683,0.9833333333333334,0.9821428571428572,0.9821428571428571,0.9821428571428572,0.9821200510855683,0.9833333333333334,0.9821428571428572,0.0,0.0,0.0,0.0,0.0
grabmyo-S35-K2-seed3418,35,2,3418,all_eval,8,76,1.0,1.0,1.0,1.0,1.0,1.0,1.0,1.0,1.0,1.0,0.0,0.0,0.0,0.0,0.0
grabmyo-S35-K2-seed3418,35,2,3418,same_session_holdout,8,20,1.0,1.0,1.0,1.0,1.0,1.0,1.0,1.0,1.0,1.0,0.0,0.0,0.0,0.0,0.0
grabmyo-S35-K2-seed3418,35,2,3418,cross_session,8,56,1.0,1.0,1.0,1.0,1.0,1.0,1.0,1.0,1.0,1.0,0.0,0.0,0.0,0.0,0.0
grabmyo-S41-K2-seed3418,41,2,3418,all_eval,8,76,1.0,1.0,1.0,1.0,1.0,1.0,1.0,1.0,1.0,1.0,0.0,0.0,0.0,0.0,0.0
grabmyo-S41-K2-seed3418,41,2,3418,same_session_holdout,8,20,1.0,1.0,1.0,1.0,1.0,1.0,1.0,1.0,1.0,1.0,0.0,0.0,0.0,0.0,0.0
grabmyo-S41-K2-seed3418,41,2,3418,cross_session,8,56,1.0,1.0,1.0,1.0,1.0,1.0,1.0,1.0,1.0,1.0,0.0,0.0,0.0,0.0,0.0
grabmyo-S12-K2-seed3419,12,2,3419,all_eval,8,76,1.0,1.0,1.0,1.0,1.0,1.0,1.0,1.0,1.0,1.0,0.0,0.0,0.0,0.0,0.0
grabmyo-S12-K2-seed3419,12,2,3419,same_session_holdout,8,20,1.0,1.0,1.0,1.0,1.0,1.0,1.0,1.0,1.0,1.0,0.0,0.0,0.0,0.0,0.0
grabmyo-S12-K2-seed3419,12,2,3419,cross_session,8,56,1.0,1.0,1.0,1.0,1.0,1.0,1.0,1.0,1.0,1.0,0.0,0.0,0.0,0.0,0.0
grabmyo-S13-K2-seed3419,13,2,3419,all_eval,8,76,1.0,1.0,1.0,1.0,1.0,1.0,1.0,1.0,1.0,1.0,0.0,0.0,0.0,0.0,0.0
grabmyo-S13-K2-seed3419,13,2,3419,same_session_holdout,8,20,1.0,1.0,1.0,1.0,1.0,1.0,1.0,1.0,1.0,1.0,0.0,0.0,0.0,0.0,0.0
grabmyo-S13-K2-seed3419,13,2,3419,cross_session,8,56,1.0,1.0,1.0,1.0,1.0,1.0,1.0,1.0,1.0,1.0,0.0,0.0,0.0,0.0,0.0
grabmyo-S25-K2-seed3419,25,2,3419,all_eval,8,76,1.0,1.0,1.0,1.0,1.0,1.0,1.0,1.0,1.0,1.0,0.0,0.0,0.0,0.0,0.0
grabmyo-S25-K2-seed3419,25,2,3419,same_session_holdout,8,20,1.0,1.0,1.0,1.0,1.0,1.0,1.0,1.0,1.0,1.0,0.0,0.0,0.0,0.0,0.0
grabmyo-S25-K2-seed3419,25,2,3419,cross_session,8,56,1.0,1.0,1.0,1.0,1.0,1.0,1.0,1.0,1.0,1.0,0.0,0.0,0.0,0.0,0.0
grabmyo-S26-K2-seed3419,26,2,3419,all_eval,8,76,0.9868421052631579,0.9868421052631579,0.9868329868329868,0.9875,0.9868421052631579,0.9868421052631579,0.9868421052631579,0.9868329868329868,0.9875,0.9868421052631579,0.0,0.0,0.0,0.0,0.0
grabmyo-S26-K2-seed3419,26,2,3419,same_session_holdout,8,20,1.0,1.0,1.0,1.0,1.0,1.0,1.0,1.0,1.0,1.0,0.0,0.0,0.0,0.0,0.0
grabmyo-S26-K2-seed3419,26,2,3419,cross_session,8,56,0.9821428571428571,0.9821428571428572,0.9821200510855683,0.9833333333333334,0.9821428571428572,0.9821428571428571,0.9821428571428572,0.9821200510855683,0.9833333333333334,0.9821428571428572,0.0,0.0,0.0,0.0,0.0
grabmyo-S29-K2-seed3419,29,2,3419,all_eval,8,76,1.0,1.0,1.0,1.0,1.0,1.0,1.0,1.0,1.0,1.0,0.0,0.0,0.0,0.0,0.0
grabmyo-S29-K2-seed3419,29,2,3419,same_session_holdout,8,20,1.0,1.0,1.0,1.0,1.0,1.0,1.0,1.0,1.0,1.0,0.0,0.0,0.0,0.0,0.0
grabmyo-S29-K2-seed3419,29,2,3419,cross_session,8,56,1.0,1.0,1.0,1.0,1.0,1.0,1.0,1.0,1.0,1.0,0.0,0.0,0.0,0.0,0.0
grabmyo-S33-K2-seed3419,33,2,3419,all_eval,8,76,0.9210526315789473,0.9210526315789473,0.9176449761478831,0.9354166666666667,0.9210526315789473,0.9078947368421053,0.9078947368421053,0.9047420347909945,0.9169016290726817,0.9078947368421053,-0.013157894736842035,-0.013157894736842035,-0.01290294135688863,-0.018515037593984984,-0.013157894736842035
grabmyo-S33-K2-seed3419,33,2,3419,same_session_holdout,8,20,0.9,0.9,0.8920454545454546,0.9166666666666667,0.9,0.85,0.85,0.843939393939394,0.8458333333333333,0.85,-0.050000000000000044,-0.050000000000000044,-0.0481060606060606,-0.07083333333333341,-0.050000000000000044
grabmyo-S33-K2-seed3419,33,2,3419,cross_session,8,56,0.9285714285714286,0.9285714285714286,0.9270833333333334,0.9444444444444444,0.9285714285714286,0.9285714285714286,0.9285714285714286,0.9270833333333334,0.9444444444444444,0.9285714285714286,0.0,0.0,0.0,0.0,0.0
grabmyo-S34-K2-seed3419,34,2,3419,all_eval,8,76,0.9868421052631579,0.9868421052631579,0.9868329868329868,0.9875,0.9868421052631579,0.9868421052631579,0.9868421052631579,0.9868329868329868,0.9875,0.9868421052631579,0.0,0.0,0.0,0.0,0.0
grabmyo-S34-K2-seed3419,34,2,3419,same_session_holdout,8,20,1.0,1.0,1.0,1.0,1.0,1.0,1.0,1.0,1.0,1.0,0.0,0.0,0.0,0.0,0.0
grabmyo-S34-K2-seed3419,34,2,3419,cross_session,8,56,0.9821428571428571,0.9821428571428572,0.9821200510855683,0.9833333333333334,0.9821428571428572,0.9821428571428571,0.9821428571428572,0.9821200510855683,0.9833333333333334,0.9821428571428572,0.0,0.0,0.0,0.0,0.0
grabmyo-S35-K2-seed3419,35,2,3419,all_eval,8,76,1.0,1.0,1.0,1.0,1.0,1.0,1.0,1.0,1.0,1.0,0.0,0.0,0.0,0.0,0.0
grabmyo-S35-K2-seed3419,35,2,3419,same_session_holdout,8,20,1.0,1.0,1.0,1.0,1.0,1.0,1.0,1.0,1.0,1.0,0.0,0.0,0.0,0.0,0.0
grabmyo-S35-K2-seed3419,35,2,3419,cross_session,8,56,1.0,1.0,1.0,1.0,1.0,1.0,1.0,1.0,1.0,1.0,0.0,0.0,0.0,0.0,0.0
grabmyo-S41-K2-seed3419,41,2,3419,all_eval,8,76,1.0,1.0,1.0,1.0,1.0,1.0,1.0,1.0,1.0,1.0,0.0,0.0,0.0,0.0,0.0
grabmyo-S41-K2-seed3419,41,2,3419,same_session_holdout,8,20,1.0,1.0,1.0,1.0,1.0,1.0,1.0,1.0,1.0,1.0,0.0,0.0,0.0,0.0,0.0
grabmyo-S41-K2-seed3419,41,2,3419,cross_session,8,56,1.0,1.0,1.0,1.0,1.0,1.0,1.0,1.0,1.0,1.0,0.0,0.0,0.0,0.0,0.0
grabmyo-S12-K2-seed3420,12,2,3420,all_eval,8,76,1.0,1.0,1.0,1.0,1.0,1.0,1.0,1.0,1.0,1.0,0.0,0.0,0.0,0.0,0.0
grabmyo-S12-K2-seed3420,12,2,3420,same_session_holdout,8,20,1.0,1.0,1.0,1.0,1.0,1.0,1.0,1.0,1.0,1.0,0.0,0.0,0.0,0.0,0.0
grabmyo-S12-K2-seed3420,12,2,3420,cross_session,8,56,1.0,1.0,1.0,1.0,1.0,1.0,1.0,1.0,1.0,1.0,0.0,0.0,0.0,0.0,0.0
grabmyo-S13-K2-seed3420,13,2,3420,all_eval,8,76,1.0,1.0,1.0,1.0,1.0,1.0,1.0,1.0,1.0,1.0,0.0,0.0,0.0,0.0,0.0
grabmyo-S13-K2-seed3420,13,2,3420,same_session_holdout,8,20,1.0,1.0,1.0,1.0,1.0,1.0,1.0,1.0,1.0,1.0,0.0,0.0,0.0,0.0,0.0
grabmyo-S13-K2-seed3420,13,2,3420,cross_session,8,56,1.0,1.0,1.0,1.0,1.0,1.0,1.0,1.0,1.0,1.0,0.0,0.0,0.0,0.0,0.0
grabmyo-S25-K2-seed3420,25,2,3420,all_eval,8,76,1.0,1.0,1.0,1.0,1.0,1.0,1.0,1.0,1.0,1.0,0.0,0.0,0.0,0.0,0.0
grabmyo-S25-K2-seed3420,25,2,3420,same_session_holdout,8,20,1.0,1.0,1.0,1.0,1.0,1.0,1.0,1.0,1.0,1.0,0.0,0.0,0.0,0.0,0.0
grabmyo-S25-K2-seed3420,25,2,3420,cross_session,8,56,1.0,1.0,1.0,1.0,1.0,1.0,1.0,1.0,1.0,1.0,0.0,0.0,0.0,0.0,0.0
grabmyo-S26-K2-seed3420,26,2,3420,all_eval,8,76,0.9868421052631579,0.9868421052631579,0.9868329868329868,0.9875,0.9868421052631579,0.9868421052631579,0.9868421052631579,0.9868329868329868,0.9875,0.9868421052631579,0.0,0.0,0.0,0.0,0.0
grabmyo-S26-K2-seed3420,26,2,3420,same_session_holdout,8,20,1.0,1.0,1.0,1.0,1.0,1.0,1.0,1.0,1.0,1.0,0.0,0.0,0.0,0.0,0.0
grabmyo-S26-K2-seed3420,26,2,3420,cross_session,8,56,0.9821428571428571,0.9821428571428572,0.9821200510855683,0.9833333333333334,0.9821428571428572,0.9821428571428571,0.9821428571428572,0.9821200510855683,0.9833333333333334,0.9821428571428572,0.0,0.0,0.0,0.0,0.0
grabmyo-S29-K2-seed3420,29,2,3420,all_eval,8,76,0.9868421052631579,0.9868421052631579,0.9868329868329868,0.9875,0.9868421052631579,0.9868421052631579,0.9868421052631579,0.9868329868329868,0.9875,0.9868421052631579,0.0,0.0,0.0,0.0,0.0
grabmyo-S29-K2-seed3420,29,2,3420,same_session_holdout,8,20,0.95,0.95,0.9494949494949495,0.9583333333333334,0.95,0.95,0.95,0.9494949494949495,0.9583333333333334,0.95,0.0,0.0,0.0,0.0,0.0
grabmyo-S29-K2-seed3420,29,2,3420,cross_session,8,56,1.0,1.0,1.0,1.0,1.0,1.0,1.0,1.0,1.0,1.0,0.0,0.0,0.0,0.0,0.0
grabmyo-S33-K2-seed3420,33,2,3420,all_eval,8,76,0.9342105263157895,0.9342105263157895,0.9330514446793516,0.9479166666666666,0.9342105263157895,0.9342105263157895,0.9342105263157895,0.9330514446793516,0.9479166666666666,0.9342105263157895,0.0,0.0,0.0,0.0,0.0
grabmyo-S33-K2-seed3420,33,2,3420,same_session_holdout,8,20,0.95,0.95,0.9494949494949495,0.9583333333333334,0.95,0.95,0.95,0.9494949494949495,0.9583333333333334,0.95,0.0,0.0,0.0,0.0,0.0
grabmyo-S33-K2-seed3420,33,2,3420,cross_session,8,56,0.9285714285714286,0.9285714285714286,0.9270833333333334,0.9444444444444444,0.9285714285714286,0.9285714285714286,0.9285714285714286,0.9270833333333334,0.9444444444444444,0.9285714285714286,0.0,0.0,0.0,0.0,0.0
grabmyo-S34-K2-seed3420,34,2,3420,all_eval,8,76,0.9868421052631579,0.9868421052631579,0.9868329868329868,0.9875,0.9868421052631579,0.9868421052631579,0.9868421052631579,0.9868329868329868,0.9875,0.9868421052631579,0.0,0.0,0.0,0.0,0.0
grabmyo-S34-K2-seed3420,34,2,3420,same_session_holdout,8,20,1.0,1.0,1.0,1.0,1.0,1.0,1.0,1.0,1.0,1.0,0.0,0.0,0.0,0.0,0.0
grabmyo-S34-K2-seed3420,34,2,3420,cross_session,8,56,0.9821428571428571,0.9821428571428572,0.9821200510855683,0.9833333333333334,0.9821428571428572,0.9821428571428571,0.9821428571428572,0.9821200510855683,0.9833333333333334,0.9821428571428572,0.0,0.0,0.0,0.0,0.0
grabmyo-S35-K2-seed3420,35,2,3420,all_eval,8,76,1.0,1.0,1.0,1.0,1.0,1.0,1.0,1.0,1.0,1.0,0.0,0.0,0.0,0.0,0.0
grabmyo-S35-K2-seed3420,35,2,3420,same_session_holdout,8,20,1.0,1.0,1.0,1.0,1.0,1.0,1.0,1.0,1.0,1.0,0.0,0.0,0.0,0.0,0.0
grabmyo-S35-K2-seed3420,35,2,3420,cross_session,8,56,1.0,1.0,1.0,1.0,1.0,1.0,1.0,1.0,1.0,1.0,0.0,0.0,0.0,0.0,0.0
grabmyo-S41-K2-seed3420,41,2,3420,all_eval,8,76,1.0,1.0,1.0,1.0,1.0,1.0,1.0,1.0,1.0,1.0,0.0,0.0,0.0,0.0,0.0
grabmyo-S41-K2-seed3420,41,2,3420,same_session_holdout,8,20,1.0,1.0,1.0,1.0,1.0,1.0,1.0,1.0,1.0,1.0,0.0,0.0,0.0,0.0,0.0
grabmyo-S41-K2-seed3420,41,2,3420,cross_session,8,56,1.0,1.0,1.0,1.0,1.0,1.0,1.0,1.0,1.0,1.0,0.0,0.0,0.0,0.0,0.0
grabmyo-S12-K3-seed3401,12,3,3401,all_eval,12,72,1.0,1.0,1.0,1.0,1.0,1.0,1.0,1.0,1.0,1.0,0.0,0.0,0.0,0.0,0.0
grabmyo-S12-K3-seed3401,12,3,3401,same_session_holdout,12,16,1.0,1.0,1.0,1.0,1.0,1.0,1.0,1.0,1.0,1.0,0.0,0.0,0.0,0.0,0.0
grabmyo-S12-K3-seed3401,12,3,3401,cross_session,12,56,1.0,1.0,1.0,1.0,1.0,1.0,1.0,1.0,1.0,1.0,0.0,0.0,0.0,0.0,0.0
grabmyo-S13-K3-seed3401,13,3,3401,all_eval,12,72,1.0,1.0,1.0,1.0,1.0,1.0,1.0,1.0,1.0,1.0,0.0,0.0,0.0,0.0,0.0
grabmyo-S13-K3-seed3401,13,3,3401,same_session_holdout,12,16,1.0,1.0,1.0,1.0,1.0,1.0,1.0,1.0,1.0,1.0,0.0,0.0,0.0,0.0,0.0
grabmyo-S13-K3-seed3401,13,3,3401,cross_session,12,56,1.0,1.0,1.0,1.0,1.0,1.0,1.0,1.0,1.0,1.0,0.0,0.0,0.0,0.0,0.0
grabmyo-S25-K3-seed3401,25,3,3401,all_eval,12,72,1.0,1.0,1.0,1.0,1.0,1.0,1.0,1.0,1.0,1.0,0.0,0.0,0.0,0.0,0.0
grabmyo-S25-K3-seed3401,25,3,3401,same_session_holdout,12,16,1.0,1.0,1.0,1.0,1.0,1.0,1.0,1.0,1.0,1.0,0.0,0.0,0.0,0.0,0.0
grabmyo-S25-K3-seed3401,25,3,3401,cross_session,12,56,1.0,1.0,1.0,1.0,1.0,1.0,1.0,1.0,1.0,1.0,0.0,0.0,0.0,0.0,0.0
grabmyo-S26-K3-seed3401,26,3,3401,all_eval,12,72,0.9861111111111112,0.9861111111111112,0.9861003861003861,0.9868421052631579,0.9861111111111112,0.9861111111111112,0.9861111111111112,0.9861003861003861,0.9868421052631579,0.9861111111111112,0.0,0.0,0.0,0.0,0.0
grabmyo-S26-K3-seed3401,26,3,3401,same_session_holdout,12,16,1.0,1.0,1.0,1.0,1.0,1.0,1.0,1.0,1.0,1.0,0.0,0.0,0.0,0.0,0.0
grabmyo-S26-K3-seed3401,26,3,3401,cross_session,12,56,0.9821428571428571,0.9821428571428572,0.9821200510855683,0.9833333333333334,0.9821428571428572,0.9821428571428571,0.9821428571428572,0.9821200510855683,0.9833333333333334,0.9821428571428572,0.0,0.0,0.0,0.0,0.0
grabmyo-S29-K3-seed3401,29,3,3401,all_eval,12,72,0.9861111111111112,0.9861111111111112,0.9861003861003861,0.9868421052631579,0.9861111111111112,0.9861111111111112,0.9861111111111112,0.9861003861003861,0.9868421052631579,0.9861111111111112,0.0,0.0,0.0,0.0,0.0
grabmyo-S29-K3-seed3401,29,3,3401,same_session_holdout,12,16,0.9375,0.9375,0.9365079365079365,0.95,0.9375,0.9375,0.9375,0.9365079365079365,0.95,0.9375,0.0,0.0,0.0,0.0,0.0
grabmyo-S29-K3-seed3401,29,3,3401,cross_session,12,56,1.0,1.0,1.0,1.0,1.0,1.0,1.0,1.0,1.0,1.0,0.0,0.0,0.0,0.0,0.0
grabmyo-S33-K3-seed3401,33,3,3401,all_eval,12,72,0.9305555555555556,0.9305555555555556,0.9279206625980819,0.9413875598086124,0.9305555555555556,0.9305555555555556,0.9305555555555556,0.9279206625980819,0.9413875598086124,0.9305555555555556,0.0,0.0,0.0,0.0,0.0
grabmyo-S33-K3-seed3401,33,3,3401,same_session_holdout,12,16,0.9375,0.9375,0.9365079365079365,0.95,0.9375,0.9375,0.9375,0.9365079365079365,0.95,0.9375,0.0,0.0,0.0,0.0,0.0
grabmyo-S33-K3-seed3401,33,3,3401,cross_session,12,56,0.9285714285714286,0.9285714285714286,0.9270833333333334,0.9444444444444444,0.9285714285714286,0.9285714285714286,0.9285714285714286,0.9270833333333334,0.9444444444444444,0.9285714285714286,0.0,0.0,0.0,0.0,0.0
grabmyo-S34-K3-seed3401,34,3,3401,all_eval,12,72,0.9861111111111112,0.9861111111111112,0.9861003861003861,0.9868421052631579,0.9861111111111112,0.9861111111111112,0.9861111111111112,0.9861003861003861,0.9868421052631579,0.9861111111111112,0.0,0.0,0.0,0.0,0.0
grabmyo-S34-K3-seed3401,34,3,3401,same_session_holdout,12,16,1.0,1.0,1.0,1.0,1.0,1.0,1.0,1.0,1.0,1.0,0.0,0.0,0.0,0.0,0.0
grabmyo-S34-K3-seed3401,34,3,3401,cross_session,12,56,0.9821428571428571,0.9821428571428572,0.9821200510855683,0.9833333333333334,0.9821428571428572,0.9821428571428571,0.9821428571428572,0.9821200510855683,0.9833333333333334,0.9821428571428572,0.0,0.0,0.0,0.0,0.0
grabmyo-S35-K3-seed3401,35,3,3401,all_eval,12,72,1.0,1.0,1.0,1.0,1.0,1.0,1.0,1.0,1.0,1.0,0.0,0.0,0.0,0.0,0.0
grabmyo-S35-K3-seed3401,35,3,3401,same_session_holdout,12,16,1.0,1.0,1.0,1.0,1.0,1.0,1.0,1.0,1.0,1.0,0.0,0.0,0.0,0.0,0.0
grabmyo-S35-K3-seed3401,35,3,3401,cross_session,12,56,1.0,1.0,1.0,1.0,1.0,1.0,1.0,1.0,1.0,1.0,0.0,0.0,0.0,0.0,0.0
grabmyo-S41-K3-seed3401,41,3,3401,all_eval,12,72,1.0,1.0,1.0,1.0,1.0,1.0,1.0,1.0,1.0,1.0,0.0,0.0,0.0,0.0,0.0
grabmyo-S41-K3-seed3401,41,3,3401,same_session_holdout,12,16,1.0,1.0,1.0,1.0,1.0,1.0,1.0,1.0,1.0,1.0,0.0,0.0,0.0,0.0,0.0
grabmyo-S41-K3-seed3401,41,3,3401,cross_session,12,56,1.0,1.0,1.0,1.0,1.0,1.0,1.0,1.0,1.0,1.0,0.0,0.0,0.0,0.0,0.0
grabmyo-S12-K3-seed3402,12,3,3402,all_eval,12,72,1.0,1.0,1.0,1.0,1.0,1.0,1.0,1.0,1.0,1.0,0.0,0.0,0.0,0.0,0.0
grabmyo-S12-K3-seed3402,12,3,3402,same_session_holdout,12,16,1.0,1.0,1.0,1.0,1.0,1.0,1.0,1.0,1.0,1.0,0.0,0.0,0.0,0.0,0.0
grabmyo-S12-K3-seed3402,12,3,3402,cross_session,12,56,1.0,1.0,1.0,1.0,1.0,1.0,1.0,1.0,1.0,1.0,0.0,0.0,0.0,0.0,0.0
grabmyo-S13-K3-seed3402,13,3,3402,all_eval,12,72,1.0,1.0,1.0,1.0,1.0,1.0,1.0,1.0,1.0,1.0,0.0,0.0,0.0,0.0,0.0
grabmyo-S13-K3-seed3402,13,3,3402,same_session_holdout,12,16,1.0,1.0,1.0,1.0,1.0,1.0,1.0,1.0,1.0,1.0,0.0,0.0,0.0,0.0,0.0
grabmyo-S13-K3-seed3402,13,3,3402,cross_session,12,56,1.0,1.0,1.0,1.0,1.0,1.0,1.0,1.0,1.0,1.0,0.0,0.0,0.0,0.0,0.0
grabmyo-S25-K3-seed3402,25,3,3402,all_eval,12,72,1.0,1.0,1.0,1.0,1.0,1.0,1.0,1.0,1.0,1.0,0.0,0.0,0.0,0.0,0.0
grabmyo-S25-K3-seed3402,25,3,3402,same_session_holdout,12,16,1.0,1.0,1.0,1.0,1.0,1.0,1.0,1.0,1.0,1.0,0.0,0.0,0.0,0.0,0.0
grabmyo-S25-K3-seed3402,25,3,3402,cross_session,12,56,1.0,1.0,1.0,1.0,1.0,1.0,1.0,1.0,1.0,1.0,0.0,0.0,0.0,0.0,0.0
grabmyo-S26-K3-seed3402,26,3,3402,all_eval,12,72,0.9861111111111112,0.9861111111111112,0.9861003861003861,0.9868421052631579,0.9861111111111112,0.9861111111111112,0.9861111111111112,0.9861003861003861,0.9868421052631579,0.9861111111111112,0.0,0.0,0.0,0.0,0.0
grabmyo-S26-K3-seed3402,26,3,3402,same_session_holdout,12,16,1.0,1.0,1.0,1.0,1.0,1.0,1.0,1.0,1.0,1.0,0.0,0.0,0.0,0.0,0.0
grabmyo-S26-K3-seed3402,26,3,3402,cross_session,12,56,0.9821428571428571,0.9821428571428572,0.9821200510855683,0.9833333333333334,0.9821428571428572,0.9821428571428571,0.9821428571428572,0.9821200510855683,0.9833333333333334,0.9821428571428572,0.0,0.0,0.0,0.0,0.0
grabmyo-S29-K3-seed3402,29,3,3402,all_eval,12,72,0.9861111111111112,0.9861111111111112,0.9861003861003861,0.9868421052631579,0.9861111111111112,0.9861111111111112,0.9861111111111112,0.9861003861003861,0.9868421052631579,0.9861111111111112,0.0,0.0,0.0,0.0,0.0
grabmyo-S29-K3-seed3402,29,3,3402,same_session_holdout,12,16,0.9375,0.9375,0.9365079365079365,0.95,0.9375,0.9375,0.9375,0.9365079365079365,0.95,0.9375,0.0,0.0,0.0,0.0,0.0
grabmyo-S29-K3-seed3402,29,3,3402,cross_session,12,56,1.0,1.0,1.0,1.0,1.0,1.0,1.0,1.0,1.0,1.0,0.0,0.0,0.0,0.0,0.0
grabmyo-S33-K3-seed3402,33,3,3402,all_eval,12,72,0.9305555555555556,0.9305555555555556,0.9291896144767899,0.9456521739130435,0.9305555555555556,0.9305555555555556,0.9305555555555556,0.9291896144767899,0.9456521739130435,0.9305555555555556,0.0,0.0,0.0,0.0,0.0
grabmyo-S33-K3-seed3402,33,3,3402,same_session_holdout,12,16,0.9375,0.9375,0.9365079365079365,0.95,0.9375,0.9375,0.9375,0.9365079365079365,0.95,0.9375,0.0,0.0,0.0,0.0,0.0
grabmyo-S33-K3-seed3402,33,3,3402,cross_session,12,56,0.9285714285714286,0.9285714285714286,0.9270833333333334,0.9444444444444444,0.9285714285714286,0.9285714285714286,0.9285714285714286,0.9270833333333334,0.9444444444444444,0.9285714285714286,0.0,0.0,0.0,0.0,0.0
grabmyo-S34-K3-seed3402,34,3,3402,all_eval,12,72,0.9861111111111112,0.9861111111111112,0.9861003861003861,0.9868421052631579,0.9861111111111112,0.9861111111111112,0.9861111111111112,0.9861003861003861,0.9868421052631579,0.9861111111111112,0.0,0.0,0.0,0.0,0.0
grabmyo-S34-K3-seed3402,34,3,3402,same_session_holdout,12,16,1.0,1.0,1.0,1.0,1.0,1.0,1.0,1.0,1.0,1.0,0.0,0.0,0.0,0.0,0.0
grabmyo-S34-K3-seed3402,34,3,3402,cross_session,12,56,0.9821428571428571,0.9821428571428572,0.9821200510855683,0.9833333333333334,0.9821428571428572,0.9821428571428571,0.9821428571428572,0.9821200510855683,0.9833333333333334,0.9821428571428572,0.0,0.0,0.0,0.0,0.0
grabmyo-S35-K3-seed3402,35,3,3402,all_eval,12,72,1.0,1.0,1.0,1.0,1.0,1.0,1.0,1.0,1.0,1.0,0.0,0.0,0.0,0.0,0.0
grabmyo-S35-K3-seed3402,35,3,3402,same_session_holdout,12,16,1.0,1.0,1.0,1.0,1.0,1.0,1.0,1.0,1.0,1.0,0.0,0.0,0.0,0.0,0.0
grabmyo-S35-K3-seed3402,35,3,3402,cross_session,12,56,1.0,1.0,1.0,1.0,1.0,1.0,1.0,1.0,1.0,1.0,0.0,0.0,0.0,0.0,0.0
grabmyo-S41-K3-seed3402,41,3,3402,all_eval,12,72,1.0,1.0,1.0,1.0,1.0,1.0,1.0,1.0,1.0,1.0,0.0,0.0,0.0,0.0,0.0
grabmyo-S41-K3-seed3402,41,3,3402,same_session_holdout,12,16,1.0,1.0,1.0,1.0,1.0,1.0,1.0,1.0,1.0,1.0,0.0,0.0,0.0,0.0,0.0
grabmyo-S41-K3-seed3402,41,3,3402,cross_session,12,56,1.0,1.0,1.0,1.0,1.0,1.0,1.0,1.0,1.0,1.0,0.0,0.0,0.0,0.0,0.0
grabmyo-S12-K3-seed3403,12,3,3403,all_eval,12,72,1.0,1.0,1.0,1.0,1.0,1.0,1.0,1.0,1.0,1.0,0.0,0.0,0.0,0.0,0.0
grabmyo-S12-K3-seed3403,12,3,3403,same_session_holdout,12,16,1.0,1.0,1.0,1.0,1.0,1.0,1.0,1.0,1.0,1.0,0.0,0.0,0.0,0.0,0.0
grabmyo-S12-K3-seed3403,12,3,3403,cross_session,12,56,1.0,1.0,1.0,1.0,1.0,1.0,1.0,1.0,1.0,1.0,0.0,0.0,0.0,0.0,0.0
grabmyo-S13-K3-seed3403,13,3,3403,all_eval,12,72,1.0,1.0,1.0,1.0,1.0,1.0,1.0,1.0,1.0,1.0,0.0,0.0,0.0,0.0,0.0
grabmyo-S13-K3-seed3403,13,3,3403,same_session_holdout,12,16,1.0,1.0,1.0,1.0,1.0,1.0,1.0,1.0,1.0,1.0,0.0,0.0,0.0,0.0,0.0
grabmyo-S13-K3-seed3403,13,3,3403,cross_session,12,56,1.0,1.0,1.0,1.0,1.0,1.0,1.0,1.0,1.0,1.0,0.0,0.0,0.0,0.0,0.0
grabmyo-S25-K3-seed3403,25,3,3403,all_eval,12,72,1.0,1.0,1.0,1.0,1.0,1.0,1.0,1.0,1.0,1.0,0.0,0.0,0.0,0.0,0.0
grabmyo-S25-K3-seed3403,25,3,3403,same_session_holdout,12,16,1.0,1.0,1.0,1.0,1.0,1.0,1.0,1.0,1.0,1.0,0.0,0.0,0.0,0.0,0.0
grabmyo-S25-K3-seed3403,25,3,3403,cross_session,12,56,1.0,1.0,1.0,1.0,1.0,1.0,1.0,1.0,1.0,1.0,0.0,0.0,0.0,0.0,0.0
grabmyo-S26-K3-seed3403,26,3,3403,all_eval,12,72,0.9861111111111112,0.9861111111111112,0.9861003861003861,0.9868421052631579,0.9861111111111112,0.9861111111111112,0.9861111111111112,0.9861003861003861,0.9868421052631579,0.9861111111111112,0.0,0.0,0.0,0.0,0.0
grabmyo-S26-K3-seed3403,26,3,3403,same_session_holdout,12,16,1.0,1.0,1.0,1.0,1.0,1.0,1.0,1.0,1.0,1.0,0.0,0.0,0.0,0.0,0.0
grabmyo-S26-K3-seed3403,26,3,3403,cross_session,12,56,0.9821428571428571,0.9821428571428572,0.9821200510855683,0.9833333333333334,0.9821428571428572,0.9821428571428571,0.9821428571428572,0.9821200510855683,0.9833333333333334,0.9821428571428572,0.0,0.0,0.0,0.0,0.0
grabmyo-S29-K3-seed3403,29,3,3403,all_eval,12,72,1.0,1.0,1.0,1.0,1.0,1.0,1.0,1.0,1.0,1.0,0.0,0.0,0.0,0.0,0.0
grabmyo-S29-K3-seed3403,29,3,3403,same_session_holdout,12,16,1.0,1.0,1.0,1.0,1.0,1.0,1.0,1.0,1.0,1.0,0.0,0.0,0.0,0.0,0.0
grabmyo-S29-K3-seed3403,29,3,3403,cross_session,12,56,1.0,1.0,1.0,1.0,1.0,1.0,1.0,1.0,1.0,1.0,0.0,0.0,0.0,0.0,0.0
grabmyo-S33-K3-seed3403,33,3,3403,all_eval,12,72,0.9305555555555556,0.9305555555555556,0.9279206625980819,0.9413875598086124,0.9305555555555556,0.9305555555555556,0.9305555555555556,0.9279206625980819,0.9413875598086124,0.9305555555555556,0.0,0.0,0.0,0.0,0.0
grabmyo-S33-K3-seed3403,33,3,3403,same_session_holdout,12,16,0.9375,0.9375,0.9365079365079365,0.95,0.9375,0.9375,0.9375,0.9365079365079365,0.95,0.9375,0.0,0.0,0.0,0.0,0.0
grabmyo-S33-K3-seed3403,33,3,3403,cross_session,12,56,0.9285714285714286,0.9285714285714286,0.9270833333333334,0.9444444444444444,0.9285714285714286,0.9285714285714286,0.9285714285714286,0.9270833333333334,0.9444444444444444,0.9285714285714286,0.0,0.0,0.0,0.0,0.0
grabmyo-S34-K3-seed3403,34,3,3403,all_eval,12,72,0.9861111111111112,0.9861111111111112,0.9861003861003861,0.9868421052631579,0.9861111111111112,0.9861111111111112,0.9861111111111112,0.9861003861003861,0.9868421052631579,0.9861111111111112,0.0,0.0,0.0,0.0,0.0
grabmyo-S34-K3-seed3403,34,3,3403,same_session_holdout,12,16,1.0,1.0,1.0,1.0,1.0,1.0,1.0,1.0,1.0,1.0,0.0,0.0,0.0,0.0,0.0
grabmyo-S34-K3-seed3403,34,3,3403,cross_session,12,56,0.9821428571428571,0.9821428571428572,0.9821200510855683,0.9833333333333334,0.9821428571428572,0.9821428571428571,0.9821428571428572,0.9821200510855683,0.9833333333333334,0.9821428571428572,0.0,0.0,0.0,0.0,0.0
grabmyo-S35-K3-seed3403,35,3,3403,all_eval,12,72,1.0,1.0,1.0,1.0,1.0,1.0,1.0,1.0,1.0,1.0,0.0,0.0,0.0,0.0,0.0
grabmyo-S35-K3-seed3403,35,3,3403,same_session_holdout,12,16,1.0,1.0,1.0,1.0,1.0,1.0,1.0,1.0,1.0,1.0,0.0,0.0,0.0,0.0,0.0
grabmyo-S35-K3-seed3403,35,3,3403,cross_session,12,56,1.0,1.0,1.0,1.0,1.0,1.0,1.0,1.0,1.0,1.0,0.0,0.0,0.0,0.0,0.0
grabmyo-S41-K3-seed3403,41,3,3403,all_eval,12,72,1.0,1.0,1.0,1.0,1.0,1.0,1.0,1.0,1.0,1.0,0.0,0.0,0.0,0.0,0.0
grabmyo-S41-K3-seed3403,41,3,3403,same_session_holdout,12,16,1.0,1.0,1.0,1.0,1.0,1.0,1.0,1.0,1.0,1.0,0.0,0.0,0.0,0.0,0.0
grabmyo-S41-K3-seed3403,41,3,3403,cross_session,12,56,1.0,1.0,1.0,1.0,1.0,1.0,1.0,1.0,1.0,1.0,0.0,0.0,0.0,0.0,0.0
grabmyo-S12-K3-seed3404,12,3,3404,all_eval,12,72,1.0,1.0,1.0,1.0,1.0,1.0,1.0,1.0,1.0,1.0,0.0,0.0,0.0,0.0,0.0
grabmyo-S12-K3-seed3404,12,3,3404,same_session_holdout,12,16,1.0,1.0,1.0,1.0,1.0,1.0,1.0,1.0,1.0,1.0,0.0,0.0,0.0,0.0,0.0
grabmyo-S12-K3-seed3404,12,3,3404,cross_session,12,56,1.0,1.0,1.0,1.0,1.0,1.0,1.0,1.0,1.0,1.0,0.0,0.0,0.0,0.0,0.0
grabmyo-S13-K3-seed3404,13,3,3404,all_eval,12,72,1.0,1.0,1.0,1.0,1.0,1.0,1.0,1.0,1.0,1.0,0.0,0.0,0.0,0.0,0.0
grabmyo-S13-K3-seed3404,13,3,3404,same_session_holdout,12,16,1.0,1.0,1.0,1.0,1.0,1.0,1.0,1.0,1.0,1.0,0.0,0.0,0.0,0.0,0.0
grabmyo-S13-K3-seed3404,13,3,3404,cross_session,12,56,1.0,1.0,1.0,1.0,1.0,1.0,1.0,1.0,1.0,1.0,0.0,0.0,0.0,0.0,0.0
grabmyo-S25-K3-seed3404,25,3,3404,all_eval,12,72,1.0,1.0,1.0,1.0,1.0,1.0,1.0,1.0,1.0,1.0,0.0,0.0,0.0,0.0,0.0
grabmyo-S25-K3-seed3404,25,3,3404,same_session_holdout,12,16,1.0,1.0,1.0,1.0,1.0,1.0,1.0,1.0,1.0,1.0,0.0,0.0,0.0,0.0,0.0
grabmyo-S25-K3-seed3404,25,3,3404,cross_session,12,56,1.0,1.0,1.0,1.0,1.0,1.0,1.0,1.0,1.0,1.0,0.0,0.0,0.0,0.0,0.0
grabmyo-S26-K3-seed3404,26,3,3404,all_eval,12,72,0.9861111111111112,0.9861111111111112,0.9861003861003861,0.9868421052631579,0.9861111111111112,0.9861111111111112,0.9861111111111112,0.9861003861003861,0.9868421052631579,0.9861111111111112,0.0,0.0,0.0,0.0,0.0
grabmyo-S26-K3-seed3404,26,3,3404,same_session_holdout,12,16,1.0,1.0,1.0,1.0,1.0,1.0,1.0,1.0,1.0,1.0,0.0,0.0,0.0,0.0,0.0
grabmyo-S26-K3-seed3404,26,3,3404,cross_session,12,56,0.9821428571428571,0.9821428571428572,0.9821200510855683,0.9833333333333334,0.9821428571428572,0.9821428571428571,0.9821428571428572,0.9821200510855683,0.9833333333333334,0.9821428571428572,0.0,0.0,0.0,0.0,0.0
grabmyo-S29-K3-seed3404,29,3,3404,all_eval,12,72,0.9861111111111112,0.9861111111111112,0.9861003861003861,0.9868421052631579,0.9861111111111112,0.9861111111111112,0.9861111111111112,0.9861003861003861,0.9868421052631579,0.9861111111111112,0.0,0.0,0.0,0.0,0.0
grabmyo-S29-K3-seed3404,29,3,3404,same_session_holdout,12,16,0.9375,0.9375,0.9365079365079365,0.95,0.9375,0.9375,0.9375,0.9365079365079365,0.95,0.9375,0.0,0.0,0.0,0.0,0.0
grabmyo-S29-K3-seed3404,29,3,3404,cross_session,12,56,1.0,1.0,1.0,1.0,1.0,1.0,1.0,1.0,1.0,1.0,0.0,0.0,0.0,0.0,0.0
grabmyo-S33-K3-seed3404,33,3,3404,all_eval,12,72,0.9166666666666666,0.9166666666666666,0.9127554383651945,0.9324942791762013,0.9166666666666666,0.9166666666666666,0.9166666666666666,0.9127554383651945,0.9324942791762013,0.9166666666666666,0.0,0.0,0.0,0.0,0.0
grabmyo-S33-K3-seed3404,33,3,3404,same_session_holdout,12,16,0.875,0.875,0.861111111111111,0.9,0.875,0.875,0.875,0.861111111111111,0.9,0.875,0.0,0.0,0.0,0.0,0.0
grabmyo-S33-K3-seed3404,33,3,3404,cross_session,12,56,0.9285714285714286,0.9285714285714286,0.9270833333333334,0.9444444444444444,0.9285714285714286,0.9285714285714286,0.9285714285714286,0.9270833333333334,0.9444444444444444,0.9285714285714286,0.0,0.0,0.0,0.0,0.0
grabmyo-S34-K3-seed3404,34,3,3404,all_eval,12,72,0.9861111111111112,0.9861111111111112,0.9861003861003861,0.9868421052631579,0.9861111111111112,0.9861111111111112,0.9861111111111112,0.9861003861003861,0.9868421052631579,0.9861111111111112,0.0,0.0,0.0,0.0,0.0
grabmyo-S34-K3-seed3404,34,3,3404,same_session_holdout,12,16,1.0,1.0,1.0,1.0,1.0,1.0,1.0,1.0,1.0,1.0,0.0,0.0,0.0,0.0,0.0
grabmyo-S34-K3-seed3404,34,3,3404,cross_session,12,56,0.9821428571428571,0.9821428571428572,0.9821200510855683,0.9833333333333334,0.9821428571428572,0.9821428571428571,0.9821428571428572,0.9821200510855683,0.9833333333333334,0.9821428571428572,0.0,0.0,0.0,0.0,0.0
grabmyo-S35-K3-seed3404,35,3,3404,all_eval,12,72,1.0,1.0,1.0,1.0,1.0,1.0,1.0,1.0,1.0,1.0,0.0,0.0,0.0,0.0,0.0
grabmyo-S35-K3-seed3404,35,3,3404,same_session_holdout,12,16,1.0,1.0,1.0,1.0,1.0,1.0,1.0,1.0,1.0,1.0,0.0,0.0,0.0,0.0,0.0
grabmyo-S35-K3-seed3404,35,3,3404,cross_session,12,56,1.0,1.0,1.0,1.0,1.0,1.0,1.0,1.0,1.0,1.0,0.0,0.0,0.0,0.0,0.0
grabmyo-S41-K3-seed3404,41,3,3404,all_eval,12,72,1.0,1.0,1.0,1.0,1.0,1.0,1.0,1.0,1.0,1.0,0.0,0.0,0.0,0.0,0.0
grabmyo-S41-K3-seed3404,41,3,3404,same_session_holdout,12,16,1.0,1.0,1.0,1.0,1.0,1.0,1.0,1.0,1.0,1.0,0.0,0.0,0.0,0.0,0.0
grabmyo-S41-K3-seed3404,41,3,3404,cross_session,12,56,1.0,1.0,1.0,1.0,1.0,1.0,1.0,1.0,1.0,1.0,0.0,0.0,0.0,0.0,0.0
grabmyo-S12-K3-seed3405,12,3,3405,all_eval,12,72,1.0,1.0,1.0,1.0,1.0,1.0,1.0,1.0,1.0,1.0,0.0,0.0,0.0,0.0,0.0
grabmyo-S12-K3-seed3405,12,3,3405,same_session_holdout,12,16,1.0,1.0,1.0,1.0,1.0,1.0,1.0,1.0,1.0,1.0,0.0,0.0,0.0,0.0,0.0
grabmyo-S12-K3-seed3405,12,3,3405,cross_session,12,56,1.0,1.0,1.0,1.0,1.0,1.0,1.0,1.0,1.0,1.0,0.0,0.0,0.0,0.0,0.0
grabmyo-S13-K3-seed3405,13,3,3405,all_eval,12,72,1.0,1.0,1.0,1.0,1.0,1.0,1.0,1.0,1.0,1.0,0.0,0.0,0.0,0.0,0.0
grabmyo-S13-K3-seed3405,13,3,3405,same_session_holdout,12,16,1.0,1.0,1.0,1.0,1.0,1.0,1.0,1.0,1.0,1.0,0.0,0.0,0.0,0.0,0.0
grabmyo-S13-K3-seed3405,13,3,3405,cross_session,12,56,1.0,1.0,1.0,1.0,1.0,1.0,1.0,1.0,1.0,1.0,0.0,0.0,0.0,0.0,0.0
grabmyo-S25-K3-seed3405,25,3,3405,all_eval,12,72,1.0,1.0,1.0,1.0,1.0,1.0,1.0,1.0,1.0,1.0,0.0,0.0,0.0,0.0,0.0
grabmyo-S25-K3-seed3405,25,3,3405,same_session_holdout,12,16,1.0,1.0,1.0,1.0,1.0,1.0,1.0,1.0,1.0,1.0,0.0,0.0,0.0,0.0,0.0
grabmyo-S25-K3-seed3405,25,3,3405,cross_session,12,56,1.0,1.0,1.0,1.0,1.0,1.0,1.0,1.0,1.0,1.0,0.0,0.0,0.0,0.0,0.0
grabmyo-S26-K3-seed3405,26,3,3405,all_eval,12,72,0.9861111111111112,0.9861111111111112,0.9861003861003861,0.9868421052631579,0.9861111111111112,0.9861111111111112,0.9861111111111112,0.9861003861003861,0.9868421052631579,0.9861111111111112,0.0,0.0,0.0,0.0,0.0
grabmyo-S26-K3-seed3405,26,3,3405,same_session_holdout,12,16,1.0,1.0,1.0,1.0,1.0,1.0,1.0,1.0,1.0,1.0,0.0,0.0,0.0,0.0,0.0
grabmyo-S26-K3-seed3405,26,3,3405,cross_session,12,56,0.9821428571428571,0.9821428571428572,0.9821200510855683,0.9833333333333334,0.9821428571428572,0.9821428571428571,0.9821428571428572,0.9821200510855683,0.9833333333333334,0.9821428571428572,0.0,0.0,0.0,0.0,0.0
grabmyo-S29-K3-seed3405,29,3,3405,all_eval,12,72,0.9861111111111112,0.9861111111111112,0.9861003861003861,0.9868421052631579,0.9861111111111112,0.9861111111111112,0.9861111111111112,0.9861003861003861,0.9868421052631579,0.9861111111111112,0.0,0.0,0.0,0.0,0.0
grabmyo-S29-K3-seed3405,29,3,3405,same_session_holdout,12,16,0.9375,0.9375,0.9365079365079365,0.95,0.9375,0.9375,0.9375,0.9365079365079365,0.95,0.9375,0.0,0.0,0.0,0.0,0.0
grabmyo-S29-K3-seed3405,29,3,3405,cross_session,12,56,1.0,1.0,1.0,1.0,1.0,1.0,1.0,1.0,1.0,1.0,0.0,0.0,0.0,0.0,0.0
grabmyo-S33-K3-seed3405,33,3,3405,all_eval,12,72,0.9166666666666666,0.9166666666666666,0.9127554383651945,0.9324942791762013,0.9166666666666666,0.9166666666666666,0.9166666666666666,0.9127554383651945,0.9324942791762013,0.9166666666666666,0.0,0.0,0.0,0.0,0.0
grabmyo-S33-K3-seed3405,33,3,3405,same_session_holdout,12,16,0.875,0.875,0.861111111111111,0.9,0.875,0.875,0.875,0.861111111111111,0.9,0.875,0.0,0.0,0.0,0.0,0.0
grabmyo-S33-K3-seed3405,33,3,3405,cross_session,12,56,0.9285714285714286,0.9285714285714286,0.9270833333333334,0.9444444444444444,0.9285714285714286,0.9285714285714286,0.9285714285714286,0.9270833333333334,0.9444444444444444,0.9285714285714286,0.0,0.0,0.0,0.0,0.0
grabmyo-S34-K3-seed3405,34,3,3405,all_eval,12,72,0.9861111111111112,0.9861111111111112,0.9861003861003861,0.9868421052631579,0.9861111111111112,0.9861111111111112,0.9861111111111112,0.9861003861003861,0.9868421052631579,0.9861111111111112,0.0,0.0,0.0,0.0,0.0
grabmyo-S34-K3-seed3405,34,3,3405,same_session_holdout,12,16,1.0,1.0,1.0,1.0,1.0,1.0,1.0,1.0,1.0,1.0,0.0,0.0,0.0,0.0,0.0
grabmyo-S34-K3-seed3405,34,3,3405,cross_session,12,56,0.9821428571428571,0.9821428571428572,0.9821200510855683,0.9833333333333334,0.9821428571428572,0.9821428571428571,0.9821428571428572,0.9821200510855683,0.9833333333333334,0.9821428571428572,0.0,0.0,0.0,0.0,0.0
grabmyo-S35-K3-seed3405,35,3,3405,all_eval,12,72,1.0,1.0,1.0,1.0,1.0,1.0,1.0,1.0,1.0,1.0,0.0,0.0,0.0,0.0,0.0
grabmyo-S35-K3-seed3405,35,3,3405,same_session_holdout,12,16,1.0,1.0,1.0,1.0,1.0,1.0,1.0,1.0,1.0,1.0,0.0,0.0,0.0,0.0,0.0
grabmyo-S35-K3-seed3405,35,3,3405,cross_session,12,56,1.0,1.0,1.0,1.0,1.0,1.0,1.0,1.0,1.0,1.0,0.0,0.0,0.0,0.0,0.0
grabmyo-S41-K3-seed3405,41,3,3405,all_eval,12,72,1.0,1.0,1.0,1.0,1.0,1.0,1.0,1.0,1.0,1.0,0.0,0.0,0.0,0.0,0.0
grabmyo-S41-K3-seed3405,41,3,3405,same_session_holdout,12,16,1.0,1.0,1.0,1.0,1.0,1.0,1.0,1.0,1.0,1.0,0.0,0.0,0.0,0.0,0.0
grabmyo-S41-K3-seed3405,41,3,3405,cross_session,12,56,1.0,1.0,1.0,1.0,1.0,1.0,1.0,1.0,1.0,1.0,0.0,0.0,0.0,0.0,0.0
grabmyo-S12-K3-seed3406,12,3,3406,all_eval,12,72,1.0,1.0,1.0,1.0,1.0,1.0,1.0,1.0,1.0,1.0,0.0,0.0,0.0,0.0,0.0
grabmyo-S12-K3-seed3406,12,3,3406,same_session_holdout,12,16,1.0,1.0,1.0,1.0,1.0,1.0,1.0,1.0,1.0,1.0,0.0,0.0,0.0,0.0,0.0
grabmyo-S12-K3-seed3406,12,3,3406,cross_session,12,56,1.0,1.0,1.0,1.0,1.0,1.0,1.0,1.0,1.0,1.0,0.0,0.0,0.0,0.0,0.0
grabmyo-S13-K3-seed3406,13,3,3406,all_eval,12,72,1.0,1.0,1.0,1.0,1.0,1.0,1.0,1.0,1.0,1.0,0.0,0.0,0.0,0.0,0.0
grabmyo-S13-K3-seed3406,13,3,3406,same_session_holdout,12,16,1.0,1.0,1.0,1.0,1.0,1.0,1.0,1.0,1.0,1.0,0.0,0.0,0.0,0.0,0.0
grabmyo-S13-K3-seed3406,13,3,3406,cross_session,12,56,1.0,1.0,1.0,1.0,1.0,1.0,1.0,1.0,1.0,1.0,0.0,0.0,0.0,0.0,0.0
grabmyo-S25-K3-seed3406,25,3,3406,all_eval,12,72,1.0,1.0,1.0,1.0,1.0,1.0,1.0,1.0,1.0,1.0,0.0,0.0,0.0,0.0,0.0
grabmyo-S25-K3-seed3406,25,3,3406,same_session_holdout,12,16,1.0,1.0,1.0,1.0,1.0,1.0,1.0,1.0,1.0,1.0,0.0,0.0,0.0,0.0,0.0
grabmyo-S25-K3-seed3406,25,3,3406,cross_session,12,56,1.0,1.0,1.0,1.0,1.0,1.0,1.0,1.0,1.0,1.0,0.0,0.0,0.0,0.0,0.0
grabmyo-S26-K3-seed3406,26,3,3406,all_eval,12,72,0.9861111111111112,0.9861111111111112,0.9861003861003861,0.9868421052631579,0.9861111111111112,0.9861111111111112,0.9861111111111112,0.9861003861003861,0.9868421052631579,0.9861111111111112,0.0,0.0,0.0,0.0,0.0
grabmyo-S26-K3-seed3406,26,3,3406,same_session_holdout,12,16,1.0,1.0,1.0,1.0,1.0,1.0,1.0,1.0,1.0,1.0,0.0,0.0,0.0,0.0,0.0
grabmyo-S26-K3-seed3406,26,3,3406,cross_session,12,56,0.9821428571428571,0.9821428571428572,0.9821200510855683,0.9833333333333334,0.9821428571428572,0.9821428571428571,0.9821428571428572,0.9821200510855683,0.9833333333333334,0.9821428571428572,0.0,0.0,0.0,0.0,0.0
grabmyo-S29-K3-seed3406,29,3,3406,all_eval,12,72,0.9861111111111112,0.9861111111111112,0.9861003861003861,0.9868421052631579,0.9861111111111112,0.9861111111111112,0.9861111111111112,0.9861003861003861,0.9868421052631579,0.9861111111111112,0.0,0.0,0.0,0.0,0.0
grabmyo-S29-K3-seed3406,29,3,3406,same_session_holdout,12,16,0.9375,0.9375,0.9365079365079365,0.95,0.9375,0.9375,0.9375,0.9365079365079365,0.95,0.9375,0.0,0.0,0.0,0.0,0.0
grabmyo-S29-K3-seed3406,29,3,3406,cross_session,12,56,1.0,1.0,1.0,1.0,1.0,1.0,1.0,1.0,1.0,1.0,0.0,0.0,0.0,0.0,0.0
grabmyo-S33-K3-seed3406,33,3,3406,all_eval,12,72,0.9305555555555556,0.9305555555555556,0.9291896144767899,0.9456521739130435,0.9305555555555556,0.9166666666666666,0.9166666666666666,0.9154943379790941,0.9277950310559007,0.9166666666666666,-0.01388888888888895,-0.01388888888888895,-0.013695276497695863,-0.017857142857142794,-0.01388888888888895
grabmyo-S33-K3-seed3406,33,3,3406,same_session_holdout,12,16,0.9375,0.9375,0.9365079365079365,0.95,0.9375,0.875,0.875,0.8740079365079365,0.8875,0.875,-0.0625,-0.0625,-0.0625,-0.0625,-0.0625
grabmyo-S33-K3-seed3406,33,3,3406,cross_session,12,56,0.9285714285714286,0.9285714285714286,0.9270833333333334,0.9444444444444444,0.9285714285714286,0.9285714285714286,0.9285714285714286,0.9270833333333334,0.9444444444444444,0.9285714285714286,0.0,0.0,0.0,0.0,0.0
grabmyo-S34-K3-seed3406,34,3,3406,all_eval,12,72,0.9861111111111112,0.9861111111111112,0.9861003861003861,0.9868421052631579,0.9861111111111112,0.9861111111111112,0.9861111111111112,0.9861003861003861,0.9868421052631579,0.9861111111111112,0.0,0.0,0.0,0.0,0.0
grabmyo-S34-K3-seed3406,34,3,3406,same_session_holdout,12,16,1.0,1.0,1.0,1.0,1.0,1.0,1.0,1.0,1.0,1.0,0.0,0.0,0.0,0.0,0.0
grabmyo-S34-K3-seed3406,34,3,3406,cross_session,12,56,0.9821428571428571,0.9821428571428572,0.9821200510855683,0.9833333333333334,0.9821428571428572,0.9821428571428571,0.9821428571428572,0.9821200510855683,0.9833333333333334,0.9821428571428572,0.0,0.0,0.0,0.0,0.0
grabmyo-S35-K3-seed3406,35,3,3406,all_eval,12,72,1.0,1.0,1.0,1.0,1.0,1.0,1.0,1.0,1.0,1.0,0.0,0.0,0.0,0.0,0.0
grabmyo-S35-K3-seed3406,35,3,3406,same_session_holdout,12,16,1.0,1.0,1.0,1.0,1.0,1.0,1.0,1.0,1.0,1.0,0.0,0.0,0.0,0.0,0.0
grabmyo-S35-K3-seed3406,35,3,3406,cross_session,12,56,1.0,1.0,1.0,1.0,1.0,1.0,1.0,1.0,1.0,1.0,0.0,0.0,0.0,0.0,0.0
grabmyo-S41-K3-seed3406,41,3,3406,all_eval,12,72,1.0,1.0,1.0,1.0,1.0,1.0,1.0,1.0,1.0,1.0,0.0,0.0,0.0,0.0,0.0
grabmyo-S41-K3-seed3406,41,3,3406,same_session_holdout,12,16,1.0,1.0,1.0,1.0,1.0,1.0,1.0,1.0,1.0,1.0,0.0,0.0,0.0,0.0,0.0
grabmyo-S41-K3-seed3406,41,3,3406,cross_session,12,56,1.0,1.0,1.0,1.0,1.0,1.0,1.0,1.0,1.0,1.0,0.0,0.0,0.0,0.0,0.0
grabmyo-S12-K3-seed3407,12,3,3407,all_eval,12,72,1.0,1.0,1.0,1.0,1.0,1.0,1.0,1.0,1.0,1.0,0.0,0.0,0.0,0.0,0.0
grabmyo-S12-K3-seed3407,12,3,3407,same_session_holdout,12,16,1.0,1.0,1.0,1.0,1.0,1.0,1.0,1.0,1.0,1.0,0.0,0.0,0.0,0.0,0.0
grabmyo-S12-K3-seed3407,12,3,3407,cross_session,12,56,1.0,1.0,1.0,1.0,1.0,1.0,1.0,1.0,1.0,1.0,0.0,0.0,0.0,0.0,0.0
grabmyo-S13-K3-seed3407,13,3,3407,all_eval,12,72,1.0,1.0,1.0,1.0,1.0,1.0,1.0,1.0,1.0,1.0,0.0,0.0,0.0,0.0,0.0
grabmyo-S13-K3-seed3407,13,3,3407,same_session_holdout,12,16,1.0,1.0,1.0,1.0,1.0,1.0,1.0,1.0,1.0,1.0,0.0,0.0,0.0,0.0,0.0
grabmyo-S13-K3-seed3407,13,3,3407,cross_session,12,56,1.0,1.0,1.0,1.0,1.0,1.0,1.0,1.0,1.0,1.0,0.0,0.0,0.0,0.0,0.0
grabmyo-S25-K3-seed3407,25,3,3407,all_eval,12,72,1.0,1.0,1.0,1.0,1.0,1.0,1.0,1.0,1.0,1.0,0.0,0.0,0.0,0.0,0.0
grabmyo-S25-K3-seed3407,25,3,3407,same_session_holdout,12,16,1.0,1.0,1.0,1.0,1.0,1.0,1.0,1.0,1.0,1.0,0.0,0.0,0.0,0.0,0.0
grabmyo-S25-K3-seed3407,25,3,3407,cross_session,12,56,1.0,1.0,1.0,1.0,1.0,1.0,1.0,1.0,1.0,1.0,0.0,0.0,0.0,0.0,0.0
grabmyo-S26-K3-seed3407,26,3,3407,all_eval,12,72,0.9861111111111112,0.9861111111111112,0.9861003861003861,0.9868421052631579,0.9861111111111112,0.9861111111111112,0.9861111111111112,0.9861003861003861,0.9868421052631579,0.9861111111111112,0.0,0.0,0.0,0.0,0.0
grabmyo-S26-K3-seed3407,26,3,3407,same_session_holdout,12,16,1.0,1.0,1.0,1.0,1.0,1.0,1.0,1.0,1.0,1.0,0.0,0.0,0.0,0.0,0.0
grabmyo-S26-K3-seed3407,26,3,3407,cross_session,12,56,0.9821428571428571,0.9821428571428572,0.9821200510855683,0.9833333333333334,0.9821428571428572,0.9821428571428571,0.9821428571428572,0.9821200510855683,0.9833333333333334,0.9821428571428572,0.0,0.0,0.0,0.0,0.0
grabmyo-S29-K3-seed3407,29,3,3407,all_eval,12,72,0.9861111111111112,0.9861111111111112,0.9861003861003861,0.9868421052631579,0.9861111111111112,0.9861111111111112,0.9861111111111112,0.9861003861003861,0.9868421052631579,0.9861111111111112,0.0,0.0,0.0,0.0,0.0
grabmyo-S29-K3-seed3407,29,3,3407,same_session_holdout,12,16,0.9375,0.9375,0.9365079365079365,0.95,0.9375,0.9375,0.9375,0.9365079365079365,0.95,0.9375,0.0,0.0,0.0,0.0,0.0
grabmyo-S29-K3-seed3407,29,3,3407,cross_session,12,56,1.0,1.0,1.0,1.0,1.0,1.0,1.0,1.0,1.0,1.0,0.0,0.0,0.0,0.0,0.0
grabmyo-S33-K3-seed3407,33,3,3407,all_eval,12,72,0.9166666666666666,0.9166666666666666,0.9127554383651945,0.9324942791762013,0.9166666666666666,0.9166666666666666,0.9166666666666666,0.9127554383651945,0.9324942791762013,0.9166666666666666,0.0,0.0,0.0,0.0,0.0
grabmyo-S33-K3-seed3407,33,3,3407,same_session_holdout,12,16,0.875,0.875,0.861111111111111,0.9,0.875,0.875,0.875,0.861111111111111,0.9,0.875,0.0,0.0,0.0,0.0,0.0
grabmyo-S33-K3-seed3407,33,3,3407,cross_session,12,56,0.9285714285714286,0.9285714285714286,0.9270833333333334,0.9444444444444444,0.9285714285714286,0.9285714285714286,0.9285714285714286,0.9270833333333334,0.9444444444444444,0.9285714285714286,0.0,0.0,0.0,0.0,0.0
grabmyo-S34-K3-seed3407,34,3,3407,all_eval,12,72,0.9861111111111112,0.9861111111111112,0.9861003861003861,0.9868421052631579,0.9861111111111112,0.9861111111111112,0.9861111111111112,0.9861003861003861,0.9868421052631579,0.9861111111111112,0.0,0.0,0.0,0.0,0.0
grabmyo-S34-K3-seed3407,34,3,3407,same_session_holdout,12,16,1.0,1.0,1.0,1.0,1.0,1.0,1.0,1.0,1.0,1.0,0.0,0.0,0.0,0.0,0.0
grabmyo-S34-K3-seed3407,34,3,3407,cross_session,12,56,0.9821428571428571,0.9821428571428572,0.9821200510855683,0.9833333333333334,0.9821428571428572,0.9821428571428571,0.9821428571428572,0.9821200510855683,0.9833333333333334,0.9821428571428572,0.0,0.0,0.0,0.0,0.0
grabmyo-S35-K3-seed3407,35,3,3407,all_eval,12,72,1.0,1.0,1.0,1.0,1.0,1.0,1.0,1.0,1.0,1.0,0.0,0.0,0.0,0.0,0.0
grabmyo-S35-K3-seed3407,35,3,3407,same_session_holdout,12,16,1.0,1.0,1.0,1.0,1.0,1.0,1.0,1.0,1.0,1.0,0.0,0.0,0.0,0.0,0.0
grabmyo-S35-K3-seed3407,35,3,3407,cross_session,12,56,1.0,1.0,1.0,1.0,1.0,1.0,1.0,1.0,1.0,1.0,0.0,0.0,0.0,0.0,0.0
grabmyo-S41-K3-seed3407,41,3,3407,all_eval,12,72,1.0,1.0,1.0,1.0,1.0,1.0,1.0,1.0,1.0,1.0,0.0,0.0,0.0,0.0,0.0
grabmyo-S41-K3-seed3407,41,3,3407,same_session_holdout,12,16,1.0,1.0,1.0,1.0,1.0,1.0,1.0,1.0,1.0,1.0,0.0,0.0,0.0,0.0,0.0
grabmyo-S41-K3-seed3407,41,3,3407,cross_session,12,56,1.0,1.0,1.0,1.0,1.0,1.0,1.0,1.0,1.0,1.0,0.0,0.0,0.0,0.0,0.0
grabmyo-S12-K3-seed3408,12,3,3408,all_eval,12,72,1.0,1.0,1.0,1.0,1.0,1.0,1.0,1.0,1.0,1.0,0.0,0.0,0.0,0.0,0.0
grabmyo-S12-K3-seed3408,12,3,3408,same_session_holdout,12,16,1.0,1.0,1.0,1.0,1.0,1.0,1.0,1.0,1.0,1.0,0.0,0.0,0.0,0.0,0.0
grabmyo-S12-K3-seed3408,12,3,3408,cross_session,12,56,1.0,1.0,1.0,1.0,1.0,1.0,1.0,1.0,1.0,1.0,0.0,0.0,0.0,0.0,0.0
grabmyo-S13-K3-seed3408,13,3,3408,all_eval,12,72,1.0,1.0,1.0,1.0,1.0,1.0,1.0,1.0,1.0,1.0,0.0,0.0,0.0,0.0,0.0
grabmyo-S13-K3-seed3408,13,3,3408,same_session_holdout,12,16,1.0,1.0,1.0,1.0,1.0,1.0,1.0,1.0,1.0,1.0,0.0,0.0,0.0,0.0,0.0
grabmyo-S13-K3-seed3408,13,3,3408,cross_session,12,56,1.0,1.0,1.0,1.0,1.0,1.0,1.0,1.0,1.0,1.0,0.0,0.0,0.0,0.0,0.0
grabmyo-S25-K3-seed3408,25,3,3408,all_eval,12,72,1.0,1.0,1.0,1.0,1.0,1.0,1.0,1.0,1.0,1.0,0.0,0.0,0.0,0.0,0.0
grabmyo-S25-K3-seed3408,25,3,3408,same_session_holdout,12,16,1.0,1.0,1.0,1.0,1.0,1.0,1.0,1.0,1.0,1.0,0.0,0.0,0.0,0.0,0.0
grabmyo-S25-K3-seed3408,25,3,3408,cross_session,12,56,1.0,1.0,1.0,1.0,1.0,1.0,1.0,1.0,1.0,1.0,0.0,0.0,0.0,0.0,0.0
grabmyo-S26-K3-seed3408,26,3,3408,all_eval,12,72,0.9861111111111112,0.9861111111111112,0.9861003861003861,0.9868421052631579,0.9861111111111112,0.9861111111111112,0.9861111111111112,0.9861003861003861,0.9868421052631579,0.9861111111111112,0.0,0.0,0.0,0.0,0.0
grabmyo-S26-K3-seed3408,26,3,3408,same_session_holdout,12,16,1.0,1.0,1.0,1.0,1.0,1.0,1.0,1.0,1.0,1.0,0.0,0.0,0.0,0.0,0.0
grabmyo-S26-K3-seed3408,26,3,3408,cross_session,12,56,0.9821428571428571,0.9821428571428572,0.9821200510855683,0.9833333333333334,0.9821428571428572,0.9821428571428571,0.9821428571428572,0.9821200510855683,0.9833333333333334,0.9821428571428572,0.0,0.0,0.0,0.0,0.0
grabmyo-S29-K3-seed3408,29,3,3408,all_eval,12,72,0.9861111111111112,0.9861111111111112,0.9861003861003861,0.9868421052631579,0.9861111111111112,0.9861111111111112,0.9861111111111112,0.9861003861003861,0.9868421052631579,0.9861111111111112,0.0,0.0,0.0,0.0,0.0
grabmyo-S29-K3-seed3408,29,3,3408,same_session_holdout,12,16,0.9375,0.9375,0.9365079365079365,0.95,0.9375,0.9375,0.9375,0.9365079365079365,0.95,0.9375,0.0,0.0,0.0,0.0,0.0
grabmyo-S29-K3-seed3408,29,3,3408,cross_session,12,56,1.0,1.0,1.0,1.0,1.0,1.0,1.0,1.0,1.0,1.0,0.0,0.0,0.0,0.0,0.0
grabmyo-S33-K3-seed3408,33,3,3408,all_eval,12,72,0.9305555555555556,0.9305555555555556,0.9291896144767899,0.9456521739130435,0.9305555555555556,0.9305555555555556,0.9305555555555556,0.9291896144767899,0.9456521739130435,0.9305555555555556,0.0,0.0,0.0,0.0,0.0
grabmyo-S33-K3-seed3408,33,3,3408,same_session_holdout,12,16,0.9375,0.9375,0.9365079365079365,0.95,0.9375,0.9375,0.9375,0.9365079365079365,0.95,0.9375,0.0,0.0,0.0,0.0,0.0
grabmyo-S33-K3-seed3408,33,3,3408,cross_session,12,56,0.9285714285714286,0.9285714285714286,0.9270833333333334,0.9444444444444444,0.9285714285714286,0.9285714285714286,0.9285714285714286,0.9270833333333334,0.9444444444444444,0.9285714285714286,0.0,0.0,0.0,0.0,0.0
grabmyo-S34-K3-seed3408,34,3,3408,all_eval,12,72,0.9861111111111112,0.9861111111111112,0.9861003861003861,0.9868421052631579,0.9861111111111112,0.9861111111111112,0.9861111111111112,0.9861003861003861,0.9868421052631579,0.9861111111111112,0.0,0.0,0.0,0.0,0.0
grabmyo-S34-K3-seed3408,34,3,3408,same_session_holdout,12,16,1.0,1.0,1.0,1.0,1.0,1.0,1.0,1.0,1.0,1.0,0.0,0.0,0.0,0.0,0.0
grabmyo-S34-K3-seed3408,34,3,3408,cross_session,12,56,0.9821428571428571,0.9821428571428572,0.9821200510855683,0.9833333333333334,0.9821428571428572,0.9821428571428571,0.9821428571428572,0.9821200510855683,0.9833333333333334,0.9821428571428572,0.0,0.0,0.0,0.0,0.0
grabmyo-S35-K3-seed3408,35,3,3408,all_eval,12,72,1.0,1.0,1.0,1.0,1.0,1.0,1.0,1.0,1.0,1.0,0.0,0.0,0.0,0.0,0.0
grabmyo-S35-K3-seed3408,35,3,3408,same_session_holdout,12,16,1.0,1.0,1.0,1.0,1.0,1.0,1.0,1.0,1.0,1.0,0.0,0.0,0.0,0.0,0.0
grabmyo-S35-K3-seed3408,35,3,3408,cross_session,12,56,1.0,1.0,1.0,1.0,1.0,1.0,1.0,1.0,1.0,1.0,0.0,0.0,0.0,0.0,0.0
grabmyo-S41-K3-seed3408,41,3,3408,all_eval,12,72,1.0,1.0,1.0,1.0,1.0,1.0,1.0,1.0,1.0,1.0,0.0,0.0,0.0,0.0,0.0
grabmyo-S41-K3-seed3408,41,3,3408,same_session_holdout,12,16,1.0,1.0,1.0,1.0,1.0,1.0,1.0,1.0,1.0,1.0,0.0,0.0,0.0,0.0,0.0
grabmyo-S41-K3-seed3408,41,3,3408,cross_session,12,56,1.0,1.0,1.0,1.0,1.0,1.0,1.0,1.0,1.0,1.0,0.0,0.0,0.0,0.0,0.0
grabmyo-S12-K3-seed3409,12,3,3409,all_eval,12,72,1.0,1.0,1.0,1.0,1.0,1.0,1.0,1.0,1.0,1.0,0.0,0.0,0.0,0.0,0.0
grabmyo-S12-K3-seed3409,12,3,3409,same_session_holdout,12,16,1.0,1.0,1.0,1.0,1.0,1.0,1.0,1.0,1.0,1.0,0.0,0.0,0.0,0.0,0.0
grabmyo-S12-K3-seed3409,12,3,3409,cross_session,12,56,1.0,1.0,1.0,1.0,1.0,1.0,1.0,1.0,1.0,1.0,0.0,0.0,0.0,0.0,0.0
grabmyo-S13-K3-seed3409,13,3,3409,all_eval,12,72,1.0,1.0,1.0,1.0,1.0,1.0,1.0,1.0,1.0,1.0,0.0,0.0,0.0,0.0,0.0
grabmyo-S13-K3-seed3409,13,3,3409,same_session_holdout,12,16,1.0,1.0,1.0,1.0,1.0,1.0,1.0,1.0,1.0,1.0,0.0,0.0,0.0,0.0,0.0
grabmyo-S13-K3-seed3409,13,3,3409,cross_session,12,56,1.0,1.0,1.0,1.0,1.0,1.0,1.0,1.0,1.0,1.0,0.0,0.0,0.0,0.0,0.0
grabmyo-S25-K3-seed3409,25,3,3409,all_eval,12,72,1.0,1.0,1.0,1.0,1.0,1.0,1.0,1.0,1.0,1.0,0.0,0.0,0.0,0.0,0.0
grabmyo-S25-K3-seed3409,25,3,3409,same_session_holdout,12,16,1.0,1.0,1.0,1.0,1.0,1.0,1.0,1.0,1.0,1.0,0.0,0.0,0.0,0.0,0.0
grabmyo-S25-K3-seed3409,25,3,3409,cross_session,12,56,1.0,1.0,1.0,1.0,1.0,1.0,1.0,1.0,1.0,1.0,0.0,0.0,0.0,0.0,0.0
grabmyo-S26-K3-seed3409,26,3,3409,all_eval,12,72,0.9861111111111112,0.9861111111111112,0.9861003861003861,0.9868421052631579,0.9861111111111112,0.9861111111111112,0.9861111111111112,0.9861003861003861,0.9868421052631579,0.9861111111111112,0.0,0.0,0.0,0.0,0.0
grabmyo-S26-K3-seed3409,26,3,3409,same_session_holdout,12,16,1.0,1.0,1.0,1.0,1.0,1.0,1.0,1.0,1.0,1.0,0.0,0.0,0.0,0.0,0.0
grabmyo-S26-K3-seed3409,26,3,3409,cross_session,12,56,0.9821428571428571,0.9821428571428572,0.9821200510855683,0.9833333333333334,0.9821428571428572,0.9821428571428571,0.9821428571428572,0.9821200510855683,0.9833333333333334,0.9821428571428572,0.0,0.0,0.0,0.0,0.0
grabmyo-S29-K3-seed3409,29,3,3409,all_eval,12,72,0.9861111111111112,0.9861111111111112,0.9861003861003861,0.9868421052631579,0.9861111111111112,0.9861111111111112,0.9861111111111112,0.9861003861003861,0.9868421052631579,0.9861111111111112,0.0,0.0,0.0,0.0,0.0
grabmyo-S29-K3-seed3409,29,3,3409,same_session_holdout,12,16,0.9375,0.9375,0.9365079365079365,0.95,0.9375,0.9375,0.9375,0.9365079365079365,0.95,0.9375,0.0,0.0,0.0,0.0,0.0
grabmyo-S29-K3-seed3409,29,3,3409,cross_session,12,56,1.0,1.0,1.0,1.0,1.0,1.0,1.0,1.0,1.0,1.0,0.0,0.0,0.0,0.0,0.0
grabmyo-S33-K3-seed3409,33,3,3409,all_eval,12,72,0.9444444444444444,0.9444444444444444,0.94375,0.9545454545454546,0.9444444444444444,0.9444444444444444,0.9444444444444444,0.94375,0.9545454545454546,0.9444444444444444,0.0,0.0,0.0,0.0,0.0
grabmyo-S33-K3-seed3409,33,3,3409,same_session_holdout,12,16,1.0,1.0,1.0,1.0,1.0,1.0,1.0,1.0,1.0,1.0,0.0,0.0,0.0,0.0,0.0
grabmyo-S33-K3-seed3409,33,3,3409,cross_session,12,56,0.9285714285714286,0.9285714285714286,0.9270833333333334,0.9444444444444444,0.9285714285714286,0.9285714285714286,0.9285714285714286,0.9270833333333334,0.9444444444444444,0.9285714285714286,0.0,0.0,0.0,0.0,0.0
grabmyo-S34-K3-seed3409,34,3,3409,all_eval,12,72,0.9861111111111112,0.9861111111111112,0.9861003861003861,0.9868421052631579,0.9861111111111112,0.9861111111111112,0.9861111111111112,0.9861003861003861,0.9868421052631579,0.9861111111111112,0.0,0.0,0.0,0.0,0.0
grabmyo-S34-K3-seed3409,34,3,3409,same_session_holdout,12,16,1.0,1.0,1.0,1.0,1.0,1.0,1.0,1.0,1.0,1.0,0.0,0.0,0.0,0.0,0.0
grabmyo-S34-K3-seed3409,34,3,3409,cross_session,12,56,0.9821428571428571,0.9821428571428572,0.9821200510855683,0.9833333333333334,0.9821428571428572,0.9821428571428571,0.9821428571428572,0.9821200510855683,0.9833333333333334,0.9821428571428572,0.0,0.0,0.0,0.0,0.0
grabmyo-S35-K3-seed3409,35,3,3409,all_eval,12,72,1.0,1.0,1.0,1.0,1.0,1.0,1.0,1.0,1.0,1.0,0.0,0.0,0.0,0.0,0.0
grabmyo-S35-K3-seed3409,35,3,3409,same_session_holdout,12,16,1.0,1.0,1.0,1.0,1.0,1.0,1.0,1.0,1.0,1.0,0.0,0.0,0.0,0.0,0.0
grabmyo-S35-K3-seed3409,35,3,3409,cross_session,12,56,1.0,1.0,1.0,1.0,1.0,1.0,1.0,1.0,1.0,1.0,0.0,0.0,0.0,0.0,0.0
grabmyo-S41-K3-seed3409,41,3,3409,all_eval,12,72,1.0,1.0,1.0,1.0,1.0,1.0,1.0,1.0,1.0,1.0,0.0,0.0,0.0,0.0,0.0
grabmyo-S41-K3-seed3409,41,3,3409,same_session_holdout,12,16,1.0,1.0,1.0,1.0,1.0,1.0,1.0,1.0,1.0,1.0,0.0,0.0,0.0,0.0,0.0
grabmyo-S41-K3-seed3409,41,3,3409,cross_session,12,56,1.0,1.0,1.0,1.0,1.0,1.0,1.0,1.0,1.0,1.0,0.0,0.0,0.0,0.0,0.0
grabmyo-S12-K3-seed3410,12,3,3410,all_eval,12,72,1.0,1.0,1.0,1.0,1.0,1.0,1.0,1.0,1.0,1.0,0.0,0.0,0.0,0.0,0.0
grabmyo-S12-K3-seed3410,12,3,3410,same_session_holdout,12,16,1.0,1.0,1.0,1.0,1.0,1.0,1.0,1.0,1.0,1.0,0.0,0.0,0.0,0.0,0.0
grabmyo-S12-K3-seed3410,12,3,3410,cross_session,12,56,1.0,1.0,1.0,1.0,1.0,1.0,1.0,1.0,1.0,1.0,0.0,0.0,0.0,0.0,0.0
grabmyo-S13-K3-seed3410,13,3,3410,all_eval,12,72,1.0,1.0,1.0,1.0,1.0,1.0,1.0,1.0,1.0,1.0,0.0,0.0,0.0,0.0,0.0
grabmyo-S13-K3-seed3410,13,3,3410,same_session_holdout,12,16,1.0,1.0,1.0,1.0,1.0,1.0,1.0,1.0,1.0,1.0,0.0,0.0,0.0,0.0,0.0
grabmyo-S13-K3-seed3410,13,3,3410,cross_session,12,56,1.0,1.0,1.0,1.0,1.0,1.0,1.0,1.0,1.0,1.0,0.0,0.0,0.0,0.0,0.0
grabmyo-S25-K3-seed3410,25,3,3410,all_eval,12,72,1.0,1.0,1.0,1.0,1.0,1.0,1.0,1.0,1.0,1.0,0.0,0.0,0.0,0.0,0.0
grabmyo-S25-K3-seed3410,25,3,3410,same_session_holdout,12,16,1.0,1.0,1.0,1.0,1.0,1.0,1.0,1.0,1.0,1.0,0.0,0.0,0.0,0.0,0.0
grabmyo-S25-K3-seed3410,25,3,3410,cross_session,12,56,1.0,1.0,1.0,1.0,1.0,1.0,1.0,1.0,1.0,1.0,0.0,0.0,0.0,0.0,0.0
grabmyo-S26-K3-seed3410,26,3,3410,all_eval,12,72,0.9861111111111112,0.9861111111111112,0.9861003861003861,0.9868421052631579,0.9861111111111112,0.9861111111111112,0.9861111111111112,0.9861003861003861,0.9868421052631579,0.9861111111111112,0.0,0.0,0.0,0.0,0.0
grabmyo-S26-K3-seed3410,26,3,3410,same_session_holdout,12,16,1.0,1.0,1.0,1.0,1.0,1.0,1.0,1.0,1.0,1.0,0.0,0.0,0.0,0.0,0.0
grabmyo-S26-K3-seed3410,26,3,3410,cross_session,12,56,0.9821428571428571,0.9821428571428572,0.9821200510855683,0.9833333333333334,0.9821428571428572,0.9821428571428571,0.9821428571428572,0.9821200510855683,0.9833333333333334,0.9821428571428572,0.0,0.0,0.0,0.0,0.0
grabmyo-S29-K3-seed3410,29,3,3410,all_eval,12,72,1.0,1.0,1.0,1.0,1.0,1.0,1.0,1.0,1.0,1.0,0.0,0.0,0.0,0.0,0.0
grabmyo-S29-K3-seed3410,29,3,3410,same_session_holdout,12,16,1.0,1.0,1.0,1.0,1.0,1.0,1.0,1.0,1.0,1.0,0.0,0.0,0.0,0.0,0.0
grabmyo-S29-K3-seed3410,29,3,3410,cross_session,12,56,1.0,1.0,1.0,1.0,1.0,1.0,1.0,1.0,1.0,1.0,0.0,0.0,0.0,0.0,0.0
grabmyo-S33-K3-seed3410,33,3,3410,all_eval,12,72,0.9444444444444444,0.9444444444444444,0.94375,0.9545454545454546,0.9444444444444444,0.9305555555555556,0.9305555555555556,0.929978354978355,0.9378787878787879,0.9305555555555556,-0.01388888888888884,-0.01388888888888884,-0.013771645021644963,-0.01666666666666672,-0.01388888888888884
grabmyo-S33-K3-seed3410,33,3,3410,same_session_holdout,12,16,1.0,1.0,1.0,1.0,1.0,0.9375,0.9375,0.9365079365079365,0.95,0.9375,-0.0625,-0.0625,-0.06349206349206349,-0.050000000000000044,-0.0625
grabmyo-S33-K3-seed3410,33,3,3410,cross_session,12,56,0.9285714285714286,0.9285714285714286,0.9270833333333334,0.9444444444444444,0.9285714285714286,0.9285714285714286,0.9285714285714286,0.9270833333333334,0.9444444444444444,0.9285714285714286,0.0,0.0,0.0,0.0,0.0
grabmyo-S34-K3-seed3410,34,3,3410,all_eval,12,72,0.9861111111111112,0.9861111111111112,0.9861003861003861,0.9868421052631579,0.9861111111111112,0.9861111111111112,0.9861111111111112,0.9861003861003861,0.9868421052631579,0.9861111111111112,0.0,0.0,0.0,0.0,0.0
grabmyo-S34-K3-seed3410,34,3,3410,same_session_holdout,12,16,1.0,1.0,1.0,1.0,1.0,1.0,1.0,1.0,1.0,1.0,0.0,0.0,0.0,0.0,0.0
grabmyo-S34-K3-seed3410,34,3,3410,cross_session,12,56,0.9821428571428571,0.9821428571428572,0.9821200510855683,0.9833333333333334,0.9821428571428572,0.9821428571428571,0.9821428571428572,0.9821200510855683,0.9833333333333334,0.9821428571428572,0.0,0.0,0.0,0.0,0.0
grabmyo-S35-K3-seed3410,35,3,3410,all_eval,12,72,1.0,1.0,1.0,1.0,1.0,1.0,1.0,1.0,1.0,1.0,0.0,0.0,0.0,0.0,0.0
grabmyo-S35-K3-seed3410,35,3,3410,same_session_holdout,12,16,1.0,1.0,1.0,1.0,1.0,1.0,1.0,1.0,1.0,1.0,0.0,0.0,0.0,0.0,0.0
grabmyo-S35-K3-seed3410,35,3,3410,cross_session,12,56,1.0,1.0,1.0,1.0,1.0,1.0,1.0,1.0,1.0,1.0,0.0,0.0,0.0,0.0,0.0
grabmyo-S41-K3-seed3410,41,3,3410,all_eval,12,72,1.0,1.0,1.0,1.0,1.0,1.0,1.0,1.0,1.0,1.0,0.0,0.0,0.0,0.0,0.0
grabmyo-S41-K3-seed3410,41,3,3410,same_session_holdout,12,16,1.0,1.0,1.0,1.0,1.0,1.0,1.0,1.0,1.0,1.0,0.0,0.0,0.0,0.0,0.0
grabmyo-S41-K3-seed3410,41,3,3410,cross_session,12,56,1.0,1.0,1.0,1.0,1.0,1.0,1.0,1.0,1.0,1.0,0.0,0.0,0.0,0.0,0.0
grabmyo-S12-K3-seed3411,12,3,3411,all_eval,12,72,1.0,1.0,1.0,1.0,1.0,1.0,1.0,1.0,1.0,1.0,0.0,0.0,0.0,0.0,0.0
grabmyo-S12-K3-seed3411,12,3,3411,same_session_holdout,12,16,1.0,1.0,1.0,1.0,1.0,1.0,1.0,1.0,1.0,1.0,0.0,0.0,0.0,0.0,0.0
grabmyo-S12-K3-seed3411,12,3,3411,cross_session,12,56,1.0,1.0,1.0,1.0,1.0,1.0,1.0,1.0,1.0,1.0,0.0,0.0,0.0,0.0,0.0
grabmyo-S13-K3-seed3411,13,3,3411,all_eval,12,72,1.0,1.0,1.0,1.0,1.0,1.0,1.0,1.0,1.0,1.0,0.0,0.0,0.0,0.0,0.0
grabmyo-S13-K3-seed3411,13,3,3411,same_session_holdout,12,16,1.0,1.0,1.0,1.0,1.0,1.0,1.0,1.0,1.0,1.0,0.0,0.0,0.0,0.0,0.0
grabmyo-S13-K3-seed3411,13,3,3411,cross_session,12,56,1.0,1.0,1.0,1.0,1.0,1.0,1.0,1.0,1.0,1.0,0.0,0.0,0.0,0.0,0.0
grabmyo-S25-K3-seed3411,25,3,3411,all_eval,12,72,1.0,1.0,1.0,1.0,1.0,1.0,1.0,1.0,1.0,1.0,0.0,0.0,0.0,0.0,0.0
grabmyo-S25-K3-seed3411,25,3,3411,same_session_holdout,12,16,1.0,1.0,1.0,1.0,1.0,1.0,1.0,1.0,1.0,1.0,0.0,0.0,0.0,0.0,0.0
grabmyo-S25-K3-seed3411,25,3,3411,cross_session,12,56,1.0,1.0,1.0,1.0,1.0,1.0,1.0,1.0,1.0,1.0,0.0,0.0,0.0,0.0,0.0
grabmyo-S26-K3-seed3411,26,3,3411,all_eval,12,72,0.9861111111111112,0.9861111111111112,0.9861003861003861,0.9868421052631579,0.9861111111111112,0.9861111111111112,0.9861111111111112,0.9861003861003861,0.9868421052631579,0.9861111111111112,0.0,0.0,0.0,0.0,0.0
grabmyo-S26-K3-seed3411,26,3,3411,same_session_holdout,12,16,1.0,1.0,1.0,1.0,1.0,1.0,1.0,1.0,1.0,1.0,0.0,0.0,0.0,0.0,0.0
grabmyo-S26-K3-seed3411,26,3,3411,cross_session,12,56,0.9821428571428571,0.9821428571428572,0.9821200510855683,0.9833333333333334,0.9821428571428572,0.9821428571428571,0.9821428571428572,0.9821200510855683,0.9833333333333334,0.9821428571428572,0.0,0.0,0.0,0.0,0.0
grabmyo-S29-K3-seed3411,29,3,3411,all_eval,12,72,0.9861111111111112,0.9861111111111112,0.9861003861003861,0.9868421052631579,0.9861111111111112,0.9861111111111112,0.9861111111111112,0.9861003861003861,0.9868421052631579,0.9861111111111112,0.0,0.0,0.0,0.0,0.0
grabmyo-S29-K3-seed3411,29,3,3411,same_session_holdout,12,16,0.9375,0.9375,0.9365079365079365,0.95,0.9375,0.9375,0.9375,0.9365079365079365,0.95,0.9375,0.0,0.0,0.0,0.0,0.0
grabmyo-S29-K3-seed3411,29,3,3411,cross_session,12,56,1.0,1.0,1.0,1.0,1.0,1.0,1.0,1.0,1.0,1.0,0.0,0.0,0.0,0.0,0.0
grabmyo-S33-K3-seed3411,33,3,3411,all_eval,12,72,0.9444444444444444,0.9444444444444444,0.94375,0.9545454545454546,0.9444444444444444,0.9444444444444444,0.9444444444444444,0.94375,0.9545454545454546,0.9444444444444444,0.0,0.0,0.0,0.0,0.0
grabmyo-S33-K3-seed3411,33,3,3411,same_session_holdout,12,16,1.0,1.0,1.0,1.0,1.0,1.0,1.0,1.0,1.0,1.0,0.0,0.0,0.0,0.0,0.0
grabmyo-S33-K3-seed3411,33,3,3411,cross_session,12,56,0.9285714285714286,0.9285714285714286,0.9270833333333334,0.9444444444444444,0.9285714285714286,0.9285714285714286,0.9285714285714286,0.9270833333333334,0.9444444444444444,0.9285714285714286,0.0,0.0,0.0,0.0,0.0
grabmyo-S34-K3-seed3411,34,3,3411,all_eval,12,72,0.9861111111111112,0.9861111111111112,0.9861003861003861,0.9868421052631579,0.9861111111111112,0.9861111111111112,0.9861111111111112,0.9861003861003861,0.9868421052631579,0.9861111111111112,0.0,0.0,0.0,0.0,0.0
grabmyo-S34-K3-seed3411,34,3,3411,same_session_holdout,12,16,1.0,1.0,1.0,1.0,1.0,1.0,1.0,1.0,1.0,1.0,0.0,0.0,0.0,0.0,0.0
grabmyo-S34-K3-seed3411,34,3,3411,cross_session,12,56,0.9821428571428571,0.9821428571428572,0.9821200510855683,0.9833333333333334,0.9821428571428572,0.9821428571428571,0.9821428571428572,0.9821200510855683,0.9833333333333334,0.9821428571428572,0.0,0.0,0.0,0.0,0.0
grabmyo-S35-K3-seed3411,35,3,3411,all_eval,12,72,1.0,1.0,1.0,1.0,1.0,1.0,1.0,1.0,1.0,1.0,0.0,0.0,0.0,0.0,0.0
grabmyo-S35-K3-seed3411,35,3,3411,same_session_holdout,12,16,1.0,1.0,1.0,1.0,1.0,1.0,1.0,1.0,1.0,1.0,0.0,0.0,0.0,0.0,0.0
grabmyo-S35-K3-seed3411,35,3,3411,cross_session,12,56,1.0,1.0,1.0,1.0,1.0,1.0,1.0,1.0,1.0,1.0,0.0,0.0,0.0,0.0,0.0
grabmyo-S41-K3-seed3411,41,3,3411,all_eval,12,72,1.0,1.0,1.0,1.0,1.0,1.0,1.0,1.0,1.0,1.0,0.0,0.0,0.0,0.0,0.0
grabmyo-S41-K3-seed3411,41,3,3411,same_session_holdout,12,16,1.0,1.0,1.0,1.0,1.0,1.0,1.0,1.0,1.0,1.0,0.0,0.0,0.0,0.0,0.0
grabmyo-S41-K3-seed3411,41,3,3411,cross_session,12,56,1.0,1.0,1.0,1.0,1.0,1.0,1.0,1.0,1.0,1.0,0.0,0.0,0.0,0.0,0.0
grabmyo-S12-K3-seed3412,12,3,3412,all_eval,12,72,1.0,1.0,1.0,1.0,1.0,1.0,1.0,1.0,1.0,1.0,0.0,0.0,0.0,0.0,0.0
grabmyo-S12-K3-seed3412,12,3,3412,same_session_holdout,12,16,1.0,1.0,1.0,1.0,1.0,1.0,1.0,1.0,1.0,1.0,0.0,0.0,0.0,0.0,0.0
grabmyo-S12-K3-seed3412,12,3,3412,cross_session,12,56,1.0,1.0,1.0,1.0,1.0,1.0,1.0,1.0,1.0,1.0,0.0,0.0,0.0,0.0,0.0
grabmyo-S13-K3-seed3412,13,3,3412,all_eval,12,72,1.0,1.0,1.0,1.0,1.0,1.0,1.0,1.0,1.0,1.0,0.0,0.0,0.0,0.0,0.0
grabmyo-S13-K3-seed3412,13,3,3412,same_session_holdout,12,16,1.0,1.0,1.0,1.0,1.0,1.0,1.0,1.0,1.0,1.0,0.0,0.0,0.0,0.0,0.0
grabmyo-S13-K3-seed3412,13,3,3412,cross_session,12,56,1.0,1.0,1.0,1.0,1.0,1.0,1.0,1.0,1.0,1.0,0.0,0.0,0.0,0.0,0.0
grabmyo-S25-K3-seed3412,25,3,3412,all_eval,12,72,1.0,1.0,1.0,1.0,1.0,1.0,1.0,1.0,1.0,1.0,0.0,0.0,0.0,0.0,0.0
grabmyo-S25-K3-seed3412,25,3,3412,same_session_holdout,12,16,1.0,1.0,1.0,1.0,1.0,1.0,1.0,1.0,1.0,1.0,0.0,0.0,0.0,0.0,0.0
grabmyo-S25-K3-seed3412,25,3,3412,cross_session,12,56,1.0,1.0,1.0,1.0,1.0,1.0,1.0,1.0,1.0,1.0,0.0,0.0,0.0,0.0,0.0
grabmyo-S26-K3-seed3412,26,3,3412,all_eval,12,72,0.9861111111111112,0.9861111111111112,0.9861003861003861,0.9868421052631579,0.9861111111111112,0.9861111111111112,0.9861111111111112,0.9861003861003861,0.9868421052631579,0.9861111111111112,0.0,0.0,0.0,0.0,0.0
grabmyo-S26-K3-seed3412,26,3,3412,same_session_holdout,12,16,1.0,1.0,1.0,1.0,1.0,1.0,1.0,1.0,1.0,1.0,0.0,0.0,0.0,0.0,0.0
grabmyo-S26-K3-seed3412,26,3,3412,cross_session,12,56,0.9821428571428571,0.9821428571428572,0.9821200510855683,0.9833333333333334,0.9821428571428572,0.9821428571428571,0.9821428571428572,0.9821200510855683,0.9833333333333334,0.9821428571428572,0.0,0.0,0.0,0.0,0.0
grabmyo-S29-K3-seed3412,29,3,3412,all_eval,12,72,1.0,1.0,1.0,1.0,1.0,1.0,1.0,1.0,1.0,1.0,0.0,0.0,0.0,0.0,0.0
grabmyo-S29-K3-seed3412,29,3,3412,same_session_holdout,12,16,1.0,1.0,1.0,1.0,1.0,1.0,1.0,1.0,1.0,1.0,0.0,0.0,0.0,0.0,0.0
grabmyo-S29-K3-seed3412,29,3,3412,cross_session,12,56,1.0,1.0,1.0,1.0,1.0,1.0,1.0,1.0,1.0,1.0,0.0,0.0,0.0,0.0,0.0
grabmyo-S33-K3-seed3412,33,3,3412,all_eval,12,72,0.9444444444444444,0.9444444444444444,0.94375,0.9545454545454546,0.9444444444444444,0.9444444444444444,0.9444444444444444,0.94375,0.9545454545454546,0.9444444444444444,0.0,0.0,0.0,0.0,0.0
grabmyo-S33-K3-seed3412,33,3,3412,same_session_holdout,12,16,1.0,1.0,1.0,1.0,1.0,1.0,1.0,1.0,1.0,1.0,0.0,0.0,0.0,0.0,0.0
grabmyo-S33-K3-seed3412,33,3,3412,cross_session,12,56,0.9285714285714286,0.9285714285714286,0.9270833333333334,0.9444444444444444,0.9285714285714286,0.9285714285714286,0.9285714285714286,0.9270833333333334,0.9444444444444444,0.9285714285714286,0.0,0.0,0.0,0.0,0.0
grabmyo-S34-K3-seed3412,34,3,3412,all_eval,12,72,0.9861111111111112,0.9861111111111112,0.9861003861003861,0.9868421052631579,0.9861111111111112,0.9861111111111112,0.9861111111111112,0.9861003861003861,0.9868421052631579,0.9861111111111112,0.0,0.0,0.0,0.0,0.0
grabmyo-S34-K3-seed3412,34,3,3412,same_session_holdout,12,16,1.0,1.0,1.0,1.0,1.0,1.0,1.0,1.0,1.0,1.0,0.0,0.0,0.0,0.0,0.0
grabmyo-S34-K3-seed3412,34,3,3412,cross_session,12,56,0.9821428571428571,0.9821428571428572,0.9821200510855683,0.9833333333333334,0.9821428571428572,0.9821428571428571,0.9821428571428572,0.9821200510855683,0.9833333333333334,0.9821428571428572,0.0,0.0,0.0,0.0,0.0
grabmyo-S35-K3-seed3412,35,3,3412,all_eval,12,72,1.0,1.0,1.0,1.0,1.0,1.0,1.0,1.0,1.0,1.0,0.0,0.0,0.0,0.0,0.0
grabmyo-S35-K3-seed3412,35,3,3412,same_session_holdout,12,16,1.0,1.0,1.0,1.0,1.0,1.0,1.0,1.0,1.0,1.0,0.0,0.0,0.0,0.0,0.0
grabmyo-S35-K3-seed3412,35,3,3412,cross_session,12,56,1.0,1.0,1.0,1.0,1.0,1.0,1.0,1.0,1.0,1.0,0.0,0.0,0.0,0.0,0.0
grabmyo-S41-K3-seed3412,41,3,3412,all_eval,12,72,1.0,1.0,1.0,1.0,1.0,1.0,1.0,1.0,1.0,1.0,0.0,0.0,0.0,0.0,0.0
grabmyo-S41-K3-seed3412,41,3,3412,same_session_holdout,12,16,1.0,1.0,1.0,1.0,1.0,1.0,1.0,1.0,1.0,1.0,0.0,0.0,0.0,0.0,0.0
grabmyo-S41-K3-seed3412,41,3,3412,cross_session,12,56,1.0,1.0,1.0,1.0,1.0,1.0,1.0,1.0,1.0,1.0,0.0,0.0,0.0,0.0,0.0
grabmyo-S12-K3-seed3413,12,3,3413,all_eval,12,72,1.0,1.0,1.0,1.0,1.0,1.0,1.0,1.0,1.0,1.0,0.0,0.0,0.0,0.0,0.0
grabmyo-S12-K3-seed3413,12,3,3413,same_session_holdout,12,16,1.0,1.0,1.0,1.0,1.0,1.0,1.0,1.0,1.0,1.0,0.0,0.0,0.0,0.0,0.0
grabmyo-S12-K3-seed3413,12,3,3413,cross_session,12,56,1.0,1.0,1.0,1.0,1.0,1.0,1.0,1.0,1.0,1.0,0.0,0.0,0.0,0.0,0.0
grabmyo-S13-K3-seed3413,13,3,3413,all_eval,12,72,1.0,1.0,1.0,1.0,1.0,1.0,1.0,1.0,1.0,1.0,0.0,0.0,0.0,0.0,0.0
grabmyo-S13-K3-seed3413,13,3,3413,same_session_holdout,12,16,1.0,1.0,1.0,1.0,1.0,1.0,1.0,1.0,1.0,1.0,0.0,0.0,0.0,0.0,0.0
grabmyo-S13-K3-seed3413,13,3,3413,cross_session,12,56,1.0,1.0,1.0,1.0,1.0,1.0,1.0,1.0,1.0,1.0,0.0,0.0,0.0,0.0,0.0
grabmyo-S25-K3-seed3413,25,3,3413,all_eval,12,72,1.0,1.0,1.0,1.0,1.0,1.0,1.0,1.0,1.0,1.0,0.0,0.0,0.0,0.0,0.0
grabmyo-S25-K3-seed3413,25,3,3413,same_session_holdout,12,16,1.0,1.0,1.0,1.0,1.0,1.0,1.0,1.0,1.0,1.0,0.0,0.0,0.0,0.0,0.0
grabmyo-S25-K3-seed3413,25,3,3413,cross_session,12,56,1.0,1.0,1.0,1.0,1.0,1.0,1.0,1.0,1.0,1.0,0.0,0.0,0.0,0.0,0.0
grabmyo-S26-K3-seed3413,26,3,3413,all_eval,12,72,0.9861111111111112,0.9861111111111112,0.9861003861003861,0.9868421052631579,0.9861111111111112,0.9861111111111112,0.9861111111111112,0.9861003861003861,0.9868421052631579,0.9861111111111112,0.0,0.0,0.0,0.0,0.0
grabmyo-S26-K3-seed3413,26,3,3413,same_session_holdout,12,16,1.0,1.0,1.0,1.0,1.0,1.0,1.0,1.0,1.0,1.0,0.0,0.0,0.0,0.0,0.0
grabmyo-S26-K3-seed3413,26,3,3413,cross_session,12,56,0.9821428571428571,0.9821428571428572,0.9821200510855683,0.9833333333333334,0.9821428571428572,0.9821428571428571,0.9821428571428572,0.9821200510855683,0.9833333333333334,0.9821428571428572,0.0,0.0,0.0,0.0,0.0
grabmyo-S29-K3-seed3413,29,3,3413,all_eval,12,72,1.0,1.0,1.0,1.0,1.0,1.0,1.0,1.0,1.0,1.0,0.0,0.0,0.0,0.0,0.0
grabmyo-S29-K3-seed3413,29,3,3413,same_session_holdout,12,16,1.0,1.0,1.0,1.0,1.0,1.0,1.0,1.0,1.0,1.0,0.0,0.0,0.0,0.0,0.0
grabmyo-S29-K3-seed3413,29,3,3413,cross_session,12,56,1.0,1.0,1.0,1.0,1.0,1.0,1.0,1.0,1.0,1.0,0.0,0.0,0.0,0.0,0.0
grabmyo-S33-K3-seed3413,33,3,3413,all_eval,12,72,0.9305555555555556,0.9305555555555556,0.9291896144767899,0.9456521739130435,0.9305555555555556,0.9166666666666666,0.9166666666666666,0.9154943379790941,0.9277950310559007,0.9166666666666666,-0.01388888888888895,-0.01388888888888895,-0.013695276497695863,-0.017857142857142794,-0.01388888888888895
grabmyo-S33-K3-seed3413,33,3,3413,same_session_holdout,12,16,0.9375,0.9375,0.9365079365079365,0.95,0.9375,0.875,0.875,0.8740079365079365,0.8875,0.875,-0.0625,-0.0625,-0.0625,-0.0625,-0.0625
grabmyo-S33-K3-seed3413,33,3,3413,cross_session,12,56,0.9285714285714286,0.9285714285714286,0.9270833333333334,0.9444444444444444,0.9285714285714286,0.9285714285714286,0.9285714285714286,0.9270833333333334,0.9444444444444444,0.9285714285714286,0.0,0.0,0.0,0.0,0.0
grabmyo-S34-K3-seed3413,34,3,3413,all_eval,12,72,0.9861111111111112,0.9861111111111112,0.9861003861003861,0.9868421052631579,0.9861111111111112,0.9861111111111112,0.9861111111111112,0.9861003861003861,0.9868421052631579,0.9861111111111112,0.0,0.0,0.0,0.0,0.0
grabmyo-S34-K3-seed3413,34,3,3413,same_session_holdout,12,16,1.0,1.0,1.0,1.0,1.0,1.0,1.0,1.0,1.0,1.0,0.0,0.0,0.0,0.0,0.0
grabmyo-S34-K3-seed3413,34,3,3413,cross_session,12,56,0.9821428571428571,0.9821428571428572,0.9821200510855683,0.9833333333333334,0.9821428571428572,0.9821428571428571,0.9821428571428572,0.9821200510855683,0.9833333333333334,0.9821428571428572,0.0,0.0,0.0,0.0,0.0
grabmyo-S35-K3-seed3413,35,3,3413,all_eval,12,72,1.0,1.0,1.0,1.0,1.0,1.0,1.0,1.0,1.0,1.0,0.0,0.0,0.0,0.0,0.0
grabmyo-S35-K3-seed3413,35,3,3413,same_session_holdout,12,16,1.0,1.0,1.0,1.0,1.0,1.0,1.0,1.0,1.0,1.0,0.0,0.0,0.0,0.0,0.0
grabmyo-S35-K3-seed3413,35,3,3413,cross_session,12,56,1.0,1.0,1.0,1.0,1.0,1.0,1.0,1.0,1.0,1.0,0.0,0.0,0.0,0.0,0.0
grabmyo-S41-K3-seed3413,41,3,3413,all_eval,12,72,1.0,1.0,1.0,1.0,1.0,1.0,1.0,1.0,1.0,1.0,0.0,0.0,0.0,0.0,0.0
grabmyo-S41-K3-seed3413,41,3,3413,same_session_holdout,12,16,1.0,1.0,1.0,1.0,1.0,1.0,1.0,1.0,1.0,1.0,0.0,0.0,0.0,0.0,0.0
grabmyo-S41-K3-seed3413,41,3,3413,cross_session,12,56,1.0,1.0,1.0,1.0,1.0,1.0,1.0,1.0,1.0,1.0,0.0,0.0,0.0,0.0,0.0
grabmyo-S12-K3-seed3414,12,3,3414,all_eval,12,72,1.0,1.0,1.0,1.0,1.0,1.0,1.0,1.0,1.0,1.0,0.0,0.0,0.0,0.0,0.0
grabmyo-S12-K3-seed3414,12,3,3414,same_session_holdout,12,16,1.0,1.0,1.0,1.0,1.0,1.0,1.0,1.0,1.0,1.0,0.0,0.0,0.0,0.0,0.0
grabmyo-S12-K3-seed3414,12,3,3414,cross_session,12,56,1.0,1.0,1.0,1.0,1.0,1.0,1.0,1.0,1.0,1.0,0.0,0.0,0.0,0.0,0.0
grabmyo-S13-K3-seed3414,13,3,3414,all_eval,12,72,1.0,1.0,1.0,1.0,1.0,1.0,1.0,1.0,1.0,1.0,0.0,0.0,0.0,0.0,0.0
grabmyo-S13-K3-seed3414,13,3,3414,same_session_holdout,12,16,1.0,1.0,1.0,1.0,1.0,1.0,1.0,1.0,1.0,1.0,0.0,0.0,0.0,0.0,0.0
grabmyo-S13-K3-seed3414,13,3,3414,cross_session,12,56,1.0,1.0,1.0,1.0,1.0,1.0,1.0,1.0,1.0,1.0,0.0,0.0,0.0,0.0,0.0
grabmyo-S25-K3-seed3414,25,3,3414,all_eval,12,72,1.0,1.0,1.0,1.0,1.0,1.0,1.0,1.0,1.0,1.0,0.0,0.0,0.0,0.0,0.0
grabmyo-S25-K3-seed3414,25,3,3414,same_session_holdout,12,16,1.0,1.0,1.0,1.0,1.0,1.0,1.0,1.0,1.0,1.0,0.0,0.0,0.0,0.0,0.0
grabmyo-S25-K3-seed3414,25,3,3414,cross_session,12,56,1.0,1.0,1.0,1.0,1.0,1.0,1.0,1.0,1.0,1.0,0.0,0.0,0.0,0.0,0.0
grabmyo-S26-K3-seed3414,26,3,3414,all_eval,12,72,0.9861111111111112,0.9861111111111112,0.9861003861003861,0.9868421052631579,0.9861111111111112,0.9861111111111112,0.9861111111111112,0.9861003861003861,0.9868421052631579,0.9861111111111112,0.0,0.0,0.0,0.0,0.0
grabmyo-S26-K3-seed3414,26,3,3414,same_session_holdout,12,16,1.0,1.0,1.0,1.0,1.0,1.0,1.0,1.0,1.0,1.0,0.0,0.0,0.0,0.0,0.0
grabmyo-S26-K3-seed3414,26,3,3414,cross_session,12,56,0.9821428571428571,0.9821428571428572,0.9821200510855683,0.9833333333333334,0.9821428571428572,0.9821428571428571,0.9821428571428572,0.9821200510855683,0.9833333333333334,0.9821428571428572,0.0,0.0,0.0,0.0,0.0
grabmyo-S29-K3-seed3414,29,3,3414,all_eval,12,72,0.9861111111111112,0.9861111111111112,0.9861003861003861,0.9868421052631579,0.9861111111111112,0.9861111111111112,0.9861111111111112,0.9861003861003861,0.9868421052631579,0.9861111111111112,0.0,0.0,0.0,0.0,0.0
grabmyo-S29-K3-seed3414,29,3,3414,same_session_holdout,12,16,0.9375,0.9375,0.9365079365079365,0.95,0.9375,0.9375,0.9375,0.9365079365079365,0.95,0.9375,0.0,0.0,0.0,0.0,0.0
grabmyo-S29-K3-seed3414,29,3,3414,cross_session,12,56,1.0,1.0,1.0,1.0,1.0,1.0,1.0,1.0,1.0,1.0,0.0,0.0,0.0,0.0,0.0
grabmyo-S33-K3-seed3414,33,3,3414,all_eval,12,72,0.9305555555555556,0.9305555555555556,0.9291896144767899,0.9456521739130435,0.9305555555555556,0.9305555555555556,0.9305555555555556,0.9291896144767899,0.9456521739130435,0.9305555555555556,0.0,0.0,0.0,0.0,0.0
grabmyo-S33-K3-seed3414,33,3,3414,same_session_holdout,12,16,0.9375,0.9375,0.9365079365079365,0.95,0.9375,0.9375,0.9375,0.9365079365079365,0.95,0.9375,0.0,0.0,0.0,0.0,0.0
grabmyo-S33-K3-seed3414,33,3,3414,cross_session,12,56,0.9285714285714286,0.9285714285714286,0.9270833333333334,0.9444444444444444,0.9285714285714286,0.9285714285714286,0.9285714285714286,0.9270833333333334,0.9444444444444444,0.9285714285714286,0.0,0.0,0.0,0.0,0.0
grabmyo-S34-K3-seed3414,34,3,3414,all_eval,12,72,0.9861111111111112,0.9861111111111112,0.9861003861003861,0.9868421052631579,0.9861111111111112,0.9861111111111112,0.9861111111111112,0.9861003861003861,0.9868421052631579,0.9861111111111112,0.0,0.0,0.0,0.0,0.0
grabmyo-S34-K3-seed3414,34,3,3414,same_session_holdout,12,16,1.0,1.0,1.0,1.0,1.0,1.0,1.0,1.0,1.0,1.0,0.0,0.0,0.0,0.0,0.0
grabmyo-S34-K3-seed3414,34,3,3414,cross_session,12,56,0.9821428571428571,0.9821428571428572,0.9821200510855683,0.9833333333333334,0.9821428571428572,0.9821428571428571,0.9821428571428572,0.9821200510855683,0.9833333333333334,0.9821428571428572,0.0,0.0,0.0,0.0,0.0
grabmyo-S35-K3-seed3414,35,3,3414,all_eval,12,72,1.0,1.0,1.0,1.0,1.0,1.0,1.0,1.0,1.0,1.0,0.0,0.0,0.0,0.0,0.0
grabmyo-S35-K3-seed3414,35,3,3414,same_session_holdout,12,16,1.0,1.0,1.0,1.0,1.0,1.0,1.0,1.0,1.0,1.0,0.0,0.0,0.0,0.0,0.0
grabmyo-S35-K3-seed3414,35,3,3414,cross_session,12,56,1.0,1.0,1.0,1.0,1.0,1.0,1.0,1.0,1.0,1.0,0.0,0.0,0.0,0.0,0.0
grabmyo-S41-K3-seed3414,41,3,3414,all_eval,12,72,1.0,1.0,1.0,1.0,1.0,1.0,1.0,1.0,1.0,1.0,0.0,0.0,0.0,0.0,0.0
grabmyo-S41-K3-seed3414,41,3,3414,same_session_holdout,12,16,1.0,1.0,1.0,1.0,1.0,1.0,1.0,1.0,1.0,1.0,0.0,0.0,0.0,0.0,0.0
grabmyo-S41-K3-seed3414,41,3,3414,cross_session,12,56,1.0,1.0,1.0,1.0,1.0,1.0,1.0,1.0,1.0,1.0,0.0,0.0,0.0,0.0,0.0
grabmyo-S12-K3-seed3415,12,3,3415,all_eval,12,72,1.0,1.0,1.0,1.0,1.0,1.0,1.0,1.0,1.0,1.0,0.0,0.0,0.0,0.0,0.0
grabmyo-S12-K3-seed3415,12,3,3415,same_session_holdout,12,16,1.0,1.0,1.0,1.0,1.0,1.0,1.0,1.0,1.0,1.0,0.0,0.0,0.0,0.0,0.0
grabmyo-S12-K3-seed3415,12,3,3415,cross_session,12,56,1.0,1.0,1.0,1.0,1.0,1.0,1.0,1.0,1.0,1.0,0.0,0.0,0.0,0.0,0.0
grabmyo-S13-K3-seed3415,13,3,3415,all_eval,12,72,1.0,1.0,1.0,1.0,1.0,1.0,1.0,1.0,1.0,1.0,0.0,0.0,0.0,0.0,0.0
grabmyo-S13-K3-seed3415,13,3,3415,same_session_holdout,12,16,1.0,1.0,1.0,1.0,1.0,1.0,1.0,1.0,1.0,1.0,0.0,0.0,0.0,0.0,0.0
grabmyo-S13-K3-seed3415,13,3,3415,cross_session,12,56,1.0,1.0,1.0,1.0,1.0,1.0,1.0,1.0,1.0,1.0,0.0,0.0,0.0,0.0,0.0
grabmyo-S25-K3-seed3415,25,3,3415,all_eval,12,72,1.0,1.0,1.0,1.0,1.0,1.0,1.0,1.0,1.0,1.0,0.0,0.0,0.0,0.0,0.0
grabmyo-S25-K3-seed3415,25,3,3415,same_session_holdout,12,16,1.0,1.0,1.0,1.0,1.0,1.0,1.0,1.0,1.0,1.0,0.0,0.0,0.0,0.0,0.0
grabmyo-S25-K3-seed3415,25,3,3415,cross_session,12,56,1.0,1.0,1.0,1.0,1.0,1.0,1.0,1.0,1.0,1.0,0.0,0.0,0.0,0.0,0.0
grabmyo-S26-K3-seed3415,26,3,3415,all_eval,12,72,0.9861111111111112,0.9861111111111112,0.9861003861003861,0.9868421052631579,0.9861111111111112,0.9861111111111112,0.9861111111111112,0.9861003861003861,0.9868421052631579,0.9861111111111112,0.0,0.0,0.0,0.0,0.0
grabmyo-S26-K3-seed3415,26,3,3415,same_session_holdout,12,16,1.0,1.0,1.0,1.0,1.0,1.0,1.0,1.0,1.0,1.0,0.0,0.0,0.0,0.0,0.0
grabmyo-S26-K3-seed3415,26,3,3415,cross_session,12,56,0.9821428571428571,0.9821428571428572,0.9821200510855683,0.9833333333333334,0.9821428571428572,0.9821428571428571,0.9821428571428572,0.9821200510855683,0.9833333333333334,0.9821428571428572,0.0,0.0,0.0,0.0,0.0
grabmyo-S29-K3-seed3415,29,3,3415,all_eval,12,72,1.0,1.0,1.0,1.0,1.0,1.0,1.0,1.0,1.0,1.0,0.0,0.0,0.0,0.0,0.0
grabmyo-S29-K3-seed3415,29,3,3415,same_session_holdout,12,16,1.0,1.0,1.0,1.0,1.0,1.0,1.0,1.0,1.0,1.0,0.0,0.0,0.0,0.0,0.0
grabmyo-S29-K3-seed3415,29,3,3415,cross_session,12,56,1.0,1.0,1.0,1.0,1.0,1.0,1.0,1.0,1.0,1.0,0.0,0.0,0.0,0.0,0.0
grabmyo-S33-K3-seed3415,33,3,3415,all_eval,12,72,0.9305555555555556,0.9305555555555556,0.9291896144767899,0.9456521739130435,0.9305555555555556,0.9305555555555556,0.9305555555555556,0.9291896144767899,0.9456521739130435,0.9305555555555556,0.0,0.0,0.0,0.0,0.0
grabmyo-S33-K3-seed3415,33,3,3415,same_session_holdout,12,16,0.9375,0.9375,0.9365079365079365,0.95,0.9375,0.9375,0.9375,0.9365079365079365,0.95,0.9375,0.0,0.0,0.0,0.0,0.0
grabmyo-S33-K3-seed3415,33,3,3415,cross_session,12,56,0.9285714285714286,0.9285714285714286,0.9270833333333334,0.9444444444444444,0.9285714285714286,0.9285714285714286,0.9285714285714286,0.9270833333333334,0.9444444444444444,0.9285714285714286,0.0,0.0,0.0,0.0,0.0
grabmyo-S34-K3-seed3415,34,3,3415,all_eval,12,72,0.9861111111111112,0.9861111111111112,0.9861003861003861,0.9868421052631579,0.9861111111111112,0.9861111111111112,0.9861111111111112,0.9861003861003861,0.9868421052631579,0.9861111111111112,0.0,0.0,0.0,0.0,0.0
grabmyo-S34-K3-seed3415,34,3,3415,same_session_holdout,12,16,1.0,1.0,1.0,1.0,1.0,1.0,1.0,1.0,1.0,1.0,0.0,0.0,0.0,0.0,0.0
grabmyo-S34-K3-seed3415,34,3,3415,cross_session,12,56,0.9821428571428571,0.9821428571428572,0.9821200510855683,0.9833333333333334,0.9821428571428572,0.9821428571428571,0.9821428571428572,0.9821200510855683,0.9833333333333334,0.9821428571428572,0.0,0.0,0.0,0.0,0.0
grabmyo-S35-K3-seed3415,35,3,3415,all_eval,12,72,1.0,1.0,1.0,1.0,1.0,1.0,1.0,1.0,1.0,1.0,0.0,0.0,0.0,0.0,0.0
grabmyo-S35-K3-seed3415,35,3,3415,same_session_holdout,12,16,1.0,1.0,1.0,1.0,1.0,1.0,1.0,1.0,1.0,1.0,0.0,0.0,0.0,0.0,0.0
grabmyo-S35-K3-seed3415,35,3,3415,cross_session,12,56,1.0,1.0,1.0,1.0,1.0,1.0,1.0,1.0,1.0,1.0,0.0,0.0,0.0,0.0,0.0
grabmyo-S41-K3-seed3415,41,3,3415,all_eval,12,72,1.0,1.0,1.0,1.0,1.0,1.0,1.0,1.0,1.0,1.0,0.0,0.0,0.0,0.0,0.0
grabmyo-S41-K3-seed3415,41,3,3415,same_session_holdout,12,16,1.0,1.0,1.0,1.0,1.0,1.0,1.0,1.0,1.0,1.0,0.0,0.0,0.0,0.0,0.0
grabmyo-S41-K3-seed3415,41,3,3415,cross_session,12,56,1.0,1.0,1.0,1.0,1.0,1.0,1.0,1.0,1.0,1.0,0.0,0.0,0.0,0.0,0.0
grabmyo-S12-K3-seed3416,12,3,3416,all_eval,12,72,1.0,1.0,1.0,1.0,1.0,1.0,1.0,1.0,1.0,1.0,0.0,0.0,0.0,0.0,0.0
grabmyo-S12-K3-seed3416,12,3,3416,same_session_holdout,12,16,1.0,1.0,1.0,1.0,1.0,1.0,1.0,1.0,1.0,1.0,0.0,0.0,0.0,0.0,0.0
grabmyo-S12-K3-seed3416,12,3,3416,cross_session,12,56,1.0,1.0,1.0,1.0,1.0,1.0,1.0,1.0,1.0,1.0,0.0,0.0,0.0,0.0,0.0
grabmyo-S13-K3-seed3416,13,3,3416,all_eval,12,72,1.0,1.0,1.0,1.0,1.0,1.0,1.0,1.0,1.0,1.0,0.0,0.0,0.0,0.0,0.0
grabmyo-S13-K3-seed3416,13,3,3416,same_session_holdout,12,16,1.0,1.0,1.0,1.0,1.0,1.0,1.0,1.0,1.0,1.0,0.0,0.0,0.0,0.0,0.0
grabmyo-S13-K3-seed3416,13,3,3416,cross_session,12,56,1.0,1.0,1.0,1.0,1.0,1.0,1.0,1.0,1.0,1.0,0.0,0.0,0.0,0.0,0.0
grabmyo-S25-K3-seed3416,25,3,3416,all_eval,12,72,1.0,1.0,1.0,1.0,1.0,1.0,1.0,1.0,1.0,1.0,0.0,0.0,0.0,0.0,0.0
grabmyo-S25-K3-seed3416,25,3,3416,same_session_holdout,12,16,1.0,1.0,1.0,1.0,1.0,1.0,1.0,1.0,1.0,1.0,0.0,0.0,0.0,0.0,0.0
grabmyo-S25-K3-seed3416,25,3,3416,cross_session,12,56,1.0,1.0,1.0,1.0,1.0,1.0,1.0,1.0,1.0,1.0,0.0,0.0,0.0,0.0,0.0
grabmyo-S26-K3-seed3416,26,3,3416,all_eval,12,72,0.9861111111111112,0.9861111111111112,0.9861003861003861,0.9868421052631579,0.9861111111111112,0.9861111111111112,0.9861111111111112,0.9861003861003861,0.9868421052631579,0.9861111111111112,0.0,0.0,0.0,0.0,0.0
grabmyo-S26-K3-seed3416,26,3,3416,same_session_holdout,12,16,1.0,1.0,1.0,1.0,1.0,1.0,1.0,1.0,1.0,1.0,0.0,0.0,0.0,0.0,0.0
grabmyo-S26-K3-seed3416,26,3,3416,cross_session,12,56,0.9821428571428571,0.9821428571428572,0.9821200510855683,0.9833333333333334,0.9821428571428572,0.9821428571428571,0.9821428571428572,0.9821200510855683,0.9833333333333334,0.9821428571428572,0.0,0.0,0.0,0.0,0.0
grabmyo-S29-K3-seed3416,29,3,3416,all_eval,12,72,0.9861111111111112,0.9861111111111112,0.9861003861003861,0.9868421052631579,0.9861111111111112,0.9861111111111112,0.9861111111111112,0.9861003861003861,0.9868421052631579,0.9861111111111112,0.0,0.0,0.0,0.0,0.0
grabmyo-S29-K3-seed3416,29,3,3416,same_session_holdout,12,16,0.9375,0.9375,0.9365079365079365,0.95,0.9375,0.9375,0.9375,0.9365079365079365,0.95,0.9375,0.0,0.0,0.0,0.0,0.0
grabmyo-S29-K3-seed3416,29,3,3416,cross_session,12,56,1.0,1.0,1.0,1.0,1.0,1.0,1.0,1.0,1.0,1.0,0.0,0.0,0.0,0.0,0.0
grabmyo-S33-K3-seed3416,33,3,3416,all_eval,12,72,0.9305555555555556,0.9305555555555556,0.9291896144767899,0.9456521739130435,0.9305555555555556,0.9305555555555556,0.9305555555555556,0.9291896144767899,0.9456521739130435,0.9305555555555556,0.0,0.0,0.0,0.0,0.0
grabmyo-S33-K3-seed3416,33,3,3416,same_session_holdout,12,16,0.9375,0.9375,0.9365079365079365,0.95,0.9375,0.9375,0.9375,0.9365079365079365,0.95,0.9375,0.0,0.0,0.0,0.0,0.0
grabmyo-S33-K3-seed3416,33,3,3416,cross_session,12,56,0.9285714285714286,0.9285714285714286,0.9270833333333334,0.9444444444444444,0.9285714285714286,0.9285714285714286,0.9285714285714286,0.9270833333333334,0.9444444444444444,0.9285714285714286,0.0,0.0,0.0,0.0,0.0
grabmyo-S34-K3-seed3416,34,3,3416,all_eval,12,72,0.9861111111111112,0.9861111111111112,0.9861003861003861,0.9868421052631579,0.9861111111111112,0.9861111111111112,0.9861111111111112,0.9861003861003861,0.9868421052631579,0.9861111111111112,0.0,0.0,0.0,0.0,0.0
grabmyo-S34-K3-seed3416,34,3,3416,same_session_holdout,12,16,1.0,1.0,1.0,1.0,1.0,1.0,1.0,1.0,1.0,1.0,0.0,0.0,0.0,0.0,0.0
grabmyo-S34-K3-seed3416,34,3,3416,cross_session,12,56,0.9821428571428571,0.9821428571428572,0.9821200510855683,0.9833333333333334,0.9821428571428572,0.9821428571428571,0.9821428571428572,0.9821200510855683,0.9833333333333334,0.9821428571428572,0.0,0.0,0.0,0.0,0.0
grabmyo-S35-K3-seed3416,35,3,3416,all_eval,12,72,1.0,1.0,1.0,1.0,1.0,1.0,1.0,1.0,1.0,1.0,0.0,0.0,0.0,0.0,0.0
grabmyo-S35-K3-seed3416,35,3,3416,same_session_holdout,12,16,1.0,1.0,1.0,1.0,1.0,1.0,1.0,1.0,1.0,1.0,0.0,0.0,0.0,0.0,0.0
grabmyo-S35-K3-seed3416,35,3,3416,cross_session,12,56,1.0,1.0,1.0,1.0,1.0,1.0,1.0,1.0,1.0,1.0,0.0,0.0,0.0,0.0,0.0
grabmyo-S41-K3-seed3416,41,3,3416,all_eval,12,72,1.0,1.0,1.0,1.0,1.0,1.0,1.0,1.0,1.0,1.0,0.0,0.0,0.0,0.0,0.0
grabmyo-S41-K3-seed3416,41,3,3416,same_session_holdout,12,16,1.0,1.0,1.0,1.0,1.0,1.0,1.0,1.0,1.0,1.0,0.0,0.0,0.0,0.0,0.0
grabmyo-S41-K3-seed3416,41,3,3416,cross_session,12,56,1.0,1.0,1.0,1.0,1.0,1.0,1.0,1.0,1.0,1.0,0.0,0.0,0.0,0.0,0.0
grabmyo-S12-K3-seed3417,12,3,3417,all_eval,12,72,1.0,1.0,1.0,1.0,1.0,1.0,1.0,1.0,1.0,1.0,0.0,0.0,0.0,0.0,0.0
grabmyo-S12-K3-seed3417,12,3,3417,same_session_holdout,12,16,1.0,1.0,1.0,1.0,1.0,1.0,1.0,1.0,1.0,1.0,0.0,0.0,0.0,0.0,0.0
grabmyo-S12-K3-seed3417,12,3,3417,cross_session,12,56,1.0,1.0,1.0,1.0,1.0,1.0,1.0,1.0,1.0,1.0,0.0,0.0,0.0,0.0,0.0
grabmyo-S13-K3-seed3417,13,3,3417,all_eval,12,72,1.0,1.0,1.0,1.0,1.0,1.0,1.0,1.0,1.0,1.0,0.0,0.0,0.0,0.0,0.0
grabmyo-S13-K3-seed3417,13,3,3417,same_session_holdout,12,16,1.0,1.0,1.0,1.0,1.0,1.0,1.0,1.0,1.0,1.0,0.0,0.0,0.0,0.0,0.0
grabmyo-S13-K3-seed3417,13,3,3417,cross_session,12,56,1.0,1.0,1.0,1.0,1.0,1.0,1.0,1.0,1.0,1.0,0.0,0.0,0.0,0.0,0.0
grabmyo-S25-K3-seed3417,25,3,3417,all_eval,12,72,1.0,1.0,1.0,1.0,1.0,1.0,1.0,1.0,1.0,1.0,0.0,0.0,0.0,0.0,0.0
grabmyo-S25-K3-seed3417,25,3,3417,same_session_holdout,12,16,1.0,1.0,1.0,1.0,1.0,1.0,1.0,1.0,1.0,1.0,0.0,0.0,0.0,0.0,0.0
grabmyo-S25-K3-seed3417,25,3,3417,cross_session,12,56,1.0,1.0,1.0,1.0,1.0,1.0,1.0,1.0,1.0,1.0,0.0,0.0,0.0,0.0,0.0
grabmyo-S26-K3-seed3417,26,3,3417,all_eval,12,72,0.9861111111111112,0.9861111111111112,0.9861003861003861,0.9868421052631579,0.9861111111111112,0.9861111111111112,0.9861111111111112,0.9861003861003861,0.9868421052631579,0.9861111111111112,0.0,0.0,0.0,0.0,0.0
grabmyo-S26-K3-seed3417,26,3,3417,same_session_holdout,12,16,1.0,1.0,1.0,1.0,1.0,1.0,1.0,1.0,1.0,1.0,0.0,0.0,0.0,0.0,0.0
grabmyo-S26-K3-seed3417,26,3,3417,cross_session,12,56,0.9821428571428571,0.9821428571428572,0.9821200510855683,0.9833333333333334,0.9821428571428572,0.9821428571428571,0.9821428571428572,0.9821200510855683,0.9833333333333334,0.9821428571428572,0.0,0.0,0.0,0.0,0.0
grabmyo-S29-K3-seed3417,29,3,3417,all_eval,12,72,0.9861111111111112,0.9861111111111112,0.9861003861003861,0.9868421052631579,0.9861111111111112,0.9861111111111112,0.9861111111111112,0.9861003861003861,0.9868421052631579,0.9861111111111112,0.0,0.0,0.0,0.0,0.0
grabmyo-S29-K3-seed3417,29,3,3417,same_session_holdout,12,16,0.9375,0.9375,0.9365079365079365,0.95,0.9375,0.9375,0.9375,0.9365079365079365,0.95,0.9375,0.0,0.0,0.0,0.0,0.0
grabmyo-S29-K3-seed3417,29,3,3417,cross_session,12,56,1.0,1.0,1.0,1.0,1.0,1.0,1.0,1.0,1.0,1.0,0.0,0.0,0.0,0.0,0.0
grabmyo-S33-K3-seed3417,33,3,3417,all_eval,12,72,0.9305555555555556,0.9305555555555556,0.9291896144767899,0.9456521739130435,0.9305555555555556,0.9166666666666666,0.9166666666666666,0.9154943379790941,0.9277950310559007,0.9166666666666666,-0.01388888888888895,-0.01388888888888895,-0.013695276497695863,-0.017857142857142794,-0.01388888888888895
grabmyo-S33-K3-seed3417,33,3,3417,same_session_holdout,12,16,0.9375,0.9375,0.9365079365079365,0.95,0.9375,0.875,0.875,0.8740079365079365,0.8875,0.875,-0.0625,-0.0625,-0.0625,-0.0625,-0.0625
grabmyo-S33-K3-seed3417,33,3,3417,cross_session,12,56,0.9285714285714286,0.9285714285714286,0.9270833333333334,0.9444444444444444,0.9285714285714286,0.9285714285714286,0.9285714285714286,0.9270833333333334,0.9444444444444444,0.9285714285714286,0.0,0.0,0.0,0.0,0.0
grabmyo-S34-K3-seed3417,34,3,3417,all_eval,12,72,0.9861111111111112,0.9861111111111112,0.9861003861003861,0.9868421052631579,0.9861111111111112,0.9861111111111112,0.9861111111111112,0.9861003861003861,0.9868421052631579,0.9861111111111112,0.0,0.0,0.0,0.0,0.0
grabmyo-S34-K3-seed3417,34,3,3417,same_session_holdout,12,16,1.0,1.0,1.0,1.0,1.0,1.0,1.0,1.0,1.0,1.0,0.0,0.0,0.0,0.0,0.0
grabmyo-S34-K3-seed3417,34,3,3417,cross_session,12,56,0.9821428571428571,0.9821428571428572,0.9821200510855683,0.9833333333333334,0.9821428571428572,0.9821428571428571,0.9821428571428572,0.9821200510855683,0.9833333333333334,0.9821428571428572,0.0,0.0,0.0,0.0,0.0
grabmyo-S35-K3-seed3417,35,3,3417,all_eval,12,72,1.0,1.0,1.0,1.0,1.0,1.0,1.0,1.0,1.0,1.0,0.0,0.0,0.0,0.0,0.0
grabmyo-S35-K3-seed3417,35,3,3417,same_session_holdout,12,16,1.0,1.0,1.0,1.0,1.0,1.0,1.0,1.0,1.0,1.0,0.0,0.0,0.0,0.0,0.0
grabmyo-S35-K3-seed3417,35,3,3417,cross_session,12,56,1.0,1.0,1.0,1.0,1.0,1.0,1.0,1.0,1.0,1.0,0.0,0.0,0.0,0.0,0.0
grabmyo-S41-K3-seed3417,41,3,3417,all_eval,12,72,1.0,1.0,1.0,1.0,1.0,1.0,1.0,1.0,1.0,1.0,0.0,0.0,0.0,0.0,0.0
grabmyo-S41-K3-seed3417,41,3,3417,same_session_holdout,12,16,1.0,1.0,1.0,1.0,1.0,1.0,1.0,1.0,1.0,1.0,0.0,0.0,0.0,0.0,0.0
grabmyo-S41-K3-seed3417,41,3,3417,cross_session,12,56,1.0,1.0,1.0,1.0,1.0,1.0,1.0,1.0,1.0,1.0,0.0,0.0,0.0,0.0,0.0
grabmyo-S12-K3-seed3418,12,3,3418,all_eval,12,72,1.0,1.0,1.0,1.0,1.0,1.0,1.0,1.0,1.0,1.0,0.0,0.0,0.0,0.0,0.0
grabmyo-S12-K3-seed3418,12,3,3418,same_session_holdout,12,16,1.0,1.0,1.0,1.0,1.0,1.0,1.0,1.0,1.0,1.0,0.0,0.0,0.0,0.0,0.0
grabmyo-S12-K3-seed3418,12,3,3418,cross_session,12,56,1.0,1.0,1.0,1.0,1.0,1.0,1.0,1.0,1.0,1.0,0.0,0.0,0.0,0.0,0.0
grabmyo-S13-K3-seed3418,13,3,3418,all_eval,12,72,1.0,1.0,1.0,1.0,1.0,1.0,1.0,1.0,1.0,1.0,0.0,0.0,0.0,0.0,0.0
grabmyo-S13-K3-seed3418,13,3,3418,same_session_holdout,12,16,1.0,1.0,1.0,1.0,1.0,1.0,1.0,1.0,1.0,1.0,0.0,0.0,0.0,0.0,0.0
grabmyo-S13-K3-seed3418,13,3,3418,cross_session,12,56,1.0,1.0,1.0,1.0,1.0,1.0,1.0,1.0,1.0,1.0,0.0,0.0,0.0,0.0,0.0
grabmyo-S25-K3-seed3418,25,3,3418,all_eval,12,72,1.0,1.0,1.0,1.0,1.0,1.0,1.0,1.0,1.0,1.0,0.0,0.0,0.0,0.0,0.0
grabmyo-S25-K3-seed3418,25,3,3418,same_session_holdout,12,16,1.0,1.0,1.0,1.0,1.0,1.0,1.0,1.0,1.0,1.0,0.0,0.0,0.0,0.0,0.0
grabmyo-S25-K3-seed3418,25,3,3418,cross_session,12,56,1.0,1.0,1.0,1.0,1.0,1.0,1.0,1.0,1.0,1.0,0.0,0.0,0.0,0.0,0.0
grabmyo-S26-K3-seed3418,26,3,3418,all_eval,12,72,0.9861111111111112,0.9861111111111112,0.9861003861003861,0.9868421052631579,0.9861111111111112,0.9861111111111112,0.9861111111111112,0.9861003861003861,0.9868421052631579,0.9861111111111112,0.0,0.0,0.0,0.0,0.0
grabmyo-S26-K3-seed3418,26,3,3418,same_session_holdout,12,16,1.0,1.0,1.0,1.0,1.0,1.0,1.0,1.0,1.0,1.0,0.0,0.0,0.0,0.0,0.0
grabmyo-S26-K3-seed3418,26,3,3418,cross_session,12,56,0.9821428571428571,0.9821428571428572,0.9821200510855683,0.9833333333333334,0.9821428571428572,0.9821428571428571,0.9821428571428572,0.9821200510855683,0.9833333333333334,0.9821428571428572,0.0,0.0,0.0,0.0,0.0
grabmyo-S29-K3-seed3418,29,3,3418,all_eval,12,72,0.9861111111111112,0.9861111111111112,0.9861003861003861,0.9868421052631579,0.9861111111111112,0.9861111111111112,0.9861111111111112,0.9861003861003861,0.9868421052631579,0.9861111111111112,0.0,0.0,0.0,0.0,0.0
grabmyo-S29-K3-seed3418,29,3,3418,same_session_holdout,12,16,0.9375,0.9375,0.9365079365079365,0.95,0.9375,0.9375,0.9375,0.9365079365079365,0.95,0.9375,0.0,0.0,0.0,0.0,0.0
grabmyo-S29-K3-seed3418,29,3,3418,cross_session,12,56,1.0,1.0,1.0,1.0,1.0,1.0,1.0,1.0,1.0,1.0,0.0,0.0,0.0,0.0,0.0
grabmyo-S33-K3-seed3418,33,3,3418,all_eval,12,72,0.9166666666666666,0.9166666666666666,0.9127554383651945,0.9324942791762013,0.9166666666666666,0.9027777777777778,0.9027777777777778,0.8991716933298365,0.9125325157933853,0.9027777777777778,-0.01388888888888884,-0.01388888888888884,-0.013583745035357975,-0.019961763382815967,-0.01388888888888884
grabmyo-S33-K3-seed3418,33,3,3418,same_session_holdout,12,16,0.875,0.875,0.861111111111111,0.9,0.875,0.8125,0.8125,0.8025793650793651,0.8041666666666667,0.8125,-0.0625,-0.0625,-0.058531746031745935,-0.09583333333333333,-0.0625
grabmyo-S33-K3-seed3418,33,3,3418,cross_session,12,56,0.9285714285714286,0.9285714285714286,0.9270833333333334,0.9444444444444444,0.9285714285714286,0.9285714285714286,0.9285714285714286,0.9270833333333334,0.9444444444444444,0.9285714285714286,0.0,0.0,0.0,0.0,0.0
grabmyo-S34-K3-seed3418,34,3,3418,all_eval,12,72,0.9861111111111112,0.9861111111111112,0.9861003861003861,0.9868421052631579,0.9861111111111112,0.9861111111111112,0.9861111111111112,0.9861003861003861,0.9868421052631579,0.9861111111111112,0.0,0.0,0.0,0.0,0.0
grabmyo-S34-K3-seed3418,34,3,3418,same_session_holdout,12,16,1.0,1.0,1.0,1.0,1.0,1.0,1.0,1.0,1.0,1.0,0.0,0.0,0.0,0.0,0.0
grabmyo-S34-K3-seed3418,34,3,3418,cross_session,12,56,0.9821428571428571,0.9821428571428572,0.9821200510855683,0.9833333333333334,0.9821428571428572,0.9821428571428571,0.9821428571428572,0.9821200510855683,0.9833333333333334,0.9821428571428572,0.0,0.0,0.0,0.0,0.0
grabmyo-S35-K3-seed3418,35,3,3418,all_eval,12,72,1.0,1.0,1.0,1.0,1.0,1.0,1.0,1.0,1.0,1.0,0.0,0.0,0.0,0.0,0.0
grabmyo-S35-K3-seed3418,35,3,3418,same_session_holdout,12,16,1.0,1.0,1.0,1.0,1.0,1.0,1.0,1.0,1.0,1.0,0.0,0.0,0.0,0.0,0.0
grabmyo-S35-K3-seed3418,35,3,3418,cross_session,12,56,1.0,1.0,1.0,1.0,1.0,1.0,1.0,1.0,1.0,1.0,0.0,0.0,0.0,0.0,0.0
grabmyo-S41-K3-seed3418,41,3,3418,all_eval,12,72,1.0,1.0,1.0,1.0,1.0,1.0,1.0,1.0,1.0,1.0,0.0,0.0,0.0,0.0,0.0
grabmyo-S41-K3-seed3418,41,3,3418,same_session_holdout,12,16,1.0,1.0,1.0,1.0,1.0,1.0,1.0,1.0,1.0,1.0,0.0,0.0,0.0,0.0,0.0
grabmyo-S41-K3-seed3418,41,3,3418,cross_session,12,56,1.0,1.0,1.0,1.0,1.0,1.0,1.0,1.0,1.0,1.0,0.0,0.0,0.0,0.0,0.0
grabmyo-S12-K3-seed3419,12,3,3419,all_eval,12,72,1.0,1.0,1.0,1.0,1.0,1.0,1.0,1.0,1.0,1.0,0.0,0.0,0.0,0.0,0.0
grabmyo-S12-K3-seed3419,12,3,3419,same_session_holdout,12,16,1.0,1.0,1.0,1.0,1.0,1.0,1.0,1.0,1.0,1.0,0.0,0.0,0.0,0.0,0.0
grabmyo-S12-K3-seed3419,12,3,3419,cross_session,12,56,1.0,1.0,1.0,1.0,1.0,1.0,1.0,1.0,1.0,1.0,0.0,0.0,0.0,0.0,0.0
grabmyo-S13-K3-seed3419,13,3,3419,all_eval,12,72,1.0,1.0,1.0,1.0,1.0,1.0,1.0,1.0,1.0,1.0,0.0,0.0,0.0,0.0,0.0
grabmyo-S13-K3-seed3419,13,3,3419,same_session_holdout,12,16,1.0,1.0,1.0,1.0,1.0,1.0,1.0,1.0,1.0,1.0,0.0,0.0,0.0,0.0,0.0
grabmyo-S13-K3-seed3419,13,3,3419,cross_session,12,56,1.0,1.0,1.0,1.0,1.0,1.0,1.0,1.0,1.0,1.0,0.0,0.0,0.0,0.0,0.0
grabmyo-S25-K3-seed3419,25,3,3419,all_eval,12,72,1.0,1.0,1.0,1.0,1.0,1.0,1.0,1.0,1.0,1.0,0.0,0.0,0.0,0.0,0.0
grabmyo-S25-K3-seed3419,25,3,3419,same_session_holdout,12,16,1.0,1.0,1.0,1.0,1.0,1.0,1.0,1.0,1.0,1.0,0.0,0.0,0.0,0.0,0.0
grabmyo-S25-K3-seed3419,25,3,3419,cross_session,12,56,1.0,1.0,1.0,1.0,1.0,1.0,1.0,1.0,1.0,1.0,0.0,0.0,0.0,0.0,0.0
grabmyo-S26-K3-seed3419,26,3,3419,all_eval,12,72,0.9861111111111112,0.9861111111111112,0.9861003861003861,0.9868421052631579,0.9861111111111112,0.9861111111111112,0.9861111111111112,0.9861003861003861,0.9868421052631579,0.9861111111111112,0.0,0.0,0.0,0.0,0.0
grabmyo-S26-K3-seed3419,26,3,3419,same_session_holdout,12,16,1.0,1.0,1.0,1.0,1.0,1.0,1.0,1.0,1.0,1.0,0.0,0.0,0.0,0.0,0.0
grabmyo-S26-K3-seed3419,26,3,3419,cross_session,12,56,0.9821428571428571,0.9821428571428572,0.9821200510855683,0.9833333333333334,0.9821428571428572,0.9821428571428571,0.9821428571428572,0.9821200510855683,0.9833333333333334,0.9821428571428572,0.0,0.0,0.0,0.0,0.0
grabmyo-S29-K3-seed3419,29,3,3419,all_eval,12,72,1.0,1.0,1.0,1.0,1.0,1.0,1.0,1.0,1.0,1.0,0.0,0.0,0.0,0.0,0.0
grabmyo-S29-K3-seed3419,29,3,3419,same_session_holdout,12,16,1.0,1.0,1.0,1.0,1.0,1.0,1.0,1.0,1.0,1.0,0.0,0.0,0.0,0.0,0.0
grabmyo-S29-K3-seed3419,29,3,3419,cross_session,12,56,1.0,1.0,1.0,1.0,1.0,1.0,1.0,1.0,1.0,1.0,0.0,0.0,0.0,0.0,0.0
grabmyo-S33-K3-seed3419,33,3,3419,all_eval,12,72,0.9444444444444444,0.9444444444444444,0.94375,0.9545454545454546,0.9444444444444444,0.9444444444444444,0.9444444444444444,0.94375,0.9545454545454546,0.9444444444444444,0.0,0.0,0.0,0.0,0.0
grabmyo-S33-K3-seed3419,33,3,3419,same_session_holdout,12,16,1.0,1.0,1.0,1.0,1.0,1.0,1.0,1.0,1.0,1.0,0.0,0.0,0.0,0.0,0.0
grabmyo-S33-K3-seed3419,33,3,3419,cross_session,12,56,0.9285714285714286,0.9285714285714286,0.9270833333333334,0.9444444444444444,0.9285714285714286,0.9285714285714286,0.9285714285714286,0.9270833333333334,0.9444444444444444,0.9285714285714286,0.0,0.0,0.0,0.0,0.0
grabmyo-S34-K3-seed3419,34,3,3419,all_eval,12,72,0.9861111111111112,0.9861111111111112,0.9861003861003861,0.9868421052631579,0.9861111111111112,0.9861111111111112,0.9861111111111112,0.9861003861003861,0.9868421052631579,0.9861111111111112,0.0,0.0,0.0,0.0,0.0
grabmyo-S34-K3-seed3419,34,3,3419,same_session_holdout,12,16,1.0,1.0,1.0,1.0,1.0,1.0,1.0,1.0,1.0,1.0,0.0,0.0,0.0,0.0,0.0
grabmyo-S34-K3-seed3419,34,3,3419,cross_session,12,56,0.9821428571428571,0.9821428571428572,0.9821200510855683,0.9833333333333334,0.9821428571428572,0.9821428571428571,0.9821428571428572,0.9821200510855683,0.9833333333333334,0.9821428571428572,0.0,0.0,0.0,0.0,0.0
grabmyo-S35-K3-seed3419,35,3,3419,all_eval,12,72,1.0,1.0,1.0,1.0,1.0,1.0,1.0,1.0,1.0,1.0,0.0,0.0,0.0,0.0,0.0
grabmyo-S35-K3-seed3419,35,3,3419,same_session_holdout,12,16,1.0,1.0,1.0,1.0,1.0,1.0,1.0,1.0,1.0,1.0,0.0,0.0,0.0,0.0,0.0
grabmyo-S35-K3-seed3419,35,3,3419,cross_session,12,56,1.0,1.0,1.0,1.0,1.0,1.0,1.0,1.0,1.0,1.0,0.0,0.0,0.0,0.0,0.0
grabmyo-S41-K3-seed3419,41,3,3419,all_eval,12,72,1.0,1.0,1.0,1.0,1.0,1.0,1.0,1.0,1.0,1.0,0.0,0.0,0.0,0.0,0.0
grabmyo-S41-K3-seed3419,41,3,3419,same_session_holdout,12,16,1.0,1.0,1.0,1.0,1.0,1.0,1.0,1.0,1.0,1.0,0.0,0.0,0.0,0.0,0.0
grabmyo-S41-K3-seed3419,41,3,3419,cross_session,12,56,1.0,1.0,1.0,1.0,1.0,1.0,1.0,1.0,1.0,1.0,0.0,0.0,0.0,0.0,0.0
grabmyo-S12-K3-seed3420,12,3,3420,all_eval,12,72,1.0,1.0,1.0,1.0,1.0,1.0,1.0,1.0,1.0,1.0,0.0,0.0,0.0,0.0,0.0
grabmyo-S12-K3-seed3420,12,3,3420,same_session_holdout,12,16,1.0,1.0,1.0,1.0,1.0,1.0,1.0,1.0,1.0,1.0,0.0,0.0,0.0,0.0,0.0
grabmyo-S12-K3-seed3420,12,3,3420,cross_session,12,56,1.0,1.0,1.0,1.0,1.0,1.0,1.0,1.0,1.0,1.0,0.0,0.0,0.0,0.0,0.0
grabmyo-S13-K3-seed3420,13,3,3420,all_eval,12,72,1.0,1.0,1.0,1.0,1.0,1.0,1.0,1.0,1.0,1.0,0.0,0.0,0.0,0.0,0.0
grabmyo-S13-K3-seed3420,13,3,3420,same_session_holdout,12,16,1.0,1.0,1.0,1.0,1.0,1.0,1.0,1.0,1.0,1.0,0.0,0.0,0.0,0.0,0.0
grabmyo-S13-K3-seed3420,13,3,3420,cross_session,12,56,1.0,1.0,1.0,1.0,1.0,1.0,1.0,1.0,1.0,1.0,0.0,0.0,0.0,0.0,0.0
grabmyo-S25-K3-seed3420,25,3,3420,all_eval,12,72,1.0,1.0,1.0,1.0,1.0,1.0,1.0,1.0,1.0,1.0,0.0,0.0,0.0,0.0,0.0
grabmyo-S25-K3-seed3420,25,3,3420,same_session_holdout,12,16,1.0,1.0,1.0,1.0,1.0,1.0,1.0,1.0,1.0,1.0,0.0,0.0,0.0,0.0,0.0
grabmyo-S25-K3-seed3420,25,3,3420,cross_session,12,56,1.0,1.0,1.0,1.0,1.0,1.0,1.0,1.0,1.0,1.0,0.0,0.0,0.0,0.0,0.0
grabmyo-S26-K3-seed3420,26,3,3420,all_eval,12,72,0.9861111111111112,0.9861111111111112,0.9861003861003861,0.9868421052631579,0.9861111111111112,0.9861111111111112,0.9861111111111112,0.9861003861003861,0.9868421052631579,0.9861111111111112,0.0,0.0,0.0,0.0,0.0
grabmyo-S26-K3-seed3420,26,3,3420,same_session_holdout,12,16,1.0,1.0,1.0,1.0,1.0,1.0,1.0,1.0,1.0,1.0,0.0,0.0,0.0,0.0,0.0
grabmyo-S26-K3-seed3420,26,3,3420,cross_session,12,56,0.9821428571428571,0.9821428571428572,0.9821200510855683,0.9833333333333334,0.9821428571428572,0.9821428571428571,0.9821428571428572,0.9821200510855683,0.9833333333333334,0.9821428571428572,0.0,0.0,0.0,0.0,0.0
grabmyo-S29-K3-seed3420,29,3,3420,all_eval,12,72,0.9861111111111112,0.9861111111111112,0.9861003861003861,0.9868421052631579,0.9861111111111112,0.9861111111111112,0.9861111111111112,0.9861003861003861,0.9868421052631579,0.9861111111111112,0.0,0.0,0.0,0.0,0.0
grabmyo-S29-K3-seed3420,29,3,3420,same_session_holdout,12,16,0.9375,0.9375,0.9365079365079365,0.95,0.9375,0.9375,0.9375,0.9365079365079365,0.95,0.9375,0.0,0.0,0.0,0.0,0.0
grabmyo-S29-K3-seed3420,29,3,3420,cross_session,12,56,1.0,1.0,1.0,1.0,1.0,1.0,1.0,1.0,1.0,1.0,0.0,0.0,0.0,0.0,0.0
grabmyo-S33-K3-seed3420,33,3,3420,all_eval,12,72,0.9305555555555556,0.9305555555555556,0.9279206625980819,0.9413875598086124,0.9305555555555556,0.9166666666666666,0.9166666666666666,0.9142361111111111,0.9227994227994228,0.9166666666666666,-0.01388888888888895,-0.01388888888888895,-0.013684551486970786,-0.018588137009189598,-0.01388888888888895
grabmyo-S33-K3-seed3420,33,3,3420,same_session_holdout,12,16,0.9375,0.9375,0.9365079365079365,0.95,0.9375,0.875,0.875,0.875,0.875,0.875,-0.0625,-0.0625,-0.06150793650793651,-0.07499999999999996,-0.0625
grabmyo-S33-K3-seed3420,33,3,3420,cross_session,12,56,0.9285714285714286,0.9285714285714286,0.9270833333333334,0.9444444444444444,0.9285714285714286,0.9285714285714286,0.9285714285714286,0.9270833333333334,0.9444444444444444,0.9285714285714286,0.0,0.0,0.0,0.0,0.0
grabmyo-S34-K3-seed3420,34,3,3420,all_eval,12,72,0.9861111111111112,0.9861111111111112,0.9861003861003861,0.9868421052631579,0.9861111111111112,0.9861111111111112,0.9861111111111112,0.9861003861003861,0.9868421052631579,0.9861111111111112,0.0,0.0,0.0,0.0,0.0
grabmyo-S34-K3-seed3420,34,3,3420,same_session_holdout,12,16,1.0,1.0,1.0,1.0,1.0,1.0,1.0,1.0,1.0,1.0,0.0,0.0,0.0,0.0,0.0
grabmyo-S34-K3-seed3420,34,3,3420,cross_session,12,56,0.9821428571428571,0.9821428571428572,0.9821200510855683,0.9833333333333334,0.9821428571428572,0.9821428571428571,0.9821428571428572,0.9821200510855683,0.9833333333333334,0.9821428571428572,0.0,0.0,0.0,0.0,0.0
grabmyo-S35-K3-seed3420,35,3,3420,all_eval,12,72,1.0,1.0,1.0,1.0,1.0,1.0,1.0,1.0,1.0,1.0,0.0,0.0,0.0,0.0,0.0
grabmyo-S35-K3-seed3420,35,3,3420,same_session_holdout,12,16,1.0,1.0,1.0,1.0,1.0,1.0,1.0,1.0,1.0,1.0,0.0,0.0,0.0,0.0,0.0
grabmyo-S35-K3-seed3420,35,3,3420,cross_session,12,56,1.0,1.0,1.0,1.0,1.0,1.0,1.0,1.0,1.0,1.0,0.0,0.0,0.0,0.0,0.0
grabmyo-S41-K3-seed3420,41,3,3420,all_eval,12,72,1.0,1.0,1.0,1.0,1.0,1.0,1.0,1.0,1.0,1.0,0.0,0.0,0.0,0.0,0.0
grabmyo-S41-K3-seed3420,41,3,3420,same_session_holdout,12,16,1.0,1.0,1.0,1.0,1.0,1.0,1.0,1.0,1.0,1.0,0.0,0.0,0.0,0.0,0.0
grabmyo-S41-K3-seed3420,41,3,3420,cross_session,12,56,1.0,1.0,1.0,1.0,1.0,1.0,1.0,1.0,1.0,1.0,0.0,0.0,0.0,0.0,0.0
