row_key,business_need,prd_reference,srs_requirement,requirement_type,requirement_text,evidence_status,implementation_status,roadmap_day,target_artifact,verification_method,acceptance_evidence,safety_critical,open_questions
FR-001,PRD-NEED-01,PRD-NEED-01,FR-001,FUNCTIONAL,Hệ thống phải ingest được Noraxon MR4 single CSV có metadata header và bảng time-series.,VERIFIED_DOCUMENTED,IDENTIFIED,DAY_09;DAY_16;DAY_19;DAY_20;DAY_60;DAY_82;DAY_90,"{'title': 'Noraxon Single-CSV Golden Contract', 'outputs': ['data-platform/contracts/noraxon/mr4-single-csv.schema.yaml', 'data-platform/contracts/noraxon/mr4-single-csv-examples.md', 'qa-validation/test-data/golden/noraxon/single_csv/README.md']};{'title': 'MR4 Single-CSV Parser Implementation', 'outputs': ['services/signal-ingestion-service/src/adapters/noraxon_single_csv.py', 'qa-validation/automated-tests/ingestion/test_noraxon_single_csv.py']};{'title': 'Ingestion Integration: Cross-Rate, Failure Safety & Provenance', 'outputs': ['services/signal-ingestion-service/src/application/ingest_session.py', 'qa-validation/automated-tests/integration/test_ingestion_e2e.py', 'docs/05-data/ingestion-failure-taxonomy.md']};{'title': 'Real Data Contract Freeze & GATE B', 'outputs': ['data-platform/contracts/noraxon/contract-freeze-v1.0.md', 'qa-validation/validation-reports/ingestion-real-data-validation-v1.0.md', 'docs/00-executive/gates/GATE-B-real-data-readiness.md']};{'title': 'Offline Copilot End-to-End Integration — M4', 'outputs': ['scripts/run_motionlab_offline_copilot.py', 'qa-validation/automated-tests/integration/test_offline_copilot_e2e.py', 'docs/00-executive/milestones/M4-offline-copilot-e2e.md']};{'title': 'Parser & Data-Integrity Validation on Locked Real Data', 'outputs': ['qa-validation/validation-reports/retrospective-ingestion-validation-v1.0.md', 'ai-core/metrics/ingestion_metrics.v1.0.json', 'scripts/validate_locked_ingestion.py']};{'title': 'Final Readiness Review — GATE FINAL / M9', 'outputs': ['docs/00-executive/gates/FINAL-readiness-decision.md', 'docs/00-executive/milestones/M9-controlled-pilot-readiness.md', 'docs/00-executive/rebaseline/day90-evidence-index.md']}",GOLDEN_FILE_TEST;SCHEMA_TEST;CORRUPTED_FILE_TEST,Versioned test/evidence artifact produced on planned day,false,
FR-002,PRD-NEED-01,PRD-NEED-01,FR-002,FUNCTIONAL,Hệ thống phải ingest được Noraxon MR4 separated export gồm info.csv và các signal files độc lập.,VERIFIED_DOCUMENTED,IDENTIFIED,DAY_10;DAY_17;DAY_90,"{'title': 'Noraxon Separated-CSV + info.csv Golden Contract', 'outputs': ['data-platform/contracts/noraxon/mr4-separated.schema.yaml', 'data-platform/contracts/noraxon/mr4-signal-file.schema.yaml', 'qa-validation/test-data/golden/noraxon/separated_csv/README.md']};{'title': 'MR4 Separated-CSV Parser Implementation', 'outputs': ['services/signal-ingestion-service/src/adapters/noraxon_separated_csv.py', 'qa-validation/automated-tests/ingestion/test_noraxon_separated_csv.py']};{'title': 'Final Readiness Review — GATE FINAL / M9', 'outputs': ['docs/00-executive/gates/FINAL-readiness-decision.md', 'docs/00-executive/milestones/M9-controlled-pilot-readiness.md', 'docs/00-executive/rebaseline/day90-evidence-index.md']}",GOLDEN_FILE_TEST;SCHEMA_TEST;CORRUPTED_FILE_TEST,Versioned test/evidence artifact produced on planned day,false,
FR-003,PRD-NEED-01,PRD-NEED-01,FR-003,FUNCTIONAL,"Parser phải đọc metadata từng signal: type, name, begin_time, frequency, count, units nếu tồn tại.",VERIFIED_DOCUMENTED,IDENTIFIED,DAY_65;DAY_90,"{'title': 'Pressure Canonical Contract & Ingestion', 'outputs': ['packages/common-schemas/json/pressure-signal.schema.json', 'services/signal-ingestion-service/src/normalization/pressure_mapper.py', 'qa-validation/automated-tests/pressure/test_pressure_ingestion.py']};{'title': 'Final Readiness Review — GATE FINAL / M9', 'outputs': ['docs/00-executive/gates/FINAL-readiness-decision.md', 'docs/00-executive/milestones/M9-controlled-pilot-readiness.md', 'docs/00-executive/rebaseline/day90-evidence-index.md']}",METADATA_CONTRACT_TEST,Versioned test/evidence artifact produced on planned day,false,
FR-004,PRD-NEED-01,PRD-NEED-01,FR-004,FUNCTIONAL,Parser không được giả định mọi signal trong cùng record có cùng sampling rate.,VERIFIED_DOCUMENTED,IDENTIFIED,DAY_13;DAY_15;DAY_29;DAY_90,"{'title': 'Unit / Time / Count / Sampling Validation Engine', 'outputs': ['services/signal-ingestion-service/src/validation/time_count_unit.py', 'data-platform/contracts/unit-registry.v0.1.yaml', 'qa-validation/automated-tests/ingestion/test_time_count_unit.py']};{'title': 'Corrupted Fixture Factory for Data Contracts', 'outputs': ['qa-validation/test-data/synthetic/generators/noraxon_corruption_factory.py', 'qa-validation/test-data/golden/noraxon/corrupted/manifest.yaml', 'qa-validation/automated-tests/ingestion/test_corrupted_fixtures.py']};{'title': 'Data-QC Integration: Timestamp, Unit & Multimodal Sync Failure', 'outputs': ['services/quality-gate-service/src/detectors/data_integrity.py', 'packages/common-schemas/json/qc-data-quality-codes.schema.json', 'qa-validation/automated-tests/qc/test_data_integrity_qc.py']};{'title': 'Final Readiness Review — GATE FINAL / M9', 'outputs': ['docs/00-executive/gates/FINAL-readiness-decision.md', 'docs/00-executive/milestones/M9-controlled-pilot-readiness.md', 'docs/00-executive/rebaseline/day90-evidence-index.md']}",MULTIRATE_FIXTURE_TEST,Versioned test/evidence artifact produced on planned day,false,
FR-005,PRD-NEED-01,PRD-NEED-01,FR-005,FUNCTIONAL,Hệ thống phải kiểm tra time tăng đơn điệu và metadata count khớp số dòng khi có thể.,VERIFIED_DOCUMENTED,IDENTIFIED,DAY_90,"{'title': 'Final Readiness Review — GATE FINAL / M9', 'outputs': ['docs/00-executive/gates/FINAL-readiness-decision.md', 'docs/00-executive/milestones/M9-controlled-pilot-readiness.md', 'docs/00-executive/rebaseline/day90-evidence-index.md']}",TIME_COUNT_VALIDATION_TEST,Versioned test/evidence artifact produced on planned day,false,
FR-006,PRD-NEED-01,PRD-NEED-01,FR-006,FUNCTIONAL,Hệ thống phải phân biệt và lưu đơn vị V/uV; mọi conversion phải có provenance.,VERIFIED_DOCUMENTED,IDENTIFIED,DAY_90,"{'title': 'Final Readiness Review — GATE FINAL / M9', 'outputs': ['docs/00-executive/gates/FINAL-readiness-decision.md', 'docs/00-executive/milestones/M9-controlled-pilot-readiness.md', 'docs/00-executive/rebaseline/day90-evidence-index.md']}",UNIT_CONVERSION_PROVENANCE_TEST,Versioned test/evidence artifact produced on planned day,false,
FR-007,PRD-NEED-01,PRD-NEED-01,FR-007,FUNCTIONAL,Raw layer phải giữ nguyên missing values; không tự nội suy.,VERIFIED_DOCUMENTED,IDENTIFIED,DAY_11;DAY_90,"{'title': 'Immutable Raw, Source Hashing & SourceRecord Ledger', 'outputs': ['packages/common-schemas/json/source-record.schema.json', 'data-platform/storage/raw-immutability-policy.md', 'services/signal-ingestion-service/src/provenance/source_ledger.py']};{'title': 'Final Readiness Review — GATE FINAL / M9', 'outputs': ['docs/00-executive/gates/FINAL-readiness-decision.md', 'docs/00-executive/milestones/M9-controlled-pilot-readiness.md', 'docs/00-executive/rebaseline/day90-evidence-index.md']}",RAW_IMMUTABILITY_TEST,Versioned test/evidence artifact produced on planned day,true,
FR-008,PRD-NEED-01,PRD-NEED-01,FR-008,FUNCTIONAL,Mỗi file nguồn phải có checksum/hash và source identifier.,VERIFIED_DOCUMENTED,IDENTIFIED,DAY_90,"{'title': 'Final Readiness Review — GATE FINAL / M9', 'outputs': ['docs/00-executive/gates/FINAL-readiness-decision.md', 'docs/00-executive/milestones/M9-controlled-pilot-readiness.md', 'docs/00-executive/rebaseline/day90-evidence-index.md']}",HASH_LEDGER_TEST,Versioned test/evidence artifact produced on planned day,false,
FR-009,PRD-NEED-01,PRD-NEED-01,FR-009,FUNCTIONAL,Hệ thống phải hỗ trợ Vicon stacked-section parser cho Events/Devices/Model Outputs/Trajectories khi use case yêu cầu.,VERIFIED_DOCUMENTED,IDENTIFIED,DAY_18;DAY_75;DAY_90,"{'title': 'Minimal Optional Vicon Stacked-Section Parser', 'outputs': ['services/signal-ingestion-service/src/adapters/vicon_stacked_csv.py', 'data-platform/contracts/vicon/stacked-sections.v0.1.yaml', 'qa-validation/automated-tests/ingestion/test_vicon_stacked_csv.py']};{'title': 'DR-K04 — Vicon Version, Model, Marker Set & Coordinate Convention Audit', 'outputs': ['clinical/knee-discovery/DR-K04-vicon-model-audit.md', 'data-platform/contracts/vicon/coordinate-convention-evidence.yaml', 'ai-core/notebooks/knee_coordinate_diagnostic.ipynb']};{'title': 'Final Readiness Review — GATE FINAL / M9', 'outputs': ['docs/00-executive/gates/FINAL-readiness-decision.md', 'docs/00-executive/milestones/M9-controlled-pilot-readiness.md', 'docs/00-executive/rebaseline/day90-evidence-index.md']}",STACKED_SECTION_FIXTURE_TEST,Versioned test/evidence artifact produced on planned day,false,
FR-010,PRD-NEED-01,PRD-NEED-01,FR-010,FUNCTIONAL,Không được hard-code mapping X/Y/Z sang mặt phẳng giải phẫu nếu model/coordinate convention chưa xác nhận.,VERIFIED_DOCUMENTED,IDENTIFIED,DAY_48;DAY_80;DAY_90,"{'title': 'Activation-Timing Eligibility — Conditional Capability', 'outputs': ['services/feature-extraction-service/src/metrics/activation_timing.py', 'configs/metrics/activation-timing-policy.v0.1.yaml', 'qa-validation/automated-tests/metrics/test_activation_timing.py']};{'title': 'Knee/ACL Root-Cause Decision — GATE F / M7', 'outputs': ['docs/00-executive/gates/GATE-F-knee-root-cause.md', 'docs/00-executive/milestones/M7-knee-discovery-decision.md', 'clinical/knee-discovery/knee-decision-record.v1.0.md']};{'title': 'Final Readiness Review — GATE FINAL / M9', 'outputs': ['docs/00-executive/gates/FINAL-readiness-decision.md', 'docs/00-executive/milestones/M9-controlled-pilot-readiness.md', 'docs/00-executive/rebaseline/day90-evidence-index.md']}",COORDINATE_CONVENTION_GATE_TEST,Versioned test/evidence artifact produced on planned day,true,
FR-020,PRD-NS-01,PRD-NS-01,FR-020,FUNCTIONAL,Hệ thống phải tạo canonical Session ID không chứa định danh trực tiếp của bệnh nhân.,VERIFIED_DOCUMENTED,IDENTIFIED,DAY_05;DAY_12;DAY_90,"{'title': 'Privacy, PHI & De-identification Gate', 'outputs': ['security-compliance/privacy/motionlab-data-classification.v0.1.md', 'security-compliance/privacy/deidentification-sop.v0.1.md', 'security-compliance/privacy/patient-data-access-matrix.v0.1.yaml']};{'title': 'Canonical Session, Signal & ProtocolContext Contract', 'outputs': ['packages/common-schemas/json/session.schema.json', 'packages/common-schemas/json/signal.schema.json', 'packages/common-schemas/json/protocol-context.schema.json', 'packages/common-schemas/json/session.schema.json']};{'title': 'Final Readiness Review — GATE FINAL / M9', 'outputs': ['docs/00-executive/gates/FINAL-readiness-decision.md', 'docs/00-executive/milestones/M9-controlled-pilot-readiness.md', 'docs/00-executive/rebaseline/day90-evidence-index.md']}",METADATA_VALIDATION_TEST;CONTRACT_TEST,Versioned test/evidence artifact produced on planned day,false,
FR-021,PRD-NS-01,PRD-NS-01,FR-021,FUNCTIONAL,"Hệ thống phải lưu device/software version, measurement time, sampling rate, channel/signal name, units và record name khi nguồn có.",VERIFIED_DOCUMENTED,IDENTIFIED,DAY_90,"{'title': 'Final Readiness Review — GATE FINAL / M9', 'outputs': ['docs/00-executive/gates/FINAL-readiness-decision.md', 'docs/00-executive/milestones/M9-controlled-pilot-readiness.md', 'docs/00-executive/rebaseline/day90-evidence-index.md']}",METADATA_VALIDATION_TEST;CONTRACT_TEST,Versioned test/evidence artifact produced on planned day,false,
FR-022,PRD-NS-01,PRD-NS-01,FR-022,FUNCTIONAL,"Hệ thống phải hỗ trợ metadata cơ, bên trái/phải, protocol, task, load/speed và clinical context khi được cung cấp.",VERIFIED_DOCUMENTED,IDENTIFIED,DAY_14;DAY_90,"{'title': 'Vendor-to-Canonical Channel Ontology & Metadata Completeness Policy', 'outputs': ['clinical/ontologies/muscle-channel-ontology.v0.1.yaml', 'configs/validation/metadata-policy.v0.1.yaml', 'services/signal-ingestion-service/src/normalization/channel_mapper.py']};{'title': 'Final Readiness Review — GATE FINAL / M9', 'outputs': ['docs/00-executive/gates/FINAL-readiness-decision.md', 'docs/00-executive/milestones/M9-controlled-pilot-readiness.md', 'docs/00-executive/rebaseline/day90-evidence-index.md']}",METADATA_VALIDATION_TEST;CONTRACT_TEST,Versioned test/evidence artifact produced on planned day,false,
FR-023,PRD-NS-01,PRD-NS-01,FR-023,FUNCTIONAL,"Thiếu metadata bắt buộc phải tạo validation warning/fail theo policy, không tự điền phỏng đoán.",VERIFIED_DOCUMENTED,IDENTIFIED,DAY_25;DAY_90,"{'title': 'Baseline / Noise-Level Indicator by Protocol', 'outputs': ['services/quality-gate-service/src/detectors/baseline_noise.py', 'configs/qc/baseline-noise.v0.1.yaml', 'qa-validation/automated-tests/qc/test_baseline_noise.py']};{'title': 'Final Readiness Review — GATE FINAL / M9', 'outputs': ['docs/00-executive/gates/FINAL-readiness-decision.md', 'docs/00-executive/milestones/M9-controlled-pilot-readiness.md', 'docs/00-executive/rebaseline/day90-evidence-index.md']}",METADATA_VALIDATION_TEST;CONTRACT_TEST,Versioned test/evidence artifact produced on planned day,true,
FR-024,PRD-NS-01,PRD-NS-01,FR-024,FUNCTIONAL,Hệ thống phải cho phép mapping tên signal vendor sang canonical muscle/channel ontology có version.,VERIFIED_DOCUMENTED,IDENTIFIED,DAY_90,"{'title': 'Final Readiness Review — GATE FINAL / M9', 'outputs': ['docs/00-executive/gates/FINAL-readiness-decision.md', 'docs/00-executive/milestones/M9-controlled-pilot-readiness.md', 'docs/00-executive/rebaseline/day90-evidence-index.md']}",METADATA_VALIDATION_TEST;CONTRACT_TEST,Versioned test/evidence artifact produced on planned day,false,
FR-025,PRD-NS-01,PRD-NS-01,FR-025,FUNCTIONAL,Hệ thống phải lưu trạng thái de-identification và source consent/governance metadata nếu có.,VERIFIED_DOCUMENTED,IDENTIFIED,DAY_05;DAY_06;DAY_90,"{'title': 'Privacy, PHI & De-identification Gate', 'outputs': ['security-compliance/privacy/motionlab-data-classification.v0.1.md', 'security-compliance/privacy/deidentification-sop.v0.1.md', 'security-compliance/privacy/patient-data-access-matrix.v0.1.yaml']};{'title': 'Real-Data Evidence Inventory & Access Package', 'outputs': ['data-platform/catalog/motionlab-evidence-inventory.v0.1.yaml', 'data-platform/governance/evidence-tier-policy.v0.1.md', 'clinical/discovery/vinmec-data-request-pack.v0.1.md']};{'title': 'Final Readiness Review — GATE FINAL / M9', 'outputs': ['docs/00-executive/gates/FINAL-readiness-decision.md', 'docs/00-executive/milestones/M9-controlled-pilot-readiness.md', 'docs/00-executive/rebaseline/day90-evidence-index.md']}",METADATA_VALIDATION_TEST;CONTRACT_TEST,Versioned test/evidence artifact produced on planned day,true,
FR-030,PRD-NEED-01,PRD-NEED-01,FR-030,FUNCTIONAL,"QC phải hoạt động tối thiểu ở ba mức: session, channel và time-window.",VERIFIED_DOCUMENTED,IDENTIFIED,DAY_04;DAY_21;DAY_22;DAY_30;DAY_32;DAY_33;DAY_37;DAY_39;DAY_83;DAY_90,"{'title': 'Clinical Data-Quality Taxonomy: Artifact vs Physiological Variation', 'outputs': ['clinical/quality/qc-taxonomy.v0.1.yaml', 'clinical/quality/artifact-vs-physiology-guidance.v0.1.md', 'packages/common-schemas/json/quality-reason-codes.schema.json']};{'title': 'QC Taxonomy & Machine-Readable Reason-Code Contract', 'outputs': ['clinical/quality/qc-taxonomy.v0.2.yaml', 'packages/common-schemas/json/qc-result.schema.json', 'services/quality-gate-service/config/reason-codes.v0.1.yaml']};{'title': 'QC Windowing & Session/Channel Aggregation Architecture', 'outputs': ['packages/semg-core/src/windowing.py', 'services/quality-gate-service/src/aggregation/qc_aggregation.py', 'configs/qc/windowing.v0.1.yaml']};{'title': 'QC Session/Channel/Window Aggregation v0.1', 'outputs': ['services/quality-gate-service/src/aggregation/session_quality.py', 'configs/qc/aggregation.v0.1.yaml', 'qa-validation/automated-tests/qc/test_qc_aggregation.py']};{'title': 'Expert QC Annotation Protocol & Evidence Levels', 'outputs': ['clinical/labels/qc-annotation-protocol.v0.1.md', 'clinical/labels/qc-annotation-schema.v0.1.yaml', 'clinical/review-templates/qc-adjudication-policy.v0.1.md']};{'title': 'Clinician-Annotated Real Windows — Round 1', 'outputs': ['qa-validation/evidence/qc-annotation-round1.manifest.yaml', 'qa-validation/test-data/golden/qc/expert_windows/README.md', 'clinical/review/qc-annotation-round1-summary.md']};{'title': 'QC Sensitivity & Error Analysis: False-Allow vs False-Block', 'outputs': ['qa-validation/validation-reports/qc-sensitivity-error-analysis-v0.1.md', 'ai-core/metrics/qc_metrics.v0.1.json', 'scripts/evaluate_qc.py']};{'title': 'QC Core Freeze & GATE C', 'outputs': ['qa-validation/validation-reports/qc-core-technical-validation-v0.1.md', 'docs/00-executive/gates/GATE-C-qc-readiness.md', 'configs/qc/site-motionlab-v0.1.freeze.yaml']};{'title': 'QC Retrospective Validation Against Clinician Reference', 'outputs': ['qa-validation/validation-reports/retrospective-qc-validation-v1.0.md', 'ai-core/metrics/qc_retrospective_metrics.v1.0.json', 'scripts/validate_qc_retrospective.py']};{'title': 'Final Readiness Review — GATE FINAL / M9', 'outputs': ['docs/00-executive/gates/FINAL-readiness-decision.md', 'docs/00-executive/milestones/M9-controlled-pilot-readiness.md', 'docs/00-executive/rebaseline/day90-evidence-index.md']}",QC_FIXTURE_TEST;EXPERT_WINDOW_VALIDATION,Versioned test/evidence artifact produced on planned day,false,
FR-031,PRD-NEED-01,PRD-NEED-01,FR-031,FUNCTIONAL,QC phải phát hiện/định lượng missing/dropout và đoạn không có dữ liệu.,VERIFIED_DOCUMENTED,IDENTIFIED,DAY_23;DAY_90,"{'title': 'Controlled Artifact Fixtures: Dropout, Missing & Flatline', 'outputs': ['qa-validation/test-data/synthetic/generators/semg_dropout_factory.py', 'qa-validation/test-data/golden/qc/dropout/manifest.yaml', 'qa-validation/automated-tests/qc/test_dropout_detector.py']};{'title': 'Final Readiness Review — GATE FINAL / M9', 'outputs': ['docs/00-executive/gates/FINAL-readiness-decision.md', 'docs/00-executive/milestones/M9-controlled-pilot-readiness.md', 'docs/00-executive/rebaseline/day90-evidence-index.md']}",QC_FIXTURE_TEST;EXPERT_WINDOW_VALIDATION,Versioned test/evidence artifact produced on planned day,false,
FR-032,PRD-NEED-01,PRD-NEED-01,FR-032,FUNCTIONAL,QC phải phát hiện clipping/saturation theo đặc tính dữ liệu/ADC nếu xác định được.,VERIFIED_DOCUMENTED,IDENTIFIED,DAY_24;DAY_35;DAY_90,"{'title': 'Clipping / Saturation Detector', 'outputs': ['services/quality-gate-service/src/detectors/clipping.py', 'configs/qc/clipping.v0.1.yaml', 'qa-validation/automated-tests/qc/test_clipping.py']};{'title': 'QC Threshold Configuration v0.1 — Evidence-Gated', 'outputs': ['configs/qc/site-motionlab-v0.1.yaml', 'docs/06-ai-signal-processing/qc-threshold-rationale.v0.1.md', 'qa-validation/automated-tests/qc/test_threshold_boundaries.py']};{'title': 'Final Readiness Review — GATE FINAL / M9', 'outputs': ['docs/00-executive/gates/FINAL-readiness-decision.md', 'docs/00-executive/milestones/M9-controlled-pilot-readiness.md', 'docs/00-executive/rebaseline/day90-evidence-index.md']}",QC_FIXTURE_TEST;EXPERT_WINDOW_VALIDATION,Versioned test/evidence artifact produced on planned day,false,
FR-033,PRD-NEED-01,PRD-NEED-01,FR-033,FUNCTIONAL,QC phải đánh giá baseline/noise level theo protocol.,VERIFIED_DOCUMENTED,IDENTIFIED,DAY_25;DAY_90,"{'title': 'Baseline / Noise-Level Indicator by Protocol', 'outputs': ['services/quality-gate-service/src/detectors/baseline_noise.py', 'configs/qc/baseline-noise.v0.1.yaml', 'qa-validation/automated-tests/qc/test_baseline_noise.py']};{'title': 'Final Readiness Review — GATE FINAL / M9', 'outputs': ['docs/00-executive/gates/FINAL-readiness-decision.md', 'docs/00-executive/milestones/M9-controlled-pilot-readiness.md', 'docs/00-executive/rebaseline/day90-evidence-index.md']}",QC_FIXTURE_TEST;EXPERT_WINDOW_VALIDATION,Versioned test/evidence artifact produced on planned day,false,
FR-034,PRD-NEED-01,PRD-NEED-01,FR-034,FUNCTIONAL,QC phải có detector/indicator cho power-line interference khi applicable.,VERIFIED_DOCUMENTED,IDENTIFIED,DAY_26;DAY_42;DAY_90,"{'title': 'Power-Line Interference Indicator', 'outputs': ['services/quality-gate-service/src/detectors/powerline.py', 'configs/qc/powerline.v0.1.yaml', 'qa-validation/automated-tests/qc/test_powerline.py']};{'title': 'Notch Filter: Configurable & Evidence-Preserving', 'outputs': ['packages/semg-core/src/filters/notch.py', 'qa-validation/automated-tests/dsp/test_notch.py', 'qa-validation/validation-reports/notch-analytical-v0.1.md']};{'title': 'Final Readiness Review — GATE FINAL / M9', 'outputs': ['docs/00-executive/gates/FINAL-readiness-decision.md', 'docs/00-executive/milestones/M9-controlled-pilot-readiness.md', 'docs/00-executive/rebaseline/day90-evidence-index.md']}",QC_FIXTURE_TEST;EXPERT_WINDOW_VALIDATION,Versioned test/evidence artifact produced on planned day,false,
FR-035,PRD-NEED-01,PRD-NEED-01,FR-035,FUNCTIONAL,QC phải có detector/indicator cho motion artifact/low-frequency contamination.,VERIFIED_DOCUMENTED,IDENTIFIED,DAY_27;DAY_90,"{'title': 'Motion-Artifact / Low-Frequency Contamination Indicator', 'outputs': ['services/quality-gate-service/src/detectors/motion_artifact.py', 'qa-validation/test-data/synthetic/generators/motion_artifact_factory.py', 'qa-validation/automated-tests/qc/test_motion_artifact.py']};{'title': 'Final Readiness Review — GATE FINAL / M9', 'outputs': ['docs/00-executive/gates/FINAL-readiness-decision.md', 'docs/00-executive/milestones/M9-controlled-pilot-readiness.md', 'docs/00-executive/rebaseline/day90-evidence-index.md']}",QC_FIXTURE_TEST;EXPERT_WINDOW_VALIDATION,Versioned test/evidence artifact produced on planned day,false,
FR-036,PRD-NEED-01,PRD-NEED-01,FR-036,FUNCTIONAL,QC phải hỗ trợ flag suspected poor contact/channel abnormality; không tự quy nó thành pathology.,VERIFIED_DOCUMENTED,IDENTIFIED,DAY_28;DAY_36;DAY_90,"{'title': 'Suspected Poor Contact & Unexpected-Channel Evidence', 'outputs': ['services/quality-gate-service/src/detectors/channel_abnormality.py', 'clinical/quality/poor-contact-review-guide.v0.1.md', 'qa-validation/automated-tests/qc/test_channel_abnormality.py']};{'title': 'Clinical Edge-Case Stress Set: Preserve Physiology', 'outputs': ['qa-validation/scenario-tests/qc-clinical-edge-cases.v0.1.yaml', 'clinical/quality/physiology-preservation-test-guide.md', 'qa-validation/validation-reports/qc-edge-case-review-v0.1.md']};{'title': 'Final Readiness Review — GATE FINAL / M9', 'outputs': ['docs/00-executive/gates/FINAL-readiness-decision.md', 'docs/00-executive/milestones/M9-controlled-pilot-readiness.md', 'docs/00-executive/rebaseline/day90-evidence-index.md']}",QC_FIXTURE_TEST;EXPERT_WINDOW_VALIDATION,Versioned test/evidence artifact produced on planned day,true,
FR-037,PRD-NEED-01,PRD-NEED-01,FR-037,FUNCTIONAL,QC phải trả signal_quality = PASS,VERIFIED_DOCUMENTED,IDENTIFIED,DAY_31;DAY_34;DAY_90,"{'title': 'QC Blocking, Abstention & Metric-Handoff Contract', 'outputs': ['packages/common-schemas/json/quality-eligibility.schema.json', 'services/quality-gate-service/src/application/quality_gate.py', 'qa-validation/automated-tests/qc/test_quality_handoff.py']};{'title': 'Reviewer Agreement & QC Adjudication', 'outputs': ['ai-core/notebooks/05_reviewer_agreement_analysis.ipynb', 'qa-validation/evidence/qc-adjudication-round1.md', 'qa-validation/validation-reports/qc-reviewer-agreement-v0.1.md']};{'title': 'Final Readiness Review — GATE FINAL / M9', 'outputs': ['docs/00-executive/gates/FINAL-readiness-decision.md', 'docs/00-executive/milestones/M9-controlled-pilot-readiness.md', 'docs/00-executive/rebaseline/day90-evidence-index.md']}",QC_FIXTURE_TEST;EXPERT_WINDOW_VALIDATION,Versioned test/evidence artifact produced on planned day,true,
FR-038,PRD-NEED-01,PRD-NEED-01,FR-038,FUNCTIONAL,QC FAIL phải block downstream metric không supportable và đưa action suggestion ở mức kỹ thuật.,VERIFIED_DOCUMENTED,IDENTIFIED,DAY_90,"{'title': 'Final Readiness Review — GATE FINAL / M9', 'outputs': ['docs/00-executive/gates/FINAL-readiness-decision.md', 'docs/00-executive/milestones/M9-controlled-pilot-readiness.md', 'docs/00-executive/rebaseline/day90-evidence-index.md']}",QC_FIXTURE_TEST;EXPERT_WINDOW_VALIDATION,Versioned test/evidence artifact produced on planned day,true,
FR-039,PRD-NEED-01,PRD-NEED-01,FR-039,FUNCTIONAL,"QC WARNING phải chuyển vào review queue; bác sĩ có thể accept, reject hoặc yêu cầu reprocess/re-measure.",VERIFIED_DOCUMENTED,IDENTIFIED,DAY_52;DAY_90,"{'title': 'Doctor Review State Machine Contract', 'outputs': ['clinical/workflows/doctor-review-state-machine.v1.0.md', 'packages/common-schemas/json/review-state-machine.schema.json', 'qa-validation/automated-tests/workflow/test_review_state_machine.py']};{'title': 'Final Readiness Review — GATE FINAL / M9', 'outputs': ['docs/00-executive/gates/FINAL-readiness-decision.md', 'docs/00-executive/milestones/M9-controlled-pilot-readiness.md', 'docs/00-executive/rebaseline/day90-evidence-index.md']}",QC_FIXTURE_TEST;EXPERT_WINDOW_VALIDATION,Versioned test/evidence artifact produced on planned day,true,
FR-040,PRD-NEED-01,PRD-NEED-01,FR-040,FUNCTIONAL,Hệ thống phải lưu usable-window ratio và danh sách bad windows/channels.,VERIFIED_DOCUMENTED,IDENTIFIED,DAY_90,"{'title': 'Final Readiness Review — GATE FINAL / M9', 'outputs': ['docs/00-executive/gates/FINAL-readiness-decision.md', 'docs/00-executive/milestones/M9-controlled-pilot-readiness.md', 'docs/00-executive/rebaseline/day90-evidence-index.md']}",QC_FIXTURE_TEST;EXPERT_WINDOW_VALIDATION,Versioned test/evidence artifact produced on planned day,false,
FR-041,PRD-NEED-01,PRD-NEED-01,FR-041,FUNCTIONAL,QC phải được versioned; thay đổi threshold/rule không được làm mất khả năng tái lập kết quả cũ.,VERIFIED_DOCUMENTED,IDENTIFIED,DAY_38;DAY_90,"{'title': 'QC Versioning, Reproducibility & Regression Suite', 'outputs': ['services/quality-gate-service/src/versioning/qc_version.py', 'qa-validation/regression/qc-v0.1-regression.yaml', 'qa-validation/automated-tests/qc/test_qc_reproducibility.py']};{'title': 'Final Readiness Review — GATE FINAL / M9', 'outputs': ['docs/00-executive/gates/FINAL-readiness-decision.md', 'docs/00-executive/milestones/M9-controlled-pilot-readiness.md', 'docs/00-executive/rebaseline/day90-evidence-index.md']}",QC_FIXTURE_TEST;EXPERT_WINDOW_VALIDATION,Versioned test/evidence artifact produced on planned day,true,
FR-050,PRD-NEED-01,PRD-NEED-01,FR-050,FUNCTIONAL,"Preprocessing phải được cấu hình theo protocol/profile, không hard-code một pipeline cho mọi bệnh nhân/task.",VERIFIED_DOCUMENTED,IDENTIFIED,DAY_40;DAY_51;DAY_84;DAY_90,"{'title': 'Protocol-Specific Preprocessing Profile Contract', 'outputs': ['configs/preprocessing/processing-profile.schema.yaml', 'configs/preprocessing/motionlab-semG-v0.1.yaml', 'packages/common-schemas/json/preprocessing-profile.schema.json']};{'title': 'Processing + Metric Engine Freeze — M3', 'outputs': ['qa-validation/validation-reports/processing-metric-engine-v1.0.md', 'configs/preprocessing/motionlab-semG-v0.1.freeze.yaml', 'docs/00-executive/milestones/M3-processing-metrics-ready.md']};{'title': 'Processing & Metric Analytical + Real-Data Validation', 'outputs': ['qa-validation/validation-reports/retrospective-processing-metrics-v1.0.md', 'scripts/validate_metrics_retrospective.py', 'ai-core/metrics/metric_eligibility_metrics.v1.0.json']};{'title': 'Final Readiness Review — GATE FINAL / M9', 'outputs': ['docs/00-executive/gates/FINAL-readiness-decision.md', 'docs/00-executive/milestones/M9-controlled-pilot-readiness.md', 'docs/00-executive/rebaseline/day90-evidence-index.md']}",DSP_REGRESSION_TEST;CONFIG_SNAPSHOT_TEST;ELIGIBILITY_TEST,Versioned test/evidence artifact produced on planned day,true,
FR-051,PRD-NEED-01,PRD-NEED-01,FR-051,FUNCTIONAL,"Mỗi processing step phải lưu method, parameters, version và input/output reference.",VERIFIED_DOCUMENTED,IDENTIFIED,DAY_41;DAY_42;DAY_45;DAY_90,"{'title': 'Band-Pass Filter Implementation & Analytical Verification', 'outputs': ['packages/semg-core/src/filters/bandpass.py', 'qa-validation/automated-tests/dsp/test_bandpass.py', 'qa-validation/validation-reports/bandpass-analytical-v0.1.md']};{'title': 'Notch Filter: Configurable & Evidence-Preserving', 'outputs': ['packages/semg-core/src/filters/notch.py', 'qa-validation/automated-tests/dsp/test_notch.py', 'qa-validation/validation-reports/notch-analytical-v0.1.md']};{'title': 'Raw-to-Processed Provenance Chain & Processing Manifest', 'outputs': ['services/preprocessing-service/src/provenance/processing_manifest.py', 'packages/common-schemas/json/processing-manifest.schema.json', 'qa-validation/automated-tests/dsp/test_processing_lineage.py']};{'title': 'Final Readiness Review — GATE FINAL / M9', 'outputs': ['docs/00-executive/gates/FINAL-readiness-decision.md', 'docs/00-executive/milestones/M9-controlled-pilot-readiness.md', 'docs/00-executive/rebaseline/day90-evidence-index.md']}",DSP_REGRESSION_TEST;CONFIG_SNAPSHOT_TEST;ELIGIBILITY_TEST,Versioned test/evidence artifact produced on planned day,false,
FR-052,PRD-NEED-01,PRD-NEED-01,FR-052,FUNCTIONAL,Các bước như band-pass/notch/rectification/smoothing phải bật/tắt theo config đã phê duyệt.,VERIFIED_DOCUMENTED,IDENTIFIED,DAY_43;DAY_90,"{'title': 'Rectification, Smoothing & Window Masking', 'outputs': ['packages/semg-core/src/transforms/rectify.py', 'packages/semg-core/src/transforms/smooth.py', 'packages/semg-core/src/masking.py', 'qa-validation/automated-tests/dsp/test_transforms_and_masking.py']};{'title': 'Final Readiness Review — GATE FINAL / M9', 'outputs': ['docs/00-executive/gates/FINAL-readiness-decision.md', 'docs/00-executive/milestones/M9-controlled-pilot-readiness.md', 'docs/00-executive/rebaseline/day90-evidence-index.md']}",DSP_REGRESSION_TEST;CONFIG_SNAPSHOT_TEST;ELIGIBILITY_TEST,Versioned test/evidence artifact produced on planned day,false,
FR-053,PRD-NEED-01,PRD-NEED-01,FR-053,FUNCTIONAL,Không được overwrite raw signal.,VERIFIED_DOCUMENTED,IDENTIFIED,DAY_90,"{'title': 'Final Readiness Review — GATE FINAL / M9', 'outputs': ['docs/00-executive/gates/FINAL-readiness-decision.md', 'docs/00-executive/milestones/M9-controlled-pilot-readiness.md', 'docs/00-executive/rebaseline/day90-evidence-index.md']}",DSP_REGRESSION_TEST;CONFIG_SNAPSHOT_TEST;ELIGIBILITY_TEST,Versioned test/evidence artifact produced on planned day,true,
FR-054,PRD-NEED-01,PRD-NEED-01,FR-054,FUNCTIONAL,Hệ thống phải hỗ trợ mask/reject window thay vì xóa dữ liệu khỏi raw.,VERIFIED_DOCUMENTED,IDENTIFIED,DAY_22;DAY_90,"{'title': 'QC Windowing & Session/Channel Aggregation Architecture', 'outputs': ['packages/semg-core/src/windowing.py', 'services/quality-gate-service/src/aggregation/qc_aggregation.py', 'configs/qc/windowing.v0.1.yaml']};{'title': 'Final Readiness Review — GATE FINAL / M9', 'outputs': ['docs/00-executive/gates/FINAL-readiness-decision.md', 'docs/00-executive/milestones/M9-controlled-pilot-readiness.md', 'docs/00-executive/rebaseline/day90-evidence-index.md']}",DSP_REGRESSION_TEST;CONFIG_SNAPSHOT_TEST;ELIGIBILITY_TEST,Versioned test/evidence artifact produced on planned day,true,
FR-055,PRD-NEED-01,PRD-NEED-01,FR-055,FUNCTIONAL,Normalization (ví dụ MVC hoặc reference khác) chỉ được áp dụng khi eligibility conditions được thỏa mãn.,VERIFIED_DOCUMENTED,IDENTIFIED,DAY_44;DAY_90,"{'title': 'Normalization Eligibility & Null-with-Reason Contract', 'outputs': ['services/preprocessing-service/src/eligibility/normalization.py', 'configs/preprocessing/normalization-policy.v0.1.yaml', 'qa-validation/automated-tests/dsp/test_normalization_eligibility.py']};{'title': 'Final Readiness Review — GATE FINAL / M9', 'outputs': ['docs/00-executive/gates/FINAL-readiness-decision.md', 'docs/00-executive/milestones/M9-controlled-pilot-readiness.md', 'docs/00-executive/rebaseline/day90-evidence-index.md']}",DSP_REGRESSION_TEST;CONFIG_SNAPSHOT_TEST;ELIGIBILITY_TEST,Versioned test/evidence artifact produced on planned day,true,
FR-056,PRD-NEED-01,PRD-NEED-01,FR-056,FUNCTIONAL,"Nếu normalization reference không hợp lệ/không có, metric phụ thuộc normalization phải trả null + reason.",VERIFIED_DOCUMENTED,IDENTIFIED,DAY_90,"{'title': 'Final Readiness Review — GATE FINAL / M9', 'outputs': ['docs/00-executive/gates/FINAL-readiness-decision.md', 'docs/00-executive/milestones/M9-controlled-pilot-readiness.md', 'docs/00-executive/rebaseline/day90-evidence-index.md']}",DSP_REGRESSION_TEST;CONFIG_SNAPSHOT_TEST;ELIGIBILITY_TEST,Versioned test/evidence artifact produced on planned day,true,
FR-057,PRD-NEED-01,PRD-NEED-01,FR-057,FUNCTIONAL,Hệ thống phải cho phép bác sĩ xem raw và processed signal cạnh nhau.,VERIFIED_DOCUMENTED,IDENTIFIED,DAY_55;DAY_57;DAY_90,"{'title': 'QC / Raw / Processed / Provenance Read API', 'outputs': ['services/api-server/src/sessions/session_evidence_api.py', 'services/api-server/openapi/session-evidence.v1.yaml', 'qa-validation/automated-tests/api/test_session_evidence_api.py']};{'title': 'Channel/Window Drill-Down & Raw-vs-Processed Viewer', 'outputs': ['apps/web-portal/src/components/charts/RawProcessedSignalViewer.tsx', 'apps/web-portal/src/components/clinical/QCWindowTimeline.tsx', 'apps/web-portal/src/tests/unit/raw-processed-viewer.test.tsx']};{'title': 'Final Readiness Review — GATE FINAL / M9', 'outputs': ['docs/00-executive/gates/FINAL-readiness-decision.md', 'docs/00-executive/milestones/M9-controlled-pilot-readiness.md', 'docs/00-executive/rebaseline/day90-evidence-index.md']}",DSP_REGRESSION_TEST;CONFIG_SNAPSHOT_TEST;ELIGIBILITY_TEST,Versioned test/evidence artifact produced on planned day,false,
FR-060,PRD-NS-01,PRD-NS-01,FR-060,FUNCTIONAL,Metric extraction chỉ chạy trên windows/channels đủ quality/eligibility.,VERIFIED_DOCUMENTED,IDENTIFIED,DAY_46;DAY_47;DAY_58;DAY_90,"{'title': 'Metric Registry v0.1: RMS & MAV', 'outputs': ['services/feature-extraction-service/src/metrics/rms.py', 'services/feature-extraction-service/src/metrics/mav.py', 'services/feature-extraction-service/src/registry.py', 'qa-validation/automated-tests/metrics/test_time_domain_metrics.py']};{'title': 'PSD Foundation & MDF/MNF Metric Validation', 'outputs': ['packages/semg-core/src/spectral/psd.py', 'services/feature-extraction-service/src/metrics/mdf_mnf.py', 'qa-validation/automated-tests/metrics/test_spectral_metrics.py']};{'title': 'Metric Eligibility / Confidence / Reason Viewer', 'outputs': ['apps/web-portal/src/components/clinical/MetricEvidenceCard.tsx', 'apps/web-portal/src/tests/unit/metric-evidence-card.test.tsx']};{'title': 'Final Readiness Review — GATE FINAL / M9', 'outputs': ['docs/00-executive/gates/FINAL-readiness-decision.md', 'docs/00-executive/milestones/M9-controlled-pilot-readiness.md', 'docs/00-executive/rebaseline/day90-evidence-index.md']}",METRIC_ANALYTICAL_TEST;ELIGIBILITY_TEST;PROVENANCE_TEST,Versioned test/evidence artifact produced on planned day,true,
FR-061,PRD-NS-01,PRD-NS-01,FR-061,FUNCTIONAL,Hệ thống phải hỗ trợ registry metric versioned; ví dụ RMS/MAV/MDF/MNF/activation timing khi protocol support.,VERIFIED_DOCUMENTED,IDENTIFIED,DAY_48;DAY_90,"{'title': 'Activation-Timing Eligibility — Conditional Capability', 'outputs': ['services/feature-extraction-service/src/metrics/activation_timing.py', 'configs/metrics/activation-timing-policy.v0.1.yaml', 'qa-validation/automated-tests/metrics/test_activation_timing.py']};{'title': 'Final Readiness Review — GATE FINAL / M9', 'outputs': ['docs/00-executive/gates/FINAL-readiness-decision.md', 'docs/00-executive/milestones/M9-controlled-pilot-readiness.md', 'docs/00-executive/rebaseline/day90-evidence-index.md']}",METRIC_ANALYTICAL_TEST;ELIGIBILITY_TEST;PROVENANCE_TEST,Versioned test/evidence artifact produced on planned day,false,
FR-062,PRD-NS-01,PRD-NS-01,FR-062,FUNCTIONAL,"Mỗi metric phải lưu source windows, channel, preprocessing version, units và eligibility result.",VERIFIED_DOCUMENTED,IDENTIFIED,DAY_50;DAY_90,"{'title': 'Session Evidence Bundle: QC + Processing + Metrics + Limitations', 'outputs': ['packages/common-schemas/json/session-evidence.schema.json', 'services/feature-extraction-service/src/application/build_evidence_bundle.py', 'qa-validation/automated-tests/metrics/test_evidence_bundle.py']};{'title': 'Final Readiness Review — GATE FINAL / M9', 'outputs': ['docs/00-executive/gates/FINAL-readiness-decision.md', 'docs/00-executive/milestones/M9-controlled-pilot-readiness.md', 'docs/00-executive/rebaseline/day90-evidence-index.md']}",METRIC_ANALYTICAL_TEST;ELIGIBILITY_TEST;PROVENANCE_TEST,Versioned test/evidence artifact produced on planned day,false,
FR-063,PRD-NS-01,PRD-NS-01,FR-063,FUNCTIONAL,Không được trả giá trị 0 để thay thế cho “không tính được”; phải trả null + reason code.,VERIFIED_DOCUMENTED,IDENTIFIED,DAY_90,"{'title': 'Final Readiness Review — GATE FINAL / M9', 'outputs': ['docs/00-executive/gates/FINAL-readiness-decision.md', 'docs/00-executive/milestones/M9-controlled-pilot-readiness.md', 'docs/00-executive/rebaseline/day90-evidence-index.md']}",METRIC_ANALYTICAL_TEST;ELIGIBILITY_TEST;PROVENANCE_TEST,Versioned test/evidence artifact produced on planned day,true,
FR-064,PRD-NS-01,PRD-NS-01,FR-064,FUNCTIONAL,MFCV phải là optional capability và chỉ enable khi electrode geometry/IED/alignment/site config đạt eligibility đã được xác minh.,VERIFIED_DOCUMENTED,IDENTIFIED,DAY_49;DAY_90,"{'title': 'MFCV Site Eligibility Audit — Optional Capability Only', 'outputs': ['clinical/protocols/mfcv-site-eligibility-checklist.v1.0.md', 'services/feature-extraction-service/src/eligibility/mfcv.py', 'docs/06-ai-signal-processing/mfcv-site-decision.md']};{'title': 'Final Readiness Review — GATE FINAL / M9', 'outputs': ['docs/00-executive/gates/FINAL-readiness-decision.md', 'docs/00-executive/milestones/M9-controlled-pilot-readiness.md', 'docs/00-executive/rebaseline/day90-evidence-index.md']}",METRIC_ANALYTICAL_TEST;ELIGIBILITY_TEST;PROVENANCE_TEST,Versioned test/evidence artifact produced on planned day,true,OQ-016
FR-065,PRD-NS-01,PRD-NS-01,FR-065,FUNCTIONAL,"Fatigue-related metrics nếu có phải được trình bày như evidence/context, không mặc định là chẩn đoán fatigue.",VERIFIED_DOCUMENTED,IDENTIFIED,DAY_61;DAY_90,"{'title': 'Draft Technical Analysis & Finalization Safety Gate', 'outputs': ['services/report-generation-service/src/draft_analysis.py', 'clinical/reporting/draft-analysis-language-policy.v1.0.md', 'qa-validation/automated-tests/reporting/test_finalization_gate.py']};{'title': 'Final Readiness Review — GATE FINAL / M9', 'outputs': ['docs/00-executive/gates/FINAL-readiness-decision.md', 'docs/00-executive/milestones/M9-controlled-pilot-readiness.md', 'docs/00-executive/rebaseline/day90-evidence-index.md']}",METRIC_ANALYTICAL_TEST;ELIGIBILITY_TEST;PROVENANCE_TEST,Versioned test/evidence artifact produced on planned day,true,
FR-066,PRD-NS-01,PRD-NS-01,FR-066,FUNCTIONAL,Hệ thống phải hỗ trợ evidence bundle cho từng session: QC + processing + metrics + uncertainty + limitations.,VERIFIED_DOCUMENTED,IDENTIFIED,DAY_90,"{'title': 'Final Readiness Review — GATE FINAL / M9', 'outputs': ['docs/00-executive/gates/FINAL-readiness-decision.md', 'docs/00-executive/milestones/M9-controlled-pilot-readiness.md', 'docs/00-executive/rebaseline/day90-evidence-index.md']}",METRIC_ANALYTICAL_TEST;ELIGIBILITY_TEST;PROVENANCE_TEST,Versioned test/evidence artifact produced on planned day,true,
FR-070,PRD-NEED-04,PRD-NEED-04,FR-070,FUNCTIONAL,Bác sĩ phải xem được trạng thái QC tổng thể và drill-down tới channel/window.,VERIFIED_DOCUMENTED,IDENTIFIED,DAY_56;DAY_62;DAY_63;DAY_85;DAY_88;DAY_90,"{'title': 'Exception-First QC Dashboard', 'outputs': ['apps/web-portal/src/app/sessions/[id]/quality/page.tsx', 'apps/web-portal/src/components/clinical/QualitySummary.tsx', 'apps/web-portal/src/tests/unit/quality-summary.test.tsx']};{'title': 'Workflow RBAC, Audit & Failure-State Test Pack', 'outputs': ['qa-validation/scenario-tests/doctor-workflow-safety.v1.0.yaml', 'qa-validation/automated-tests/security/test_review_rbac.py', 'qa-validation/validation-reports/workflow-safety-v0.1.md']};{'title': 'Doctor Usability Walkthrough & GATE D', 'outputs': ['clinical/usability/doctor-walkthrough-v0.1.md', 'clinical/usability/doctor-feedback-round1.csv', 'docs/00-executive/gates/GATE-D-offline-copilot-readiness.md']};{'title': 'Workflow Safety, RBAC, Audit & Fail-Closed Validation', 'outputs': ['qa-validation/validation-reports/workflow-safety-validation-v1.0.md', 'qa-validation/scenario-tests/pilot-safety-matrix.v1.0.yaml', 'scripts/run_safety_validation.py']};{'title': 'Human-Factors Remediation, SOP & Training Package', 'outputs': ['ops/pilot/motionlab-operator-sop.v1.0.md', 'clinical/training/doctor-review-training.v1.0.md', 'clinical/training/pilot-scenarios.v1.0.yaml', 'docs/00-executive/day88-remediation-log.md']};{'title': 'Final Readiness Review — GATE FINAL / M9', 'outputs': ['docs/00-executive/gates/FINAL-readiness-decision.md', 'docs/00-executive/milestones/M9-controlled-pilot-readiness.md', 'docs/00-executive/rebaseline/day90-evidence-index.md']}",CLINICAL_WORKFLOW_SCENARIO_TEST;AUDIT_TRAIL_TEST,Versioned test/evidence artifact produced on planned day,false,
FR-071,PRD-NEED-04,PRD-NEED-04,FR-071,FUNCTIONAL,Bác sĩ phải xem raw/processed overlay hoặc side-by-side.,VERIFIED_DOCUMENTED,IDENTIFIED,DAY_90,"{'title': 'Final Readiness Review — GATE FINAL / M9', 'outputs': ['docs/00-executive/gates/FINAL-readiness-decision.md', 'docs/00-executive/milestones/M9-controlled-pilot-readiness.md', 'docs/00-executive/rebaseline/day90-evidence-index.md']}",CLINICAL_WORKFLOW_SCENARIO_TEST;AUDIT_TRAIL_TEST,Versioned test/evidence artifact produced on planned day,false,
FR-072,PRD-NEED-04,PRD-NEED-04,FR-072,FUNCTIONAL,Bác sĩ phải xem metric kèm eligibility/confidence/reason.,VERIFIED_DOCUMENTED,IDENTIFIED,DAY_58;DAY_90,"{'title': 'Metric Eligibility / Confidence / Reason Viewer', 'outputs': ['apps/web-portal/src/components/clinical/MetricEvidenceCard.tsx', 'apps/web-portal/src/tests/unit/metric-evidence-card.test.tsx']};{'title': 'Final Readiness Review — GATE FINAL / M9', 'outputs': ['docs/00-executive/gates/FINAL-readiness-decision.md', 'docs/00-executive/milestones/M9-controlled-pilot-readiness.md', 'docs/00-executive/rebaseline/day90-evidence-index.md']}",CLINICAL_WORKFLOW_SCENARIO_TEST;AUDIT_TRAIL_TEST,Versioned test/evidence artifact produced on planned day,false,
FR-073,PRD-NEED-04,PRD-NEED-04,FR-073,FUNCTIONAL,"Bác sĩ phải có action Accept, Override, Mark for Reprocess, Request Re-measurement, Inconclusive.",VERIFIED_DOCUMENTED,IDENTIFIED,DAY_54;DAY_59;DAY_90,"{'title': 'Doctor Review Action API: Accept / Override / Reprocess / Re-measure / Inconclusive', 'outputs': ['services/api-server/src/review/review_actions.py', 'packages/common-schemas/json/review.schema.json', 'qa-validation/automated-tests/workflow/test_review_actions.py']};{'title': 'Review Queue & Clinician Action Workflow UI', 'outputs': ['apps/web-portal/src/components/clinical/ReviewActions.tsx', 'apps/web-portal/src/app/sessions/[id]/review/page.tsx', 'apps/web-portal/src/tests/e2e/review-actions.spec.ts']};{'title': 'Final Readiness Review — GATE FINAL / M9', 'outputs': ['docs/00-executive/gates/FINAL-readiness-decision.md', 'docs/00-executive/milestones/M9-controlled-pilot-readiness.md', 'docs/00-executive/rebaseline/day90-evidence-index.md']}",CLINICAL_WORKFLOW_SCENARIO_TEST;AUDIT_TRAIL_TEST,Versioned test/evidence artifact produced on planned day,true,
FR-074,PRD-NEED-04,PRD-NEED-04,FR-074,FUNCTIONAL,Override phải yêu cầu reason code; optional free-text note.,VERIFIED_DOCUMENTED,IDENTIFIED,DAY_53;DAY_68;DAY_90,"{'title': 'Immutable Audit Event Schema & Append-Only Store', 'outputs': ['packages/common-schemas/json/audit-event.schema.json', 'services/api-server/src/audit/audit_store.py', 'qa-validation/automated-tests/workflow/test_audit_store.py']};{'title': 'Pressure Confidence, Abstention, Review & Override', 'outputs': ['services/quality-gate-service/src/pressure/lr_decision.py', 'apps/web-portal/src/components/clinical/PressureAssignmentReview.tsx', 'qa-validation/automated-tests/pressure/test_pressure_review_flow.py']};{'title': 'Final Readiness Review — GATE FINAL / M9', 'outputs': ['docs/00-executive/gates/FINAL-readiness-decision.md', 'docs/00-executive/milestones/M9-controlled-pilot-readiness.md', 'docs/00-executive/rebaseline/day90-evidence-index.md']}",CLINICAL_WORKFLOW_SCENARIO_TEST;AUDIT_TRAIL_TEST,Versioned test/evidence artifact produced on planned day,true,
FR-075,PRD-NEED-04,PRD-NEED-04,FR-075,FUNCTIONAL,"Hệ thống phải ghi audit log: user, timestamp, before/after, reason, model/config version.",VERIFIED_DOCUMENTED,IDENTIFIED,DAY_90,"{'title': 'Final Readiness Review — GATE FINAL / M9', 'outputs': ['docs/00-executive/gates/FINAL-readiness-decision.md', 'docs/00-executive/milestones/M9-controlled-pilot-readiness.md', 'docs/00-executive/rebaseline/day90-evidence-index.md']}",CLINICAL_WORKFLOW_SCENARIO_TEST;AUDIT_TRAIL_TEST,Versioned test/evidence artifact produced on planned day,true,
FR-076,PRD-NEED-04,PRD-NEED-04,FR-076,FUNCTIONAL,Draft analysis không được chuyển trạng thái Final nếu chưa có clinician approval.,VERIFIED_DOCUMENTED,IDENTIFIED,DAY_90,"{'title': 'Final Readiness Review — GATE FINAL / M9', 'outputs': ['docs/00-executive/gates/FINAL-readiness-decision.md', 'docs/00-executive/milestones/M9-controlled-pilot-readiness.md', 'docs/00-executive/rebaseline/day90-evidence-index.md']}",CLINICAL_WORKFLOW_SCENARIO_TEST;AUDIT_TRAIL_TEST,Versioned test/evidence artifact produced on planned day,true,
FR-077,PRD-NEED-04,PRD-NEED-04,FR-077,FUNCTIONAL,Hệ thống phải phân biệt “no abnormal finding / no evidence” với “insufficient data”.,VERIFIED_DOCUMENTED,IDENTIFIED,DAY_90,"{'title': 'Final Readiness Review — GATE FINAL / M9', 'outputs': ['docs/00-executive/gates/FINAL-readiness-decision.md', 'docs/00-executive/milestones/M9-controlled-pilot-readiness.md', 'docs/00-executive/rebaseline/day90-evidence-index.md']}",CLINICAL_WORKFLOW_SCENARIO_TEST;AUDIT_TRAIL_TEST,Versioned test/evidence artifact produced on planned day,true,
FR-080,PRD-NEED-05,PRD-NEED-05,FR-080,FUNCTIONAL,Hệ thống phải ingest pressure/contact/COP signals từ Noraxon export nếu available.,VERIFIED_DOCUMENTED,IDENTIFIED,DAY_64;DAY_65;DAY_72;DAY_90,"{'title': 'Pressure Field Semantics Verification: LT/RT Force, COP, Contact', 'outputs': ['clinical/pressure/pressure-field-semantics.v0.1.md', 'data-platform/contracts/noraxon/pressure-field-dictionary.v0.1.yaml', 'clinical/pressure/open-semantics-evidence-log.md']};{'title': 'Pressure Canonical Contract & Ingestion', 'outputs': ['packages/common-schemas/json/pressure-signal.schema.json', 'services/signal-ingestion-service/src/normalization/pressure_mapper.py', 'qa-validation/automated-tests/pressure/test_pressure_ingestion.py']};{'title': 'Plantar Pressure Formal Decision — GATE E / M6', 'outputs': ['docs/00-executive/gates/GATE-E-pressure-p1.md', 'docs/00-executive/milestones/M6-pressure-decision.md', 'clinical/pressure/pressure-p1-limitations.md']};{'title': 'Final Readiness Review — GATE FINAL / M9', 'outputs': ['docs/00-executive/gates/FINAL-readiness-decision.md', 'docs/00-executive/milestones/M9-controlled-pilot-readiness.md', 'docs/00-executive/rebaseline/day90-evidence-index.md']}",PRESSURE_REFERENCE_TEST;ABNORMAL_GAIT_EVALUATION;OVERRIDE_WORKFLOW_TEST,Versioned test/evidence artifact produced on planned day,false,OQ-008
FR-081,PRD-NEED-05,PRD-NEED-05,FR-081,FUNCTIONAL,Module phải phân loại/assign contact theo left/right với confidence.,VERIFIED_DOCUMENTED,IDENTIFIED,DAY_66;DAY_67;DAY_68;DAY_70;DAY_71;DAY_90,"{'title': 'Pressure Failure Taxonomy, Current Workaround & Label Strategy', 'outputs': ['clinical/pressure/lr-failure-taxonomy.v0.1.yaml', 'clinical/pressure/annotation-protocol.v0.1.md', 'clinical/pressure/current-workaround-map.md']};{'title': 'Deterministic Left/Right Assignment Baseline', 'outputs': ['services/quality-gate-service/src/pressure/lr_rules.py', 'configs/pressure/lr-rules-v0.1.yaml', 'qa-validation/automated-tests/pressure/test_lr_rules.py']};{'title': 'Pressure Confidence, Abstention, Review & Override', 'outputs': ['services/quality-gate-service/src/pressure/lr_decision.py', 'apps/web-portal/src/components/clinical/PressureAssignmentReview.tsx', 'qa-validation/automated-tests/pressure/test_pressure_review_flow.py']};{'title': 'Pressure Rule Evaluation & Error Analysis', 'outputs': ['qa-validation/validation-reports/pressure-rule-evaluation-v0.1.md', 'scripts/evaluate_pressure_lr.py', 'ai-core/metrics/pressure_lr_metrics.v0.1.json']};{'title': 'Classical-ML Feasibility Gate — Only If Rules Are Insufficient', 'outputs': ['ai-core/configs/pressure_ml_feasibility.yaml', 'docs/06-ai-signal-processing/pressure-ml-go-no-go.md', 'qa-validation/validation-reports/pressure-data-readiness.md']};{'title': 'Final Readiness Review — GATE FINAL / M9', 'outputs': ['docs/00-executive/gates/FINAL-readiness-decision.md', 'docs/00-executive/milestones/M9-controlled-pilot-readiness.md', 'docs/00-executive/rebaseline/day90-evidence-index.md']}",PRESSURE_REFERENCE_TEST;ABNORMAL_GAIT_EVALUATION;OVERRIDE_WORKFLOW_TEST,Versioned test/evidence artifact produced on planned day,false,OQ-008
FR-082,PRD-NEED-05,PRD-NEED-05,FR-082,FUNCTIONAL,Low-confidence assignment phải abstain và vào review queue.,VERIFIED_DOCUMENTED,IDENTIFIED,DAY_90,"{'title': 'Final Readiness Review — GATE FINAL / M9', 'outputs': ['docs/00-executive/gates/FINAL-readiness-decision.md', 'docs/00-executive/milestones/M9-controlled-pilot-readiness.md', 'docs/00-executive/rebaseline/day90-evidence-index.md']}",PRESSURE_REFERENCE_TEST;ABNORMAL_GAIT_EVALUATION;OVERRIDE_WORKFLOW_TEST,Versioned test/evidence artifact produced on planned day,true,OQ-008
FR-083,PRD-NEED-05,PRD-NEED-05,FR-083,FUNCTIONAL,Bác sĩ phải có thể sửa assignment và lưu override.,VERIFIED_DOCUMENTED,IDENTIFIED,DAY_90,"{'title': 'Final Readiness Review — GATE FINAL / M9', 'outputs': ['docs/00-executive/gates/FINAL-readiness-decision.md', 'docs/00-executive/milestones/M9-controlled-pilot-readiness.md', 'docs/00-executive/rebaseline/day90-evidence-index.md']}",PRESSURE_REFERENCE_TEST;ABNORMAL_GAIT_EVALUATION;OVERRIDE_WORKFLOW_TEST,Versioned test/evidence artifact produced on planned day,true,OQ-008
FR-084,PRD-NEED-05,PRD-NEED-05,FR-084,FUNCTIONAL,Evaluation phải tách pathological/abnormal gait cases khỏi healthy/easy cases.,VERIFIED_DOCUMENTED,IDENTIFIED,DAY_69;DAY_90,"{'title': 'Abnormal / Pathological Gait Evaluation Set', 'outputs': ['clinical/pressure/pressure-evaluation-cohort.v0.1.yaml', 'qa-validation/test-data/golden/pressure/evaluation-manifest.yaml', 'clinical/pressure/pressure-reference-evidence.md']};{'title': 'Final Readiness Review — GATE FINAL / M9', 'outputs': ['docs/00-executive/gates/FINAL-readiness-decision.md', 'docs/00-executive/milestones/M9-controlled-pilot-readiness.md', 'docs/00-executive/rebaseline/day90-evidence-index.md']}",PRESSURE_REFERENCE_TEST;ABNORMAL_GAIT_EVALUATION;OVERRIDE_WORKFLOW_TEST,Versioned test/evidence artifact produced on planned day,true,OQ-008
FR-085,PRD-NEED-05,PRD-NEED-05,FR-085,FUNCTIONAL,Module không được claim chẩn đoán fall risk/diabetic foot trong scope này.,VERIFIED_DOCUMENTED,IDENTIFIED,DAY_90,"{'title': 'Final Readiness Review — GATE FINAL / M9', 'outputs': ['docs/00-executive/gates/FINAL-readiness-decision.md', 'docs/00-executive/milestones/M9-controlled-pilot-readiness.md', 'docs/00-executive/rebaseline/day90-evidence-index.md']}",PRESSURE_REFERENCE_TEST;ABNORMAL_GAIT_EVALUATION;OVERRIDE_WORKFLOW_TEST,Versioned test/evidence artifact produced on planned day,true,
DR-K01,PRD-NEED-06,PRD-NEED-06,DR-K01,DISCOVERY,"Thu một failure case thực tế gồm raw recording, movement/task, Vicon/video context, graph/output hiện tại và đoạn bác sĩ đánh giá sai.",DISCOVERY_REQUIRED,IDENTIFIED,DAY_73,"{'title': 'DR-K01 — Capture One Real Knee/ACL Failure Case', 'outputs': ['clinical/knee-discovery/DR-K01-failure-case-manifest.yaml', 'clinical/knee-discovery/DR-K01-evidence-notes.md']}",CLINICAL_DISCOVERY_EVIDENCE_REVIEW,Versioned test/evidence artifact produced on planned day,true,OQ-009
DR-K02,PRD-NEED-06,PRD-NEED-06,DR-K02,DISCOVERY,Ghi tên chính xác của góc/DOF/biomechanical variable trong phần mềm.,DISCOVERY_REQUIRED,IDENTIFIED,DAY_74,"{'title': 'DR-K02 + DR-K03 — Exact Variable & Failure Semantics', 'outputs': ['clinical/knee-discovery/DR-K02-variable-dictionary.yaml', 'clinical/knee-discovery/DR-K03-failure-semantics.md']}",CLINICAL_DISCOVERY_EVIDENCE_REVIEW,Versioned test/evidence artifact produced on planned day,true,OQ-010
DR-K03,PRD-NEED-06,PRD-NEED-06,DR-K03,DISCOVERY,"Xác định “không làm được” là no output, wrong output, noisy output hay clinically uninterpretable.",DISCOVERY_REQUIRED,IDENTIFIED,DAY_75,"{'title': 'DR-K04 — Vicon Version, Model, Marker Set & Coordinate Convention Audit', 'outputs': ['clinical/knee-discovery/DR-K04-vicon-model-audit.md', 'data-platform/contracts/vicon/coordinate-convention-evidence.yaml', 'ai-core/notebooks/knee_coordinate_diagnostic.ipynb']}",CLINICAL_DISCOVERY_EVIDENCE_REVIEW,Versioned test/evidence artifact produced on planned day,true,OQ-011
DR-K04,PRD-NEED-06,PRD-NEED-06,DR-K04,DISCOVERY,"Xác định Vicon Nexus version, biomechanical model, marker set và coordinate convention.",DISCOVERY_REQUIRED,IDENTIFIED,DAY_76,"{'title': 'DR-K05 — Static Calibration & Anthropometric Inputs Audit', 'outputs': ['clinical/knee-discovery/DR-K05-calibration-anthropometrics.md', 'clinical/knee-discovery/calibration-checklist.v0.1.yaml']}",CLINICAL_DISCOVERY_EVIDENCE_REVIEW,Versioned test/evidence artifact produced on planned day,true,OQ-012
DR-K05,PRD-NEED-06,PRD-NEED-06,DR-K05,DISCOVERY,Xác định static calibration và anthropometric parameters được nhập thủ công.,DISCOVERY_REQUIRED,IDENTIFIED,DAY_77,"{'title': 'DR-K06 — Population, Task, Failure Frequency & Workaround', 'outputs': ['clinical/knee-discovery/DR-K06-population-task-frequency.md', 'clinical/knee-discovery/knee-workaround-time-log.csv']}",CLINICAL_DISCOVERY_EVIDENCE_REVIEW,Versioned test/evidence artifact produced on planned day,true,OQ-013
DR-K06,PRD-NEED-06,PRD-NEED-06,DR-K06,DISCOVERY,"Xác định nhóm bệnh nhân/task có failure, frequency và current workaround.",DISCOVERY_REQUIRED,IDENTIFIED,DAY_78,"{'title': 'DR-K07 — Doctor Reference / Comparison Source', 'outputs': ['clinical/knee-discovery/DR-K07-reference-evidence.md', 'clinical/knee-discovery/reference-hierarchy.yaml']}",CLINICAL_DISCOVERY_EVIDENCE_REVIEW,Versioned test/evidence artifact produced on planned day,true,OQ-014
DR-K07,PRD-NEED-06,PRD-NEED-06,DR-K07,DISCOVERY,Xác định ground/reference bác sĩ dùng để biết output là sai.,DISCOVERY_REQUIRED,IDENTIFIED,DAY_79,"{'title': 'DR-K08 — Success Criterion & Root-Cause Experiments', 'outputs': ['clinical/knee-discovery/DR-K08-success-criterion.md', 'ai-core/pipelines/run_knee_root_cause_diagnostics.py', 'qa-validation/validation-reports/knee-root-cause-experiments-v0.1.md']}",CLINICAL_DISCOVERY_EVIDENCE_REVIEW,Versioned test/evidence artifact produced on planned day,true,OQ-015
DR-K08,PRD-NEED-06,PRD-NEED-06,DR-K08,DISCOVERY,Xác định success criterion mà bác sĩ mong muốn.,DISCOVERY_REQUIRED,IDENTIFIED,DAY_79;DAY_80,"{'title': 'DR-K08 — Success Criterion & Root-Cause Experiments', 'outputs': ['clinical/knee-discovery/DR-K08-success-criterion.md', 'ai-core/pipelines/run_knee_root_cause_diagnostics.py', 'qa-validation/validation-reports/knee-root-cause-experiments-v0.1.md']};{'title': 'Knee/ACL Root-Cause Decision — GATE F / M7', 'outputs': ['docs/00-executive/gates/GATE-F-knee-root-cause.md', 'docs/00-executive/milestones/M7-knee-discovery-decision.md', 'clinical/knee-discovery/knee-decision-record.v1.0.md']}",CLINICAL_DISCOVERY_EVIDENCE_REVIEW,Versioned test/evidence artifact produced on planned day,true,OQ-016
NFR-001,PRD-NS-01,PRD-NS-01,NFR-001,NON_FUNCTIONAL,Reproducibility: Cùng input + cùng config/version phải tạo cùng output trong tolerance xác định.,VERIFIED_DOCUMENTED,IDENTIFIED,DAY_07;DAY_19;DAY_20;DAY_38;DAY_39;DAY_41;DAY_42;DAY_45;DAY_47;DAY_51;DAY_60;DAY_82;DAY_84;DAY_89;DAY_90,"{'title': 'Legacy Asset Audit & Disposition Matrix', 'outputs': ['docs/00-executive/rebaseline/legacy-asset-disposition.v1.0.md', 'qa-validation/regression/legacy-regression-scope.v1.0.yaml', 'docs/00-executive/rebaseline/technical-debt-register.v1.0.md']};{'title': 'Ingestion Integration: Cross-Rate, Failure Safety & Provenance', 'outputs': ['services/signal-ingestion-service/src/application/ingest_session.py', 'qa-validation/automated-tests/integration/test_ingestion_e2e.py', 'docs/05-data/ingestion-failure-taxonomy.md']};{'title': 'Real Data Contract Freeze & GATE B', 'outputs': ['data-platform/contracts/noraxon/contract-freeze-v1.0.md', 'qa-validation/validation-reports/ingestion-real-data-validation-v1.0.md', 'docs/00-executive/gates/GATE-B-real-data-readiness.md']};{'title': 'QC Versioning, Reproducibility & Regression Suite', 'outputs': ['services/quality-gate-service/src/versioning/qc_version.py', 'qa-validation/regression/qc-v0.1-regression.yaml', 'qa-validation/automated-tests/qc/test_qc_reproducibility.py']};{'title': 'QC Core Freeze & GATE C', 'outputs': ['qa-validation/validation-reports/qc-core-technical-validation-v0.1.md', 'docs/00-executive/gates/GATE-C-qc-readiness.md', 'configs/qc/site-motionlab-v0.1.freeze.yaml']};{'title': 'Band-Pass Filter Implementation & Analytical Verification', 'outputs': ['packages/semg-core/src/filters/bandpass.py', 'qa-validation/automated-tests/dsp/test_bandpass.py', 'qa-validation/validation-reports/bandpass-analytical-v0.1.md']};{'title': 'Notch Filter: Configurable & Evidence-Preserving', 'outputs': ['packages/semg-core/src/filters/notch.py', 'qa-validation/automated-tests/dsp/test_notch.py', 'qa-validation/validation-reports/notch-analytical-v0.1.md']};{'title': 'Raw-to-Processed Provenance Chain & Processing Manifest', 'outputs': ['services/preprocessing-service/src/provenance/processing_manifest.py', 'packages/common-schemas/json/processing-manifest.schema.json', 'qa-validation/automated-tests/dsp/test_processing_lineage.py']};{'title': 'PSD Foundation & MDF/MNF Metric Validation', 'outputs': ['packages/semg-core/src/spectral/psd.py', 'services/feature-extraction-service/src/metrics/mdf_mnf.py', 'qa-validation/automated-tests/metrics/test_spectral_metrics.py']};{'title': 'Processing + Metric Engine Freeze — M3', 'outputs': ['qa-validation/validation-reports/processing-metric-engine-v1.0.md', 'configs/preprocessing/motionlab-semG-v0.1.freeze.yaml', 'docs/00-executive/milestones/M3-processing-metrics-ready.md']};{'title': 'Offline Copilot End-to-End Integration — M4', 'outputs': ['scripts/run_motionlab_offline_copilot.py', 'qa-validation/automated-tests/integration/test_offline_copilot_e2e.py', 'docs/00-executive/milestones/M4-offline-copilot-e2e.md']};{'title': 'Parser & Data-Integrity Validation on Locked Real Data', 'outputs': ['qa-validation/validation-reports/retrospective-ingestion-validation-v1.0.md', 'ai-core/metrics/ingestion_metrics.v1.0.json', 'scripts/validate_locked_ingestion.py']};{'title': 'Processing & Metric Analytical + Real-Data Validation', 'outputs': ['qa-validation/validation-reports/retrospective-processing-metrics-v1.0.md', 'scripts/validate_metrics_retrospective.py', 'ai-core/metrics/metric_eligibility_metrics.v1.0.json']};{'title': 'Controlled Pilot Readiness Package: Risk, Monitoring, Rollback & Runbook', 'outputs': ['ops/pilot/pilot-readiness-checklist.v1.0.md', 'ops/pilot/pilot-runbook.v1.0.md', 'ops/pilot/rollback-plan.v1.0.md', 'security-compliance/risk/risk-register-v1.0.md']};{'title': 'Final Readiness Review — GATE FINAL / M9', 'outputs': ['docs/00-executive/gates/FINAL-readiness-decision.md', 'docs/00-executive/milestones/M9-controlled-pilot-readiness.md', 'docs/00-executive/rebaseline/day90-evidence-index.md']}",SYSTEM_VERIFICATION;REQUIREMENT_REVIEW,Versioned test/evidence artifact produced on planned day,false,
NFR-002,PRD-NS-01,PRD-NS-01,NFR-002,NON_FUNCTIONAL,Traceability: 100% metrics/draft outputs có source + processing/config + version.,VERIFIED_DOCUMENTED,IDENTIFIED,DAY_11;DAY_12;DAY_46;DAY_50;DAY_55;DAY_65;DAY_87;DAY_90,"{'title': 'Immutable Raw, Source Hashing & SourceRecord Ledger', 'outputs': ['packages/common-schemas/json/source-record.schema.json', 'data-platform/storage/raw-immutability-policy.md', 'services/signal-ingestion-service/src/provenance/source_ledger.py']};{'title': 'Canonical Session, Signal & ProtocolContext Contract', 'outputs': ['packages/common-schemas/json/session.schema.json', 'packages/common-schemas/json/signal.schema.json', 'packages/common-schemas/json/protocol-context.schema.json', 'packages/common-schemas/json/session.schema.json']};{'title': 'Metric Registry v0.1: RMS & MAV', 'outputs': ['services/feature-extraction-service/src/metrics/rms.py', 'services/feature-extraction-service/src/metrics/mav.py', 'services/feature-extraction-service/src/registry.py', 'qa-validation/automated-tests/metrics/test_time_domain_metrics.py']};{'title': 'Session Evidence Bundle: QC + Processing + Metrics + Limitations', 'outputs': ['packages/common-schemas/json/session-evidence.schema.json', 'services/feature-extraction-service/src/application/build_evidence_bundle.py', 'qa-validation/automated-tests/metrics/test_evidence_bundle.py']};{'title': 'QC / Raw / Processed / Provenance Read API', 'outputs': ['services/api-server/src/sessions/session_evidence_api.py', 'services/api-server/openapi/session-evidence.v1.yaml', 'qa-validation/automated-tests/api/test_session_evidence_api.py']};{'title': 'Pressure Canonical Contract & Ingestion', 'outputs': ['packages/common-schemas/json/pressure-signal.schema.json', 'services/signal-ingestion-service/src/normalization/pressure_mapper.py', 'qa-validation/automated-tests/pressure/test_pressure_ingestion.py']};{'title': 'KPI Analysis & Retrospective Clinical Validation — M8', 'outputs': ['qa-validation/validation-reports/M8-retrospective-validation-summary.md', 'docs/00-executive/milestones/M8-retrospective-clinical-validation.md', 'ai-core/metrics/pilot_kpi_snapshot.v0.1.json']};{'title': 'Final Readiness Review — GATE FINAL / M9', 'outputs': ['docs/00-executive/gates/FINAL-readiness-decision.md', 'docs/00-executive/milestones/M9-controlled-pilot-readiness.md', 'docs/00-executive/rebaseline/day90-evidence-index.md']}",SYSTEM_VERIFICATION;REQUIREMENT_REVIEW,Versioned test/evidence artifact produced on planned day,false,
NFR-003,PRD-NS-01,PRD-NS-01,NFR-003,NON_FUNCTIONAL,Data integrity: Raw immutable; checksum validation; processed data không overwrite raw.,VERIFIED_DOCUMENTED,IDENTIFIED,DAY_43;DAY_90,"{'title': 'Rectification, Smoothing & Window Masking', 'outputs': ['packages/semg-core/src/transforms/rectify.py', 'packages/semg-core/src/transforms/smooth.py', 'packages/semg-core/src/masking.py', 'qa-validation/automated-tests/dsp/test_transforms_and_masking.py']};{'title': 'Final Readiness Review — GATE FINAL / M9', 'outputs': ['docs/00-executive/gates/FINAL-readiness-decision.md', 'docs/00-executive/milestones/M9-controlled-pilot-readiness.md', 'docs/00-executive/rebaseline/day90-evidence-index.md']}",SYSTEM_VERIFICATION;REQUIREMENT_REVIEW,Versioned test/evidence artifact produced on planned day,true,
NFR-004,PRD-NS-01,PRD-NS-01,NFR-004,NON_FUNCTIONAL,Privacy: Không hiển thị/ghi log định danh không cần thiết; data người thật phải qua policy approved.,VERIFIED_DOCUMENTED,IDENTIFIED,DAY_05;DAY_33;DAY_69;DAY_73;DAY_81;DAY_90,"{'title': 'Privacy, PHI & De-identification Gate', 'outputs': ['security-compliance/privacy/motionlab-data-classification.v0.1.md', 'security-compliance/privacy/deidentification-sop.v0.1.md', 'security-compliance/privacy/patient-data-access-matrix.v0.1.yaml']};{'title': 'Clinician-Annotated Real Windows — Round 1', 'outputs': ['qa-validation/evidence/qc-annotation-round1.manifest.yaml', 'qa-validation/test-data/golden/qc/expert_windows/README.md', 'clinical/review/qc-annotation-round1-summary.md']};{'title': 'Abnormal / Pathological Gait Evaluation Set', 'outputs': ['clinical/pressure/pressure-evaluation-cohort.v0.1.yaml', 'qa-validation/test-data/golden/pressure/evaluation-manifest.yaml', 'clinical/pressure/pressure-reference-evidence.md']};{'title': 'DR-K01 — Capture One Real Knee/ACL Failure Case', 'outputs': ['clinical/knee-discovery/DR-K01-failure-case-manifest.yaml', 'clinical/knee-discovery/DR-K01-evidence-notes.md']};{'title': 'Locked Retrospective Cohort & Evidence-Tier Freeze', 'outputs': ['clinical/validation/retrospective-cohort-protocol.v1.0.md', 'data-platform/catalog/retrospective-cohort-manifest.v1.0.yaml', 'security-compliance/privacy/retrospective-access-approval.md']};{'title': 'Final Readiness Review — GATE FINAL / M9', 'outputs': ['docs/00-executive/gates/FINAL-readiness-decision.md', 'docs/00-executive/milestones/M9-controlled-pilot-readiness.md', 'docs/00-executive/rebaseline/day90-evidence-index.md']}",SYSTEM_VERIFICATION;REQUIREMENT_REVIEW,Versioned test/evidence artifact produced on planned day,true,
NFR-005,PRD-NS-01,PRD-NS-01,NFR-005,NON_FUNCTIONAL,RBAC: Role-based access tối thiểu: operator/doctor/admin/research/technical reviewer theo pilot.,VERIFIED_DOCUMENTED,IDENTIFIED,DAY_53;DAY_54;DAY_59;DAY_62;DAY_85;DAY_90,"{'title': 'Immutable Audit Event Schema & Append-Only Store', 'outputs': ['packages/common-schemas/json/audit-event.schema.json', 'services/api-server/src/audit/audit_store.py', 'qa-validation/automated-tests/workflow/test_audit_store.py']};{'title': 'Doctor Review Action API: Accept / Override / Reprocess / Re-measure / Inconclusive', 'outputs': ['services/api-server/src/review/review_actions.py', 'packages/common-schemas/json/review.schema.json', 'qa-validation/automated-tests/workflow/test_review_actions.py']};{'title': 'Review Queue & Clinician Action Workflow UI', 'outputs': ['apps/web-portal/src/components/clinical/ReviewActions.tsx', 'apps/web-portal/src/app/sessions/[id]/review/page.tsx', 'apps/web-portal/src/tests/e2e/review-actions.spec.ts']};{'title': 'Workflow RBAC, Audit & Failure-State Test Pack', 'outputs': ['qa-validation/scenario-tests/doctor-workflow-safety.v1.0.yaml', 'qa-validation/automated-tests/security/test_review_rbac.py', 'qa-validation/validation-reports/workflow-safety-v0.1.md']};{'title': 'Workflow Safety, RBAC, Audit & Fail-Closed Validation', 'outputs': ['qa-validation/validation-reports/workflow-safety-validation-v1.0.md', 'qa-validation/scenario-tests/pilot-safety-matrix.v1.0.yaml', 'scripts/run_safety_validation.py']};{'title': 'Final Readiness Review — GATE FINAL / M9', 'outputs': ['docs/00-executive/gates/FINAL-readiness-decision.md', 'docs/00-executive/milestones/M9-controlled-pilot-readiness.md', 'docs/00-executive/rebaseline/day90-evidence-index.md']}",SYSTEM_VERIFICATION;REQUIREMENT_REVIEW,Versioned test/evidence artifact produced on planned day,false,
NFR-006,PRD-NS-01,PRD-NS-01,NFR-006,NON_FUNCTIONAL,Auditability: Mọi override/approval/reprocess có timestamp và user.,VERIFIED_DOCUMENTED,IDENTIFIED,DAY_90,"{'title': 'Final Readiness Review — GATE FINAL / M9', 'outputs': ['docs/00-executive/gates/FINAL-readiness-decision.md', 'docs/00-executive/milestones/M9-controlled-pilot-readiness.md', 'docs/00-executive/rebaseline/day90-evidence-index.md']}",SYSTEM_VERIFICATION;REQUIREMENT_REVIEW,Versioned test/evidence artifact produced on planned day,true,
NFR-007,PRD-NS-01,PRD-NS-01,NFR-007,NON_FUNCTIONAL,Availability: Offline/near-offline clinical workflow không được phụ thuộc cloud Internet nếu Vinmec yêu cầu on-prem.,VERIFIED_DOCUMENTED,IDENTIFIED,DAY_90,"{'title': 'Final Readiness Review — GATE FINAL / M9', 'outputs': ['docs/00-executive/gates/FINAL-readiness-decision.md', 'docs/00-executive/milestones/M9-controlled-pilot-readiness.md', 'docs/00-executive/rebaseline/day90-evidence-index.md']}",SYSTEM_VERIFICATION;REQUIREMENT_REVIEW,Versioned test/evidence artifact produced on planned day,false,
NFR-008,PRD-NS-01,PRD-NS-01,NFR-008,NON_FUNCTIONAL,Performance: Offline analysis phải hoàn thành đủ nhanh để giảm tổng manual time; SLA cụ thể chốt sau profiling data.,VERIFIED_DOCUMENTED,IDENTIFIED,DAY_86;DAY_90,"{'title': 'Paired Time-Motion Study: Manual vs Offline Copilot', 'outputs': ['clinical/studies/time-motion-paired-results.csv', 'clinical/studies/time-motion-analysis-v1.0.md', 'scripts/analyze_time_motion.py']};{'title': 'Final Readiness Review — GATE FINAL / M9', 'outputs': ['docs/00-executive/gates/FINAL-readiness-decision.md', 'docs/00-executive/milestones/M9-controlled-pilot-readiness.md', 'docs/00-executive/rebaseline/day90-evidence-index.md']}",SYSTEM_VERIFICATION;REQUIREMENT_REVIEW,Versioned test/evidence artifact produced on planned day,false,
NFR-009,PRD-NS-01,PRD-NS-01,NFR-009,NON_FUNCTIONAL,Explainability: QC/abstention/metric eligibility phải có reason code người dùng hiểu được.,VERIFIED_DOCUMENTED,IDENTIFIED,DAY_04;DAY_21;DAY_34;DAY_67;DAY_70;DAY_88;DAY_90,"{'title': 'Clinical Data-Quality Taxonomy: Artifact vs Physiological Variation', 'outputs': ['clinical/quality/qc-taxonomy.v0.1.yaml', 'clinical/quality/artifact-vs-physiology-guidance.v0.1.md', 'packages/common-schemas/json/quality-reason-codes.schema.json']};{'title': 'QC Taxonomy & Machine-Readable Reason-Code Contract', 'outputs': ['clinical/quality/qc-taxonomy.v0.2.yaml', 'packages/common-schemas/json/qc-result.schema.json', 'services/quality-gate-service/config/reason-codes.v0.1.yaml']};{'title': 'Reviewer Agreement & QC Adjudication', 'outputs': ['ai-core/notebooks/05_reviewer_agreement_analysis.ipynb', 'qa-validation/evidence/qc-adjudication-round1.md', 'qa-validation/validation-reports/qc-reviewer-agreement-v0.1.md']};{'title': 'Deterministic Left/Right Assignment Baseline', 'outputs': ['services/quality-gate-service/src/pressure/lr_rules.py', 'configs/pressure/lr-rules-v0.1.yaml', 'qa-validation/automated-tests/pressure/test_lr_rules.py']};{'title': 'Pressure Rule Evaluation & Error Analysis', 'outputs': ['qa-validation/validation-reports/pressure-rule-evaluation-v0.1.md', 'scripts/evaluate_pressure_lr.py', 'ai-core/metrics/pressure_lr_metrics.v0.1.json']};{'title': 'Human-Factors Remediation, SOP & Training Package', 'outputs': ['ops/pilot/motionlab-operator-sop.v1.0.md', 'clinical/training/doctor-review-training.v1.0.md', 'clinical/training/pilot-scenarios.v1.0.yaml', 'docs/00-executive/day88-remediation-log.md']};{'title': 'Final Readiness Review — GATE FINAL / M9', 'outputs': ['docs/00-executive/gates/FINAL-readiness-decision.md', 'docs/00-executive/milestones/M9-controlled-pilot-readiness.md', 'docs/00-executive/rebaseline/day90-evidence-index.md']}",SYSTEM_VERIFICATION;REQUIREMENT_REVIEW,Versioned test/evidence artifact produced on planned day,true,
NFR-010,PRD-NS-01,PRD-NS-01,NFR-010,NON_FUNCTIONAL,Compatibility: Không yêu cầu thay đổi acquisition hardware ở P0.,VERIFIED_DOCUMENTED,IDENTIFIED,DAY_18;DAY_90,"{'title': 'Minimal Optional Vicon Stacked-Section Parser', 'outputs': ['services/signal-ingestion-service/src/adapters/vicon_stacked_csv.py', 'data-platform/contracts/vicon/stacked-sections.v0.1.yaml', 'qa-validation/automated-tests/ingestion/test_vicon_stacked_csv.py']};{'title': 'Final Readiness Review — GATE FINAL / M9', 'outputs': ['docs/00-executive/gates/FINAL-readiness-decision.md', 'docs/00-executive/milestones/M9-controlled-pilot-readiness.md', 'docs/00-executive/rebaseline/day90-evidence-index.md']}",SYSTEM_VERIFICATION;REQUIREMENT_REVIEW,Versioned test/evidence artifact produced on planned day,false,
NFR-011,PRD-NS-01,PRD-NS-01,NFR-011,NON_FUNCTIONAL,"Versioning: Data schema, QC config, preprocessing, metric registry và model/rule đều versioned.",VERIFIED_DOCUMENTED,IDENTIFIED,DAY_01;DAY_14;DAY_35;DAY_40;DAY_90,"{'title': 'Requirements Re-baseline & Decision Ledger', 'outputs': ['docs/00-executive/rebaseline/requirements-inventory.v1.0.md', 'docs/00-executive/rebaseline/decision-ledger.v1.0.md', 'docs/00-executive/rebaseline/source-of-truth-hierarchy.md']};{'title': 'Vendor-to-Canonical Channel Ontology & Metadata Completeness Policy', 'outputs': ['clinical/ontologies/muscle-channel-ontology.v0.1.yaml', 'configs/validation/metadata-policy.v0.1.yaml', 'services/signal-ingestion-service/src/normalization/channel_mapper.py']};{'title': 'QC Threshold Configuration v0.1 — Evidence-Gated', 'outputs': ['configs/qc/site-motionlab-v0.1.yaml', 'docs/06-ai-signal-processing/qc-threshold-rationale.v0.1.md', 'qa-validation/automated-tests/qc/test_threshold_boundaries.py']};{'title': 'Protocol-Specific Preprocessing Profile Contract', 'outputs': ['configs/preprocessing/processing-profile.schema.yaml', 'configs/preprocessing/motionlab-semG-v0.1.yaml', 'packages/common-schemas/json/preprocessing-profile.schema.json']};{'title': 'Final Readiness Review — GATE FINAL / M9', 'outputs': ['docs/00-executive/gates/FINAL-readiness-decision.md', 'docs/00-executive/milestones/M9-controlled-pilot-readiness.md', 'docs/00-executive/rebaseline/day90-evidence-index.md']}",SYSTEM_VERIFICATION;REQUIREMENT_REVIEW,Versioned test/evidence artifact produced on planned day,false,
NFR-012,PRD-NS-01,PRD-NS-01,NFR-012,NON_FUNCTIONAL,"Failure safety: Khi parser/QC/model lỗi, hệ thống fail closed: không tạo final-looking clinical result.",VERIFIED_DOCUMENTED,IDENTIFIED,DAY_15;DAY_29;DAY_31;DAY_36;DAY_52;DAY_61;DAY_72;DAY_90,"{'title': 'Corrupted Fixture Factory for Data Contracts', 'outputs': ['qa-validation/test-data/synthetic/generators/noraxon_corruption_factory.py', 'qa-validation/test-data/golden/noraxon/corrupted/manifest.yaml', 'qa-validation/automated-tests/ingestion/test_corrupted_fixtures.py']};{'title': 'Data-QC Integration: Timestamp, Unit & Multimodal Sync Failure', 'outputs': ['services/quality-gate-service/src/detectors/data_integrity.py', 'packages/common-schemas/json/qc-data-quality-codes.schema.json', 'qa-validation/automated-tests/qc/test_data_integrity_qc.py']};{'title': 'QC Blocking, Abstention & Metric-Handoff Contract', 'outputs': ['packages/common-schemas/json/quality-eligibility.schema.json', 'services/quality-gate-service/src/application/quality_gate.py', 'qa-validation/automated-tests/qc/test_quality_handoff.py']};{'title': 'Clinical Edge-Case Stress Set: Preserve Physiology', 'outputs': ['qa-validation/scenario-tests/qc-clinical-edge-cases.v0.1.yaml', 'clinical/quality/physiology-preservation-test-guide.md', 'qa-validation/validation-reports/qc-edge-case-review-v0.1.md']};{'title': 'Doctor Review State Machine Contract', 'outputs': ['clinical/workflows/doctor-review-state-machine.v1.0.md', 'packages/common-schemas/json/review-state-machine.schema.json', 'qa-validation/automated-tests/workflow/test_review_state_machine.py']};{'title': 'Draft Technical Analysis & Finalization Safety Gate', 'outputs': ['services/report-generation-service/src/draft_analysis.py', 'clinical/reporting/draft-analysis-language-policy.v1.0.md', 'qa-validation/automated-tests/reporting/test_finalization_gate.py']};{'title': 'Plantar Pressure Formal Decision — GATE E / M6', 'outputs': ['docs/00-executive/gates/GATE-E-pressure-p1.md', 'docs/00-executive/milestones/M6-pressure-decision.md', 'clinical/pressure/pressure-p1-limitations.md']};{'title': 'Final Readiness Review — GATE FINAL / M9', 'outputs': ['docs/00-executive/gates/FINAL-readiness-decision.md', 'docs/00-executive/milestones/M9-controlled-pilot-readiness.md', 'docs/00-executive/rebaseline/day90-evidence-index.md']}",SYSTEM_VERIFICATION;REQUIREMENT_REVIEW,Versioned test/evidence artifact produced on planned day,true,
AC-01,PRD-NS-01,PRD-NS-01,AC-01,ACCEPTANCE_CRITERION,Parser ingest thành công tập sample MR4 single + separated và tạo canonical session không mất raw.,VERIFIED_DOCUMENTED,IDENTIFIED,DAY_09;DAY_10;DAY_15;DAY_16;DAY_17;DAY_19;DAY_20;DAY_82;DAY_89;DAY_90,"{'title': 'Noraxon Single-CSV Golden Contract', 'outputs': ['data-platform/contracts/noraxon/mr4-single-csv.schema.yaml', 'data-platform/contracts/noraxon/mr4-single-csv-examples.md', 'qa-validation/test-data/golden/noraxon/single_csv/README.md']};{'title': 'Noraxon Separated-CSV + info.csv Golden Contract', 'outputs': ['data-platform/contracts/noraxon/mr4-separated.schema.yaml', 'data-platform/contracts/noraxon/mr4-signal-file.schema.yaml', 'qa-validation/test-data/golden/noraxon/separated_csv/README.md']};{'title': 'Corrupted Fixture Factory for Data Contracts', 'outputs': ['qa-validation/test-data/synthetic/generators/noraxon_corruption_factory.py', 'qa-validation/test-data/golden/noraxon/corrupted/manifest.yaml', 'qa-validation/automated-tests/ingestion/test_corrupted_fixtures.py']};{'title': 'MR4 Single-CSV Parser Implementation', 'outputs': ['services/signal-ingestion-service/src/adapters/noraxon_single_csv.py', 'qa-validation/automated-tests/ingestion/test_noraxon_single_csv.py']};{'title': 'MR4 Separated-CSV Parser Implementation', 'outputs': ['services/signal-ingestion-service/src/adapters/noraxon_separated_csv.py', 'qa-validation/automated-tests/ingestion/test_noraxon_separated_csv.py']};{'title': 'Ingestion Integration: Cross-Rate, Failure Safety & Provenance', 'outputs': ['services/signal-ingestion-service/src/application/ingest_session.py', 'qa-validation/automated-tests/integration/test_ingestion_e2e.py', 'docs/05-data/ingestion-failure-taxonomy.md']};{'title': 'Real Data Contract Freeze & GATE B', 'outputs': ['data-platform/contracts/noraxon/contract-freeze-v1.0.md', 'qa-validation/validation-reports/ingestion-real-data-validation-v1.0.md', 'docs/00-executive/gates/GATE-B-real-data-readiness.md']};{'title': 'Parser & Data-Integrity Validation on Locked Real Data', 'outputs': ['qa-validation/validation-reports/retrospective-ingestion-validation-v1.0.md', 'ai-core/metrics/ingestion_metrics.v1.0.json', 'scripts/validate_locked_ingestion.py']};{'title': 'Controlled Pilot Readiness Package: Risk, Monitoring, Rollback & Runbook', 'outputs': ['ops/pilot/pilot-readiness-checklist.v1.0.md', 'ops/pilot/pilot-runbook.v1.0.md', 'ops/pilot/rollback-plan.v1.0.md', 'security-compliance/risk/risk-register-v1.0.md']};{'title': 'Final Readiness Review — GATE FINAL / M9', 'outputs': ['docs/00-executive/gates/FINAL-readiness-decision.md', 'docs/00-executive/milestones/M9-controlled-pilot-readiness.md', 'docs/00-executive/rebaseline/day90-evidence-index.md']}",ACCEPTANCE_TEST,Versioned test/evidence artifact produced on planned day,false,
AC-02,PRD-NS-01,PRD-NS-01,AC-02,ACCEPTANCE_CRITERION,Mọi signal có sampling/unit/provenance rõ hoặc được flag thiếu.,VERIFIED_DOCUMENTED,IDENTIFIED,DAY_13;DAY_90,"{'title': 'Unit / Time / Count / Sampling Validation Engine', 'outputs': ['services/signal-ingestion-service/src/validation/time_count_unit.py', 'data-platform/contracts/unit-registry.v0.1.yaml', 'qa-validation/automated-tests/ingestion/test_time_count_unit.py']};{'title': 'Final Readiness Review — GATE FINAL / M9', 'outputs': ['docs/00-executive/gates/FINAL-readiness-decision.md', 'docs/00-executive/milestones/M9-controlled-pilot-readiness.md', 'docs/00-executive/rebaseline/day90-evidence-index.md']}",ACCEPTANCE_TEST,Versioned test/evidence artifact produced on planned day,false,
AC-03,PRD-NS-01,PRD-NS-01,AC-03,ACCEPTANCE_CRITERION,QC tạo PASS/WARNING/FAIL và reason ở session/channel/window.,VERIFIED_DOCUMENTED,IDENTIFIED,DAY_23;DAY_30;DAY_37;DAY_39;DAY_83;DAY_90,"{'title': 'Controlled Artifact Fixtures: Dropout, Missing & Flatline', 'outputs': ['qa-validation/test-data/synthetic/generators/semg_dropout_factory.py', 'qa-validation/test-data/golden/qc/dropout/manifest.yaml', 'qa-validation/automated-tests/qc/test_dropout_detector.py']};{'title': 'QC Session/Channel/Window Aggregation v0.1', 'outputs': ['services/quality-gate-service/src/aggregation/session_quality.py', 'configs/qc/aggregation.v0.1.yaml', 'qa-validation/automated-tests/qc/test_qc_aggregation.py']};{'title': 'QC Sensitivity & Error Analysis: False-Allow vs False-Block', 'outputs': ['qa-validation/validation-reports/qc-sensitivity-error-analysis-v0.1.md', 'ai-core/metrics/qc_metrics.v0.1.json', 'scripts/evaluate_qc.py']};{'title': 'QC Core Freeze & GATE C', 'outputs': ['qa-validation/validation-reports/qc-core-technical-validation-v0.1.md', 'docs/00-executive/gates/GATE-C-qc-readiness.md', 'configs/qc/site-motionlab-v0.1.freeze.yaml']};{'title': 'QC Retrospective Validation Against Clinician Reference', 'outputs': ['qa-validation/validation-reports/retrospective-qc-validation-v1.0.md', 'ai-core/metrics/qc_retrospective_metrics.v1.0.json', 'scripts/validate_qc_retrospective.py']};{'title': 'Final Readiness Review — GATE FINAL / M9', 'outputs': ['docs/00-executive/gates/FINAL-readiness-decision.md', 'docs/00-executive/milestones/M9-controlled-pilot-readiness.md', 'docs/00-executive/rebaseline/day90-evidence-index.md']}",ACCEPTANCE_TEST,Versioned test/evidence artifact produced on planned day,false,
AC-04,PRD-NS-01,PRD-NS-01,AC-04,ACCEPTANCE_CRITERION,QC FAIL chặn metrics không supportable.,VERIFIED_DOCUMENTED,IDENTIFIED,DAY_31;DAY_90,"{'title': 'QC Blocking, Abstention & Metric-Handoff Contract', 'outputs': ['packages/common-schemas/json/quality-eligibility.schema.json', 'services/quality-gate-service/src/application/quality_gate.py', 'qa-validation/automated-tests/qc/test_quality_handoff.py']};{'title': 'Final Readiness Review — GATE FINAL / M9', 'outputs': ['docs/00-executive/gates/FINAL-readiness-decision.md', 'docs/00-executive/milestones/M9-controlled-pilot-readiness.md', 'docs/00-executive/rebaseline/day90-evidence-index.md']}",ACCEPTANCE_TEST,Versioned test/evidence artifact produced on planned day,true,
AC-05,PRD-NS-01,PRD-NS-01,AC-05,ACCEPTANCE_CRITERION,Processing pipeline có version/config và chạy tái lập.,VERIFIED_DOCUMENTED,IDENTIFIED,DAY_38;DAY_41;DAY_44;DAY_45;DAY_51;DAY_84;DAY_90,"{'title': 'QC Versioning, Reproducibility & Regression Suite', 'outputs': ['services/quality-gate-service/src/versioning/qc_version.py', 'qa-validation/regression/qc-v0.1-regression.yaml', 'qa-validation/automated-tests/qc/test_qc_reproducibility.py']};{'title': 'Band-Pass Filter Implementation & Analytical Verification', 'outputs': ['packages/semg-core/src/filters/bandpass.py', 'qa-validation/automated-tests/dsp/test_bandpass.py', 'qa-validation/validation-reports/bandpass-analytical-v0.1.md']};{'title': 'Normalization Eligibility & Null-with-Reason Contract', 'outputs': ['services/preprocessing-service/src/eligibility/normalization.py', 'configs/preprocessing/normalization-policy.v0.1.yaml', 'qa-validation/automated-tests/dsp/test_normalization_eligibility.py']};{'title': 'Raw-to-Processed Provenance Chain & Processing Manifest', 'outputs': ['services/preprocessing-service/src/provenance/processing_manifest.py', 'packages/common-schemas/json/processing-manifest.schema.json', 'qa-validation/automated-tests/dsp/test_processing_lineage.py']};{'title': 'Processing + Metric Engine Freeze — M3', 'outputs': ['qa-validation/validation-reports/processing-metric-engine-v1.0.md', 'configs/preprocessing/motionlab-semG-v0.1.freeze.yaml', 'docs/00-executive/milestones/M3-processing-metrics-ready.md']};{'title': 'Processing & Metric Analytical + Real-Data Validation', 'outputs': ['qa-validation/validation-reports/retrospective-processing-metrics-v1.0.md', 'scripts/validate_metrics_retrospective.py', 'ai-core/metrics/metric_eligibility_metrics.v1.0.json']};{'title': 'Final Readiness Review — GATE FINAL / M9', 'outputs': ['docs/00-executive/gates/FINAL-readiness-decision.md', 'docs/00-executive/milestones/M9-controlled-pilot-readiness.md', 'docs/00-executive/rebaseline/day90-evidence-index.md']}",ACCEPTANCE_TEST,Versioned test/evidence artifact produced on planned day,false,
AC-06,PRD-NS-01,PRD-NS-01,AC-06,ACCEPTANCE_CRITERION,"Doctor có thể xem raw vs processed, warning và metric provenance.",VERIFIED_DOCUMENTED,IDENTIFIED,DAY_46;DAY_57;DAY_63;DAY_90,"{'title': 'Metric Registry v0.1: RMS & MAV', 'outputs': ['services/feature-extraction-service/src/metrics/rms.py', 'services/feature-extraction-service/src/metrics/mav.py', 'services/feature-extraction-service/src/registry.py', 'qa-validation/automated-tests/metrics/test_time_domain_metrics.py']};{'title': 'Channel/Window Drill-Down & Raw-vs-Processed Viewer', 'outputs': ['apps/web-portal/src/components/charts/RawProcessedSignalViewer.tsx', 'apps/web-portal/src/components/clinical/QCWindowTimeline.tsx', 'apps/web-portal/src/tests/unit/raw-processed-viewer.test.tsx']};{'title': 'Doctor Usability Walkthrough & GATE D', 'outputs': ['clinical/usability/doctor-walkthrough-v0.1.md', 'clinical/usability/doctor-feedback-round1.csv', 'docs/00-executive/gates/GATE-D-offline-copilot-readiness.md']};{'title': 'Final Readiness Review — GATE FINAL / M9', 'outputs': ['docs/00-executive/gates/FINAL-readiness-decision.md', 'docs/00-executive/milestones/M9-controlled-pilot-readiness.md', 'docs/00-executive/rebaseline/day90-evidence-index.md']}",ACCEPTANCE_TEST,Versioned test/evidence artifact produced on planned day,false,
AC-07,PRD-NS-01,PRD-NS-01,AC-07,ACCEPTANCE_CRITERION,Doctor override được với reason; audit log đầy đủ.,VERIFIED_DOCUMENTED,IDENTIFIED,DAY_62;DAY_85;DAY_90,"{'title': 'Workflow RBAC, Audit & Failure-State Test Pack', 'outputs': ['qa-validation/scenario-tests/doctor-workflow-safety.v1.0.yaml', 'qa-validation/automated-tests/security/test_review_rbac.py', 'qa-validation/validation-reports/workflow-safety-v0.1.md']};{'title': 'Workflow Safety, RBAC, Audit & Fail-Closed Validation', 'outputs': ['qa-validation/validation-reports/workflow-safety-validation-v1.0.md', 'qa-validation/scenario-tests/pilot-safety-matrix.v1.0.yaml', 'scripts/run_safety_validation.py']};{'title': 'Final Readiness Review — GATE FINAL / M9', 'outputs': ['docs/00-executive/gates/FINAL-readiness-decision.md', 'docs/00-executive/milestones/M9-controlled-pilot-readiness.md', 'docs/00-executive/rebaseline/day90-evidence-index.md']}",ACCEPTANCE_TEST,Versioned test/evidence artifact produced on planned day,false,
AC-08,PRD-NS-01,PRD-NS-01,AC-08,ACCEPTANCE_CRITERION,Không có final clinical conclusion nếu chưa clinician approve.,VERIFIED_DOCUMENTED,IDENTIFIED,DAY_61;DAY_90,"{'title': 'Draft Technical Analysis & Finalization Safety Gate', 'outputs': ['services/report-generation-service/src/draft_analysis.py', 'clinical/reporting/draft-analysis-language-policy.v1.0.md', 'qa-validation/automated-tests/reporting/test_finalization_gate.py']};{'title': 'Final Readiness Review — GATE FINAL / M9', 'outputs': ['docs/00-executive/gates/FINAL-readiness-decision.md', 'docs/00-executive/milestones/M9-controlled-pilot-readiness.md', 'docs/00-executive/rebaseline/day90-evidence-index.md']}",ACCEPTANCE_TEST,Versioned test/evidence artifact produced on planned day,true,
AC-09,PRD-NS-01,PRD-NS-01,AC-09,ACCEPTANCE_CRITERION,Raw data bất biến và checksum xác minh được.,VERIFIED_DOCUMENTED,IDENTIFIED,DAY_11;DAY_90,"{'title': 'Immutable Raw, Source Hashing & SourceRecord Ledger', 'outputs': ['packages/common-schemas/json/source-record.schema.json', 'data-platform/storage/raw-immutability-policy.md', 'services/signal-ingestion-service/src/provenance/source_ledger.py']};{'title': 'Final Readiness Review — GATE FINAL / M9', 'outputs': ['docs/00-executive/gates/FINAL-readiness-decision.md', 'docs/00-executive/milestones/M9-controlled-pilot-readiness.md', 'docs/00-executive/rebaseline/day90-evidence-index.md']}",ACCEPTANCE_TEST,Versioned test/evidence artifact produced on planned day,true,
AC-10,PRD-NS-01,PRD-NS-01,AC-10,ACCEPTANCE_CRITERION,Pilot cho thấy giảm manual processing time so với baseline đo thực tế; target chính thức được chốt trước pilot.,VERIFIED_DOCUMENTED,IDENTIFIED,DAY_02;DAY_03;DAY_08;DAY_81;DAY_86;DAY_87;DAY_90,"{'title': 'Real MotionLab Workflow Mapping & Time-Motion Study Design', 'outputs': ['clinical/workflows/motionlab-current-state.v0.1.md', 'clinical/studies/time-motion-study-protocol.v0.1.md', 'clinical/studies/time-motion-observation-form.v0.1.yaml']};{'title': 'Workflow Observation & Baseline Capture — Round 1', 'outputs': ['clinical/studies/time-motion-baseline-round1.csv', 'clinical/workflows/current-workflow-evidence-log.md', 'docs/02-clinical/discovery/open-questions-burndown.md']};{'title': 'Requirements v0.2 Freeze, Success Definition & GATE A', 'outputs': ['docs/01-product/PRD-motionlab-rebaseline-delta.v0.2.md', 'docs/03-architecture/SRS-traceability-baseline.v0.2.md', 'docs/00-executive/gates/GATE-A-requirements-readiness.md']};{'title': 'Locked Retrospective Cohort & Evidence-Tier Freeze', 'outputs': ['clinical/validation/retrospective-cohort-protocol.v1.0.md', 'data-platform/catalog/retrospective-cohort-manifest.v1.0.yaml', 'security-compliance/privacy/retrospective-access-approval.md']};{'title': 'Paired Time-Motion Study: Manual vs Offline Copilot', 'outputs': ['clinical/studies/time-motion-paired-results.csv', 'clinical/studies/time-motion-analysis-v1.0.md', 'scripts/analyze_time_motion.py']};{'title': 'KPI Analysis & Retrospective Clinical Validation — M8', 'outputs': ['qa-validation/validation-reports/M8-retrospective-validation-summary.md', 'docs/00-executive/milestones/M8-retrospective-clinical-validation.md', 'ai-core/metrics/pilot_kpi_snapshot.v0.1.json']};{'title': 'Final Readiness Review — GATE FINAL / M9', 'outputs': ['docs/00-executive/gates/FINAL-readiness-decision.md', 'docs/00-executive/milestones/M9-controlled-pilot-readiness.md', 'docs/00-executive/rebaseline/day90-evidence-index.md']}",ACCEPTANCE_TEST,Versioned test/evidence artifact produced on planned day,false,
TBD-01,PRD-NS-01,PRD-NS-01,TBD-01,TBD,Volume ca sEMG/tháng.,UNKNOWN,BLOCKED,DAY_03,"{'title': 'Workflow Observation & Baseline Capture — Round 1', 'outputs': ['clinical/studies/time-motion-baseline-round1.csv', 'clinical/workflows/current-workflow-evidence-log.md', 'docs/02-clinical/discovery/open-questions-burndown.md']}",DISCOVERY_EVIDENCE_REVIEW,Versioned test/evidence artifact produced on planned day,true,OQ-001
TBD-02,PRD-NS-01,PRD-NS-01,TBD-02,TBD,Tỷ lệ đo lại và nguyên nhân.,UNKNOWN,BLOCKED,DAY_03,"{'title': 'Workflow Observation & Baseline Capture — Round 1', 'outputs': ['clinical/studies/time-motion-baseline-round1.csv', 'clinical/workflows/current-workflow-evidence-log.md', 'docs/02-clinical/discovery/open-questions-burndown.md']}",DISCOVERY_EVIDENCE_REVIEW,Versioned test/evidence artifact produced on planned day,true,OQ-003
TBD-03,PRD-NS-01,PRD-NS-01,TBD-03,TBD,Filter/normalize/window protocol hiện tại.,UNKNOWN,BLOCKED,DAY_04,"{'title': 'Clinical Data-Quality Taxonomy: Artifact vs Physiological Variation', 'outputs': ['clinical/quality/qc-taxonomy.v0.1.yaml', 'clinical/quality/artifact-vs-physiology-guidance.v0.1.md', 'packages/common-schemas/json/quality-reason-codes.schema.json']}",DISCOVERY_EVIDENCE_REVIEW,Versioned test/evidence artifact produced on planned day,true,OQ-004
TBD-04,PRD-NS-01,PRD-NS-01,TBD-04,TBD,Output sEMG cuối dùng cho quyết định nào.,UNKNOWN,BLOCKED,DAY_03,"{'title': 'Workflow Observation & Baseline Capture — Round 1', 'outputs': ['clinical/studies/time-motion-baseline-round1.csv', 'clinical/workflows/current-workflow-evidence-log.md', 'docs/02-clinical/discovery/open-questions-burndown.md']}",DISCOVERY_EVIDENCE_REVIEW,Versioned test/evidence artifact produced on planned day,true,OQ-005
TBD-05,PRD-NS-01,PRD-NS-01,TBD-05,TBD,Native identifiers/PHI trong files và quy trình de-identification site.,DISCOVERY_REQUIRED,BLOCKED,DAY_05,"{'title': 'Privacy, PHI & De-identification Gate', 'outputs': ['security-compliance/privacy/motionlab-data-classification.v0.1.md', 'security-compliance/privacy/deidentification-sop.v0.1.md', 'security-compliance/privacy/patient-data-access-matrix.v0.1.yaml']}",DISCOVERY_EVIDENCE_REVIEW,Versioned test/evidence artifact produced on planned day,true,OQ-007
TBD-06,PRD-NEED-06,PRD-NEED-06,TBD-06,TBD,Knee/ACL exact angle/DOF/failure mechanism.,DISCOVERY_REQUIRED,BLOCKED,DAY_74,"{'title': 'DR-K02 + DR-K03 — Exact Variable & Failure Semantics', 'outputs': ['clinical/knee-discovery/DR-K02-variable-dictionary.yaml', 'clinical/knee-discovery/DR-K03-failure-semantics.md']}",DISCOVERY_EVIDENCE_REVIEW,Versioned test/evidence artifact produced on planned day,true,OQ-009;OQ-010;OQ-011;OQ-012;OQ-013;OQ-014;OQ-015
TBD-07,PRD-NEED-05,PRD-NEED-05,TBD-07,TBD,Meaning chính xác của một số pressure force fields.,DISCOVERY_REQUIRED,BLOCKED,DAY_64,"{'title': 'Pressure Field Semantics Verification: LT/RT Force, COP, Contact', 'outputs': ['clinical/pressure/pressure-field-semantics.v0.1.md', 'data-platform/contracts/noraxon/pressure-field-dictionary.v0.1.yaml', 'clinical/pressure/open-semantics-evidence-log.md']}",DISCOVERY_EVIDENCE_REVIEW,Versioned test/evidence artifact produced on planned day,true,OQ-008
TBD-08,PRD-NS-01,PRD-NS-01,TBD-08,TBD,MFCV hardware/geometry eligibility.,NOT_VERIFIED,BLOCKED,DAY_49,"{'title': 'MFCV Site Eligibility Audit — Optional Capability Only', 'outputs': ['clinical/protocols/mfcv-site-eligibility-checklist.v1.0.md', 'services/feature-extraction-service/src/eligibility/mfcv.py', 'docs/06-ai-signal-processing/mfcv-site-decision.md']}",DISCOVERY_EVIDENCE_REVIEW,Versioned test/evidence artifact produced on planned day,true,OQ-016
PRD-NS-01,PRD-NS-01,PRD-NS-01,,BUSINESS_NEED,"Giảm thời gian bác sĩ phải trực tiếp xử lý dữ liệu, đồng thời tăng tính nhất quán và độ tin cậy của dữ liệu đủ điều kiện cho diễn giải lâm sàng.",VERIFIED_DOCUMENTED,FROZEN,DAY_01,"{'title': 'Requirements Re-baseline & Decision Ledger', 'outputs': ['docs/00-executive/rebaseline/requirements-inventory.v1.0.md', 'docs/00-executive/rebaseline/decision-ledger.v1.0.md', 'docs/00-executive/rebaseline/source-of-truth-hierarchy.md']}",TRACEABILITY_REVIEW;SOURCE_REVIEW,Versioned test/evidence artifact produced on planned day,true,
PRD-NEED-01,PRD-NS-01,PRD-NEED-01,,PRODUCT_NEED,Xử lý data/noise mất nhiều thời gian và khó khăn; đây là vấn đề bác sĩ ưu tiên nhất.,VERIFIED_DOCUMENTED,FROZEN,DAY_01;DAY_02,"{'title': 'Requirements Re-baseline & Decision Ledger', 'outputs': ['docs/00-executive/rebaseline/requirements-inventory.v1.0.md', 'docs/00-executive/rebaseline/decision-ledger.v1.0.md', 'docs/00-executive/rebaseline/source-of-truth-hierarchy.md']};{'title': 'Real MotionLab Workflow Mapping & Time-Motion Study Design', 'outputs': ['clinical/workflows/motionlab-current-state.v0.1.md', 'clinical/studies/time-motion-study-protocol.v0.1.md', 'clinical/studies/time-motion-observation-form.v0.1.yaml']}",TRACEABILITY_REVIEW;SOURCE_REVIEW,Versioned test/evidence artifact produced on planned day,false,
PRD-NEED-02,PRD-NS-01,PRD-NEED-02,,PRODUCT_NEED,sEMG ít được sử dụng; có trường hợp phải đo đi đo lại.,VERIFIED_DOCUMENTED,FROZEN,DAY_01;DAY_02,"{'title': 'Requirements Re-baseline & Decision Ledger', 'outputs': ['docs/00-executive/rebaseline/requirements-inventory.v1.0.md', 'docs/00-executive/rebaseline/decision-ledger.v1.0.md', 'docs/00-executive/rebaseline/source-of-truth-hierarchy.md']};{'title': 'Real MotionLab Workflow Mapping & Time-Motion Study Design', 'outputs': ['clinical/workflows/motionlab-current-state.v0.1.md', 'clinical/studies/time-motion-study-protocol.v0.1.md', 'clinical/studies/time-motion-observation-form.v0.1.yaml']}",TRACEABILITY_REVIEW;SOURCE_REVIEW,Versioned test/evidence artifact produced on planned day,false,
PRD-NEED-03,PRD-NS-01,PRD-NEED-03,,PRODUCT_NEED,"Các ca bệnh lý: stroke, liệt, teo cơ/teo vân cơ, thể trạng béo/gầy làm tín hiệu khó xử lý hơn.",VERIFIED_DOCUMENTED,FROZEN,DAY_01;DAY_02,"{'title': 'Requirements Re-baseline & Decision Ledger', 'outputs': ['docs/00-executive/rebaseline/requirements-inventory.v1.0.md', 'docs/00-executive/rebaseline/decision-ledger.v1.0.md', 'docs/00-executive/rebaseline/source-of-truth-hierarchy.md']};{'title': 'Real MotionLab Workflow Mapping & Time-Motion Study Design', 'outputs': ['clinical/workflows/motionlab-current-state.v0.1.md', 'clinical/studies/time-motion-study-protocol.v0.1.md', 'clinical/studies/time-motion-observation-form.v0.1.yaml']}",TRACEABILITY_REVIEW;SOURCE_REVIEW,Versioned test/evidence artifact produced on planned day,true,
PRD-NEED-04,PRD-NS-01,PRD-NEED-04,,PRODUCT_NEED,Bác sĩ muốn VSF làm phần data; bác sĩ tập trung thu đo và phê duyệt/kết luận.,VERIFIED_DOCUMENTED,FROZEN,DAY_01;DAY_02,"{'title': 'Requirements Re-baseline & Decision Ledger', 'outputs': ['docs/00-executive/rebaseline/requirements-inventory.v1.0.md', 'docs/00-executive/rebaseline/decision-ledger.v1.0.md', 'docs/00-executive/rebaseline/source-of-truth-hierarchy.md']};{'title': 'Real MotionLab Workflow Mapping & Time-Motion Study Design', 'outputs': ['clinical/workflows/motionlab-current-state.v0.1.md', 'clinical/studies/time-motion-study-protocol.v0.1.md', 'clinical/studies/time-motion-observation-form.v0.1.yaml']}",TRACEABILITY_REVIEW;SOURCE_REVIEW,Versioned test/evidence artifact produced on planned day,true,
PRD-NEED-05,PRD-NS-01,PRD-NEED-05,,PRODUCT_NEED,Plantar pressure thường nhận sai trái/phải ở gait bất thường; bác sĩ phải handle lại.,VERIFIED_DOCUMENTED,FROZEN,DAY_01;DAY_64,"{'title': 'Requirements Re-baseline & Decision Ledger', 'outputs': ['docs/00-executive/rebaseline/requirements-inventory.v1.0.md', 'docs/00-executive/rebaseline/decision-ledger.v1.0.md', 'docs/00-executive/rebaseline/source-of-truth-hierarchy.md']};{'title': 'Pressure Field Semantics Verification: LT/RT Force, COP, Contact', 'outputs': ['clinical/pressure/pressure-field-semantics.v0.1.md', 'data-platform/contracts/noraxon/pressure-field-dictionary.v0.1.yaml', 'clinical/pressure/open-semantics-evidence-log.md']}",TRACEABILITY_REVIEW;SOURCE_REVIEW,Versioned test/evidence artifact produced on planned day,false,
PRD-NEED-06,PRD-NS-01,PRD-NEED-06,,PRODUCT_NEED,Knee/ACL có một vấn đề kinematics/góc chưa quan sát hoặc biểu diễn được đúng; bác sĩ muốn giải.,DISCOVERY_REQUIRED,FROZEN,DAY_01;DAY_73,"{'title': 'Requirements Re-baseline & Decision Ledger', 'outputs': ['docs/00-executive/rebaseline/requirements-inventory.v1.0.md', 'docs/00-executive/rebaseline/decision-ledger.v1.0.md', 'docs/00-executive/rebaseline/source-of-truth-hierarchy.md']};{'title': 'DR-K01 — Capture One Real Knee/ACL Failure Case', 'outputs': ['clinical/knee-discovery/DR-K01-failure-case-manifest.yaml', 'clinical/knee-discovery/DR-K01-evidence-notes.md']}",TRACEABILITY_REVIEW;SOURCE_REVIEW,Versioned test/evidence artifact produced on planned day,true,
JTBD-01,PRD-NS-01,JTBD-01,,JTBD,"Khi Tôi vừa hoàn tất một phép đo sEMG, tôi muốn hệ thống tự kiểm tra chất lượng và chỉ ra đoạn/kênh có vấn đề, để biết có cần xử lý, sửa setup hoặc đo lại ngay hay không.",VERIFIED_DOCUMENTED,FROZEN,DAY_01;DAY_02,"{'title': 'Requirements Re-baseline & Decision Ledger', 'outputs': ['docs/00-executive/rebaseline/requirements-inventory.v1.0.md', 'docs/00-executive/rebaseline/decision-ledger.v1.0.md', 'docs/00-executive/rebaseline/source-of-truth-hierarchy.md']};{'title': 'Real MotionLab Workflow Mapping & Time-Motion Study Design', 'outputs': ['clinical/workflows/motionlab-current-state.v0.1.md', 'clinical/studies/time-motion-study-protocol.v0.1.md', 'clinical/studies/time-motion-observation-form.v0.1.yaml']}",WORKFLOW_VALIDATION;USER_REVIEW,Versioned test/evidence artifact produced on planned day,false,
JTBD-02,PRD-NS-01,JTBD-02,,JTBD,"Khi Dữ liệu đủ điều kiện, tôi muốn hệ thống tự áp dụng pipeline xử lý đã được duyệt và versioned, để không phải làm thủ công từ đầu cho từng ca.",VERIFIED_DOCUMENTED,FROZEN,DAY_01;DAY_02,"{'title': 'Requirements Re-baseline & Decision Ledger', 'outputs': ['docs/00-executive/rebaseline/requirements-inventory.v1.0.md', 'docs/00-executive/rebaseline/decision-ledger.v1.0.md', 'docs/00-executive/rebaseline/source-of-truth-hierarchy.md']};{'title': 'Real MotionLab Workflow Mapping & Time-Motion Study Design', 'outputs': ['clinical/workflows/motionlab-current-state.v0.1.md', 'clinical/studies/time-motion-study-protocol.v0.1.md', 'clinical/studies/time-motion-observation-form.v0.1.yaml']}",WORKFLOW_VALIDATION;USER_REVIEW,Versioned test/evidence artifact produced on planned day,false,
JTBD-03,PRD-NS-01,JTBD-03,,JTBD,"Khi Bệnh nhân có thể trạng/bệnh lý phức tạp, tôi muốn hệ thống phân biệt “measurement artifact” và “physiological variation” ở mức bằng chứng/uncertainty, để tránh xóa nhầm tín hiệu có ý nghĩa lâm sàng.",VERIFIED_DOCUMENTED,FROZEN,DAY_01;DAY_02,"{'title': 'Requirements Re-baseline & Decision Ledger', 'outputs': ['docs/00-executive/rebaseline/requirements-inventory.v1.0.md', 'docs/00-executive/rebaseline/decision-ledger.v1.0.md', 'docs/00-executive/rebaseline/source-of-truth-hierarchy.md']};{'title': 'Real MotionLab Workflow Mapping & Time-Motion Study Design', 'outputs': ['clinical/workflows/motionlab-current-state.v0.1.md', 'clinical/studies/time-motion-study-protocol.v0.1.md', 'clinical/studies/time-motion-observation-form.v0.1.yaml']}",WORKFLOW_VALIDATION;USER_REVIEW,Versioned test/evidence artifact produced on planned day,true,
JTBD-04,PRD-NS-01,JTBD-04,,JTBD,"Khi Hệ thống không chắc chắn, tôi muốn hệ thống abstain và nêu lý do, để bác sĩ chỉ tập trung vào exception thay vì review mọi điểm dữ liệu.",VERIFIED_DOCUMENTED,FROZEN,DAY_01;DAY_02,"{'title': 'Requirements Re-baseline & Decision Ledger', 'outputs': ['docs/00-executive/rebaseline/requirements-inventory.v1.0.md', 'docs/00-executive/rebaseline/decision-ledger.v1.0.md', 'docs/00-executive/rebaseline/source-of-truth-hierarchy.md']};{'title': 'Real MotionLab Workflow Mapping & Time-Motion Study Design', 'outputs': ['clinical/workflows/motionlab-current-state.v0.1.md', 'clinical/studies/time-motion-study-protocol.v0.1.md', 'clinical/studies/time-motion-observation-form.v0.1.yaml']}",WORKFLOW_VALIDATION;USER_REVIEW,Versioned test/evidence artifact produced on planned day,true,
JTBD-05,PRD-NS-01,JTBD-05,,JTBD,"Khi Tôi cần kết luận, tôi muốn xem metrics, provenance và bản phân tích dự thảo, để đưa ra quyết định chuyên môn nhanh hơn nhưng vẫn kiểm soát được.",VERIFIED_DOCUMENTED,FROZEN,DAY_01;DAY_02,"{'title': 'Requirements Re-baseline & Decision Ledger', 'outputs': ['docs/00-executive/rebaseline/requirements-inventory.v1.0.md', 'docs/00-executive/rebaseline/decision-ledger.v1.0.md', 'docs/00-executive/rebaseline/source-of-truth-hierarchy.md']};{'title': 'Real MotionLab Workflow Mapping & Time-Motion Study Design', 'outputs': ['clinical/workflows/motionlab-current-state.v0.1.md', 'clinical/studies/time-motion-study-protocol.v0.1.md', 'clinical/studies/time-motion-observation-form.v0.1.yaml']}",WORKFLOW_VALIDATION;USER_REVIEW,Versioned test/evidence artifact produced on planned day,false,
PRD-PP-01,PRD-NS-01,PRD-PP-01,,PRODUCT_PRINCIPLE,Quality before intelligence: Không chạy phân tích cao hơn nếu dữ liệu không supportable.,VERIFIED_DOCUMENTED,FROZEN,DAY_01,"{'title': 'Requirements Re-baseline & Decision Ledger', 'outputs': ['docs/00-executive/rebaseline/requirements-inventory.v1.0.md', 'docs/00-executive/rebaseline/decision-ledger.v1.0.md', 'docs/00-executive/rebaseline/source-of-truth-hierarchy.md']}",TRACEABILITY_REVIEW;SOURCE_REVIEW,Versioned test/evidence artifact produced on planned day,true,
PRD-PP-02,PRD-NS-01,PRD-PP-02,,PRODUCT_PRINCIPLE,Preserve physiology: Không coi mọi khác biệt so với người khỏe là noise.,VERIFIED_DOCUMENTED,FROZEN,DAY_01,"{'title': 'Requirements Re-baseline & Decision Ledger', 'outputs': ['docs/00-executive/rebaseline/requirements-inventory.v1.0.md', 'docs/00-executive/rebaseline/decision-ledger.v1.0.md', 'docs/00-executive/rebaseline/source-of-truth-hierarchy.md']}",TRACEABILITY_REVIEW;SOURCE_REVIEW,Versioned test/evidence artifact produced on planned day,true,
PRD-PP-03,PRD-NS-01,PRD-PP-03,,PRODUCT_PRINCIPLE,Human final authority: Bác sĩ phê duyệt và kết luận cuối.,VERIFIED_DOCUMENTED,FROZEN,DAY_01,"{'title': 'Requirements Re-baseline & Decision Ledger', 'outputs': ['docs/00-executive/rebaseline/requirements-inventory.v1.0.md', 'docs/00-executive/rebaseline/decision-ledger.v1.0.md', 'docs/00-executive/rebaseline/source-of-truth-hierarchy.md']}",TRACEABILITY_REVIEW;SOURCE_REVIEW,Versioned test/evidence artifact produced on planned day,true,
PRD-PP-04,PRD-NS-01,PRD-PP-04,,PRODUCT_PRINCIPLE,"Abstain over hallucinate: Không đủ bằng chứng phải trả “không đủ điều kiện”, không ép ra kết quả.",VERIFIED_DOCUMENTED,FROZEN,DAY_01,"{'title': 'Requirements Re-baseline & Decision Ledger', 'outputs': ['docs/00-executive/rebaseline/requirements-inventory.v1.0.md', 'docs/00-executive/rebaseline/decision-ledger.v1.0.md', 'docs/00-executive/rebaseline/source-of-truth-hierarchy.md']}",TRACEABILITY_REVIEW;SOURCE_REVIEW,Versioned test/evidence artifact produced on planned day,true,
PRD-PP-05,PRD-NS-01,PRD-PP-05,,PRODUCT_PRINCIPLE,"Traceable by design: Mọi metric/output phải truy vết được về file, channel, window, config và version.",VERIFIED_DOCUMENTED,FROZEN,DAY_01,"{'title': 'Requirements Re-baseline & Decision Ledger', 'outputs': ['docs/00-executive/rebaseline/requirements-inventory.v1.0.md', 'docs/00-executive/rebaseline/decision-ledger.v1.0.md', 'docs/00-executive/rebaseline/source-of-truth-hierarchy.md']}",TRACEABILITY_REVIEW;SOURCE_REVIEW,Versioned test/evidence artifact produced on planned day,true,
PRD-PP-06,PRD-NS-01,PRD-PP-06,,PRODUCT_PRINCIPLE,Automation of toil first: Ưu tiên giảm công việc lặp lại trước khi mở rộng sang các model phức tạp.,VERIFIED_DOCUMENTED,FROZEN,DAY_01,"{'title': 'Requirements Re-baseline & Decision Ledger', 'outputs': ['docs/00-executive/rebaseline/requirements-inventory.v1.0.md', 'docs/00-executive/rebaseline/decision-ledger.v1.0.md', 'docs/00-executive/rebaseline/source-of-truth-hierarchy.md']}",TRACEABILITY_REVIEW;SOURCE_REVIEW,Versioned test/evidence artifact produced on planned day,true,
PRD-PP-07,PRD-NS-01,PRD-PP-07,,PRODUCT_PRINCIPLE,Modality-neutral foundation: Kiến trúc dữ liệu đủ chung để mở rộng sEMG → pressure → kinematics khi phù hợp.,VERIFIED_DOCUMENTED,FROZEN,DAY_01,"{'title': 'Requirements Re-baseline & Decision Ledger', 'outputs': ['docs/00-executive/rebaseline/requirements-inventory.v1.0.md', 'docs/00-executive/rebaseline/decision-ledger.v1.0.md', 'docs/00-executive/rebaseline/source-of-truth-hierarchy.md']}",TRACEABILITY_REVIEW;SOURCE_REVIEW,Versioned test/evidence artifact produced on planned day,true,
PRD-KPI-01,PRD-NS-01,PRD-KPI-01,,KPI_FRAMEWORK,Manual processing time / case: Thời gian bác sĩ thực sự xử lý data sau thu đo. Baseline=TBD; team ước lượng ≥60 phút/ca. Pilot target=Giảm ≥50% là mục tiêu nghiên cứu ban đầu; chốt sau baseline..,VERIFIED_DOCUMENTED,IDENTIFIED,DAY_03;DAY_81,"{'title': 'Workflow Observation & Baseline Capture — Round 1', 'outputs': ['clinical/studies/time-motion-baseline-round1.csv', 'clinical/workflows/current-workflow-evidence-log.md', 'docs/02-clinical/discovery/open-questions-burndown.md']};{'title': 'Locked Retrospective Cohort & Evidence-Tier Freeze', 'outputs': ['clinical/validation/retrospective-cohort-protocol.v1.0.md', 'data-platform/catalog/retrospective-cohort-manifest.v1.0.yaml', 'security-compliance/privacy/retrospective-access-approval.md']}",TRACEABILITY_REVIEW;SOURCE_REVIEW,Versioned test/evidence artifact produced on planned day,false,OQ-002
PRD-KPI-02,PRD-NS-01,PRD-KPI-02,,KPI_FRAMEWORK,Full-manual-review rate: % ca bác sĩ phải xử lý lại gần như toàn bộ. Baseline=TBD. Pilot target=Giảm rõ rệt; target chốt sau 20-30 ca baseline..,VERIFIED_DOCUMENTED,IDENTIFIED,DAY_03;DAY_81,"{'title': 'Workflow Observation & Baseline Capture — Round 1', 'outputs': ['clinical/studies/time-motion-baseline-round1.csv', 'clinical/workflows/current-workflow-evidence-log.md', 'docs/02-clinical/discovery/open-questions-burndown.md']};{'title': 'Locked Retrospective Cohort & Evidence-Tier Freeze', 'outputs': ['clinical/validation/retrospective-cohort-protocol.v1.0.md', 'data-platform/catalog/retrospective-cohort-manifest.v1.0.yaml', 'security-compliance/privacy/retrospective-access-approval.md']}",TRACEABILITY_REVIEW;SOURCE_REVIEW,Versioned test/evidence artifact produced on planned day,false,OQ-002
PRD-KPI-03,PRD-NS-01,PRD-KPI-03,,KPI_FRAMEWORK,Re-measurement rate: % ca phải đo lại vì lỗi chất lượng/thu nhận. Baseline=Có xảy ra; chưa có tỷ lệ. Pilot target=Giảm sau khi triển khai QC sớm..,VERIFIED_DOCUMENTED,IDENTIFIED,DAY_03;DAY_81,"{'title': 'Workflow Observation & Baseline Capture — Round 1', 'outputs': ['clinical/studies/time-motion-baseline-round1.csv', 'clinical/workflows/current-workflow-evidence-log.md', 'docs/02-clinical/discovery/open-questions-burndown.md']};{'title': 'Locked Retrospective Cohort & Evidence-Tier Freeze', 'outputs': ['clinical/validation/retrospective-cohort-protocol.v1.0.md', 'data-platform/catalog/retrospective-cohort-manifest.v1.0.yaml', 'security-compliance/privacy/retrospective-access-approval.md']}",TRACEABILITY_REVIEW;SOURCE_REVIEW,Versioned test/evidence artifact produced on planned day,false,OQ-003
PRD-KPI-04,PRD-NS-01,PRD-KPI-04,,KPI_FRAMEWORK,QC critical-artifact recall: Khả năng bắt các lỗi bác sĩ cho là cần can thiệp. Baseline=N/A. Pilot target=Sensitivity-first; threshold chốt cùng bác sĩ..,VERIFIED_DOCUMENTED,IDENTIFIED,DAY_03;DAY_81,"{'title': 'Workflow Observation & Baseline Capture — Round 1', 'outputs': ['clinical/studies/time-motion-baseline-round1.csv', 'clinical/workflows/current-workflow-evidence-log.md', 'docs/02-clinical/discovery/open-questions-burndown.md']};{'title': 'Locked Retrospective Cohort & Evidence-Tier Freeze', 'outputs': ['clinical/validation/retrospective-cohort-protocol.v1.0.md', 'data-platform/catalog/retrospective-cohort-manifest.v1.0.yaml', 'security-compliance/privacy/retrospective-access-approval.md']}",TRACEABILITY_REVIEW;SOURCE_REVIEW,Versioned test/evidence artifact produced on planned day,true,OQ-004
PRD-KPI-05,PRD-NS-01,PRD-KPI-05,,KPI_FRAMEWORK,Doctor acceptance rate: % ca output được chấp nhận mà không cần reprocess toàn bộ. Baseline=N/A. Pilot target=Tăng theo pilot..,VERIFIED_DOCUMENTED,IDENTIFIED,DAY_03;DAY_81,"{'title': 'Workflow Observation & Baseline Capture — Round 1', 'outputs': ['clinical/studies/time-motion-baseline-round1.csv', 'clinical/workflows/current-workflow-evidence-log.md', 'docs/02-clinical/discovery/open-questions-burndown.md']};{'title': 'Locked Retrospective Cohort & Evidence-Tier Freeze', 'outputs': ['clinical/validation/retrospective-cohort-protocol.v1.0.md', 'data-platform/catalog/retrospective-cohort-manifest.v1.0.yaml', 'security-compliance/privacy/retrospective-access-approval.md']}",TRACEABILITY_REVIEW;SOURCE_REVIEW,Versioned test/evidence artifact produced on planned day,false,
PRD-KPI-06,PRD-NS-01,PRD-KPI-06,,KPI_FRAMEWORK,Abstention appropriateness: Hệ thống biết từ chối khi dữ liệu không đủ. Baseline=N/A. Pilot target=Không để low-quality signal biến thành kết luận tự tin..,VERIFIED_DOCUMENTED,IDENTIFIED,DAY_03;DAY_81,"{'title': 'Workflow Observation & Baseline Capture — Round 1', 'outputs': ['clinical/studies/time-motion-baseline-round1.csv', 'clinical/workflows/current-workflow-evidence-log.md', 'docs/02-clinical/discovery/open-questions-burndown.md']};{'title': 'Locked Retrospective Cohort & Evidence-Tier Freeze', 'outputs': ['clinical/validation/retrospective-cohort-protocol.v1.0.md', 'data-platform/catalog/retrospective-cohort-manifest.v1.0.yaml', 'security-compliance/privacy/retrospective-access-approval.md']}",TRACEABILITY_REVIEW;SOURCE_REVIEW,Versioned test/evidence artifact produced on planned day,true,
PRD-KPI-07,PRD-NS-01,PRD-KPI-07,,KPI_FRAMEWORK,Traceability completeness: % output có đủ source/config/version/reason. Baseline=N/A. Pilot target=100% cho output chính..,VERIFIED_DOCUMENTED,IDENTIFIED,DAY_03;DAY_81,"{'title': 'Workflow Observation & Baseline Capture — Round 1', 'outputs': ['clinical/studies/time-motion-baseline-round1.csv', 'clinical/workflows/current-workflow-evidence-log.md', 'docs/02-clinical/discovery/open-questions-burndown.md']};{'title': 'Locked Retrospective Cohort & Evidence-Tier Freeze', 'outputs': ['clinical/validation/retrospective-cohort-protocol.v1.0.md', 'data-platform/catalog/retrospective-cohort-manifest.v1.0.yaml', 'security-compliance/privacy/retrospective-access-approval.md']}",TRACEABILITY_REVIEW;SOURCE_REVIEW,Versioned test/evidence artifact produced on planned day,true,
PRD-OQ-01,PRD-NS-01,PRD-OQ-01,,OPEN_QUESTION,Số ca sEMG/tháng và distribution theo bệnh lý/protocol.,UNKNOWN,BLOCKED,DAY_03,"{'title': 'Workflow Observation & Baseline Capture — Round 1', 'outputs': ['clinical/studies/time-motion-baseline-round1.csv', 'clinical/workflows/current-workflow-evidence-log.md', 'docs/02-clinical/discovery/open-questions-burndown.md']}",TRACEABILITY_REVIEW;SOURCE_REVIEW,Versioned test/evidence artifact produced on planned day,true,OQ-001
PRD-OQ-02,PRD-NS-01,PRD-OQ-02,,OPEN_QUESTION,Time-motion baseline chính xác cho từng công đoạn.,UNKNOWN,BLOCKED,DAY_03,"{'title': 'Workflow Observation & Baseline Capture — Round 1', 'outputs': ['clinical/studies/time-motion-baseline-round1.csv', 'clinical/workflows/current-workflow-evidence-log.md', 'docs/02-clinical/discovery/open-questions-burndown.md']}",TRACEABILITY_REVIEW;SOURCE_REVIEW,Versioned test/evidence artifact produced on planned day,true,OQ-002
PRD-OQ-03,PRD-NS-01,PRD-OQ-03,,OPEN_QUESTION,Tỷ lệ đo lại và nguyên nhân đo lại.,UNKNOWN,BLOCKED,DAY_03,"{'title': 'Workflow Observation & Baseline Capture — Round 1', 'outputs': ['clinical/studies/time-motion-baseline-round1.csv', 'clinical/workflows/current-workflow-evidence-log.md', 'docs/02-clinical/discovery/open-questions-burndown.md']}",TRACEABILITY_REVIEW;SOURCE_REVIEW,Versioned test/evidence artifact produced on planned day,true,OQ-003
PRD-OQ-04,PRD-NS-01,PRD-OQ-04,,OPEN_QUESTION,Các filter/normalization/window/protocol hiện bác sĩ đang dùng và nguồn tham chiếu.,DISCOVERY_REQUIRED,BLOCKED,DAY_04,"{'title': 'Clinical Data-Quality Taxonomy: Artifact vs Physiological Variation', 'outputs': ['clinical/quality/qc-taxonomy.v0.1.yaml', 'clinical/quality/artifact-vs-physiology-guidance.v0.1.md', 'packages/common-schemas/json/quality-reason-codes.schema.json']}",TRACEABILITY_REVIEW;SOURCE_REVIEW,Versioned test/evidence artifact produced on planned day,true,OQ-004
PRD-OQ-05,PRD-NS-01,PRD-OQ-05,,OPEN_QUESTION,Output sEMG cuối đang hỗ trợ quyết định lâm sàng cụ thể nào.,DISCOVERY_REQUIRED,BLOCKED,DAY_03,"{'title': 'Workflow Observation & Baseline Capture — Round 1', 'outputs': ['clinical/studies/time-motion-baseline-round1.csv', 'clinical/workflows/current-workflow-evidence-log.md', 'docs/02-clinical/discovery/open-questions-burndown.md']}",TRACEABILITY_REVIEW;SOURCE_REVIEW,Versioned test/evidence artifact produced on planned day,true,OQ-005
PRD-OQ-06,PRD-NS-01,PRD-OQ-06,,OPEN_QUESTION,Metadata bệnh nhân/protocol được lưu ở đâu và mức đầy đủ.,DISCOVERY_REQUIRED,BLOCKED,DAY_12,"{'title': 'Canonical Session, Signal & ProtocolContext Contract', 'outputs': ['packages/common-schemas/json/session.schema.json', 'packages/common-schemas/json/signal.schema.json', 'packages/common-schemas/json/protocol-context.schema.json', 'packages/common-schemas/json/session.schema.json']}",TRACEABILITY_REVIEW;SOURCE_REVIEW,Versioned test/evidence artifact produced on planned day,true,OQ-006
PRD-OQ-07,PRD-NS-01,PRD-OQ-07,,OPEN_QUESTION,"Tên chính xác góc/DOF knee gặp lỗi, system/model, ground truth và current workaround.",DISCOVERY_REQUIRED,BLOCKED,DAY_73;DAY_79,"{'title': 'DR-K01 — Capture One Real Knee/ACL Failure Case', 'outputs': ['clinical/knee-discovery/DR-K01-failure-case-manifest.yaml', 'clinical/knee-discovery/DR-K01-evidence-notes.md']};{'title': 'DR-K08 — Success Criterion & Root-Cause Experiments', 'outputs': ['clinical/knee-discovery/DR-K08-success-criterion.md', 'ai-core/pipelines/run_knee_root_cause_diagnostics.py', 'qa-validation/validation-reports/knee-root-cause-experiments-v0.1.md']}",TRACEABILITY_REVIEW;SOURCE_REVIEW,Versioned test/evidence artifact produced on planned day,true,OQ-009;OQ-010;OQ-011;OQ-012;OQ-013;OQ-014;OQ-015
PRD-OQ-08,PRD-NS-01,PRD-OQ-08,,OPEN_QUESTION,Definition chính xác của LT/RT Force trong Noraxon pressure/treadmill export.,DISCOVERY_REQUIRED,BLOCKED,DAY_64,"{'title': 'Pressure Field Semantics Verification: LT/RT Force, COP, Contact', 'outputs': ['clinical/pressure/pressure-field-semantics.v0.1.md', 'data-platform/contracts/noraxon/pressure-field-dictionary.v0.1.yaml', 'clinical/pressure/open-semantics-evidence-log.md']}",TRACEABILITY_REVIEW;SOURCE_REVIEW,Versioned test/evidence artifact produced on planned day,true,OQ-008
PRD-OQ-09,PRD-NS-01,PRD-OQ-09,,OPEN_QUESTION,Quy trình data privacy/consent/de-identification áp dụng cho dataset người thật được gửi VSF.,DISCOVERY_REQUIRED,BLOCKED,DAY_05,"{'title': 'Privacy, PHI & De-identification Gate', 'outputs': ['security-compliance/privacy/motionlab-data-classification.v0.1.md', 'security-compliance/privacy/deidentification-sop.v0.1.md', 'security-compliance/privacy/patient-data-access-matrix.v0.1.yaml']}",TRACEABILITY_REVIEW;SOURCE_REVIEW,Versioned test/evidence artifact produced on planned day,true,OQ-007
