record_id,repetition_id,subject_id,session_id,gesture_id,trial_id,split_name,y_true,score__rest,score__hand_close,score__wrist_flexion,score__wrist_extension,valid_window_count,y_pred,expected_window_count,valid_window_fraction,low_coverage_flag
grabmyo-S001-D1-wrist_extension-T01,grabmyo-S001-D1-wrist_extension-T01,1,1,11,1,train,wrist_extension,-8.133705145603745,-3.068178993903548,-7.083401663627754,2.939951418979297,48,wrist_extension,48,1.0,False
grabmyo-S001-D1-wrist_extension-T02,grabmyo-S001-D1-wrist_extension-T02,1,1,11,2,train,wrist_extension,-8.275588280461937,-3.115986019489231,-5.286201299001475,2.614311123152626,48,wrist_extension,48,1.0,False
grabmyo-S001-D1-wrist_extension-T03,grabmyo-S001-D1-wrist_extension-T03,1,1,11,3,train,wrist_extension,-7.197910867053409,-2.0126521282187295,-2.9492440946187037,2.1275069355212586,48,wrist_extension,48,1.0,False
grabmyo-S001-D1-wrist_extension-T04,grabmyo-S001-D1-wrist_extension-T04,1,1,11,4,train,wrist_extension,-8.419570232674012,-3.8294801697663305,-5.969398657682056,3.5015553848274803,48,wrist_extension,48,1.0,False
grabmyo-S001-D1-wrist_extension-T05,grabmyo-S001-D1-wrist_extension-T05,1,1,11,5,train,wrist_extension,-9.336280616310944,-4.03238704600129,-9.535456658638976,3.4657483358663597,48,wrist_extension,48,1.0,False
grabmyo-S001-D1-wrist_extension-T06,grabmyo-S001-D1-wrist_extension-T06,1,1,11,6,train,wrist_extension,-7.526823842394562,-3.2987134658393127,-7.004577191832723,2.8143110876730795,48,wrist_extension,48,1.0,False
grabmyo-S001-D1-wrist_extension-T07,grabmyo-S001-D1-wrist_extension-T07,1,1,11,7,train,wrist_extension,-10.059078305292163,-4.2540159927610075,-9.558146733330073,3.9209997225089155,48,wrist_extension,48,1.0,False
grabmyo-S001-D1-wrist_flexion-T01,grabmyo-S001-D1-wrist_flexion-T01,1,1,12,1,train,wrist_flexion,-3.918188151427376,-1.4507137695484964,2.7224903303135677,-1.9595436598537344,48,wrist_flexion,48,1.0,False
grabmyo-S001-D1-wrist_flexion-T02,grabmyo-S001-D1-wrist_flexion-T02,1,1,12,2,train,wrist_flexion,-3.1895425120243375,-1.9375095520689873,2.5629326120486207,-2.040640603760145,48,wrist_flexion,48,1.0,False
grabmyo-S001-D1-wrist_flexion-T03,grabmyo-S001-D1-wrist_flexion-T03,1,1,12,3,train,wrist_flexion,-1.8393728994810432,-1.6463737400790854,1.519356777950197,-1.6751480639088472,48,wrist_flexion,48,1.0,False
grabmyo-S001-D1-wrist_flexion-T04,grabmyo-S001-D1-wrist_flexion-T04,1,1,12,4,train,wrist_flexion,-1.4206781204948156,-1.3139256837690614,0.68093994029574,-1.4611043787984823,48,wrist_flexion,48,1.0,False
grabmyo-S001-D1-wrist_flexion-T05,grabmyo-S001-D1-wrist_flexion-T05,1,1,12,5,train,wrist_flexion,-3.0134597684908857,-1.8083989802869394,2.717149507551514,-2.326970804132807,48,wrist_flexion,48,1.0,False
grabmyo-S001-D1-wrist_flexion-T06,grabmyo-S001-D1-wrist_flexion-T06,1,1,12,6,train,wrist_flexion,-2.348690600483726,-1.1145847179896025,1.413856470300544,-1.8317237473842092,48,wrist_flexion,48,1.0,False
grabmyo-S001-D1-wrist_flexion-T07,grabmyo-S001-D1-wrist_flexion-T07,1,1,12,7,train,wrist_flexion,-2.979963652518648,-1.079204241712996,1.317869968352426,-1.5841885789159367,48,wrist_flexion,48,1.0,False
grabmyo-S001-D1-hand_close-T01,grabmyo-S001-D1-hand_close-T01,1,1,16,1,train,hand_close,-2.5607104470968687,1.4666422406993462,-1.8970302152650607,-2.258181731217371,48,hand_close,48,1.0,False
grabmyo-S001-D1-hand_close-T02,grabmyo-S001-D1-hand_close-T02,1,1,16,2,train,hand_close,-5.6600619485271935,2.871935419386709,-2.033850245578002,-3.3618793489637926,48,hand_close,48,1.0,False
grabmyo-S001-D1-hand_close-T03,grabmyo-S001-D1-hand_close-T03,1,1,16,3,train,hand_close,-5.997704255700701,4.017303310162886,-2.6740095249056304,-3.876467087680547,48,hand_close,48,1.0,False
grabmyo-S001-D1-hand_close-T04,grabmyo-S001-D1-hand_close-T04,1,1,16,4,train,hand_close,-7.347106542133244,3.8671073403149205,-2.502230893013769,-4.451014791488842,48,hand_close,48,1.0,False
grabmyo-S001-D1-hand_close-T05,grabmyo-S001-D1-hand_close-T05,1,1,16,5,train,hand_close,-3.5360265820065844,1.0539355498534178,-1.914995078088241,-1.870337003615007,48,hand_close,48,1.0,False
grabmyo-S001-D1-hand_close-T06,grabmyo-S001-D1-hand_close-T06,1,1,16,6,train,hand_close,-5.9445947569250945,2.8775343793543366,-1.9876568087726676,-3.2318381605065007,48,hand_close,48,1.0,False
grabmyo-S001-D1-hand_close-T07,grabmyo-S001-D1-hand_close-T07,1,1,16,7,train,hand_close,-4.220968809039279,1.6214991793952587,-1.7723502431155922,-2.112379142020196,48,hand_close,48,1.0,False
grabmyo-S001-D1-rest-T01,grabmyo-S001-D1-rest-T01,1,1,17,1,train,rest,0.6489675024430275,-0.8318150099656677,-1.5342226748405523,-0.9927984994073209,48,rest,48,1.0,False
grabmyo-S001-D1-rest-T02,grabmyo-S001-D1-rest-T02,1,1,17,2,train,rest,0.5312168056290484,-0.7764522359433723,-1.2643563646993485,-1.0879027410298774,48,rest,48,1.0,False
grabmyo-S001-D1-rest-T03,grabmyo-S001-D1-rest-T03,1,1,17,3,train,rest,0.9354058158749563,-0.8530103586837551,-1.5041868034950345,-1.3011478671772887,48,rest,48,1.0,False
grabmyo-S001-D1-rest-T04,grabmyo-S001-D1-rest-T04,1,1,17,4,train,rest,0.611249437112556,-0.9664648866585557,-1.535521373600648,-0.9144778373275795,48,rest,48,1.0,False
grabmyo-S001-D1-rest-T05,grabmyo-S001-D1-rest-T05,1,1,17,5,train,rest,0.7330099270251252,-0.8538844479630291,-1.6759391756440942,-0.9725117941653291,48,rest,48,1.0,False
grabmyo-S001-D1-rest-T06,grabmyo-S001-D1-rest-T06,1,1,17,6,train,rest,0.8643655054110065,-0.7931679637438117,-1.8535650435408162,-0.989478265098751,48,rest,48,1.0,False
grabmyo-S001-D1-rest-T07,grabmyo-S001-D1-rest-T07,1,1,17,7,train,rest,0.8106151182320441,-0.7941259656440715,-1.9148485927294,-0.8653889884839784,48,rest,48,1.0,False
grabmyo-S002-D1-wrist_extension-T01,grabmyo-S002-D1-wrist_extension-T01,2,1,11,1,train,wrist_extension,-5.753947867469811,-2.775935308076719,-4.069886211387645,2.3733585624643827,48,wrist_extension,48,1.0,False
grabmyo-S002-D1-wrist_extension-T02,grabmyo-S002-D1-wrist_extension-T02,2,1,11,2,train,wrist_extension,-8.889611103610966,-3.654824499747814,-5.446865456172621,2.5724612377741414,48,wrist_extension,48,1.0,False
grabmyo-S002-D1-wrist_extension-T03,grabmyo-S002-D1-wrist_extension-T03,2,1,11,3,train,wrist_extension,-8.41874011113632,-3.290464769811315,-4.721492633716996,2.337073743687605,48,wrist_extension,48,1.0,False
grabmyo-S002-D1-wrist_extension-T04,grabmyo-S002-D1-wrist_extension-T04,2,1,11,4,train,wrist_extension,-7.967066766190608,-2.651578398842609,-4.60954001165259,1.9302652749395843,48,wrist_extension,48,1.0,False
grabmyo-S002-D1-wrist_extension-T05,grabmyo-S002-D1-wrist_extension-T05,2,1,11,5,train,wrist_extension,-9.482005398240695,-3.7430782090723818,-5.881896671349263,2.7395407579132116,48,wrist_extension,48,1.0,False
grabmyo-S002-D1-wrist_extension-T06,grabmyo-S002-D1-wrist_extension-T06,2,1,11,6,train,wrist_extension,-6.578740751024122,-3.4963698196713455,-4.761310603270916,1.571350666722779,48,wrist_extension,48,1.0,False
grabmyo-S002-D1-wrist_extension-T07,grabmyo-S002-D1-wrist_extension-T07,2,1,11,7,train,wrist_extension,-6.95103180161357,-3.5079879121088258,-4.88359246938854,2.391626664132146,48,wrist_extension,48,1.0,False
grabmyo-S002-D1-wrist_flexion-T01,grabmyo-S002-D1-wrist_flexion-T01,2,1,12,1,train,wrist_flexion,-0.7791826007054933,-1.8995016197294625,0.9342967836895751,-0.8877301497727147,48,wrist_flexion,48,1.0,False
grabmyo-S002-D1-wrist_flexion-T02,grabmyo-S002-D1-wrist_flexion-T02,2,1,12,2,train,wrist_flexion,-1.2685307253993103,-2.5222477473605474,1.5738555916913883,-1.0759075170636898,48,wrist_flexion,48,1.0,False
grabmyo-S002-D1-wrist_flexion-T03,grabmyo-S002-D1-wrist_flexion-T03,2,1,12,3,train,wrist_flexion,-0.8912675188455591,-2.6098664486975487,1.7867377213326339,-1.0240147876146006,48,wrist_flexion,48,1.0,False
grabmyo-S002-D1-wrist_flexion-T04,grabmyo-S002-D1-wrist_flexion-T04,2,1,12,4,train,wrist_flexion,-1.5913557089516905,-3.024438001081453,1.9764435969665095,-1.3765325742362604,48,wrist_flexion,48,1.0,False
grabmyo-S002-D1-wrist_flexion-T05,grabmyo-S002-D1-wrist_flexion-T05,2,1,12,5,train,wrist_flexion,-1.8946982889165034,-3.651605865181084,2.239364531433479,-1.1355284133061154,48,wrist_flexion,48,1.0,False
grabmyo-S002-D1-wrist_flexion-T06,grabmyo-S002-D1-wrist_flexion-T06,2,1,12,6,train,wrist_flexion,-0.5066426737627877,-2.3768442908463494,0.7193647906336519,-1.2147234778801297,48,wrist_flexion,48,1.0,False
grabmyo-S002-D1-wrist_flexion-T07,grabmyo-S002-D1-wrist_flexion-T07,2,1,12,7,train,wrist_flexion,-1.6850347326997899,-3.445212303176809,2.5504613027772955,-1.1502596335596074,48,wrist_flexion,48,1.0,False
grabmyo-S002-D1-hand_close-T01,grabmyo-S002-D1-hand_close-T01,2,1,16,1,train,hand_close,-1.844517827574614,-0.3153641062559929,-0.5807338339427198,-0.4756687181820815,48,hand_close,48,1.0,False
grabmyo-S002-D1-hand_close-T02,grabmyo-S002-D1-hand_close-T02,2,1,16,2,train,hand_close,-5.361893566120156,1.65833288924949,-1.741894182078928,-2.1034965109316603,48,hand_close,48,1.0,False
grabmyo-S002-D1-hand_close-T03,grabmyo-S002-D1-hand_close-T03,2,1,16,3,train,hand_close,-8.014213074581624,1.8113064841130335,-1.3996537952681818,-5.36982272805804,48,hand_close,48,1.0,False
grabmyo-S002-D1-hand_close-T04,grabmyo-S002-D1-hand_close-T04,2,1,16,4,train,hand_close,-8.175543701730417,3.0224418379119498,-1.905520510710616,-4.346052494014456,48,hand_close,48,1.0,False
grabmyo-S002-D1-hand_close-T05,grabmyo-S002-D1-hand_close-T05,2,1,16,5,train,hand_close,-8.973350244956261,3.3038334877133964,-2.1676333037509683,-6.32977519474198,48,hand_close,48,1.0,False
grabmyo-S002-D1-hand_close-T06,grabmyo-S002-D1-hand_close-T06,2,1,16,6,train,hand_close,-4.063846650992284,1.7681650833710536,-1.4985406404827695,-3.4643224084557587,48,hand_close,48,1.0,False
grabmyo-S002-D1-hand_close-T07,grabmyo-S002-D1-hand_close-T07,2,1,16,7,train,hand_close,-6.655896314867108,2.227560690602708,-1.5272845920982052,-4.336926031052247,48,hand_close,48,1.0,False
grabmyo-S002-D1-rest-T01,grabmyo-S002-D1-rest-T01,2,1,17,1,train,rest,-0.718388813636018,-1.111629799094309,-1.2154541904479028,-0.9762956306443811,48,rest,48,1.0,False
grabmyo-S002-D1-rest-T02,grabmyo-S002-D1-rest-T02,2,1,17,2,train,rest,0.8181219261274686,-1.0894671224761998,-1.1323360724720353,-0.5421110487278703,48,rest,48,1.0,False
grabmyo-S002-D1-rest-T03,grabmyo-S002-D1-rest-T03,2,1,17,3,train,rest,1.2868680433888924,-0.9689589028926117,-1.5528172037009664,-0.7744529894141543,48,rest,48,1.0,False
grabmyo-S002-D1-rest-T04,grabmyo-S002-D1-rest-T04,2,1,17,4,train,rest,0.8703866500759952,-1.0817946293928007,-1.0283587412483381,-0.6585154619056027,48,rest,48,1.0,False
grabmyo-S002-D1-rest-T05,grabmyo-S002-D1-rest-T05,2,1,17,5,train,rest,1.2709791092009444,-0.977607111416206,-1.4176312496215042,-0.9185726276007529,48,rest,48,1.0,False
grabmyo-S002-D1-rest-T06,grabmyo-S002-D1-rest-T06,2,1,17,6,train,rest,0.6605789950061781,-1.4340385455992566,-0.735116351045303,-0.49844826961607125,48,rest,48,1.0,False
grabmyo-S002-D1-rest-T07,grabmyo-S002-D1-rest-T07,2,1,17,7,train,rest,0.8699733682213514,-1.1979363845719917,-1.1629641260204748,-0.7871714459942193,48,rest,48,1.0,False
grabmyo-S003-D1-wrist_extension-T01,grabmyo-S003-D1-wrist_extension-T01,3,1,11,1,train,wrist_extension,-7.8849882421059005,-1.8605180326476483,-9.174479394400981,3.0477562043256405,48,wrist_extension,48,1.0,False
grabmyo-S003-D1-wrist_extension-T02,grabmyo-S003-D1-wrist_extension-T02,3,1,11,2,train,wrist_extension,-23.798467701830514,-11.226662982043939,-17.68949421432002,3.628042397581428,48,wrist_extension,48,1.0,False
grabmyo-S003-D1-wrist_extension-T03,grabmyo-S003-D1-wrist_extension-T03,3,1,11,3,train,wrist_extension,-16.74846746622954,-6.8420227578105655,-14.548038568786737,4.117170242937234,48,wrist_extension,48,1.0,False
grabmyo-S003-D1-wrist_extension-T04,grabmyo-S003-D1-wrist_extension-T04,3,1,11,4,train,wrist_extension,-19.010572260868546,-9.917934001212913,-15.217963040487227,3.6250840077311017,48,wrist_extension,48,1.0,False
grabmyo-S003-D1-wrist_extension-T05,grabmyo-S003-D1-wrist_extension-T05,3,1,11,5,train,wrist_extension,-14.468475802034723,-4.2944694185242085,-13.474655270611239,3.80194004616728,48,wrist_extension,48,1.0,False
grabmyo-S003-D1-wrist_extension-T06,grabmyo-S003-D1-wrist_extension-T06,3,1,11,6,train,wrist_extension,-13.839919588435526,-3.100038762349419,-12.73703319560314,3.979052681632185,48,wrist_extension,48,1.0,False
grabmyo-S003-D1-wrist_extension-T07,grabmyo-S003-D1-wrist_extension-T07,3,1,11,7,train,wrist_extension,-16.42474569329309,-5.328202904670472,-13.980841431601695,4.071869007122527,48,wrist_extension,48,1.0,False
grabmyo-S003-D1-wrist_flexion-T01,grabmyo-S003-D1-wrist_flexion-T01,3,1,12,1,train,wrist_flexion,-1.8369346651228093,-1.167857228496071,0.4192180420720469,-1.3713144468449487,48,wrist_flexion,48,1.0,False
grabmyo-S003-D1-wrist_flexion-T02,grabmyo-S003-D1-wrist_flexion-T02,3,1,12,2,train,wrist_flexion,-2.589141527165374,-1.0751168918703689,0.2932287311490463,-1.6400537699167037,48,wrist_flexion,48,1.0,False
grabmyo-S003-D1-wrist_flexion-T03,grabmyo-S003-D1-wrist_flexion-T03,3,1,12,3,train,wrist_flexion,-4.773500241391141,-0.6997943635897016,0.6632993785802227,-2.5666557912891594,48,wrist_flexion,48,1.0,False
grabmyo-S003-D1-wrist_flexion-T04,grabmyo-S003-D1-wrist_flexion-T04,3,1,12,4,train,wrist_flexion,-2.0895130548343452,-1.1703727554163736,0.3797658373305702,-1.4578043217187766,48,wrist_flexion,48,1.0,False
grabmyo-S003-D1-wrist_flexion-T05,grabmyo-S003-D1-wrist_flexion-T05,3,1,12,5,train,wrist_flexion,-3.618781317390951,-0.8961970866881602,0.44845253771567567,-1.9672034889071497,48,wrist_flexion,48,1.0,False
grabmyo-S003-D1-wrist_flexion-T06,grabmyo-S003-D1-wrist_flexion-T06,3,1,12,6,train,wrist_flexion,-5.246231197836718,-1.0405996386106688,0.8691670161674422,-2.497390038611534,48,wrist_flexion,48,1.0,False
grabmyo-S003-D1-wrist_flexion-T07,grabmyo-S003-D1-wrist_flexion-T07,3,1,12,7,train,wrist_flexion,-3.6584258453424887,-1.0881832127926112,0.6801389199818747,-2.0460079857257973,48,wrist_flexion,48,1.0,False
grabmyo-S003-D1-hand_close-T01,grabmyo-S003-D1-hand_close-T01,3,1,16,1,train,hand_close,-1.9183885435678167,0.48900612726416853,-1.0402213254642638,-1.59092272055445,48,hand_close,48,1.0,False
grabmyo-S003-D1-hand_close-T02,grabmyo-S003-D1-hand_close-T02,3,1,16,2,train,hand_close,-1.7006885795552822,0.7239627446522028,-1.3641016414498353,-1.6295696290867498,48,hand_close,48,1.0,False
grabmyo-S003-D1-hand_close-T03,grabmyo-S003-D1-hand_close-T03,3,1,16,3,train,hand_close,-1.317730010352883,0.4794382236111412,-2.2334932422743345,-1.1174276981074136,48,hand_close,48,1.0,False
grabmyo-S003-D1-hand_close-T04,grabmyo-S003-D1-hand_close-T04,3,1,16,4,train,hand_close,-1.6400759845696002,0.43902646474908896,-1.9913371124312407,-0.9286630474113843,48,hand_close,48,1.0,False
grabmyo-S003-D1-hand_close-T05,grabmyo-S003-D1-hand_close-T05,3,1,16,5,train,hand_close,-1.166142736377325,0.1823036308400169,-1.6479128156340568,-1.0655616178253855,48,hand_close,48,1.0,False
grabmyo-S003-D1-hand_close-T06,grabmyo-S003-D1-hand_close-T06,3,1,16,6,train,hand_close,-1.033870913196187,0.19760794792841244,-1.3316748876415376,-1.1352070735741908,48,hand_close,48,1.0,False
grabmyo-S003-D1-hand_close-T07,grabmyo-S003-D1-hand_close-T07,3,1,16,7,train,hand_close,-1.7943893975262266,0.6103491482226746,-1.2483900163228208,-1.6121417363453645,48,hand_close,48,1.0,False
grabmyo-S003-D1-rest-T01,grabmyo-S003-D1-rest-T01,3,1,17,1,train,rest,0.9042730007172755,-1.526897045599713,-0.6901393001599053,-1.04105068663394,48,rest,48,1.0,False
grabmyo-S003-D1-rest-T02,grabmyo-S003-D1-rest-T02,3,1,17,2,train,rest,0.9485590048627031,-1.6671605180032152,-0.8852482372019573,-0.9137202955007786,48,rest,48,1.0,False
grabmyo-S003-D1-rest-T03,grabmyo-S003-D1-rest-T03,3,1,17,3,train,rest,0.9749241355409285,-1.690121018330346,-0.9309832581543335,-0.8584137929910899,48,rest,48,1.0,False
grabmyo-S003-D1-rest-T04,grabmyo-S003-D1-rest-T04,3,1,17,4,train,rest,0.8821491665646657,-1.6053565354680794,-0.817180572537799,-0.8849357380793546,48,rest,48,1.0,False
grabmyo-S003-D1-rest-T05,grabmyo-S003-D1-rest-T05,3,1,17,5,train,rest,0.7251554950839,-1.0492104858521032,-1.0360169776410955,-0.9809095234063535,48,rest,48,1.0,False
grabmyo-S003-D1-rest-T06,grabmyo-S003-D1-rest-T06,3,1,17,6,train,rest,0.6605311819064125,-1.0090733111461974,-1.136761466833782,-0.9349060441337094,48,rest,48,1.0,False
grabmyo-S003-D1-rest-T07,grabmyo-S003-D1-rest-T07,3,1,17,7,train,rest,0.6030003637950235,-0.9752395681487823,-1.1728938220610619,-0.8453358025325196,48,rest,48,1.0,False
grabmyo-S004-D1-wrist_extension-T01,grabmyo-S004-D1-wrist_extension-T01,4,1,11,1,train,wrist_extension,-21.66171208993568,-8.650220715158763,-29.02453012751789,3.1161173002018834,48,wrist_extension,48,1.0,False
grabmyo-S004-D1-wrist_extension-T02,grabmyo-S004-D1-wrist_extension-T02,4,1,11,2,train,wrist_extension,-17.329781177159013,-6.957084850725958,-21.95511586380753,2.357005587061516,48,wrist_extension,48,1.0,False
grabmyo-S004-D1-wrist_extension-T03,grabmyo-S004-D1-wrist_extension-T03,4,1,11,3,train,wrist_extension,-16.696458251557274,-6.425783313275787,-18.022699919307893,3.3168015257122687,48,wrist_extension,48,1.0,False
grabmyo-S004-D1-wrist_extension-T04,grabmyo-S004-D1-wrist_extension-T04,4,1,11,4,train,wrist_extension,-17.917847693502516,-6.837210277543851,-20.491700069277424,3.1849081063757407,48,wrist_extension,48,1.0,False
grabmyo-S004-D1-wrist_extension-T05,grabmyo-S004-D1-wrist_extension-T05,4,1,11,5,train,wrist_extension,-11.058719427860241,-3.384681295443323,-8.381164997091393,1.8896552415798007,48,wrist_extension,48,1.0,False
grabmyo-S004-D1-wrist_extension-T06,grabmyo-S004-D1-wrist_extension-T06,4,1,11,6,train,wrist_extension,-22.24600362022512,-9.318228382886629,-28.255671584249896,4.11950824208649,48,wrist_extension,48,1.0,False
grabmyo-S004-D1-wrist_extension-T07,grabmyo-S004-D1-wrist_extension-T07,4,1,11,7,train,wrist_extension,-22.32499886859981,-8.91669772840727,-26.848553880779843,3.66002665652978,48,wrist_extension,48,1.0,False
grabmyo-S004-D1-wrist_flexion-T01,grabmyo-S004-D1-wrist_flexion-T01,4,1,12,1,train,wrist_flexion,-6.921014205931743,-5.811137609993061,5.778620430995164,-3.2894014022808555,48,wrist_flexion,48,1.0,False
grabmyo-S004-D1-wrist_flexion-T02,grabmyo-S004-D1-wrist_flexion-T02,4,1,12,2,train,wrist_flexion,-5.680411167942469,-5.77423366239094,4.219013660937976,-2.6327936443323536,48,wrist_flexion,48,1.0,False
grabmyo-S004-D1-wrist_flexion-T03,grabmyo-S004-D1-wrist_flexion-T03,4,1,12,3,train,wrist_flexion,-7.181763625441537,-6.316597946835368,7.169180626205859,-4.004683924572254,48,wrist_flexion,48,1.0,False
grabmyo-S004-D1-wrist_flexion-T04,grabmyo-S004-D1-wrist_flexion-T04,4,1,12,4,train,wrist_flexion,-5.48678364474128,-5.059988299460765,6.676839265289231,-3.2811257491324266,48,wrist_flexion,48,1.0,False
grabmyo-S004-D1-wrist_flexion-T05,grabmyo-S004-D1-wrist_flexion-T05,4,1,12,5,train,wrist_flexion,-3.0157564616676713,-3.420662780823968,3.7007663209005823,-1.8417808265825777,48,wrist_flexion,48,1.0,False
grabmyo-S004-D1-wrist_flexion-T06,grabmyo-S004-D1-wrist_flexion-T06,4,1,12,6,train,wrist_flexion,-6.27683686068976,-5.005922739318049,6.386323358646073,-2.536639771548566,48,wrist_flexion,48,1.0,False
grabmyo-S004-D1-wrist_flexion-T07,grabmyo-S004-D1-wrist_flexion-T07,4,1,12,7,train,wrist_flexion,-5.982883870835171,-5.574444962570713,7.022948139780972,-3.4272154003405615,48,wrist_flexion,48,1.0,False
grabmyo-S004-D1-hand_close-T01,grabmyo-S004-D1-hand_close-T01,4,1,16,1,train,hand_close,-2.2739439197930427,-0.3871464722642635,-1.8173061722142176,-1.3477236185543713,48,hand_close,48,1.0,False
grabmyo-S004-D1-hand_close-T02,grabmyo-S004-D1-hand_close-T02,4,1,16,2,train,hand_close,-4.68937731766674,-0.4394567328674066,-1.9189621910316161,-1.3062964655592844,48,hand_close,48,1.0,False
grabmyo-S004-D1-hand_close-T03,grabmyo-S004-D1-hand_close-T03,4,1,16,3,train,hand_close,-3.4135627932598442,-0.9675365031926031,-0.027218297362137257,-0.8980686959626424,48,wrist_flexion,48,1.0,False
grabmyo-S004-D1-hand_close-T04,grabmyo-S004-D1-hand_close-T04,4,1,16,4,train,hand_close,-2.037669440892064,0.1857066844046451,-1.1580366726565974,-1.463251302155002,48,hand_close,48,1.0,False
grabmyo-S004-D1-hand_close-T05,grabmyo-S004-D1-hand_close-T05,4,1,16,5,train,hand_close,-1.580264910239631,-0.22169614993024114,-0.5506256948297936,-1.27075772961762,48,hand_close,48,1.0,False
grabmyo-S004-D1-hand_close-T06,grabmyo-S004-D1-hand_close-T06,4,1,16,6,train,hand_close,-3.7201513042189376,0.20634525409675616,-1.5484697208947293,-1.7337129335563495,48,hand_close,48,1.0,False
grabmyo-S004-D1-hand_close-T07,grabmyo-S004-D1-hand_close-T07,4,1,16,7,train,hand_close,-2.163960625641914,0.633163905048501,-1.3641950105754297,-1.986267702489826,48,hand_close,48,1.0,False
grabmyo-S004-D1-rest-T01,grabmyo-S004-D1-rest-T01,4,1,17,1,train,rest,0.26039092201504915,-0.49104640272508,-1.249853370560832,-1.7646662595948772,48,rest,48,1.0,False
grabmyo-S004-D1-rest-T02,grabmyo-S004-D1-rest-T02,4,1,17,2,train,rest,0.6467470762299181,-0.9151775224009874,-1.1240124905460354,-1.8823938701121843,48,rest,48,1.0,False
grabmyo-S004-D1-rest-T03,grabmyo-S004-D1-rest-T03,4,1,17,3,train,rest,0.7225852336212197,-0.7683635160902574,-1.2271878373079559,-1.8628570632304609,48,rest,48,1.0,False
grabmyo-S004-D1-rest-T04,grabmyo-S004-D1-rest-T04,4,1,17,4,train,rest,0.6769565930576219,-0.6717370025452783,-1.4239984345528087,-1.9513796377746333,48,rest,48,1.0,False
grabmyo-S004-D1-rest-T05,grabmyo-S004-D1-rest-T05,4,1,17,5,train,rest,0.840765945193044,-0.5457066387733102,-1.542676812285716,-1.5882741007009729,48,rest,48,1.0,False
grabmyo-S004-D1-rest-T06,grabmyo-S004-D1-rest-T06,4,1,17,6,train,rest,0.6906171535120603,-0.8547603041444575,-1.2139081723190377,-1.868446776186359,48,rest,48,1.0,False
grabmyo-S004-D1-rest-T07,grabmyo-S004-D1-rest-T07,4,1,17,7,train,rest,0.6767559170389034,-0.9566369438045174,-1.2156261586345967,-1.8615761603405927,48,rest,48,1.0,False
grabmyo-S005-D1-wrist_extension-T01,grabmyo-S005-D1-wrist_extension-T01,5,1,11,1,train,wrist_extension,-9.815371093414683,-6.810670366563163,-6.01319667167857,6.294275122286248,48,wrist_extension,48,1.0,False
grabmyo-S005-D1-wrist_extension-T02,grabmyo-S005-D1-wrist_extension-T02,5,1,11,2,train,wrist_extension,-8.799261291215805,-5.854922564787419,-4.8840380411559705,5.840829149851178,48,wrist_extension,48,1.0,False
grabmyo-S005-D1-wrist_extension-T03,grabmyo-S005-D1-wrist_extension-T03,5,1,11,3,train,wrist_extension,-11.147827352670724,-5.169248465094317,-5.318564793736511,4.778259701155883,48,wrist_extension,48,1.0,False
grabmyo-S005-D1-wrist_extension-T04,grabmyo-S005-D1-wrist_extension-T04,5,1,11,4,train,wrist_extension,-7.977516477654045,-4.091616181120104,-3.9446436362832795,3.9754771772069257,48,wrist_extension,48,1.0,False
grabmyo-S005-D1-wrist_extension-T05,grabmyo-S005-D1-wrist_extension-T05,5,1,11,5,train,wrist_extension,-8.50353196254767,-4.054326553654689,-3.513279356838064,3.7304371199684585,48,wrist_extension,48,1.0,False
grabmyo-S005-D1-wrist_extension-T06,grabmyo-S005-D1-wrist_extension-T06,5,1,11,6,train,wrist_extension,-10.120436526916482,-6.408451991208558,-6.3721555469246445,5.077847461146669,48,wrist_extension,48,1.0,False
grabmyo-S005-D1-wrist_extension-T07,grabmyo-S005-D1-wrist_extension-T07,5,1,11,7,train,wrist_extension,-10.092437760843179,-8.482800198903027,-7.464170644973348,6.722623705689849,48,wrist_extension,48,1.0,False
grabmyo-S005-D1-wrist_flexion-T01,grabmyo-S005-D1-wrist_flexion-T01,5,1,12,1,train,wrist_flexion,-3.173886787892233,-0.0777074314081997,0.15055763825580668,-3.0073298184695196,48,wrist_flexion,48,1.0,False
grabmyo-S005-D1-wrist_flexion-T02,grabmyo-S005-D1-wrist_flexion-T02,5,1,12,2,train,wrist_flexion,-3.572717978660114,0.05270845330911195,0.19576291205859367,-3.109017886505478,48,wrist_flexion,48,1.0,False
grabmyo-S005-D1-wrist_flexion-T03,grabmyo-S005-D1-wrist_flexion-T03,5,1,12,3,train,wrist_flexion,-2.436964895176854,-1.4804524380372657,1.1311639176651946,-2.172003254397706,48,wrist_flexion,48,1.0,False
grabmyo-S005-D1-wrist_flexion-T04,grabmyo-S005-D1-wrist_flexion-T04,5,1,12,4,train,wrist_flexion,-2.339061015714609,-0.5736216680469022,0.4606929730398741,-2.851683886589083,48,wrist_flexion,48,1.0,False
grabmyo-S005-D1-wrist_flexion-T05,grabmyo-S005-D1-wrist_flexion-T05,5,1,12,5,train,wrist_flexion,-4.040856591070862,0.11498187011018816,0.5618062661134585,-3.433517004143042,48,wrist_flexion,48,1.0,False
grabmyo-S005-D1-wrist_flexion-T06,grabmyo-S005-D1-wrist_flexion-T06,5,1,12,6,train,wrist_flexion,-3.188275657948298,0.8592549422555226,-0.2910916490077173,-2.9842393645007568,48,hand_close,48,1.0,False
grabmyo-S005-D1-wrist_flexion-T07,grabmyo-S005-D1-wrist_flexion-T07,5,1,12,7,train,wrist_flexion,-2.745929923159338,-1.0712457073175845,0.9207700736920512,-2.6517248172571453,48,wrist_flexion,48,1.0,False
grabmyo-S005-D1-hand_close-T01,grabmyo-S005-D1-hand_close-T01,5,1,16,1,train,hand_close,-1.8166323544108176,0.08908657831322091,-1.282505606616161,-0.6273398424635664,48,hand_close,48,1.0,False
grabmyo-S005-D1-hand_close-T02,grabmyo-S005-D1-hand_close-T02,5,1,16,2,train,hand_close,-1.7071150753628268,0.8862649666185528,-1.5726376335525156,-1.3224400377220111,48,hand_close,48,1.0,False
grabmyo-S005-D1-hand_close-T03,grabmyo-S005-D1-hand_close-T03,5,1,16,3,train,hand_close,-2.0529371049024014,0.3454333140360437,-1.4845041711711717,-0.7048540744141577,48,hand_close,48,1.0,False
grabmyo-S005-D1-hand_close-T04,grabmyo-S005-D1-hand_close-T04,5,1,16,4,train,hand_close,-2.2504472760897913,0.7732495739658053,-1.6913087544150975,-1.0149730109576527,48,hand_close,48,1.0,False
grabmyo-S005-D1-hand_close-T05,grabmyo-S005-D1-hand_close-T05,5,1,16,5,train,hand_close,-1.453991927732979,0.3796812222516199,-1.3290938052269152,-1.1646170266165938,48,hand_close,48,1.0,False
grabmyo-S005-D1-hand_close-T06,grabmyo-S005-D1-hand_close-T06,5,1,16,6,train,hand_close,-4.414713630048477,-0.3555727156685349,-1.5631274853064638,0.44351069100816054,48,wrist_extension,48,1.0,False
grabmyo-S005-D1-hand_close-T07,grabmyo-S005-D1-hand_close-T07,5,1,16,7,train,hand_close,-2.8317527730602534,0.22344928398406416,-1.425227226660815,-0.34830399906313314,48,hand_close,48,1.0,False
grabmyo-S005-D1-rest-T01,grabmyo-S005-D1-rest-T01,5,1,17,1,train,rest,1.050778151844239,-1.7754234950342669,-0.706456010691555,-1.2828005761455705,48,rest,48,1.0,False
grabmyo-S005-D1-rest-T02,grabmyo-S005-D1-rest-T02,5,1,17,2,train,rest,0.8277298206222411,-1.4381365171435583,-0.8032038236298121,-1.255114177345699,48,rest,48,1.0,False
grabmyo-S005-D1-rest-T03,grabmyo-S005-D1-rest-T03,5,1,17,3,train,rest,0.2600218222656095,-0.44757135662613856,-0.8400041782133322,-1.1785699482507728,48,rest,48,1.0,False
grabmyo-S005-D1-rest-T04,grabmyo-S005-D1-rest-T04,5,1,17,4,train,rest,0.10204946451836754,-0.7740682624617893,-0.06462878703660681,-1.999991771961503,48,rest,48,1.0,False
grabmyo-S005-D1-rest-T05,grabmyo-S005-D1-rest-T05,5,1,17,5,train,rest,0.49575126597353636,-1.3004226414516575,-0.760240469725618,-1.0846273204855743,48,rest,48,1.0,False
grabmyo-S005-D1-rest-T06,grabmyo-S005-D1-rest-T06,5,1,17,6,train,rest,0.8612876924847578,-1.0987856677077277,-0.6645199898614926,-1.090141029309077,48,rest,48,1.0,False
grabmyo-S005-D1-rest-T07,grabmyo-S005-D1-rest-T07,5,1,17,7,train,rest,0.5863525420605175,-1.0891522755138676,-0.6779752247612606,-1.2386590731434464,48,rest,48,1.0,False
grabmyo-S006-D1-wrist_extension-T01,grabmyo-S006-D1-wrist_extension-T01,6,1,11,1,train,wrist_extension,-16.18697839396101,-6.382477594601568,-23.479310789006338,3.994520817689448,48,wrist_extension,48,1.0,False
grabmyo-S006-D1-wrist_extension-T02,grabmyo-S006-D1-wrist_extension-T02,6,1,11,2,train,wrist_extension,-12.865908153057864,-4.906833832457966,-19.033533442604604,3.613592795232956,48,wrist_extension,48,1.0,False
grabmyo-S006-D1-wrist_extension-T03,grabmyo-S006-D1-wrist_extension-T03,6,1,11,3,train,wrist_extension,-10.233631168684141,-4.024863347632724,-15.82442776531135,2.6981603370780056,48,wrist_extension,48,1.0,False
grabmyo-S006-D1-wrist_extension-T04,grabmyo-S006-D1-wrist_extension-T04,6,1,11,4,train,wrist_extension,-16.41881866688035,-4.075231340173907,-19.44351615887855,3.602194281850752,48,wrist_extension,48,1.0,False
grabmyo-S006-D1-wrist_extension-T05,grabmyo-S006-D1-wrist_extension-T05,6,1,11,5,train,wrist_extension,-9.273195054120478,-3.0960019467512416,-11.888310465539666,2.8664404095133817,48,wrist_extension,48,1.0,False
grabmyo-S006-D1-wrist_extension-T06,grabmyo-S006-D1-wrist_extension-T06,6,1,11,6,train,wrist_extension,-24.456724938886435,-8.66078504188978,-36.47563365454974,4.0941431304271685,48,wrist_extension,48,1.0,False
grabmyo-S006-D1-wrist_extension-T07,grabmyo-S006-D1-wrist_extension-T07,6,1,11,7,train,wrist_extension,-17.650228720633063,-6.129810996066799,-27.961282341137387,4.068091217002066,48,wrist_extension,48,1.0,False
grabmyo-S006-D1-wrist_flexion-T01,grabmyo-S006-D1-wrist_flexion-T01,6,1,12,1,train,wrist_flexion,-7.853533479045152,-1.5846211571356719,2.1381156026568093,-4.0137640307535,48,wrist_flexion,48,1.0,False
grabmyo-S006-D1-wrist_flexion-T02,grabmyo-S006-D1-wrist_flexion-T02,6,1,12,2,train,wrist_flexion,-9.669239682928476,-1.5352738279448566,2.2330517710515623,-4.963807690510522,48,wrist_flexion,48,1.0,False
grabmyo-S006-D1-wrist_flexion-T03,grabmyo-S006-D1-wrist_flexion-T03,6,1,12,3,train,wrist_flexion,-7.712272150984586,-2.151957670990129,2.693339321432924,-4.187729513341399,48,wrist_flexion,48,1.0,False
grabmyo-S006-D1-wrist_flexion-T04,grabmyo-S006-D1-wrist_flexion-T04,6,1,12,4,train,wrist_flexion,-4.794104026410502,-1.256072192223447,1.1087648630715263,-3.420360259175515,48,wrist_flexion,48,1.0,False
grabmyo-S006-D1-wrist_flexion-T05,grabmyo-S006-D1-wrist_flexion-T05,6,1,12,5,train,wrist_flexion,-7.559298527198159,-1.9031829956184667,2.2677113244020237,-4.395608684514706,48,wrist_flexion,48,1.0,False
grabmyo-S006-D1-wrist_flexion-T06,grabmyo-S006-D1-wrist_flexion-T06,6,1,12,6,train,wrist_flexion,-9.508657130341126,-2.7795153837706423,2.904175970686491,-4.633525591752748,48,wrist_flexion,48,1.0,False
grabmyo-S006-D1-wrist_flexion-T07,grabmyo-S006-D1-wrist_flexion-T07,6,1,12,7,train,wrist_flexion,-8.841751857762219,-3.1351247210854805,1.7213802750817662,-4.93046555873248,48,wrist_flexion,48,1.0,False
grabmyo-S006-D1-hand_close-T01,grabmyo-S006-D1-hand_close-T01,6,1,16,1,train,hand_close,-9.138548516880132,0.06776042016966455,-3.9546345141078922,-2.6240263750048087,48,hand_close,48,1.0,False
grabmyo-S006-D1-hand_close-T02,grabmyo-S006-D1-hand_close-T02,6,1,16,2,train,hand_close,-8.489411488787004,0.22302716774943546,-4.433657016942343,-2.558791298954514,48,hand_close,48,1.0,False
grabmyo-S006-D1-hand_close-T03,grabmyo-S006-D1-hand_close-T03,6,1,16,3,train,hand_close,-4.8038222424132195,-0.9785350857314655,-2.444044394194387,-1.1451250717905757,48,hand_close,48,1.0,False
grabmyo-S006-D1-hand_close-T04,grabmyo-S006-D1-hand_close-T04,6,1,16,4,train,hand_close,-4.384115456360441,0.32719580351818917,-2.3273141982045003,-1.7103103545666605,48,hand_close,48,1.0,False
grabmyo-S006-D1-hand_close-T05,grabmyo-S006-D1-hand_close-T05,6,1,16,5,train,hand_close,-2.87230389169514,0.9548980182192602,-3.6974367967487614,-2.444644813882195,48,hand_close,48,1.0,False
grabmyo-S006-D1-hand_close-T06,grabmyo-S006-D1-hand_close-T06,6,1,16,6,train,hand_close,-14.379038579038282,2.188591397960723,-8.396893282626602,-4.339722638920718,48,hand_close,48,1.0,False
grabmyo-S006-D1-hand_close-T07,grabmyo-S006-D1-hand_close-T07,6,1,16,7,train,hand_close,-7.22049544699935,0.593931758263493,-1.9539056302717743,-2.092124076763783,48,hand_close,48,1.0,False
grabmyo-S006-D1-rest-T01,grabmyo-S006-D1-rest-T01,6,1,17,1,train,rest,1.2217528016110963,-1.2465308589803155,-1.2633710339149018,-1.144635219685507,48,rest,48,1.0,False
grabmyo-S006-D1-rest-T02,grabmyo-S006-D1-rest-T02,6,1,17,2,train,rest,1.5150019092437221,-1.2474593733051427,-1.3386079829270117,-1.4313615402590039,48,rest,48,1.0,False
grabmyo-S006-D1-rest-T03,grabmyo-S006-D1-rest-T03,6,1,17,3,train,rest,1.4163050705264018,-1.8825291275397662,-0.9779501910668572,-1.1262919004176328,48,rest,48,1.0,False
grabmyo-S006-D1-rest-T04,grabmyo-S006-D1-rest-T04,6,1,17,4,train,rest,1.322161870434168,-1.5018689863378756,-1.0717072998099615,-1.1551263557053508,48,rest,48,1.0,False
grabmyo-S006-D1-rest-T05,grabmyo-S006-D1-rest-T05,6,1,17,5,train,rest,1.037145366243596,-0.9523468986427576,-1.2678838783504618,-1.3645234573933935,48,rest,48,1.0,False
grabmyo-S006-D1-rest-T06,grabmyo-S006-D1-rest-T06,6,1,17,6,train,rest,1.21089676217206,-1.2653497814157173,-1.241445310079347,-1.2275510319696086,48,rest,48,1.0,False
grabmyo-S006-D1-rest-T07,grabmyo-S006-D1-rest-T07,6,1,17,7,train,rest,1.0630496576965252,-1.195189350595741,-1.1375244343747466,-1.2433747895761598,48,rest,48,1.0,False
grabmyo-S007-D1-wrist_extension-T01,grabmyo-S007-D1-wrist_extension-T01,7,1,11,1,train,wrist_extension,-13.195075224914461,-6.2154243416835415,-11.139532690028716,3.4725979025485834,48,wrist_extension,48,1.0,False
grabmyo-S007-D1-wrist_extension-T02,grabmyo-S007-D1-wrist_extension-T02,7,1,11,2,train,wrist_extension,-18.455341521085863,-18.48566096353461,-20.76648292792917,4.323441519171272,48,wrist_extension,48,1.0,False
grabmyo-S007-D1-wrist_extension-T03,grabmyo-S007-D1-wrist_extension-T03,7,1,11,3,train,wrist_extension,-19.60699166464377,-18.112506511681183,-20.669655783921765,4.413975449626229,48,wrist_extension,48,1.0,False
grabmyo-S007-D1-wrist_extension-T04,grabmyo-S007-D1-wrist_extension-T04,7,1,11,4,train,wrist_extension,-10.876910638716373,-5.447769129478186,-9.122995891208289,2.902826839458878,48,wrist_extension,48,1.0,False
grabmyo-S007-D1-wrist_extension-T05,grabmyo-S007-D1-wrist_extension-T05,7,1,11,5,train,wrist_extension,-12.94305796046929,-7.184668299992427,-10.947875141975913,3.108401480396889,48,wrist_extension,48,1.0,False
grabmyo-S007-D1-wrist_extension-T06,grabmyo-S007-D1-wrist_extension-T06,7,1,11,6,train,wrist_extension,-15.170938545546667,-13.962292853488476,-16.93506432759997,3.872706744763116,48,wrist_extension,48,1.0,False
grabmyo-S007-D1-wrist_extension-T07,grabmyo-S007-D1-wrist_extension-T07,7,1,11,7,train,wrist_extension,-14.331590765912786,-10.69316067810645,-13.922719282736088,3.055377181758691,48,wrist_extension,48,1.0,False
grabmyo-S007-D1-wrist_flexion-T01,grabmyo-S007-D1-wrist_flexion-T01,7,1,12,1,train,wrist_flexion,-3.6416183270218294,-2.6117162380609185,2.9344646615936187,-2.7772239618545704,48,wrist_flexion,48,1.0,False
grabmyo-S007-D1-wrist_flexion-T02,grabmyo-S007-D1-wrist_flexion-T02,7,1,12,2,train,wrist_flexion,-1.3156545383004363,-2.1605024955493066,1.5093993810495139,-1.4344551352362869,48,wrist_flexion,48,1.0,False
grabmyo-S007-D1-wrist_flexion-T03,grabmyo-S007-D1-wrist_flexion-T03,7,1,12,3,train,wrist_flexion,-4.58931272891084,-1.8427702452283272,2.665317597408402,-3.5903862507575446,48,wrist_flexion,48,1.0,False
grabmyo-S007-D1-wrist_flexion-T04,grabmyo-S007-D1-wrist_flexion-T04,7,1,12,4,train,wrist_flexion,-4.731709552167777,-2.166401190355017,3.092064773632248,-3.397584188151772,48,wrist_flexion,48,1.0,False
grabmyo-S007-D1-wrist_flexion-T05,grabmyo-S007-D1-wrist_flexion-T05,7,1,12,5,train,wrist_flexion,-3.131471843679074,-0.5308258488531771,0.7482938737978629,-3.589805370113128,48,wrist_flexion,48,1.0,False
grabmyo-S007-D1-wrist_flexion-T06,grabmyo-S007-D1-wrist_flexion-T06,7,1,12,6,train,wrist_flexion,-2.563888770069999,-1.6623214297326367,1.5973300858331967,-1.7059272311273925,48,wrist_flexion,48,1.0,False
grabmyo-S007-D1-wrist_flexion-T07,grabmyo-S007-D1-wrist_flexion-T07,7,1,12,7,train,wrist_flexion,-3.209810171785636,-2.2038615424844834,2.1520652951895287,-2.6620351169464214,48,wrist_flexion,48,1.0,False
grabmyo-S007-D1-hand_close-T01,grabmyo-S007-D1-hand_close-T01,7,1,16,1,train,hand_close,-3.0761441625371924,1.2047560974599762,-0.28840522028670595,-2.520439141953894,48,hand_close,48,1.0,False
grabmyo-S007-D1-hand_close-T02,grabmyo-S007-D1-hand_close-T02,7,1,16,2,train,hand_close,-3.860655804415408,2.3711692607777635,-0.6602735367009585,-3.3910711542934155,48,hand_close,48,1.0,False
grabmyo-S007-D1-hand_close-T03,grabmyo-S007-D1-hand_close-T03,7,1,16,3,train,hand_close,-5.87219293957245,1.2457221964962553,-0.44203294938710785,-2.8594741791183327,48,hand_close,48,1.0,False
grabmyo-S007-D1-hand_close-T04,grabmyo-S007-D1-hand_close-T04,7,1,16,4,train,hand_close,-7.4364468736281815,2.6420707512227444,-0.1213464537684656,-4.1565372773883675,48,hand_close,48,1.0,False
grabmyo-S007-D1-hand_close-T05,grabmyo-S007-D1-hand_close-T05,7,1,16,5,train,hand_close,-6.279607323665544,3.4751694449901165,-1.6809686413504707,-3.9148392116871435,48,hand_close,48,1.0,False
grabmyo-S007-D1-hand_close-T06,grabmyo-S007-D1-hand_close-T06,7,1,16,6,train,hand_close,-4.219336720863232,1.8025786829168418,-0.6988405166191308,-2.726612096523031,48,hand_close,48,1.0,False
grabmyo-S007-D1-hand_close-T07,grabmyo-S007-D1-hand_close-T07,7,1,16,7,train,hand_close,-6.271305029607576,2.1300613739301384,-1.38113274541021,-3.1053685014865575,48,hand_close,48,1.0,False
grabmyo-S007-D1-rest-T01,grabmyo-S007-D1-rest-T01,7,1,17,1,train,rest,0.8655190664964051,-1.0449438839492935,-1.042341231530265,-1.1116951504245243,48,rest,48,1.0,False
grabmyo-S007-D1-rest-T02,grabmyo-S007-D1-rest-T02,7,1,17,2,train,rest,1.1835275332145676,-1.286610193567794,-1.405183994965359,-1.2230527817614996,48,rest,48,1.0,False
grabmyo-S007-D1-rest-T03,grabmyo-S007-D1-rest-T03,7,1,17,3,train,rest,0.8989948986506118,-1.0657562533433838,-1.3586889662728439,-1.1592785402007952,48,rest,48,1.0,False
grabmyo-S007-D1-rest-T04,grabmyo-S007-D1-rest-T04,7,1,17,4,train,rest,1.1159463684119222,-1.006278649880284,-1.5876824288585354,-1.32841148029106,48,rest,48,1.0,False
grabmyo-S007-D1-rest-T05,grabmyo-S007-D1-rest-T05,7,1,17,5,train,rest,0.8152293244334078,-1.1154743870169006,-1.4437641083297477,-1.1075369488972395,48,rest,48,1.0,False
grabmyo-S007-D1-rest-T06,grabmyo-S007-D1-rest-T06,7,1,17,6,train,rest,1.14756328834565,-0.9146846975168218,-1.3647446354758657,-1.506378604294234,48,rest,48,1.0,False
grabmyo-S007-D1-rest-T07,grabmyo-S007-D1-rest-T07,7,1,17,7,train,rest,0.5940007466788023,-1.2405114893378002,-1.2556718686054857,-1.2192949467100334,48,rest,48,1.0,False
grabmyo-S008-D1-wrist_extension-T01,grabmyo-S008-D1-wrist_extension-T01,8,1,11,1,train,wrist_extension,-13.760065982172458,-7.76427447459427,-17.60654328331368,5.528061843021034,48,wrist_extension,48,1.0,False
grabmyo-S008-D1-wrist_extension-T02,grabmyo-S008-D1-wrist_extension-T02,8,1,11,2,train,wrist_extension,-9.871822790318703,-4.348975753451822,-9.52032553498882,4.03269163403574,48,wrist_extension,48,1.0,False
grabmyo-S008-D1-wrist_extension-T03,grabmyo-S008-D1-wrist_extension-T03,8,1,11,3,train,wrist_extension,-10.545907861461552,-5.242178782265265,-11.862134250646847,5.1140419212624115,48,wrist_extension,48,1.0,False
grabmyo-S008-D1-wrist_extension-T04,grabmyo-S008-D1-wrist_extension-T04,8,1,11,4,train,wrist_extension,-12.309441060347146,-5.185330240352986,-11.786585361398593,5.248119128621636,48,wrist_extension,48,1.0,False
grabmyo-S008-D1-wrist_extension-T05,grabmyo-S008-D1-wrist_extension-T05,8,1,11,5,train,wrist_extension,-8.681696232395838,-5.133584098647547,-11.872065956479544,3.757796072388686,48,wrist_extension,48,1.0,False
grabmyo-S008-D1-wrist_extension-T06,grabmyo-S008-D1-wrist_extension-T06,8,1,11,6,train,wrist_extension,-9.311903139862364,-6.062480364156244,-12.398352413910688,4.0616450022034885,48,wrist_extension,48,1.0,False
grabmyo-S008-D1-wrist_extension-T07,grabmyo-S008-D1-wrist_extension-T07,8,1,11,7,train,wrist_extension,-10.531341458768912,-7.13790262285315,-13.754113623544457,3.806076146190403,48,wrist_extension,48,1.0,False
grabmyo-S008-D1-wrist_flexion-T01,grabmyo-S008-D1-wrist_flexion-T01,8,1,12,1,train,wrist_flexion,-4.549585597358618,-1.7120979824689424,2.253170857803872,-2.8826753458174164,48,wrist_flexion,48,1.0,False
grabmyo-S008-D1-wrist_flexion-T02,grabmyo-S008-D1-wrist_flexion-T02,8,1,12,2,train,wrist_flexion,-5.437134323735932,-1.8524256830573043,2.569850352567102,-3.337741383297322,48,wrist_flexion,48,1.0,False
grabmyo-S008-D1-wrist_flexion-T03,grabmyo-S008-D1-wrist_flexion-T03,8,1,12,3,train,wrist_flexion,-3.97730186912526,-1.6095457884378013,2.3499691985039575,-2.842348615505253,48,wrist_flexion,48,1.0,False
grabmyo-S008-D1-wrist_flexion-T04,grabmyo-S008-D1-wrist_flexion-T04,8,1,12,4,train,wrist_flexion,-5.034744107301225,-1.6000198202061517,2.6041154918155973,-3.521592447166493,48,wrist_flexion,48,1.0,False
grabmyo-S008-D1-wrist_flexion-T05,grabmyo-S008-D1-wrist_flexion-T05,8,1,12,5,train,wrist_flexion,-4.347732351478046,-1.679272383163924,1.3035739984801804,-3.546000490961129,48,wrist_flexion,48,1.0,False
grabmyo-S008-D1-wrist_flexion-T06,grabmyo-S008-D1-wrist_flexion-T06,8,1,12,6,train,wrist_flexion,-4.336123157454117,-1.6644060421247877,1.5807445035870702,-3.4070032036142304,48,wrist_flexion,48,1.0,False
grabmyo-S008-D1-wrist_flexion-T07,grabmyo-S008-D1-wrist_flexion-T07,8,1,12,7,train,wrist_flexion,-4.421962538898405,-1.371276977973883,0.8162348491517636,-2.8690494315695556,48,wrist_flexion,48,1.0,False
grabmyo-S008-D1-hand_close-T01,grabmyo-S008-D1-hand_close-T01,8,1,16,1,train,hand_close,-8.04040881192964,2.044395704092248,-2.566570508649988,-4.010537456765764,48,hand_close,48,1.0,False
grabmyo-S008-D1-hand_close-T02,grabmyo-S008-D1-hand_close-T02,8,1,16,2,train,hand_close,-12.592209750942066,3.3822423609307783,-4.264305157568784,-5.661138640317176,48,hand_close,48,1.0,False
grabmyo-S008-D1-hand_close-T03,grabmyo-S008-D1-hand_close-T03,8,1,16,3,train,hand_close,-4.9288045285924404,1.5259127170387234,-2.1048224587571025,-2.5036403025264113,48,hand_close,48,1.0,False
grabmyo-S008-D1-hand_close-T04,grabmyo-S008-D1-hand_close-T04,8,1,16,4,train,hand_close,-6.494311699726944,1.8023174599304703,-2.4902063581878005,-2.968619868356486,48,hand_close,48,1.0,False
grabmyo-S008-D1-hand_close-T05,grabmyo-S008-D1-hand_close-T05,8,1,16,5,train,hand_close,-4.812138721054719,1.6780490237518402,-2.2852847922492376,-3.1552076468678716,48,hand_close,48,1.0,False
grabmyo-S008-D1-hand_close-T06,grabmyo-S008-D1-hand_close-T06,8,1,16,6,train,hand_close,-3.8088557782512016,0.8202091836345722,-2.026370200711234,-2.4467528190645202,48,hand_close,48,1.0,False
grabmyo-S008-D1-hand_close-T07,grabmyo-S008-D1-hand_close-T07,8,1,16,7,train,hand_close,-4.374426844642412,0.5688570667708217,-2.514238715400865,-2.9957039992511785,48,hand_close,48,1.0,False
grabmyo-S008-D1-rest-T01,grabmyo-S008-D1-rest-T01,8,1,17,1,train,rest,1.0061876816949793,-1.146865722960703,-1.6047831274415039,-1.1755162292849175,48,rest,48,1.0,False
grabmyo-S008-D1-rest-T02,grabmyo-S008-D1-rest-T02,8,1,17,2,train,rest,1.1690170066114522,-1.3598325903860664,-1.493248368497165,-1.4170300442260721,48,rest,48,1.0,False
grabmyo-S008-D1-rest-T03,grabmyo-S008-D1-rest-T03,8,1,17,3,train,rest,1.7124258856236985,-2.2211262467200297,-1.7543197930246215,-1.1035187901470314,48,rest,48,1.0,False
grabmyo-S008-D1-rest-T04,grabmyo-S008-D1-rest-T04,8,1,17,4,train,rest,0.2480898668721424,-1.1655516375936725,-0.8879836377977832,-1.5511664226277804,48,rest,48,1.0,False
grabmyo-S008-D1-rest-T05,grabmyo-S008-D1-rest-T05,8,1,17,5,train,rest,1.4740017247652795,-2.0787736855255043,-1.011217062105589,-1.2223705571008534,48,rest,48,1.0,False
grabmyo-S008-D1-rest-T06,grabmyo-S008-D1-rest-T06,8,1,17,6,train,rest,1.367033944950607,-1.7233266316357077,-0.9079534788570706,-1.514743857234724,48,rest,48,1.0,False
grabmyo-S008-D1-rest-T07,grabmyo-S008-D1-rest-T07,8,1,17,7,train,rest,0.8944213846113604,-1.4343710431120191,-0.9646469688843281,-1.4596547442464731,48,rest,48,1.0,False
grabmyo-S009-D1-wrist_extension-T01,grabmyo-S009-D1-wrist_extension-T01,9,1,11,1,train,wrist_extension,-19.374087900099656,-6.968972638379537,-8.1041337118212,3.5433847554115627,48,wrist_extension,48,1.0,False
grabmyo-S009-D1-wrist_extension-T02,grabmyo-S009-D1-wrist_extension-T02,9,1,11,2,train,wrist_extension,-27.84638086951413,-8.79852649345054,-10.362672172631237,4.403941724622666,48,wrist_extension,48,1.0,False
grabmyo-S009-D1-wrist_extension-T03,grabmyo-S009-D1-wrist_extension-T03,9,1,11,3,train,wrist_extension,-17.467380124118527,-5.449640929995841,-6.794795659973193,2.8772350205669484,48,wrist_extension,48,1.0,False
grabmyo-S009-D1-wrist_extension-T04,grabmyo-S009-D1-wrist_extension-T04,9,1,11,4,train,wrist_extension,-11.882778411180654,-4.390967296163125,-4.33158281229085,2.126376612339778,48,wrist_extension,48,1.0,False
grabmyo-S009-D1-wrist_extension-T05,grabmyo-S009-D1-wrist_extension-T05,9,1,11,5,train,wrist_extension,-16.398072917286548,-5.287535255063093,-6.081015860717106,3.4598934169244995,48,wrist_extension,48,1.0,False
grabmyo-S009-D1-wrist_extension-T06,grabmyo-S009-D1-wrist_extension-T06,9,1,11,6,train,wrist_extension,-11.426003213561868,-3.702898119355005,-4.05443419137963,2.825626222384962,48,wrist_extension,48,1.0,False
grabmyo-S009-D1-wrist_extension-T07,grabmyo-S009-D1-wrist_extension-T07,9,1,11,7,train,wrist_extension,-17.03542911903264,-5.348267855110147,-7.068956648594078,3.759336359884555,48,wrist_extension,48,1.0,False
grabmyo-S009-D1-wrist_flexion-T01,grabmyo-S009-D1-wrist_flexion-T01,9,1,12,1,train,wrist_flexion,-6.405683477849826,-5.561459402308732,6.010779509551662,-2.641378563163919,48,wrist_flexion,48,1.0,False
grabmyo-S009-D1-wrist_flexion-T02,grabmyo-S009-D1-wrist_flexion-T02,9,1,12,2,train,wrist_flexion,-6.172136081576294,-5.22368948023849,5.799538319384614,-2.7529844534065906,48,wrist_flexion,48,1.0,False
grabmyo-S009-D1-wrist_flexion-T03,grabmyo-S009-D1-wrist_flexion-T03,9,1,12,3,train,wrist_flexion,-5.318209301315886,-4.8912962002537546,5.643717364734161,-3.7859177653819924,48,wrist_flexion,48,1.0,False
grabmyo-S009-D1-wrist_flexion-T04,grabmyo-S009-D1-wrist_flexion-T04,9,1,12,4,train,wrist_flexion,-4.536600969885529,-4.115222617982538,5.085760490980532,-3.2577796674173136,48,wrist_flexion,48,1.0,False
grabmyo-S009-D1-wrist_flexion-T05,grabmyo-S009-D1-wrist_flexion-T05,9,1,12,5,train,wrist_flexion,-3.151774086834737,-3.870862562115421,5.197321775526629,-3.057154534561563,48,wrist_flexion,48,1.0,False
grabmyo-S009-D1-wrist_flexion-T06,grabmyo-S009-D1-wrist_flexion-T06,9,1,12,6,train,wrist_flexion,-3.6666043153973322,-3.8591033269808777,4.998070896614163,-2.7903100737335174,48,wrist_flexion,48,1.0,False
grabmyo-S009-D1-wrist_flexion-T07,grabmyo-S009-D1-wrist_flexion-T07,9,1,12,7,train,wrist_flexion,-4.64310959815803,-4.975064316315907,6.334213057471151,-3.290749510303503,48,wrist_flexion,48,1.0,False
grabmyo-S009-D1-hand_close-T01,grabmyo-S009-D1-hand_close-T01,9,1,16,1,train,hand_close,-5.505665794031157,1.866033622828262,-0.542381675734551,-2.480430441673164,48,hand_close,48,1.0,False
grabmyo-S009-D1-hand_close-T02,grabmyo-S009-D1-hand_close-T02,9,1,16,2,train,hand_close,-3.675021114011956,1.1326882655874981,-0.3517694330332452,-1.930872468225575,48,hand_close,48,1.0,False
grabmyo-S009-D1-hand_close-T03,grabmyo-S009-D1-hand_close-T03,9,1,16,3,train,hand_close,-3.1974774018216205,1.4413862112546136,-1.2754736307763601,-2.1901991042504205,48,hand_close,48,1.0,False
grabmyo-S009-D1-hand_close-T04,grabmyo-S009-D1-hand_close-T04,9,1,16,4,train,hand_close,-2.109913085685029,0.9742667493504801,-0.9633033588375226,-1.7393630193669234,48,hand_close,48,1.0,False
grabmyo-S009-D1-hand_close-T05,grabmyo-S009-D1-hand_close-T05,9,1,16,5,train,hand_close,-4.049467995182829,1.4178350134383686,-0.9392021641258271,-1.9388634110134395,48,hand_close,48,1.0,False
grabmyo-S009-D1-hand_close-T06,grabmyo-S009-D1-hand_close-T06,9,1,16,6,train,hand_close,-1.94395311208547,0.7734432362836058,-0.9006475188914727,-1.4549671589831064,48,hand_close,48,1.0,False
grabmyo-S009-D1-hand_close-T07,grabmyo-S009-D1-hand_close-T07,9,1,16,7,train,hand_close,-3.7699766918900557,1.2161475669018242,-0.9764702237060242,-1.7226044049550702,48,hand_close,48,1.0,False
grabmyo-S009-D1-rest-T01,grabmyo-S009-D1-rest-T01,9,1,17,1,train,rest,0.8398963904424356,-1.5587548669742424,-1.5542046605190005,-1.061034133772449,48,rest,48,1.0,False
grabmyo-S009-D1-rest-T02,grabmyo-S009-D1-rest-T02,9,1,17,2,train,rest,0.8988746369579627,-1.0087154185498248,-1.5750689115830314,-1.1066999016728254,48,rest,48,1.0,False
grabmyo-S009-D1-rest-T03,grabmyo-S009-D1-rest-T03,9,1,17,3,train,rest,0.7084905853155522,-1.0650025055774759,-1.2779163431139267,-1.1801324924324381,48,rest,48,1.0,False
grabmyo-S009-D1-rest-T04,grabmyo-S009-D1-rest-T04,9,1,17,4,train,rest,0.865607134812885,-1.0591052986641438,-1.3475515506449358,-1.238287649362604,48,rest,48,1.0,False
grabmyo-S009-D1-rest-T05,grabmyo-S009-D1-rest-T05,9,1,17,5,train,rest,0.8485541573888281,-1.4351850875420515,-1.49964302300001,-1.2973747966669058,48,rest,48,1.0,False
grabmyo-S009-D1-rest-T06,grabmyo-S009-D1-rest-T06,9,1,17,6,train,rest,0.8900568324717867,-1.562919724944012,-1.597952588224394,-1.1222701792586418,48,rest,48,1.0,False
grabmyo-S009-D1-rest-T07,grabmyo-S009-D1-rest-T07,9,1,17,7,train,rest,1.0655541601852323,-1.740608896068829,-1.5392945205879345,-0.9244506386363973,48,rest,48,1.0,False
grabmyo-S010-D1-wrist_extension-T01,grabmyo-S010-D1-wrist_extension-T01,10,1,11,1,train,wrist_extension,-14.719295276178793,-4.463914167176234,-11.296520603860843,6.361833012608056,48,wrist_extension,48,1.0,False
grabmyo-S010-D1-wrist_extension-T02,grabmyo-S010-D1-wrist_extension-T02,10,1,11,2,train,wrist_extension,-15.19999631336981,-3.5499008945728687,-9.72683841955214,6.423105913503886,48,wrist_extension,48,1.0,False
grabmyo-S010-D1-wrist_extension-T03,grabmyo-S010-D1-wrist_extension-T03,10,1,11,3,train,wrist_extension,-11.233860195373742,-3.732329884808816,-7.782228922801434,5.624355320272748,48,wrist_extension,48,1.0,False
grabmyo-S010-D1-wrist_extension-T04,grabmyo-S010-D1-wrist_extension-T04,10,1,11,4,train,wrist_extension,-11.561423680015766,-3.535403927862594,-8.499464658970622,4.90474444118455,48,wrist_extension,48,1.0,False
grabmyo-S010-D1-wrist_extension-T05,grabmyo-S010-D1-wrist_extension-T05,10,1,11,5,train,wrist_extension,-9.659578357858194,-3.1971533305601096,-7.486821620262887,4.167988279979952,48,wrist_extension,48,1.0,False
grabmyo-S010-D1-wrist_extension-T06,grabmyo-S010-D1-wrist_extension-T06,10,1,11,6,train,wrist_extension,-12.490403412490174,-3.90586649265037,-8.309517542274543,6.036574783835854,48,wrist_extension,48,1.0,False
grabmyo-S010-D1-wrist_extension-T07,grabmyo-S010-D1-wrist_extension-T07,10,1,11,7,train,wrist_extension,-9.009607219359141,-3.118330679812329,-6.453167754267387,3.8852578388138066,48,wrist_extension,48,1.0,False
grabmyo-S010-D1-wrist_flexion-T01,grabmyo-S010-D1-wrist_flexion-T01,10,1,12,1,train,wrist_flexion,-10.485057006098222,-3.7953837907653356,4.4765739462043195,-4.132945028207968,48,wrist_flexion,48,1.0,False
grabmyo-S010-D1-wrist_flexion-T02,grabmyo-S010-D1-wrist_flexion-T02,10,1,12,2,train,wrist_flexion,-8.677272708209651,-3.799702748009253,3.976519789348579,-3.067844836229281,48,wrist_flexion,48,1.0,False
grabmyo-S010-D1-wrist_flexion-T03,grabmyo-S010-D1-wrist_flexion-T03,10,1,12,3,train,wrist_flexion,-10.215036122515949,-1.455942356671584,2.530308636643768,-4.483185053357171,48,wrist_flexion,48,1.0,False
grabmyo-S010-D1-wrist_flexion-T04,grabmyo-S010-D1-wrist_flexion-T04,10,1,12,4,train,wrist_flexion,-8.790540709321576,-4.334096934053418,3.7169033963778397,-3.5719297186841366,48,wrist_flexion,48,1.0,False
grabmyo-S010-D1-wrist_flexion-T05,grabmyo-S010-D1-wrist_flexion-T05,10,1,12,5,train,wrist_flexion,-4.9294209748326345,-2.294938358573846,2.2848424528698126,-2.3366115334752426,48,wrist_flexion,48,1.0,False
grabmyo-S010-D1-wrist_flexion-T06,grabmyo-S010-D1-wrist_flexion-T06,10,1,12,6,train,wrist_flexion,-6.672459383281996,-2.103628086236853,1.7158455383253204,-2.8517836752355343,48,wrist_flexion,48,1.0,False
grabmyo-S010-D1-wrist_flexion-T07,grabmyo-S010-D1-wrist_flexion-T07,10,1,12,7,train,wrist_flexion,-7.160480651226368,-3.0157730853085964,3.0259480443463853,-2.974164719847994,48,wrist_flexion,48,1.0,False
grabmyo-S010-D1-hand_close-T01,grabmyo-S010-D1-hand_close-T01,10,1,16,1,train,hand_close,-3.8301613895082958,1.9473908402260829,-1.8087382465499324,-2.4113351069160234,48,hand_close,48,1.0,False
grabmyo-S010-D1-hand_close-T02,grabmyo-S010-D1-hand_close-T02,10,1,16,2,train,hand_close,-7.620967902021611,3.105242239380662,-2.3052597393237106,-3.6750041039517463,48,hand_close,48,1.0,False
grabmyo-S010-D1-hand_close-T03,grabmyo-S010-D1-hand_close-T03,10,1,16,3,train,hand_close,-4.761978217992619,1.7453517957551063,-1.5124516442159546,-3.0504809635548944,48,hand_close,48,1.0,False
grabmyo-S010-D1-hand_close-T04,grabmyo-S010-D1-hand_close-T04,10,1,16,4,train,hand_close,-3.8330353016930747,1.5312536715595284,-1.7841789871955864,-2.830442807862001,48,hand_close,48,1.0,False
grabmyo-S010-D1-hand_close-T05,grabmyo-S010-D1-hand_close-T05,10,1,16,5,train,hand_close,-5.107198338029202,1.7730371086962362,-1.2192606005818591,-3.0508991955369424,48,hand_close,48,1.0,False
grabmyo-S010-D1-hand_close-T06,grabmyo-S010-D1-hand_close-T06,10,1,16,6,train,hand_close,-8.219240061817137,1.6811765221900954,-2.101044414972024,-3.951388258022646,48,hand_close,48,1.0,False
grabmyo-S010-D1-hand_close-T07,grabmyo-S010-D1-hand_close-T07,10,1,16,7,train,hand_close,-7.651571803097297,0.9457589173284981,-1.5047757495654281,-3.18002572381534,48,hand_close,48,1.0,False
grabmyo-S010-D1-rest-T01,grabmyo-S010-D1-rest-T01,10,1,17,1,train,rest,1.3296466373967464,-1.7580820474393313,-1.172109198236867,-1.043966629213801,48,rest,48,1.0,False
grabmyo-S010-D1-rest-T02,grabmyo-S010-D1-rest-T02,10,1,17,2,train,rest,0.9921552530343981,-1.685538001989655,-1.3190182269046253,-1.16650346056184,48,rest,48,1.0,False
grabmyo-S010-D1-rest-T03,grabmyo-S010-D1-rest-T03,10,1,17,3,train,rest,1.15762734495324,-1.9380469836658964,-1.1628609319267718,-1.0232502825783893,48,rest,48,1.0,False
grabmyo-S010-D1-rest-T04,grabmyo-S010-D1-rest-T04,10,1,17,4,train,rest,1.113697749337818,-2.4351489156006703,-1.1641485361941097,-1.0608611888311836,48,rest,48,1.0,False
grabmyo-S010-D1-rest-T05,grabmyo-S010-D1-rest-T05,10,1,17,5,train,rest,0.6530974771454073,-2.958055190793751,0.25601742371682995,-0.8812853873359804,48,rest,48,1.0,False
grabmyo-S010-D1-rest-T06,grabmyo-S010-D1-rest-T06,10,1,17,6,train,rest,0.8170312339178597,-2.1756565772513734,-0.17978121622096485,-1.5586172539462992,48,rest,48,1.0,False
grabmyo-S010-D1-rest-T07,grabmyo-S010-D1-rest-T07,10,1,17,7,train,rest,0.7088609819499743,-1.7607899977463974,-0.2673560843041975,-1.1806419668803663,48,rest,48,1.0,False
grabmyo-S011-D1-wrist_extension-T01,grabmyo-S011-D1-wrist_extension-T01,11,1,11,1,train,wrist_extension,-7.9067140383343215,-2.952711573586542,-4.320228043838546,4.160237251705804,48,wrist_extension,48,1.0,False
grabmyo-S011-D1-wrist_extension-T02,grabmyo-S011-D1-wrist_extension-T02,11,1,11,2,train,wrist_extension,-5.512096901490175,-2.409730972217759,-2.587895694265398,3.0125577192622663,48,wrist_extension,48,1.0,False
grabmyo-S011-D1-wrist_extension-T03,grabmyo-S011-D1-wrist_extension-T03,11,1,11,3,train,wrist_extension,-7.153607619826481,-2.805973761161533,-3.2144167770809045,4.129756073129472,48,wrist_extension,48,1.0,False
grabmyo-S011-D1-wrist_extension-T04,grabmyo-S011-D1-wrist_extension-T04,11,1,11,4,train,wrist_extension,-10.566193224763625,-4.41450486202803,-5.6260370986052175,5.1980794716476595,48,wrist_extension,48,1.0,False
grabmyo-S011-D1-wrist_extension-T05,grabmyo-S011-D1-wrist_extension-T05,11,1,11,5,train,wrist_extension,-9.069660386780125,-3.720320958243569,-4.147424607789027,5.000140398290426,48,wrist_extension,48,1.0,False
grabmyo-S011-D1-wrist_extension-T06,grabmyo-S011-D1-wrist_extension-T06,11,1,11,6,train,wrist_extension,-8.167872430492888,-3.5119842535530044,-3.6069545794776077,4.885925948268509,48,wrist_extension,48,1.0,False
grabmyo-S011-D1-wrist_extension-T07,grabmyo-S011-D1-wrist_extension-T07,11,1,11,7,train,wrist_extension,-7.568650005639589,-3.1691041344286686,-3.5743400094445974,4.4349838121772995,48,wrist_extension,48,1.0,False
grabmyo-S011-D1-wrist_flexion-T01,grabmyo-S011-D1-wrist_flexion-T01,11,1,12,1,train,wrist_flexion,-1.7014027938793441,-2.158369977443105,1.4583647420952313,-1.53006632683433,48,wrist_flexion,48,1.0,False
grabmyo-S011-D1-wrist_flexion-T02,grabmyo-S011-D1-wrist_flexion-T02,11,1,12,2,train,wrist_flexion,-2.395531085329734,-2.2893286458355457,2.1039274773598344,-1.78432065935777,48,wrist_flexion,48,1.0,False
grabmyo-S011-D1-wrist_flexion-T03,grabmyo-S011-D1-wrist_flexion-T03,11,1,12,3,train,wrist_flexion,-1.6646927365468802,-2.074081395632281,1.7100660877900429,-2.0331954857442067,48,wrist_flexion,48,1.0,False
grabmyo-S011-D1-wrist_flexion-T04,grabmyo-S011-D1-wrist_flexion-T04,11,1,12,4,train,wrist_flexion,-2.0811743872075588,-2.0861213195239032,2.209683314218913,-2.3526780534125904,48,wrist_flexion,48,1.0,False
grabmyo-S011-D1-wrist_flexion-T05,grabmyo-S011-D1-wrist_flexion-T05,11,1,12,5,train,wrist_flexion,-2.695603656272036,-1.9248867497370856,2.310755866747654,-2.4978915728202664,48,wrist_flexion,48,1.0,False
grabmyo-S011-D1-wrist_flexion-T06,grabmyo-S011-D1-wrist_flexion-T06,11,1,12,6,train,wrist_flexion,-2.6243571387516726,-2.0319289496088495,2.4505194388892817,-2.5706611756990987,48,wrist_flexion,48,1.0,False
grabmyo-S011-D1-wrist_flexion-T07,grabmyo-S011-D1-wrist_flexion-T07,11,1,12,7,train,wrist_flexion,-2.6515746017471975,-2.2621447259652556,2.1911924484212277,-2.47082327412133,48,wrist_flexion,48,1.0,False
grabmyo-S011-D1-hand_close-T01,grabmyo-S011-D1-hand_close-T01,11,1,16,1,train,hand_close,-2.9202938869151507,1.058349016369476,-1.1313495984835507,-1.9989837085830866,48,hand_close,48,1.0,False
grabmyo-S011-D1-hand_close-T02,grabmyo-S011-D1-hand_close-T02,11,1,16,2,train,hand_close,-1.8432846555821742,1.2563440622018018,-1.6053039401376743,-2.0177860937161487,48,hand_close,48,1.0,False
grabmyo-S011-D1-hand_close-T03,grabmyo-S011-D1-hand_close-T03,11,1,16,3,train,hand_close,-1.6507978236923144,0.9026257286512817,-1.407880792459885,-2.006032075245671,48,hand_close,48,1.0,False
grabmyo-S011-D1-hand_close-T04,grabmyo-S011-D1-hand_close-T04,11,1,16,4,train,hand_close,-2.185243672323216,0.955163216074435,-1.303615769571297,-2.1160677008968687,48,hand_close,48,1.0,False
grabmyo-S011-D1-hand_close-T05,grabmyo-S011-D1-hand_close-T05,11,1,16,5,train,hand_close,-2.5919064924600206,1.2399068649972937,-1.291367243042803,-2.0709820434866573,48,hand_close,48,1.0,False
grabmyo-S011-D1-hand_close-T06,grabmyo-S011-D1-hand_close-T06,11,1,16,6,train,hand_close,-1.2464128801235452,0.1457450653303485,-1.0430928434544189,-1.6536279655047748,48,hand_close,48,1.0,False
grabmyo-S011-D1-hand_close-T07,grabmyo-S011-D1-hand_close-T07,11,1,16,7,train,hand_close,-2.1964285921346485,1.367428874929533,-1.4717660223180644,-1.8656209010774656,48,hand_close,48,1.0,False
grabmyo-S011-D1-rest-T01,grabmyo-S011-D1-rest-T01,11,1,17,1,train,rest,0.8118503987525152,-1.7075693459336245,-0.7458806978249598,-0.9191054597635522,48,rest,48,1.0,False
grabmyo-S011-D1-rest-T02,grabmyo-S011-D1-rest-T02,11,1,17,2,train,rest,0.7905836945080922,-1.715393728952634,-0.7932704316601705,-1.0828867533458382,48,rest,48,1.0,False
grabmyo-S011-D1-rest-T03,grabmyo-S011-D1-rest-T03,11,1,17,3,train,rest,0.4616443415091543,-1.5924729942420326,-0.6359916815772372,-0.8803661366939309,48,rest,48,1.0,False
grabmyo-S011-D1-rest-T04,grabmyo-S011-D1-rest-T04,11,1,17,4,train,rest,0.4683513384579355,-1.5776570045209217,-0.7980944674636232,-1.0600601536747896,48,rest,48,1.0,False
grabmyo-S011-D1-rest-T05,grabmyo-S011-D1-rest-T05,11,1,17,5,train,rest,0.1728907304171264,-1.5902268278468592,-0.4932347361921266,-0.9644126810780196,48,rest,48,1.0,False
grabmyo-S011-D1-rest-T06,grabmyo-S011-D1-rest-T06,11,1,17,6,train,rest,0.6979241025694357,-1.6704565218315504,-0.7016234420310835,-1.0159041659143113,48,rest,48,1.0,False
grabmyo-S011-D1-rest-T07,grabmyo-S011-D1-rest-T07,11,1,17,7,train,rest,0.25406527799584194,-1.488699135512676,-0.5527367535119051,-1.1992659939601882,48,rest,48,1.0,False
grabmyo-S014-D1-wrist_extension-T01,grabmyo-S014-D1-wrist_extension-T01,14,1,11,1,train,wrist_extension,-8.258657575359424,-3.2295334795774586,-4.718590537810793,2.3589804416382383,48,wrist_extension,48,1.0,False
grabmyo-S014-D1-wrist_extension-T02,grabmyo-S014-D1-wrist_extension-T02,14,1,11,2,train,wrist_extension,-6.305085345599191,-2.0992544087588585,-2.849081408838623,1.3855497581962952,48,wrist_extension,48,1.0,False
grabmyo-S014-D1-wrist_extension-T03,grabmyo-S014-D1-wrist_extension-T03,14,1,11,3,train,wrist_extension,-9.331536026731774,-3.840508017273974,-6.676230652470655,2.6266036929666394,48,wrist_extension,48,1.0,False
grabmyo-S014-D1-wrist_extension-T04,grabmyo-S014-D1-wrist_extension-T04,14,1,11,4,train,wrist_extension,-4.325236354458102,-1.3928806437817698,-2.275107068438498,0.5847106409019988,48,wrist_extension,48,1.0,False
grabmyo-S014-D1-wrist_extension-T05,grabmyo-S014-D1-wrist_extension-T05,14,1,11,5,train,wrist_extension,-4.363285811130097,-1.8852514386826655,-2.0521567286020104,0.5230280595876933,48,wrist_extension,48,1.0,False
grabmyo-S014-D1-wrist_extension-T06,grabmyo-S014-D1-wrist_extension-T06,14,1,11,6,train,wrist_extension,-5.639423885103375,-3.6194974387005927,-5.024197425918881,1.2538495425356657,48,wrist_extension,48,1.0,False
grabmyo-S014-D1-wrist_extension-T07,grabmyo-S014-D1-wrist_extension-T07,14,1,11,7,train,wrist_extension,-5.012130055112558,-2.751506569509185,-3.7908825303787643,1.1293431270255223,48,wrist_extension,48,1.0,False
grabmyo-S014-D1-wrist_flexion-T01,grabmyo-S014-D1-wrist_flexion-T01,14,1,12,1,train,wrist_flexion,-4.623948206154108,-2.90124244384025,2.905734034202902,-2.4161735441678913,48,wrist_flexion,48,1.0,False
grabmyo-S014-D1-wrist_flexion-T02,grabmyo-S014-D1-wrist_flexion-T02,14,1,12,2,train,wrist_flexion,-6.594729269251779,-2.7304656314642624,3.084126099920812,-3.2969355644877485,48,wrist_flexion,48,1.0,False
grabmyo-S014-D1-wrist_flexion-T03,grabmyo-S014-D1-wrist_flexion-T03,14,1,12,3,train,wrist_flexion,-6.436098395424831,-3.3153080434642757,3.6698254945824744,-2.6197748463803165,48,wrist_flexion,48,1.0,False
grabmyo-S014-D1-wrist_flexion-T04,grabmyo-S014-D1-wrist_flexion-T04,14,1,12,4,train,wrist_flexion,-3.617579744893169,-1.8455605376483215,1.3759762399467277,-2.027822673234232,48,wrist_flexion,48,1.0,False
grabmyo-S014-D1-wrist_flexion-T05,grabmyo-S014-D1-wrist_flexion-T05,14,1,12,5,train,wrist_flexion,-3.2009233990007613,-2.2869832374261687,1.2619193138928166,-1.761343045290152,48,wrist_flexion,48,1.0,False
grabmyo-S014-D1-wrist_flexion-T06,grabmyo-S014-D1-wrist_flexion-T06,14,1,12,6,train,wrist_flexion,-3.442185069837526,-2.7367207117944226,1.6004248133369041,-1.5737344721377466,48,wrist_flexion,48,1.0,False
grabmyo-S014-D1-wrist_flexion-T07,grabmyo-S014-D1-wrist_flexion-T07,14,1,12,7,train,wrist_flexion,-2.3628136108268505,-2.6541911399425384,1.2957990728394142,-1.7110783882518596,48,wrist_flexion,48,1.0,False
grabmyo-S014-D1-hand_close-T01,grabmyo-S014-D1-hand_close-T01,14,1,16,1,train,hand_close,-1.782446750465177,1.2796837243813715,-1.5998238846952695,-2.253482569661361,48,hand_close,48,1.0,False
grabmyo-S014-D1-hand_close-T02,grabmyo-S014-D1-hand_close-T02,14,1,16,2,train,hand_close,-1.1899249664557263,0.4336619676135411,-1.026779736312022,-2.281622713312808,48,hand_close,48,1.0,False
grabmyo-S014-D1-hand_close-T03,grabmyo-S014-D1-hand_close-T03,14,1,16,3,train,hand_close,-2.089723314863395,0.6616261191058802,-0.9419817482006235,-2.523560720683491,48,hand_close,48,1.0,False
grabmyo-S014-D1-hand_close-T04,grabmyo-S014-D1-hand_close-T04,14,1,16,4,train,hand_close,-1.9601430460408105,1.189795233260429,-1.3572725858753996,-2.2104221181682004,48,hand_close,48,1.0,False
grabmyo-S014-D1-hand_close-T05,grabmyo-S014-D1-hand_close-T05,14,1,16,5,train,hand_close,-1.7321192617105599,0.6631211760161849,-1.380013418269879,-2.1214217087646308,48,hand_close,48,1.0,False
grabmyo-S014-D1-hand_close-T06,grabmyo-S014-D1-hand_close-T06,14,1,16,6,train,hand_close,-2.4924732695470095,1.7551855566808783,-2.005295019881396,-2.748214876051455,48,hand_close,48,1.0,False
grabmyo-S014-D1-hand_close-T07,grabmyo-S014-D1-hand_close-T07,14,1,16,7,train,hand_close,-2.6208354451522564,3.167886356319185,-2.6995998581882437,-3.2125444000189614,48,hand_close,48,1.0,False
grabmyo-S014-D1-rest-T01,grabmyo-S014-D1-rest-T01,14,1,17,1,train,rest,0.9699316514265148,-1.448266916026902,-1.1063791133581222,-1.136363129148758,48,rest,48,1.0,False
grabmyo-S014-D1-rest-T02,grabmyo-S014-D1-rest-T02,14,1,17,2,train,rest,1.502054353295148,-1.430864867821924,-1.6381243833941401,-1.161303000757491,48,rest,48,1.0,False
grabmyo-S014-D1-rest-T03,grabmyo-S014-D1-rest-T03,14,1,17,3,train,rest,1.0821843339796888,-1.7969976046934573,-1.442543902021981,-1.1711386042147311,48,rest,48,1.0,False
grabmyo-S014-D1-rest-T04,grabmyo-S014-D1-rest-T04,14,1,17,4,train,rest,1.418665089221385,-1.679714359598308,-1.6030667430355419,-1.3726488496409102,48,rest,48,1.0,False
grabmyo-S014-D1-rest-T05,grabmyo-S014-D1-rest-T05,14,1,17,5,train,rest,1.1474009143945083,-1.929567239300445,-0.6753125230026611,-1.312244258043601,48,rest,48,1.0,False
grabmyo-S014-D1-rest-T06,grabmyo-S014-D1-rest-T06,14,1,17,6,train,rest,0.5596082004285315,-1.640114270599222,-0.6137322283522695,-1.1386358605044682,48,rest,48,1.0,False
grabmyo-S014-D1-rest-T07,grabmyo-S014-D1-rest-T07,14,1,17,7,train,rest,0.8941592089686571,-0.7545534235922591,-1.8198095139304646,-1.391576148829485,48,rest,48,1.0,False
grabmyo-S015-D1-wrist_extension-T01,grabmyo-S015-D1-wrist_extension-T01,15,1,11,1,train,wrist_extension,-13.401678397920383,-11.832479185952373,-10.612622703890294,4.936069606110043,48,wrist_extension,48,1.0,False
grabmyo-S015-D1-wrist_extension-T02,grabmyo-S015-D1-wrist_extension-T02,15,1,11,2,train,wrist_extension,-19.360420428741865,-14.943294542967964,-10.068055148953034,3.999563026443831,48,wrist_extension,48,1.0,False
grabmyo-S015-D1-wrist_extension-T03,grabmyo-S015-D1-wrist_extension-T03,15,1,11,3,train,wrist_extension,-19.551891158424173,-16.54225019612043,-13.657381386555452,5.215452269050938,48,wrist_extension,48,1.0,False
grabmyo-S015-D1-wrist_extension-T04,grabmyo-S015-D1-wrist_extension-T04,15,1,11,4,train,wrist_extension,-28.48705566818727,-29.697693272162322,-13.33499337975723,3.8267643258844957,48,wrist_extension,48,1.0,False
grabmyo-S015-D1-wrist_extension-T05,grabmyo-S015-D1-wrist_extension-T05,15,1,11,5,train,wrist_extension,-28.497034310249308,-28.90658052607695,-16.27926874474564,4.493430910630676,48,wrist_extension,48,1.0,False
grabmyo-S015-D1-wrist_extension-T06,grabmyo-S015-D1-wrist_extension-T06,15,1,11,6,train,wrist_extension,-22.357556615544528,-19.15213777978173,-13.200213980502843,5.19603770617397,48,wrist_extension,48,1.0,False
grabmyo-S015-D1-wrist_extension-T07,grabmyo-S015-D1-wrist_extension-T07,15,1,11,7,train,wrist_extension,-17.269417297146553,-12.554705281726593,-11.993104518328815,5.337509805347732,48,wrist_extension,48,1.0,False
grabmyo-S015-D1-wrist_flexion-T01,grabmyo-S015-D1-wrist_flexion-T01,15,1,12,1,train,wrist_flexion,-5.852246752981017,-2.81555501075294,4.322337473644969,-2.776384079294315,48,wrist_flexion,48,1.0,False
grabmyo-S015-D1-wrist_flexion-T02,grabmyo-S015-D1-wrist_flexion-T02,15,1,12,2,train,wrist_flexion,-6.361369753779667,-3.3573715313129964,4.841859639252928,-3.0169940034889557,48,wrist_flexion,48,1.0,False
grabmyo-S015-D1-wrist_flexion-T03,grabmyo-S015-D1-wrist_flexion-T03,15,1,12,3,train,wrist_flexion,-4.45971241260779,-2.3663558982485347,3.30997110593449,-2.1590627675364575,48,wrist_flexion,48,1.0,False
grabmyo-S015-D1-wrist_flexion-T04,grabmyo-S015-D1-wrist_flexion-T04,15,1,12,4,train,wrist_flexion,-2.4634010994921414,-1.9272704609837181,1.255068176171125,-1.5810486882821435,48,wrist_flexion,48,1.0,False
grabmyo-S015-D1-wrist_flexion-T05,grabmyo-S015-D1-wrist_flexion-T05,15,1,12,5,train,wrist_flexion,-4.576683222126454,-2.5240825007176606,2.8528325671313652,-1.9946058648754024,48,wrist_flexion,48,1.0,False
grabmyo-S015-D1-wrist_flexion-T06,grabmyo-S015-D1-wrist_flexion-T06,15,1,12,6,train,wrist_flexion,-3.66552207430428,-2.3642357026335414,2.6051907291492467,-1.688208050581106,48,wrist_flexion,48,1.0,False
grabmyo-S015-D1-wrist_flexion-T07,grabmyo-S015-D1-wrist_flexion-T07,15,1,12,7,train,wrist_flexion,-4.384278674603014,-2.7879699465120638,2.7634492572144036,-1.9917499515747144,48,wrist_flexion,48,1.0,False
grabmyo-S015-D1-hand_close-T01,grabmyo-S015-D1-hand_close-T01,15,1,16,1,train,hand_close,-2.5211154175266923,0.48060166976651303,-1.4188152542525216,-1.1545464572078046,48,hand_close,48,1.0,False
grabmyo-S015-D1-hand_close-T02,grabmyo-S015-D1-hand_close-T02,15,1,16,2,train,hand_close,-4.25655502441571,0.28105825752925045,-3.1190177843350626,-0.46518005398388124,48,hand_close,48,1.0,False
grabmyo-S015-D1-hand_close-T03,grabmyo-S015-D1-hand_close-T03,15,1,16,3,train,hand_close,-6.1534553170303825,-0.8667429454055665,-1.7425103671128805,-1.0744799573743764,48,hand_close,48,1.0,False
grabmyo-S015-D1-hand_close-T04,grabmyo-S015-D1-hand_close-T04,15,1,16,4,train,hand_close,-1.959357530930667,0.02910521058277468,-1.386092367260714,-0.8567316584119881,48,hand_close,48,1.0,False
grabmyo-S015-D1-hand_close-T05,grabmyo-S015-D1-hand_close-T05,15,1,16,5,train,hand_close,-1.266663748312933,0.19154821330808067,-1.3166958858497926,-1.0433280711128685,48,hand_close,48,1.0,False
grabmyo-S015-D1-hand_close-T06,grabmyo-S015-D1-hand_close-T06,15,1,16,6,train,hand_close,-1.8462443072538723,0.5121155680486561,-1.45461093475249,-1.2360290163320102,48,hand_close,48,1.0,False
grabmyo-S015-D1-hand_close-T07,grabmyo-S015-D1-hand_close-T07,15,1,16,7,train,hand_close,-6.932693394346277,-0.7187163447098975,-2.875823479472824,-0.3065249740000234,48,wrist_extension,48,1.0,False
grabmyo-S015-D1-rest-T01,grabmyo-S015-D1-rest-T01,15,1,17,1,train,rest,1.2091747989559016,-1.2583731289037134,-1.7629792734817658,-1.0912372563024448,48,rest,48,1.0,False
grabmyo-S015-D1-rest-T02,grabmyo-S015-D1-rest-T02,15,1,17,2,train,rest,1.0091168447221823,-1.0075774648424918,-1.773368315431824,-0.9802659371379464,48,rest,48,1.0,False
grabmyo-S015-D1-rest-T03,grabmyo-S015-D1-rest-T03,15,1,17,3,train,rest,0.6480465649819842,-0.964441188435928,-1.3547818173744304,-0.9242326966971236,48,rest,48,1.0,False
grabmyo-S015-D1-rest-T04,grabmyo-S015-D1-rest-T04,15,1,17,4,train,rest,0.5188835353381612,-0.9288955616450743,-1.619878675235933,-0.916042808691405,48,rest,48,1.0,False
grabmyo-S015-D1-rest-T05,grabmyo-S015-D1-rest-T05,15,1,17,5,train,rest,0.7397179023390911,-1.186918051231434,-1.4166966622721542,-1.0921715758674126,48,rest,48,1.0,False
grabmyo-S015-D1-rest-T06,grabmyo-S015-D1-rest-T06,15,1,17,6,train,rest,0.7249512671733963,-1.1723215175865194,-1.6725040643091855,-0.6677350917902518,48,rest,48,1.0,False
grabmyo-S015-D1-rest-T07,grabmyo-S015-D1-rest-T07,15,1,17,7,train,rest,0.8931307029516934,-0.8907688246524051,-1.6504827061127798,-1.1204052294587676,48,rest,48,1.0,False
grabmyo-S016-D1-wrist_extension-T01,grabmyo-S016-D1-wrist_extension-T01,16,1,11,1,train,wrist_extension,-10.015527886087014,-4.570657665313024,-5.4949694396977025,4.1856661617504995,48,wrist_extension,48,1.0,False
grabmyo-S016-D1-wrist_extension-T02,grabmyo-S016-D1-wrist_extension-T02,16,1,11,2,train,wrist_extension,-9.303718093469694,-3.6029975002913766,-5.329091746776575,3.0317601685172773,48,wrist_extension,48,1.0,False
grabmyo-S016-D1-wrist_extension-T03,grabmyo-S016-D1-wrist_extension-T03,16,1,11,3,train,wrist_extension,-9.38191484260949,-4.997096838950394,-6.27237928122964,3.7944968864805517,48,wrist_extension,48,1.0,False
grabmyo-S016-D1-wrist_extension-T04,grabmyo-S016-D1-wrist_extension-T04,16,1,11,4,train,wrist_extension,-9.552134840622669,-3.9676248110193186,-5.66871036374443,4.441064925839579,48,wrist_extension,48,1.0,False
grabmyo-S016-D1-wrist_extension-T05,grabmyo-S016-D1-wrist_extension-T05,16,1,11,5,train,wrist_extension,-9.265361634416015,-3.4786366030287454,-4.651795578535161,3.6240035116936884,48,wrist_extension,48,1.0,False
grabmyo-S016-D1-wrist_extension-T06,grabmyo-S016-D1-wrist_extension-T06,16,1,11,6,train,wrist_extension,-8.31501443664117,-2.4059306487816223,-5.382470303344214,3.909854845469649,48,wrist_extension,48,1.0,False
grabmyo-S016-D1-wrist_extension-T07,grabmyo-S016-D1-wrist_extension-T07,16,1,11,7,train,wrist_extension,-7.511093251017726,-2.9232364336484054,-4.809985520898358,3.6937766881861855,48,wrist_extension,48,1.0,False
grabmyo-S016-D1-wrist_flexion-T01,grabmyo-S016-D1-wrist_flexion-T01,16,1,12,1,train,wrist_flexion,-5.7269856338695755,-2.002966811756609,2.7511295523426056,-3.257975650862793,48,wrist_flexion,48,1.0,False
grabmyo-S016-D1-wrist_flexion-T02,grabmyo-S016-D1-wrist_flexion-T02,16,1,12,2,train,wrist_flexion,-4.27926553980349,-1.8077783855033698,1.9087651593841688,-2.7079142544497237,48,wrist_flexion,48,1.0,False
grabmyo-S016-D1-wrist_flexion-T03,grabmyo-S016-D1-wrist_flexion-T03,16,1,12,3,train,wrist_flexion,-6.4105888759278855,-1.9754713215389783,2.565633476994187,-3.063524769607053,48,wrist_flexion,48,1.0,False
grabmyo-S016-D1-wrist_flexion-T04,grabmyo-S016-D1-wrist_flexion-T04,16,1,12,4,train,wrist_flexion,-6.092226140437489,-2.22567722668836,2.9475189846995797,-3.3415595295966303,48,wrist_flexion,48,1.0,False
grabmyo-S016-D1-wrist_flexion-T05,grabmyo-S016-D1-wrist_flexion-T05,16,1,12,5,train,wrist_flexion,-5.326854895189652,-2.2264909474258068,2.7807757036455505,-3.122936194454894,48,wrist_flexion,48,1.0,False
grabmyo-S016-D1-wrist_flexion-T06,grabmyo-S016-D1-wrist_flexion-T06,16,1,12,6,train,wrist_flexion,-3.758195763490843,-1.1840398020121985,1.5765365427837816,-2.6213239767492955,48,wrist_flexion,48,1.0,False
grabmyo-S016-D1-wrist_flexion-T07,grabmyo-S016-D1-wrist_flexion-T07,16,1,12,7,train,wrist_flexion,-3.5769362869131647,-1.0485073187526768,1.327445489295726,-2.560090332530008,48,wrist_flexion,48,1.0,False
grabmyo-S016-D1-hand_close-T01,grabmyo-S016-D1-hand_close-T01,16,1,16,1,train,hand_close,-4.74133973456335,1.3238864448676824,-0.8705204000244571,-2.7929947472729992,48,hand_close,48,1.0,False
grabmyo-S016-D1-hand_close-T02,grabmyo-S016-D1-hand_close-T02,16,1,16,2,train,hand_close,-3.8694756925507705,1.491745605533314,-0.9870956907784514,-2.571812974853815,48,hand_close,48,1.0,False
grabmyo-S016-D1-hand_close-T03,grabmyo-S016-D1-hand_close-T03,16,1,16,3,train,hand_close,-4.39126239386074,1.3412123222543675,-0.7135787871566309,-3.002487456663509,48,hand_close,48,1.0,False
grabmyo-S016-D1-hand_close-T04,grabmyo-S016-D1-hand_close-T04,16,1,16,4,train,hand_close,-3.0036345088918455,1.3499302033387817,-0.9320034718725828,-3.0120360195018416,48,hand_close,48,1.0,False
grabmyo-S016-D1-hand_close-T05,grabmyo-S016-D1-hand_close-T05,16,1,16,5,train,hand_close,-3.4825245014258397,0.9397137230754328,-0.5333606075593303,-2.5864483841218338,48,hand_close,48,1.0,False
grabmyo-S016-D1-hand_close-T06,grabmyo-S016-D1-hand_close-T06,16,1,16,6,train,hand_close,-2.114271996837729,0.4429701946676778,-0.7170780209231711,-2.3224388300339314,48,hand_close,48,1.0,False
grabmyo-S016-D1-hand_close-T07,grabmyo-S016-D1-hand_close-T07,16,1,16,7,train,hand_close,-4.540277837824992,1.5146439379243484,-1.0356617877887777,-3.0345863257850296,48,hand_close,48,1.0,False
grabmyo-S016-D1-rest-T01,grabmyo-S016-D1-rest-T01,16,1,17,1,train,rest,0.5875014250570428,-0.6959050988611771,-1.702380576776269,-0.9087043343730028,48,rest,48,1.0,False
grabmyo-S016-D1-rest-T02,grabmyo-S016-D1-rest-T02,16,1,17,2,train,rest,0.6059197538753208,-0.9108935471076137,-1.4002947275462272,-0.9998779149033473,48,rest,48,1.0,False
grabmyo-S016-D1-rest-T03,grabmyo-S016-D1-rest-T03,16,1,17,3,train,rest,0.7853288723990256,-1.1728567143810351,-1.2707041698525556,-1.3509095436861116,48,rest,48,1.0,False
grabmyo-S016-D1-rest-T04,grabmyo-S016-D1-rest-T04,16,1,17,4,train,rest,1.0111532992442094,-1.0750697045175956,-1.6479327975792684,-1.302053504038734,48,rest,48,1.0,False
grabmyo-S016-D1-rest-T05,grabmyo-S016-D1-rest-T05,16,1,17,5,train,rest,0.6909867308995815,-1.041353933428593,-1.1984698079947191,-1.1265305205415883,48,rest,48,1.0,False
grabmyo-S016-D1-rest-T06,grabmyo-S016-D1-rest-T06,16,1,17,6,train,rest,1.037176877351121,-1.0348378708746844,-1.4675474018132535,-1.5004172077246947,48,rest,48,1.0,False
grabmyo-S016-D1-rest-T07,grabmyo-S016-D1-rest-T07,16,1,17,7,train,rest,0.7842548612217355,-0.7079432533523917,-1.6178864722406059,-0.8917096585121723,48,rest,48,1.0,False
grabmyo-S017-D1-wrist_extension-T01,grabmyo-S017-D1-wrist_extension-T01,17,1,11,1,train,wrist_extension,-4.897349417825821,-3.156678621421181,-1.1850236275181032,2.0827320500495974,48,wrist_extension,48,1.0,False
grabmyo-S017-D1-wrist_extension-T02,grabmyo-S017-D1-wrist_extension-T02,17,1,11,2,train,wrist_extension,-5.728749157158247,-3.004002615725667,-1.5230857546982957,1.6070660455786934,48,wrist_extension,48,1.0,False
grabmyo-S017-D1-wrist_extension-T03,grabmyo-S017-D1-wrist_extension-T03,17,1,11,3,train,wrist_extension,-5.200931362322426,-2.701540758077378,-1.775807311659224,1.6557364585439045,48,wrist_extension,48,1.0,False
grabmyo-S017-D1-wrist_extension-T04,grabmyo-S017-D1-wrist_extension-T04,17,1,11,4,train,wrist_extension,-4.534501915384088,-2.739030132159075,-1.4345148933682237,1.6752790689284278,48,wrist_extension,48,1.0,False
grabmyo-S017-D1-wrist_extension-T05,grabmyo-S017-D1-wrist_extension-T05,17,1,11,5,train,wrist_extension,-3.137862203350927,-1.6499080035624063,-1.3849899825992003,0.4577257386479765,48,wrist_extension,48,1.0,False
grabmyo-S017-D1-wrist_extension-T06,grabmyo-S017-D1-wrist_extension-T06,17,1,11,6,train,wrist_extension,-2.796191419421716,-2.2514158285682573,-0.7796845336451629,0.9737117054040554,48,wrist_extension,48,1.0,False
grabmyo-S017-D1-wrist_extension-T07,grabmyo-S017-D1-wrist_extension-T07,17,1,11,7,train,wrist_extension,-4.778671077091066,-3.016095564741405,-1.7391321099037098,2.0692897292835926,48,wrist_extension,48,1.0,False
grabmyo-S017-D1-wrist_flexion-T01,grabmyo-S017-D1-wrist_flexion-T01,17,1,12,1,train,wrist_flexion,-6.0210814008058415,-0.09512800061370764,0.26296759386930557,-3.0935274488300717,48,wrist_flexion,48,1.0,False
grabmyo-S017-D1-wrist_flexion-T02,grabmyo-S017-D1-wrist_flexion-T02,17,1,12,2,train,wrist_flexion,-5.677445564543866,0.5477829986405142,-0.25761210527243045,-3.295860694986373,48,hand_close,48,1.0,False
grabmyo-S017-D1-wrist_flexion-T03,grabmyo-S017-D1-wrist_flexion-T03,17,1,12,3,train,wrist_flexion,-7.233693512313049,0.4230664888171751,-0.6058726980579194,-3.159649305170285,48,hand_close,48,1.0,False
grabmyo-S017-D1-wrist_flexion-T04,grabmyo-S017-D1-wrist_flexion-T04,17,1,12,4,train,wrist_flexion,-5.023444957299595,-0.16708131147659186,0.2603586144287745,-2.846188230789684,48,wrist_flexion,48,1.0,False
grabmyo-S017-D1-wrist_flexion-T05,grabmyo-S017-D1-wrist_flexion-T05,17,1,12,5,train,wrist_flexion,-2.771322809328136,-1.6680642614759282,1.283311213052481,-2.1380582912581763,48,wrist_flexion,48,1.0,False
grabmyo-S017-D1-wrist_flexion-T06,grabmyo-S017-D1-wrist_flexion-T06,17,1,12,6,train,wrist_flexion,-3.5144326286589087,-0.9739194454321791,0.9368337817388851,-2.7258991745090597,48,wrist_flexion,48,1.0,False
grabmyo-S017-D1-wrist_flexion-T07,grabmyo-S017-D1-wrist_flexion-T07,17,1,12,7,train,wrist_flexion,-2.3579471832988657,-2.7161227814636972,2.3821132937250984,-2.056958887101565,48,wrist_flexion,48,1.0,False
grabmyo-S017-D1-hand_close-T01,grabmyo-S017-D1-hand_close-T01,17,1,16,1,train,hand_close,-12.552379655585701,5.580800942316906,-5.199113096572196,-6.822370276150459,48,hand_close,48,1.0,False
grabmyo-S017-D1-hand_close-T02,grabmyo-S017-D1-hand_close-T02,17,1,16,2,train,hand_close,-13.882928806124214,5.516776559165127,-8.47435328313198,-9.541936020478095,48,hand_close,48,1.0,False
grabmyo-S017-D1-hand_close-T03,grabmyo-S017-D1-hand_close-T03,17,1,16,3,train,hand_close,-14.656790361651673,6.299011690306298,-6.3936594511955605,-9.171128482700736,48,hand_close,48,1.0,False
grabmyo-S017-D1-hand_close-T04,grabmyo-S017-D1-hand_close-T04,17,1,16,4,train,hand_close,-12.74981185246169,3.3775704668475046,-11.49913822974183,-10.634709870204981,48,hand_close,48,1.0,False
grabmyo-S017-D1-hand_close-T05,grabmyo-S017-D1-hand_close-T05,17,1,16,5,train,hand_close,-11.219140197227489,5.201379193538503,-3.2799930608120076,-5.965957846847452,48,hand_close,48,1.0,False
grabmyo-S017-D1-hand_close-T06,grabmyo-S017-D1-hand_close-T06,17,1,16,6,train,hand_close,-13.406955524097024,5.103953601195902,-4.660228571574442,-7.433795180337744,48,hand_close,48,1.0,False
grabmyo-S017-D1-hand_close-T07,grabmyo-S017-D1-hand_close-T07,17,1,16,7,train,hand_close,-13.929025155069573,5.859504655415814,-5.404370512473522,-8.038280591887942,48,hand_close,48,1.0,False
grabmyo-S017-D1-rest-T01,grabmyo-S017-D1-rest-T01,17,1,17,1,train,rest,0.7597625417402516,-1.2503511559398461,-0.4855064964663702,-1.0774311862106896,48,rest,48,1.0,False
grabmyo-S017-D1-rest-T02,grabmyo-S017-D1-rest-T02,17,1,17,2,train,rest,0.5763662167631103,-1.4487649728788208,-0.3673983495856003,-0.9672605466262271,48,rest,48,1.0,False
grabmyo-S017-D1-rest-T03,grabmyo-S017-D1-rest-T03,17,1,17,3,train,rest,0.6339631216240592,-1.4508831087984717,-0.415983443594153,-1.0315094409041148,48,rest,48,1.0,False
grabmyo-S017-D1-rest-T04,grabmyo-S017-D1-rest-T04,17,1,17,4,train,rest,0.7177080605014744,-1.4528377236544394,-0.3874806580588029,-1.0267873492629598,48,rest,48,1.0,False
grabmyo-S017-D1-rest-T05,grabmyo-S017-D1-rest-T05,17,1,17,5,train,rest,0.6062199070166542,-1.5229808555302278,-0.49442379919296003,-0.9018522561479717,48,rest,48,1.0,False
grabmyo-S017-D1-rest-T06,grabmyo-S017-D1-rest-T06,17,1,17,6,train,rest,0.8598808719234721,-1.6842668375875458,-0.5534407711184411,-1.0015812486768618,48,rest,48,1.0,False
grabmyo-S017-D1-rest-T07,grabmyo-S017-D1-rest-T07,17,1,17,7,train,rest,0.7926398079596226,-1.0208467856021641,-0.9025681105295112,-0.9768075852799606,48,rest,48,1.0,False
grabmyo-S018-D1-wrist_extension-T01,grabmyo-S018-D1-wrist_extension-T01,18,1,11,1,train,wrist_extension,-7.1013925331255265,-2.759733374346595,-4.28393593694729,3.5929083836326043,48,wrist_extension,48,1.0,False
grabmyo-S018-D1-wrist_extension-T02,grabmyo-S018-D1-wrist_extension-T02,18,1,11,2,train,wrist_extension,-9.212924960074085,-5.382711204037833,-6.545741863469787,2.9633508054582673,48,wrist_extension,48,1.0,False
grabmyo-S018-D1-wrist_extension-T03,grabmyo-S018-D1-wrist_extension-T03,18,1,11,3,train,wrist_extension,-9.855853405479705,-3.5061391634075854,-5.072724790744033,4.1391999025127015,48,wrist_extension,48,1.0,False
grabmyo-S018-D1-wrist_extension-T04,grabmyo-S018-D1-wrist_extension-T04,18,1,11,4,train,wrist_extension,-7.807976462325179,-4.16235547546832,-5.021207778493526,4.301310416542088,48,wrist_extension,48,1.0,False
grabmyo-S018-D1-wrist_extension-T05,grabmyo-S018-D1-wrist_extension-T05,18,1,11,5,train,wrist_extension,-5.998171807750215,-1.949320451566517,-3.1994648377006385,2.731058612137423,48,wrist_extension,48,1.0,False
grabmyo-S018-D1-wrist_extension-T06,grabmyo-S018-D1-wrist_extension-T06,18,1,11,6,train,wrist_extension,-6.240561399651159,-2.5209685029333353,-3.3131658784988285,3.112360966955279,48,wrist_extension,48,1.0,False
grabmyo-S018-D1-wrist_extension-T07,grabmyo-S018-D1-wrist_extension-T07,18,1,11,7,train,wrist_extension,-6.631348069396471,-2.7349041013781172,-3.9368913933465497,3.060801196605899,48,wrist_extension,48,1.0,False
grabmyo-S018-D1-wrist_flexion-T01,grabmyo-S018-D1-wrist_flexion-T01,18,1,12,1,train,wrist_flexion,-3.3244179452246208,-2.6044172068935114,2.507637526156262,-3.0307514729196097,48,wrist_flexion,48,1.0,False
grabmyo-S018-D1-wrist_flexion-T02,grabmyo-S018-D1-wrist_flexion-T02,18,1,12,2,train,wrist_flexion,-3.646994847943617,-2.420018227879131,2.45086948462979,-3.1765232031438466,48,wrist_flexion,48,1.0,False
grabmyo-S018-D1-wrist_flexion-T03,grabmyo-S018-D1-wrist_flexion-T03,18,1,12,3,train,wrist_flexion,-3.466973624227908,-3.0252202299688675,3.0862497090494885,-2.3375739310199797,48,wrist_flexion,48,1.0,False
grabmyo-S018-D1-wrist_flexion-T04,grabmyo-S018-D1-wrist_flexion-T04,18,1,12,4,train,wrist_flexion,-4.843778941039818,-3.6073568597321173,3.8266372972048335,-4.0648179841057255,48,wrist_flexion,48,1.0,False
grabmyo-S018-D1-wrist_flexion-T05,grabmyo-S018-D1-wrist_flexion-T05,18,1,12,5,train,wrist_flexion,-4.129247633863663,-1.6703127725429914,1.064394599551193,-2.272415063265904,48,wrist_flexion,48,1.0,False
grabmyo-S018-D1-wrist_flexion-T06,grabmyo-S018-D1-wrist_flexion-T06,18,1,12,6,train,wrist_flexion,-5.950283180922089,-2.462871676736365,2.5221670061870713,-3.265645458725709,48,wrist_flexion,48,1.0,False
grabmyo-S018-D1-wrist_flexion-T07,grabmyo-S018-D1-wrist_flexion-T07,18,1,12,7,train,wrist_flexion,-6.695089904960233,-2.931463909305602,3.5616039492804585,-4.371947734597596,48,wrist_flexion,48,1.0,False
grabmyo-S018-D1-hand_close-T01,grabmyo-S018-D1-hand_close-T01,18,1,16,1,train,hand_close,-7.116479805826921,4.322803702681115,-2.9309908851550213,-4.278036925583369,48,hand_close,48,1.0,False
grabmyo-S018-D1-hand_close-T02,grabmyo-S018-D1-hand_close-T02,18,1,16,2,train,hand_close,-6.723922233980061,4.797867660439569,-3.4325136646056076,-4.0845115402348595,48,hand_close,48,1.0,False
grabmyo-S018-D1-hand_close-T03,grabmyo-S018-D1-hand_close-T03,18,1,16,3,train,hand_close,-7.123049957050294,4.328957873261106,-3.169690459564892,-3.877651026704429,48,hand_close,48,1.0,False
grabmyo-S018-D1-hand_close-T04,grabmyo-S018-D1-hand_close-T04,18,1,16,4,train,hand_close,-6.224333254985516,3.844511671524872,-2.989259235981397,-3.2908804732626744,48,hand_close,48,1.0,False
grabmyo-S018-D1-hand_close-T05,grabmyo-S018-D1-hand_close-T05,18,1,16,5,train,hand_close,-6.572462907292706,3.400810723112032,-2.708630294370684,-3.046622528429454,48,hand_close,48,1.0,False
grabmyo-S018-D1-hand_close-T06,grabmyo-S018-D1-hand_close-T06,18,1,16,6,train,hand_close,-6.251723583077831,3.9045730394600984,-2.68012961052414,-4.317980337687939,48,hand_close,48,1.0,False
grabmyo-S018-D1-hand_close-T07,grabmyo-S018-D1-hand_close-T07,18,1,16,7,train,hand_close,-8.551881089335021,5.1729940032917305,-3.711215992337635,-4.948208621886958,48,hand_close,48,1.0,False
grabmyo-S018-D1-rest-T01,grabmyo-S018-D1-rest-T01,18,1,17,1,train,rest,0.9543649982745158,-1.7400392679194414,-0.6688578497422671,-1.7335518009467972,48,rest,48,1.0,False
grabmyo-S018-D1-rest-T02,grabmyo-S018-D1-rest-T02,18,1,17,2,train,rest,0.9054861610201321,-1.79539013913827,-0.7865160805401747,-1.1722806723931978,48,rest,48,1.0,False
grabmyo-S018-D1-rest-T03,grabmyo-S018-D1-rest-T03,18,1,17,3,train,rest,0.8913614192568913,-1.4877336297363304,-0.3481077357027978,-1.7858511001952981,48,rest,48,1.0,False
grabmyo-S018-D1-rest-T04,grabmyo-S018-D1-rest-T04,18,1,17,4,train,rest,1.6217235429172205,-1.837939923390011,-1.217828217540972,-1.906693654562795,48,rest,48,1.0,False
grabmyo-S018-D1-rest-T05,grabmyo-S018-D1-rest-T05,18,1,17,5,train,rest,0.8777973056047866,-1.8737607142957675,-0.6178612059742119,-1.62506923236294,48,rest,48,1.0,False
grabmyo-S018-D1-rest-T06,grabmyo-S018-D1-rest-T06,18,1,17,6,train,rest,0.9330914262306343,-1.2507873492326824,-0.726616062945361,-1.576646650090405,48,rest,48,1.0,False
grabmyo-S018-D1-rest-T07,grabmyo-S018-D1-rest-T07,18,1,17,7,train,rest,1.371873154825362,-2.1299712028407556,-1.013700061136073,-1.599568030226399,48,rest,48,1.0,False
grabmyo-S019-D1-wrist_extension-T01,grabmyo-S019-D1-wrist_extension-T01,19,1,11,1,train,wrist_extension,-7.545683667223428,-4.752356000803851,-6.3400125329854236,3.9323136686416666,48,wrist_extension,48,1.0,False
grabmyo-S019-D1-wrist_extension-T02,grabmyo-S019-D1-wrist_extension-T02,19,1,11,2,train,wrist_extension,-5.58650564798945,-3.6729261527617982,-4.135669546087165,3.3047428422234595,48,wrist_extension,48,1.0,False
grabmyo-S019-D1-wrist_extension-T03,grabmyo-S019-D1-wrist_extension-T03,19,1,11,3,train,wrist_extension,-5.234269365727604,-4.2635521214593775,-4.039804946774026,2.684434000570494,48,wrist_extension,48,1.0,False
grabmyo-S019-D1-wrist_extension-T04,grabmyo-S019-D1-wrist_extension-T04,19,1,11,4,train,wrist_extension,-4.375220589868872,-2.513469094940939,-2.961598337346642,3.0460223613876116,48,wrist_extension,48,1.0,False
grabmyo-S019-D1-wrist_extension-T05,grabmyo-S019-D1-wrist_extension-T05,19,1,11,5,train,wrist_extension,-5.560611212864418,-3.7817142444398253,-3.245821467353179,3.3196506042436,48,wrist_extension,48,1.0,False
grabmyo-S019-D1-wrist_extension-T06,grabmyo-S019-D1-wrist_extension-T06,19,1,11,6,train,wrist_extension,-4.226306698275082,-2.488980851261719,-2.82769294730713,2.828774872931851,48,wrist_extension,48,1.0,False
grabmyo-S019-D1-wrist_extension-T07,grabmyo-S019-D1-wrist_extension-T07,19,1,11,7,train,wrist_extension,-7.212208656184647,-4.259535916778771,-6.0074083023617675,3.874931377334019,48,wrist_extension,48,1.0,False
grabmyo-S019-D1-wrist_flexion-T01,grabmyo-S019-D1-wrist_flexion-T01,19,1,12,1,train,wrist_flexion,-7.451677086513226,-5.677928250634166,6.757757016536693,-2.647850108053358,48,wrist_flexion,48,1.0,False
grabmyo-S019-D1-wrist_flexion-T02,grabmyo-S019-D1-wrist_flexion-T02,19,1,12,2,train,wrist_flexion,-4.445560767369064,-3.9527998274763068,4.607313036806787,-1.9075040343498462,48,wrist_flexion,48,1.0,False
grabmyo-S019-D1-wrist_flexion-T03,grabmyo-S019-D1-wrist_flexion-T03,19,1,12,3,train,wrist_flexion,-5.2561162511562,-3.9555876241248353,4.0703850644812745,-1.9076100099685602,48,wrist_flexion,48,1.0,False
grabmyo-S019-D1-wrist_flexion-T04,grabmyo-S019-D1-wrist_flexion-T04,19,1,12,4,train,wrist_flexion,-5.439113580266471,-4.2625275898466715,5.727386610962615,-2.8637893222312703,48,wrist_flexion,48,1.0,False
grabmyo-S019-D1-wrist_flexion-T05,grabmyo-S019-D1-wrist_flexion-T05,19,1,12,5,train,wrist_flexion,-9.065306159599102,-4.012235731291331,5.366161349731509,-2.891280314265907,48,wrist_flexion,48,1.0,False
grabmyo-S019-D1-wrist_flexion-T06,grabmyo-S019-D1-wrist_flexion-T06,19,1,12,6,train,wrist_flexion,-6.669599279953187,-4.495123787417016,5.640317807602159,-2.3718380659166516,48,wrist_flexion,48,1.0,False
grabmyo-S019-D1-wrist_flexion-T07,grabmyo-S019-D1-wrist_flexion-T07,19,1,12,7,train,wrist_flexion,-3.9915459699906033,-2.347894450533012,1.0962344107838475,-0.8596078003166979,48,wrist_flexion,48,1.0,False
grabmyo-S019-D1-hand_close-T01,grabmyo-S019-D1-hand_close-T01,19,1,16,1,train,hand_close,-6.949350372966436,5.9622427298698755,-3.9794736507950983,-4.91135728084155,48,hand_close,48,1.0,False
grabmyo-S019-D1-hand_close-T02,grabmyo-S019-D1-hand_close-T02,19,1,16,2,train,hand_close,-6.652892441206933,4.938296856419442,-3.4536731927655318,-4.313905797296667,48,hand_close,48,1.0,False
grabmyo-S019-D1-hand_close-T03,grabmyo-S019-D1-hand_close-T03,19,1,16,3,train,hand_close,-11.330173289992347,9.796846781858148,-6.05088466884533,-7.402129300610593,48,hand_close,48,1.0,False
grabmyo-S019-D1-hand_close-T04,grabmyo-S019-D1-hand_close-T04,19,1,16,4,train,hand_close,-8.396677901831827,5.093320072286731,-3.0907293571297747,-4.524210898430631,48,hand_close,48,1.0,False
grabmyo-S019-D1-hand_close-T05,grabmyo-S019-D1-hand_close-T05,19,1,16,5,train,hand_close,-9.862141354626502,7.235611590208098,-4.616503571962806,-5.932632214190931,48,hand_close,48,1.0,False
grabmyo-S019-D1-hand_close-T06,grabmyo-S019-D1-hand_close-T06,19,1,16,6,train,hand_close,-9.834689878297477,8.970971756290716,-5.57550458145749,-7.008660867801418,48,hand_close,48,1.0,False
grabmyo-S019-D1-hand_close-T07,grabmyo-S019-D1-hand_close-T07,19,1,16,7,train,hand_close,-6.917448470553274,6.2405096794095565,-4.034438407244081,-5.156533524014814,48,hand_close,48,1.0,False
grabmyo-S019-D1-rest-T01,grabmyo-S019-D1-rest-T01,19,1,17,1,train,rest,1.1769204818174355,-1.318005756283002,-1.5947727960742677,-1.0637507264743817,48,rest,48,1.0,False
grabmyo-S019-D1-rest-T02,grabmyo-S019-D1-rest-T02,19,1,17,2,train,rest,0.9228578704372161,-1.248012815397034,-1.467689838613328,-1.0708486204288057,48,rest,48,1.0,False
grabmyo-S019-D1-rest-T03,grabmyo-S019-D1-rest-T03,19,1,17,3,train,rest,0.289135202628994,-1.1159788271784195,-1.2079115787735362,-0.6176555213546927,48,rest,48,1.0,False
grabmyo-S019-D1-rest-T04,grabmyo-S019-D1-rest-T04,19,1,17,4,train,rest,0.3924008659318403,-1.0463825811572016,-1.2725221250467853,-0.6703761356574761,48,rest,48,1.0,False
grabmyo-S019-D1-rest-T05,grabmyo-S019-D1-rest-T05,19,1,17,5,train,rest,0.034240869644329534,-0.9807464574897103,-1.0634758420437438,-0.5939528856307604,48,rest,48,1.0,False
grabmyo-S019-D1-rest-T06,grabmyo-S019-D1-rest-T06,19,1,17,6,train,rest,0.7439725022006617,-1.3134842865511651,-1.4246639931743657,-0.4437649839900089,48,rest,48,1.0,False
grabmyo-S019-D1-rest-T07,grabmyo-S019-D1-rest-T07,19,1,17,7,train,rest,0.8798864999255032,-0.9948950979928327,-1.6943977487740807,-0.7243693198490265,48,rest,48,1.0,False
grabmyo-S020-D1-wrist_extension-T01,grabmyo-S020-D1-wrist_extension-T01,20,1,11,1,train,wrist_extension,-5.154187153492632,-1.92356245104949,-4.120695798156318,3.675546426314094,48,wrist_extension,48,1.0,False
grabmyo-S020-D1-wrist_extension-T02,grabmyo-S020-D1-wrist_extension-T02,20,1,11,2,train,wrist_extension,-4.009930255164329,-0.727189337745752,-3.9728210481879778,2.181967656362262,48,wrist_extension,48,1.0,False
grabmyo-S020-D1-wrist_extension-T03,grabmyo-S020-D1-wrist_extension-T03,20,1,11,3,train,wrist_extension,-5.4877973362494155,-2.50094314771034,-5.128528738033981,4.198481862741577,48,wrist_extension,48,1.0,False
grabmyo-S020-D1-wrist_extension-T04,grabmyo-S020-D1-wrist_extension-T04,20,1,11,4,train,wrist_extension,-5.255336670384995,-1.8588265271620792,-4.056435527126628,3.206388553890972,48,wrist_extension,48,1.0,False
grabmyo-S020-D1-wrist_extension-T05,grabmyo-S020-D1-wrist_extension-T05,20,1,11,5,train,wrist_extension,-4.82517405450636,-1.4884344504738396,-4.137939550580586,2.9582137780954487,48,wrist_extension,48,1.0,False
grabmyo-S020-D1-wrist_extension-T06,grabmyo-S020-D1-wrist_extension-T06,20,1,11,6,train,wrist_extension,-5.989881559534473,-2.647402966497421,-4.6201225736366665,3.8896257663389395,48,wrist_extension,48,1.0,False
grabmyo-S020-D1-wrist_extension-T07,grabmyo-S020-D1-wrist_extension-T07,20,1,11,7,train,wrist_extension,-6.382376268010808,-2.5053094003962744,-5.140321978906628,4.4604910561887845,48,wrist_extension,48,1.0,False
grabmyo-S020-D1-wrist_flexion-T01,grabmyo-S020-D1-wrist_flexion-T01,20,1,12,1,train,wrist_flexion,-4.246817966419328,-0.8028202462214487,0.32860483675615837,-1.3899780508617257,48,wrist_flexion,48,1.0,False
grabmyo-S020-D1-wrist_flexion-T02,grabmyo-S020-D1-wrist_flexion-T02,20,1,12,2,train,wrist_flexion,-3.7930471603660254,-0.14216045430675137,-1.5696336205700385,-0.9865055705164282,48,hand_close,48,1.0,False
grabmyo-S020-D1-wrist_flexion-T03,grabmyo-S020-D1-wrist_flexion-T03,20,1,12,3,train,wrist_flexion,-3.9463770134107983,-0.3101618889248997,-2.1908422952112496,-0.36327481861710087,48,hand_close,48,1.0,False
grabmyo-S020-D1-wrist_flexion-T04,grabmyo-S020-D1-wrist_flexion-T04,20,1,12,4,train,wrist_flexion,-3.886244179733996,-0.07755841020095526,-0.9422310375635005,-1.3542942454208446,48,hand_close,48,1.0,False
grabmyo-S020-D1-wrist_flexion-T05,grabmyo-S020-D1-wrist_flexion-T05,20,1,12,5,train,wrist_flexion,-3.6230803951584605,-0.4737215908973093,0.04513453399536913,-1.4978137395959361,48,wrist_flexion,48,1.0,False
grabmyo-S020-D1-wrist_flexion-T06,grabmyo-S020-D1-wrist_flexion-T06,20,1,12,6,train,wrist_flexion,-4.842679338846767,-0.547211613472909,-0.32982580262569644,-1.5606183593371894,48,wrist_flexion,48,1.0,False
grabmyo-S020-D1-wrist_flexion-T07,grabmyo-S020-D1-wrist_flexion-T07,20,1,12,7,train,wrist_flexion,-2.656243967086263,0.08043330509001907,-1.334531493454258,-0.9230685328480738,48,hand_close,48,1.0,False
grabmyo-S020-D1-hand_close-T01,grabmyo-S020-D1-hand_close-T01,20,1,16,1,train,hand_close,-2.2895402179779354,1.2251116985971808,-1.1610002594425761,-1.5449757810138445,48,hand_close,48,1.0,False
grabmyo-S020-D1-hand_close-T02,grabmyo-S020-D1-hand_close-T02,20,1,16,2,train,hand_close,-3.2066512316486766,1.5796077711775292,-1.371191219875304,-1.3020770625968454,48,hand_close,48,1.0,False
grabmyo-S020-D1-hand_close-T03,grabmyo-S020-D1-hand_close-T03,20,1,16,3,train,hand_close,-1.9608237128089978,0.21931924085274027,-0.9197925173538505,-1.1475219305493753,48,hand_close,48,1.0,False
grabmyo-S020-D1-hand_close-T04,grabmyo-S020-D1-hand_close-T04,20,1,16,4,train,hand_close,-2.7048796336718577,1.2567024946826215,-1.096211202570492,-1.6729368985140978,48,hand_close,48,1.0,False
grabmyo-S020-D1-hand_close-T05,grabmyo-S020-D1-hand_close-T05,20,1,16,5,train,hand_close,-3.2344689580316968,1.0278682753682151,-0.8094974727993539,-1.3582644373540875,48,hand_close,48,1.0,False
grabmyo-S020-D1-hand_close-T06,grabmyo-S020-D1-hand_close-T06,20,1,16,6,train,hand_close,-3.041655410057611,0.8916126309912094,-0.8147218510034154,-1.5026635091118477,48,hand_close,48,1.0,False
grabmyo-S020-D1-hand_close-T07,grabmyo-S020-D1-hand_close-T07,20,1,16,7,train,hand_close,-3.3260247731217496,0.9964661221203402,-0.9234029430874485,-1.4186307086091672,48,hand_close,48,1.0,False
grabmyo-S020-D1-rest-T01,grabmyo-S020-D1-rest-T01,20,1,17,1,train,rest,1.0362265691587857,-0.9184236510554838,-1.6215077227774701,-1.1901544737261134,48,rest,48,1.0,False
grabmyo-S020-D1-rest-T02,grabmyo-S020-D1-rest-T02,20,1,17,2,train,rest,0.8921598504978832,-0.8591837669593531,-1.5846295100066072,-1.051877173949348,48,rest,48,1.0,False
grabmyo-S020-D1-rest-T03,grabmyo-S020-D1-rest-T03,20,1,17,3,train,rest,0.7628820465377655,-0.9946451280860792,-1.512577873947814,-1.0245722681262077,48,rest,48,1.0,False
grabmyo-S020-D1-rest-T04,grabmyo-S020-D1-rest-T04,20,1,17,4,train,rest,1.238643181584498,-1.6029625776713494,-1.3391255739574073,-1.0866060369991444,48,rest,48,1.0,False
grabmyo-S020-D1-rest-T05,grabmyo-S020-D1-rest-T05,20,1,17,5,train,rest,1.1739202935354232,-1.3693356983498617,-1.4289971504599146,-0.9943393574914218,48,rest,48,1.0,False
grabmyo-S020-D1-rest-T06,grabmyo-S020-D1-rest-T06,20,1,17,6,train,rest,1.1532553566778931,-1.2933339485174349,-1.530710232434853,-1.0673771839439248,48,rest,48,1.0,False
grabmyo-S020-D1-rest-T07,grabmyo-S020-D1-rest-T07,20,1,17,7,train,rest,1.2490538784917755,-1.4642746742013728,-1.477203411770175,-1.1109572882361014,48,rest,48,1.0,False
grabmyo-S021-D1-wrist_extension-T01,grabmyo-S021-D1-wrist_extension-T01,21,1,11,1,train,wrist_extension,-5.565435671680696,-3.3569453853101954,-1.7585882695292314,3.12204943527188,48,wrist_extension,48,1.0,False
grabmyo-S021-D1-wrist_extension-T02,grabmyo-S021-D1-wrist_extension-T02,21,1,11,2,train,wrist_extension,-7.952603757514545,-4.104541786228688,-2.853913080995813,4.175238125622415,48,wrist_extension,48,1.0,False
grabmyo-S021-D1-wrist_extension-T03,grabmyo-S021-D1-wrist_extension-T03,21,1,11,3,train,wrist_extension,-12.063734602612072,-5.523401886492977,-7.247855247021668,5.388123759257773,48,wrist_extension,48,1.0,False
grabmyo-S021-D1-wrist_extension-T04,grabmyo-S021-D1-wrist_extension-T04,21,1,11,4,train,wrist_extension,-7.64850005692443,-3.8586737805066336,-3.670036083499829,3.8020203600880875,48,wrist_extension,48,1.0,False
grabmyo-S021-D1-wrist_extension-T05,grabmyo-S021-D1-wrist_extension-T05,21,1,11,5,train,wrist_extension,-6.792714195607324,-3.794544711186671,-2.385703031245536,3.7405285861315725,48,wrist_extension,48,1.0,False
grabmyo-S021-D1-wrist_extension-T06,grabmyo-S021-D1-wrist_extension-T06,21,1,11,6,train,wrist_extension,-10.925314431721846,-4.86525804073823,-5.897971560783129,5.176141606037312,48,wrist_extension,48,1.0,False
grabmyo-S021-D1-wrist_extension-T07,grabmyo-S021-D1-wrist_extension-T07,21,1,11,7,train,wrist_extension,-4.612075873800794,-3.469235168166893,-0.789167671064368,2.814114886834803,48,wrist_extension,48,1.0,False
grabmyo-S021-D1-wrist_flexion-T01,grabmyo-S021-D1-wrist_flexion-T01,21,1,12,1,train,wrist_flexion,-2.7886964966150978,-2.638224936318858,3.7366634420400966,-1.630690002947956,48,wrist_flexion,48,1.0,False
grabmyo-S021-D1-wrist_flexion-T02,grabmyo-S021-D1-wrist_flexion-T02,21,1,12,2,train,wrist_flexion,-4.220334466479985,-3.9298809336722864,6.4930082472330435,-2.653291598250071,48,wrist_flexion,48,1.0,False
grabmyo-S021-D1-wrist_flexion-T03,grabmyo-S021-D1-wrist_flexion-T03,21,1,12,3,train,wrist_flexion,-3.6772526990346246,-3.53773739902303,5.535072363105217,-2.5365499774431925,48,wrist_flexion,48,1.0,False
grabmyo-S021-D1-wrist_flexion-T04,grabmyo-S021-D1-wrist_flexion-T04,21,1,12,4,train,wrist_flexion,-4.186124364761094,-3.655441382835255,5.719354574981307,-2.7479151928425334,48,wrist_flexion,48,1.0,False
grabmyo-S021-D1-wrist_flexion-T05,grabmyo-S021-D1-wrist_flexion-T05,21,1,12,5,train,wrist_flexion,-4.285418609154824,-3.8496088349496542,6.239650091459847,-2.622360625872923,48,wrist_flexion,48,1.0,False
grabmyo-S021-D1-wrist_flexion-T06,grabmyo-S021-D1-wrist_flexion-T06,21,1,12,6,train,wrist_flexion,-3.355150644293108,-3.7757800332285076,5.632343655832485,-2.553767889203334,48,wrist_flexion,48,1.0,False
grabmyo-S021-D1-wrist_flexion-T07,grabmyo-S021-D1-wrist_flexion-T07,21,1,12,7,train,wrist_flexion,-4.732206254802681,-4.407120094508625,6.171769846077821,-2.1852993754564225,48,wrist_flexion,48,1.0,False
grabmyo-S021-D1-hand_close-T01,grabmyo-S021-D1-hand_close-T01,21,1,16,1,train,hand_close,-8.525751635086369,3.717380792854287,-2.870525289787547,-5.677348578286594,48,hand_close,48,1.0,False
grabmyo-S021-D1-hand_close-T02,grabmyo-S021-D1-hand_close-T02,21,1,16,2,train,hand_close,-3.676891340157262,1.9682952075089073,-2.047833281816572,-2.6243919354750487,48,hand_close,48,1.0,False
grabmyo-S021-D1-hand_close-T03,grabmyo-S021-D1-hand_close-T03,21,1,16,3,train,hand_close,-0.8857096137583418,0.8411840112454313,-1.8877381340270885,-1.3767468263419944,48,hand_close,48,1.0,False
grabmyo-S021-D1-hand_close-T04,grabmyo-S021-D1-hand_close-T04,21,1,16,4,train,hand_close,-5.667272660294034,2.38107284906199,-1.7643984742525127,-3.073793128025466,48,hand_close,48,1.0,False
grabmyo-S021-D1-hand_close-T05,grabmyo-S021-D1-hand_close-T05,21,1,16,5,train,hand_close,-5.663409930958639,1.5544625658855649,-1.9778946765814045,-3.1318022739196167,48,hand_close,48,1.0,False
grabmyo-S021-D1-hand_close-T06,grabmyo-S021-D1-hand_close-T06,21,1,16,6,train,hand_close,-2.62143180974725,1.6826700835453172,-2.0034931529740585,-2.0058239595233767,48,hand_close,48,1.0,False
grabmyo-S021-D1-hand_close-T07,grabmyo-S021-D1-hand_close-T07,21,1,16,7,train,hand_close,-3.4250851814393717,1.5684436863663258,-1.446418549847455,-2.488276187040426,48,hand_close,48,1.0,False
grabmyo-S021-D1-rest-T01,grabmyo-S021-D1-rest-T01,21,1,17,1,train,rest,0.9718269412338838,-1.1386431429303512,-1.2474178744522073,-1.303595755550066,48,rest,48,1.0,False
grabmyo-S021-D1-rest-T02,grabmyo-S021-D1-rest-T02,21,1,17,2,train,rest,1.0324988096032366,-0.9979536458855492,-1.2012605796926998,-1.006697280690093,48,rest,48,1.0,False
grabmyo-S021-D1-rest-T03,grabmyo-S021-D1-rest-T03,21,1,17,3,train,rest,0.7856335807440478,-0.49854731288363135,-1.375064254542133,-0.7259248605520588,48,rest,48,1.0,False
grabmyo-S021-D1-rest-T04,grabmyo-S021-D1-rest-T04,21,1,17,4,train,rest,0.9989115189767523,-0.6095885086208074,-1.4287074095060468,-0.9976142708900491,48,rest,48,1.0,False
grabmyo-S021-D1-rest-T05,grabmyo-S021-D1-rest-T05,21,1,17,5,train,rest,1.1299599828615159,-0.9753753379494753,-1.077444476252713,-1.2619260901458376,48,rest,48,1.0,False
grabmyo-S021-D1-rest-T06,grabmyo-S021-D1-rest-T06,21,1,17,6,train,rest,1.0346197691518881,-0.971021322514043,-1.0561308884017504,-1.1164807519819508,48,rest,48,1.0,False
grabmyo-S021-D1-rest-T07,grabmyo-S021-D1-rest-T07,21,1,17,7,train,rest,1.2842398698689335,-1.5248474934966392,-1.5962053027164422,-1.2801167042728419,48,rest,48,1.0,False
grabmyo-S022-D1-wrist_extension-T01,grabmyo-S022-D1-wrist_extension-T01,22,1,11,1,train,wrist_extension,-7.993031616186865,-1.8610448679283207,-6.2997444300834085,2.8417697699901883,48,wrist_extension,48,1.0,False
grabmyo-S022-D1-wrist_extension-T02,grabmyo-S022-D1-wrist_extension-T02,22,1,11,2,train,wrist_extension,-10.625284915189512,-4.960465577197316,-16.221357537315637,4.913261314564305,48,wrist_extension,48,1.0,False
grabmyo-S022-D1-wrist_extension-T03,grabmyo-S022-D1-wrist_extension-T03,22,1,11,3,train,wrist_extension,-9.802745685792221,-3.685650577485813,-9.760463100203399,3.1788453292170407,48,wrist_extension,48,1.0,False
grabmyo-S022-D1-wrist_extension-T04,grabmyo-S022-D1-wrist_extension-T04,22,1,11,4,train,wrist_extension,-9.979290706474496,-3.391115143868804,-9.661287504839587,4.1020190486206625,48,wrist_extension,48,1.0,False
grabmyo-S022-D1-wrist_extension-T05,grabmyo-S022-D1-wrist_extension-T05,22,1,11,5,train,wrist_extension,-9.282745667224072,-2.91607748097308,-8.933346472020832,4.313596332923388,48,wrist_extension,48,1.0,False
grabmyo-S022-D1-wrist_extension-T06,grabmyo-S022-D1-wrist_extension-T06,22,1,11,6,train,wrist_extension,-6.404906363026263,-1.8034956661633983,-5.247478420645132,3.8332756604533373,48,wrist_extension,48,1.0,False
grabmyo-S022-D1-wrist_extension-T07,grabmyo-S022-D1-wrist_extension-T07,22,1,11,7,train,wrist_extension,-9.320814444473815,-2.3689471745234325,-8.082905245777646,3.874889271255048,48,wrist_extension,48,1.0,False
grabmyo-S022-D1-wrist_flexion-T01,grabmyo-S022-D1-wrist_flexion-T01,22,1,12,1,train,wrist_flexion,-4.004221990044212,-1.6335872507509144,1.0308512828013,-2.600669848946127,48,wrist_flexion,48,1.0,False
grabmyo-S022-D1-wrist_flexion-T02,grabmyo-S022-D1-wrist_flexion-T02,22,1,12,2,train,wrist_flexion,-5.015965519770314,-0.916728434153173,1.292585259634864,-3.329242917803342,48,wrist_flexion,48,1.0,False
grabmyo-S022-D1-wrist_flexion-T03,grabmyo-S022-D1-wrist_flexion-T03,22,1,12,3,train,wrist_flexion,-3.219911384201574,-0.46176637256080544,-0.14141681882957355,-2.079747731903697,48,wrist_flexion,48,1.0,False
grabmyo-S022-D1-wrist_flexion-T04,grabmyo-S022-D1-wrist_flexion-T04,22,1,12,4,train,wrist_flexion,-3.1590958140307017,-1.2459973465444167,1.2553993432803072,-2.4024789652553427,48,wrist_flexion,48,1.0,False
grabmyo-S022-D1-wrist_flexion-T05,grabmyo-S022-D1-wrist_flexion-T05,22,1,12,5,train,wrist_flexion,-5.088816642837396,-1.067599525686383,0.5388645616538856,-3.361727936317747,48,wrist_flexion,48,1.0,False
grabmyo-S022-D1-wrist_flexion-T06,grabmyo-S022-D1-wrist_flexion-T06,22,1,12,6,train,wrist_flexion,-6.211111199661723,-2.0213073923364395,3.1690903150322414,-5.144201624775885,48,wrist_flexion,48,1.0,False
grabmyo-S022-D1-wrist_flexion-T07,grabmyo-S022-D1-wrist_flexion-T07,22,1,12,7,train,wrist_flexion,-5.501070867879117,-2.1363110162015357,3.120805306121991,-4.5820522983157295,48,wrist_flexion,48,1.0,False
grabmyo-S022-D1-hand_close-T01,grabmyo-S022-D1-hand_close-T01,22,1,16,1,train,hand_close,-13.586829667767718,13.89942455958944,-9.278105336747904,-13.354292932431436,48,hand_close,48,1.0,False
grabmyo-S022-D1-hand_close-T02,grabmyo-S022-D1-hand_close-T02,22,1,16,2,train,hand_close,-10.811670855934006,9.457379890649484,-6.780002429894477,-8.257893680366942,48,hand_close,48,1.0,False
grabmyo-S022-D1-hand_close-T03,grabmyo-S022-D1-hand_close-T03,22,1,16,3,train,hand_close,-10.110483585504133,8.463371623282724,-6.1086791292247575,-7.3093796215380165,48,hand_close,48,1.0,False
grabmyo-S022-D1-hand_close-T04,grabmyo-S022-D1-hand_close-T04,22,1,16,4,train,hand_close,-12.475907774860111,9.146735966508318,-7.50753241696102,-7.945317013729113,48,hand_close,48,1.0,False
grabmyo-S022-D1-hand_close-T05,grabmyo-S022-D1-hand_close-T05,22,1,16,5,train,hand_close,-6.433745475832168,4.729307912894766,-5.208230666982141,-2.4699234439241153,48,hand_close,48,1.0,False
grabmyo-S022-D1-hand_close-T06,grabmyo-S022-D1-hand_close-T06,22,1,16,6,train,hand_close,-9.450770071996482,8.256437062466844,-5.965488001356881,-7.663543160703187,48,hand_close,48,1.0,False
grabmyo-S022-D1-hand_close-T07,grabmyo-S022-D1-hand_close-T07,22,1,16,7,train,hand_close,-11.190051242434377,8.238047941484249,-6.361223476784527,-7.946059891437379,48,hand_close,48,1.0,False
grabmyo-S022-D1-rest-T01,grabmyo-S022-D1-rest-T01,22,1,17,1,train,rest,0.9403032060387936,-0.7587469239273624,-1.7635566418632103,-1.523013595819026,48,rest,48,1.0,False
grabmyo-S022-D1-rest-T02,grabmyo-S022-D1-rest-T02,22,1,17,2,train,rest,1.4290194972067232,-1.1474580109137003,-1.580426413720499,-1.3957144935831851,48,rest,48,1.0,False
grabmyo-S022-D1-rest-T03,grabmyo-S022-D1-rest-T03,22,1,17,3,train,rest,1.2388346711818488,-1.2918128716643764,-1.5519264719784502,-1.1247504884366453,48,rest,48,1.0,False
grabmyo-S022-D1-rest-T04,grabmyo-S022-D1-rest-T04,22,1,17,4,train,rest,0.8756194203229682,-1.0821468135540475,-1.7141126448555235,-0.9789407156877284,48,rest,48,1.0,False
grabmyo-S022-D1-rest-T05,grabmyo-S022-D1-rest-T05,22,1,17,5,train,rest,0.9751686120985533,-0.9288079316195929,-1.7566361101801535,-1.3096413444015311,48,rest,48,1.0,False
grabmyo-S022-D1-rest-T06,grabmyo-S022-D1-rest-T06,22,1,17,6,train,rest,1.0468612948203215,-1.1810655069740785,-1.6792487533842788,-1.120525789020423,48,rest,48,1.0,False
grabmyo-S022-D1-rest-T07,grabmyo-S022-D1-rest-T07,22,1,17,7,train,rest,0.9882287601263112,-1.4231934226285288,-1.57764719539482,-0.974256243719947,48,rest,48,1.0,False
grabmyo-S023-D1-wrist_extension-T01,grabmyo-S023-D1-wrist_extension-T01,23,1,11,1,train,wrist_extension,-8.661274017251925,-3.270997956978693,-4.260221385143631,4.525205255922278,48,wrist_extension,48,1.0,False
grabmyo-S023-D1-wrist_extension-T02,grabmyo-S023-D1-wrist_extension-T02,23,1,11,2,train,wrist_extension,-6.13216333584496,-2.64831370456095,-2.795240418260514,3.981096990502497,48,wrist_extension,48,1.0,False
grabmyo-S023-D1-wrist_extension-T03,grabmyo-S023-D1-wrist_extension-T03,23,1,11,3,train,wrist_extension,-4.561748535721796,-1.3650267584276223,-2.838373468779326,2.5937172601685266,48,wrist_extension,48,1.0,False
grabmyo-S023-D1-wrist_extension-T04,grabmyo-S023-D1-wrist_extension-T04,23,1,11,4,train,wrist_extension,-6.46982886198574,-3.3501329275318654,-4.01452626220605,4.704041300918809,48,wrist_extension,48,1.0,False
grabmyo-S023-D1-wrist_extension-T05,grabmyo-S023-D1-wrist_extension-T05,23,1,11,5,train,wrist_extension,-6.21536310540172,-1.710191766990406,-3.4108827935771013,2.9261749890825155,48,wrist_extension,48,1.0,False
grabmyo-S023-D1-wrist_extension-T06,grabmyo-S023-D1-wrist_extension-T06,23,1,11,6,train,wrist_extension,-3.5827138189838963,-1.376705651211381,-1.769674281982615,2.3126220450222186,48,wrist_extension,48,1.0,False
grabmyo-S023-D1-wrist_extension-T07,grabmyo-S023-D1-wrist_extension-T07,23,1,11,7,train,wrist_extension,-5.294988151171824,-1.5124953409451434,-3.2929603678517068,2.825769038720948,48,wrist_extension,48,1.0,False
grabmyo-S023-D1-wrist_flexion-T01,grabmyo-S023-D1-wrist_flexion-T01,23,1,12,1,train,wrist_flexion,-3.3369645375939148,-1.876022663227821,1.6754161035598942,-2.563961439499835,48,wrist_flexion,48,1.0,False
grabmyo-S023-D1-wrist_flexion-T02,grabmyo-S023-D1-wrist_flexion-T02,23,1,12,2,train,wrist_flexion,-3.0302584404022777,-1.8078953981078787,1.5900598304619065,-2.730307643594155,48,wrist_flexion,48,1.0,False
grabmyo-S023-D1-wrist_flexion-T03,grabmyo-S023-D1-wrist_flexion-T03,23,1,12,3,train,wrist_flexion,-4.866266887632064,-1.392862672332024,1.6290725118288838,-3.473408294508886,48,wrist_flexion,48,1.0,False
grabmyo-S023-D1-wrist_flexion-T04,grabmyo-S023-D1-wrist_flexion-T04,23,1,12,4,train,wrist_flexion,-4.404368332738856,-0.8744107025902945,1.2253130334956996,-3.05994863432597,48,wrist_flexion,48,1.0,False
grabmyo-S023-D1-wrist_flexion-T05,grabmyo-S023-D1-wrist_flexion-T05,23,1,12,5,train,wrist_flexion,-2.911167564212839,-1.8826367938649866,1.673061861570959,-2.4294149203327207,48,wrist_flexion,48,1.0,False
grabmyo-S023-D1-wrist_flexion-T06,grabmyo-S023-D1-wrist_flexion-T06,23,1,12,6,train,wrist_flexion,-4.011275444635093,-1.2348393074148192,1.3756433027888664,-2.6686928209588334,48,wrist_flexion,48,1.0,False
grabmyo-S023-D1-wrist_flexion-T07,grabmyo-S023-D1-wrist_flexion-T07,23,1,12,7,train,wrist_flexion,-3.654395003308031,-1.5274847366281727,1.4316438392507391,-2.7478633062199727,48,wrist_flexion,48,1.0,False
grabmyo-S023-D1-hand_close-T01,grabmyo-S023-D1-hand_close-T01,23,1,16,1,train,hand_close,-3.616084414252881,1.6505825178424642,-1.6863672615178154,-2.4552536777717635,48,hand_close,48,1.0,False
grabmyo-S023-D1-hand_close-T02,grabmyo-S023-D1-hand_close-T02,23,1,16,2,train,hand_close,-1.5557618453608617,0.8877580898331076,-1.6477096337384298,-1.7451999849918132,48,hand_close,48,1.0,False
grabmyo-S023-D1-hand_close-T03,grabmyo-S023-D1-hand_close-T03,23,1,16,3,train,hand_close,-1.4024403835433359,1.2566909231896104,-1.8436860382578504,-1.9115111624347998,48,hand_close,48,1.0,False
grabmyo-S023-D1-hand_close-T04,grabmyo-S023-D1-hand_close-T04,23,1,16,4,train,hand_close,-2.9214074762413316,2.16759820929177,-2.2300566950679204,-2.2997813321587377,48,hand_close,48,1.0,False
grabmyo-S023-D1-hand_close-T05,grabmyo-S023-D1-hand_close-T05,23,1,16,5,train,hand_close,-4.020881882803793,2.313204968174433,-2.068333740274744,-2.90812786980795,48,hand_close,48,1.0,False
grabmyo-S023-D1-hand_close-T06,grabmyo-S023-D1-hand_close-T06,23,1,16,6,train,hand_close,-1.8466287556989582,1.0876033510095715,-1.5313851577294557,-2.14275549099846,48,hand_close,48,1.0,False
grabmyo-S023-D1-hand_close-T07,grabmyo-S023-D1-hand_close-T07,23,1,16,7,train,hand_close,-1.811630601253836,1.2069761144840123,-1.6320132783599144,-2.0314000596055197,48,hand_close,48,1.0,False
grabmyo-S023-D1-rest-T01,grabmyo-S023-D1-rest-T01,23,1,17,1,train,rest,1.026490079026834,-0.7364168096821957,-1.1857340687015319,-1.4504117163356938,48,rest,48,1.0,False
grabmyo-S023-D1-rest-T02,grabmyo-S023-D1-rest-T02,23,1,17,2,train,rest,1.1472457467601922,-1.6510309628324793,-0.919777541932424,-1.3607105978402718,48,rest,48,1.0,False
grabmyo-S023-D1-rest-T03,grabmyo-S023-D1-rest-T03,23,1,17,3,train,rest,0.9412715530462729,-0.8113042056297503,-1.48047268719335,-1.4185043160859134,48,rest,48,1.0,False
grabmyo-S023-D1-rest-T04,grabmyo-S023-D1-rest-T04,23,1,17,4,train,rest,1.063435925705549,-2.1976972638874765,-0.5332237103046056,-1.2523386317287795,48,rest,48,1.0,False
grabmyo-S023-D1-rest-T05,grabmyo-S023-D1-rest-T05,23,1,17,5,train,rest,1.367745298804464,-2.0443712253003414,-0.7739381696633144,-1.114272380649443,48,rest,48,1.0,False
grabmyo-S023-D1-rest-T06,grabmyo-S023-D1-rest-T06,23,1,17,6,train,rest,1.3553904667684724,-1.4893464010312272,-0.8918944573862406,-1.165097776954534,48,rest,48,1.0,False
grabmyo-S023-D1-rest-T07,grabmyo-S023-D1-rest-T07,23,1,17,7,train,rest,1.2062211068239452,-2.6220635251349145,-0.719039650368753,-1.2193547999348178,48,rest,48,1.0,False
grabmyo-S024-D1-wrist_extension-T01,grabmyo-S024-D1-wrist_extension-T01,24,1,11,1,train,wrist_extension,1.6977689179348339,-45.517948139285046,31.13481378171534,2.6866133617378227,48,wrist_flexion,48,1.0,False
grabmyo-S024-D1-wrist_extension-T02,grabmyo-S024-D1-wrist_extension-T02,24,1,11,2,train,wrist_extension,-9.204549932374718,-15.26357194573068,8.30398212420367,2.354917653473453,48,wrist_flexion,48,1.0,False
grabmyo-S024-D1-wrist_extension-T03,grabmyo-S024-D1-wrist_extension-T03,24,1,11,3,train,wrist_extension,-11.139845965808398,-12.967221816844807,9.887386908163833,2.4233741682460077,48,wrist_flexion,48,1.0,False
grabmyo-S024-D1-wrist_extension-T04,grabmyo-S024-D1-wrist_extension-T04,24,1,11,4,train,wrist_extension,-10.326314325231936,-9.233423766336918,6.128634402666255,1.9700777837533592,48,wrist_flexion,48,1.0,False
grabmyo-S024-D1-wrist_extension-T05,grabmyo-S024-D1-wrist_extension-T05,24,1,11,5,train,wrist_extension,-8.005722360755126,-27.75538787805974,13.293868282633518,4.042699036686458,48,wrist_flexion,48,1.0,False
grabmyo-S024-D1-wrist_extension-T06,grabmyo-S024-D1-wrist_extension-T06,24,1,11,6,train,wrist_extension,-9.032855941857337,-14.470245282166523,9.155424122774443,2.355906264058439,48,wrist_flexion,48,1.0,False
grabmyo-S024-D1-wrist_extension-T07,grabmyo-S024-D1-wrist_extension-T07,24,1,11,7,train,wrist_extension,-11.30777404935739,-16.88601655337349,8.605546693264788,3.2575352225203904,48,wrist_flexion,48,1.0,False
grabmyo-S024-D1-wrist_flexion-T01,grabmyo-S024-D1-wrist_flexion-T01,24,1,12,1,train,wrist_flexion,-6.554272574084713,-0.8091242315353918,2.321298425019123,-1.5255469285441763,48,wrist_flexion,48,1.0,False
grabmyo-S024-D1-wrist_flexion-T02,grabmyo-S024-D1-wrist_flexion-T02,24,1,12,2,train,wrist_flexion,-3.6623920513737223,-1.0491146932865656,0.10934069897616476,-0.8866569776965464,48,wrist_flexion,48,1.0,False
grabmyo-S024-D1-wrist_flexion-T03,grabmyo-S024-D1-wrist_flexion-T03,24,1,12,3,train,wrist_flexion,-4.677823142634536,-1.8896469503482827,1.7875369133412253,-1.1769925964168386,48,wrist_flexion,48,1.0,False
grabmyo-S024-D1-wrist_flexion-T04,grabmyo-S024-D1-wrist_flexion-T04,24,1,12,4,train,wrist_flexion,-3.0321727092189312,-1.9508697202982026,1.614434795669456,-0.9378974647115804,48,wrist_flexion,48,1.0,False
grabmyo-S024-D1-wrist_flexion-T05,grabmyo-S024-D1-wrist_flexion-T05,24,1,12,5,train,wrist_flexion,-1.737686801386496,-1.3813105283538907,0.23692675694559132,-1.094159665829636,48,wrist_flexion,48,1.0,False
grabmyo-S024-D1-wrist_flexion-T06,grabmyo-S024-D1-wrist_flexion-T06,24,1,12,6,train,wrist_flexion,-3.3158012811826567,-1.7964912410033123,0.8778655142683828,-0.8191346332807913,48,wrist_flexion,48,1.0,False
grabmyo-S024-D1-wrist_flexion-T07,grabmyo-S024-D1-wrist_flexion-T07,24,1,12,7,train,wrist_flexion,-3.2835174730165697,-2.5040441572000725,1.7544337706096753,-0.9371811664356113,48,wrist_flexion,48,1.0,False
grabmyo-S024-D1-hand_close-T01,grabmyo-S024-D1-hand_close-T01,24,1,16,1,train,hand_close,-7.004933073062883,1.5185522614479947,-0.12924759600561497,-2.2191868300931192,48,hand_close,48,1.0,False
grabmyo-S024-D1-hand_close-T02,grabmyo-S024-D1-hand_close-T02,24,1,16,2,train,hand_close,-7.561236148763122,2.3166392054487916,0.8448187778625691,-2.0731214711748853,48,hand_close,48,1.0,False
grabmyo-S024-D1-hand_close-T03,grabmyo-S024-D1-hand_close-T03,24,1,16,3,train,hand_close,-6.2363655634902875,1.3960413306979336,-0.4241064595498194,-1.373993905559404,48,hand_close,48,1.0,False
grabmyo-S024-D1-hand_close-T04,grabmyo-S024-D1-hand_close-T04,24,1,16,4,train,hand_close,-4.873725382052951,1.3640494536534284,-0.9030683446449511,-2.3142510581643694,48,hand_close,48,1.0,False
grabmyo-S024-D1-hand_close-T05,grabmyo-S024-D1-hand_close-T05,24,1,16,5,train,hand_close,-3.4887635732911804,0.31989199809054525,-0.937975853954367,-1.4106486877687205,48,hand_close,48,1.0,False
grabmyo-S024-D1-hand_close-T06,grabmyo-S024-D1-hand_close-T06,24,1,16,6,train,hand_close,-4.925111582773607,0.34275058477209663,-0.4976036626410449,-1.8371507986053655,48,hand_close,48,1.0,False
grabmyo-S024-D1-hand_close-T07,grabmyo-S024-D1-hand_close-T07,24,1,16,7,train,hand_close,-4.139955196650987,0.935040324890165,-0.6454456404906365,-2.0392413775326754,48,hand_close,48,1.0,False
grabmyo-S024-D1-rest-T01,grabmyo-S024-D1-rest-T01,24,1,17,1,train,rest,0.5784634429400267,-1.128099402625789,-1.0074097811938894,-1.3133717954596402,48,rest,48,1.0,False
grabmyo-S024-D1-rest-T02,grabmyo-S024-D1-rest-T02,24,1,17,2,train,rest,0.9239737616377535,-1.3002010289955768,-0.7892763211209132,-1.45420112949609,48,rest,48,1.0,False
grabmyo-S024-D1-rest-T03,grabmyo-S024-D1-rest-T03,24,1,17,3,train,rest,0.9691827090318422,-1.7613300694426945,-0.8239419195218205,-1.2164243548156355,48,rest,48,1.0,False
grabmyo-S024-D1-rest-T04,grabmyo-S024-D1-rest-T04,24,1,17,4,train,rest,0.7049064515206215,-1.3304381262663891,-0.913026993706003,-1.3132489701038736,48,rest,48,1.0,False
grabmyo-S024-D1-rest-T05,grabmyo-S024-D1-rest-T05,24,1,17,5,train,rest,0.9829524150285898,-1.220817906179034,-0.6759265398596628,-1.7656641701134654,48,rest,48,1.0,False
grabmyo-S024-D1-rest-T06,grabmyo-S024-D1-rest-T06,24,1,17,6,train,rest,0.597406876096156,-1.083738254869424,-0.7896060086900527,-1.4631609801795082,48,rest,48,1.0,False
grabmyo-S024-D1-rest-T07,grabmyo-S024-D1-rest-T07,24,1,17,7,train,rest,0.8905559500655679,-1.5376348196246379,-0.7524566746981199,-1.4014603403952532,48,rest,48,1.0,False
grabmyo-S027-D1-wrist_extension-T01,grabmyo-S027-D1-wrist_extension-T01,27,1,11,1,train,wrist_extension,-1.3808509240497886,-2.208048073697465,-2.200485670405163,2.0727312932773794,48,wrist_extension,48,1.0,False
grabmyo-S027-D1-wrist_extension-T02,grabmyo-S027-D1-wrist_extension-T02,27,1,11,2,train,wrist_extension,-5.279327408152344,-2.538090708574445,-4.990700800286575,3.056445132064221,48,wrist_extension,48,1.0,False
grabmyo-S027-D1-wrist_extension-T03,grabmyo-S027-D1-wrist_extension-T03,27,1,11,3,train,wrist_extension,-2.6312138236794813,-2.0188266830062336,-3.04752665620307,2.440876150722102,48,wrist_extension,48,1.0,False
grabmyo-S027-D1-wrist_extension-T04,grabmyo-S027-D1-wrist_extension-T04,27,1,11,4,train,wrist_extension,-1.894688492224007,-1.7358245059107478,-2.445797684063912,1.9535049261044846,48,wrist_extension,48,1.0,False
grabmyo-S027-D1-wrist_extension-T05,grabmyo-S027-D1-wrist_extension-T05,27,1,11,5,train,wrist_extension,-1.689351249811346,-1.827354473703192,-2.2934323492156756,1.9754756319150177,48,wrist_extension,48,1.0,False
grabmyo-S027-D1-wrist_extension-T06,grabmyo-S027-D1-wrist_extension-T06,27,1,11,6,train,wrist_extension,-1.237254594061624,-2.179680720958904,-1.941441835997134,2.045825963480201,48,wrist_extension,48,1.0,False
grabmyo-S027-D1-wrist_extension-T07,grabmyo-S027-D1-wrist_extension-T07,27,1,11,7,train,wrist_extension,-1.7516236450163394,-1.8816385514733802,-2.3355208778970655,2.1152338649998383,48,wrist_extension,48,1.0,False
grabmyo-S027-D1-wrist_flexion-T01,grabmyo-S027-D1-wrist_flexion-T01,27,1,12,1,train,wrist_flexion,-2.9548352095062196,-2.950574382887622,3.1180233184848434,-2.541946575089925,48,wrist_flexion,48,1.0,False
grabmyo-S027-D1-wrist_flexion-T02,grabmyo-S027-D1-wrist_flexion-T02,27,1,12,2,train,wrist_flexion,-4.385463175018743,-2.7954592847828983,2.017386105740059,-2.3520929627597686,48,wrist_flexion,48,1.0,False
grabmyo-S027-D1-wrist_flexion-T03,grabmyo-S027-D1-wrist_flexion-T03,27,1,12,3,train,wrist_flexion,-5.977590353367339,-4.954404024682284,5.064565159297801,-2.9563232955280103,48,wrist_flexion,48,1.0,False
grabmyo-S027-D1-wrist_flexion-T04,grabmyo-S027-D1-wrist_flexion-T04,27,1,12,4,train,wrist_flexion,-3.1067495325621812,-1.9347336345426396,1.6696796623385695,-1.962492987993322,48,wrist_flexion,48,1.0,False
grabmyo-S027-D1-wrist_flexion-T05,grabmyo-S027-D1-wrist_flexion-T05,27,1,12,5,train,wrist_flexion,-5.362664955360322,-3.0929679519869038,3.0992508908343446,-2.940523835775054,48,wrist_flexion,48,1.0,False
grabmyo-S027-D1-wrist_flexion-T06,grabmyo-S027-D1-wrist_flexion-T06,27,1,12,6,train,wrist_flexion,-5.7265393643190805,-1.5674972000878646,1.547344051411212,-2.856022707694137,48,wrist_flexion,48,1.0,False
grabmyo-S027-D1-wrist_flexion-T07,grabmyo-S027-D1-wrist_flexion-T07,27,1,12,7,train,wrist_flexion,-3.816149584406911,-2.1505756879323834,2.003962714919026,-2.3056630310647903,48,wrist_flexion,48,1.0,False
grabmyo-S027-D1-hand_close-T01,grabmyo-S027-D1-hand_close-T01,27,1,16,1,train,hand_close,-3.653352965588637,0.9599954278676129,-2.3360413336995305,-1.3332845752755045,48,hand_close,48,1.0,False
grabmyo-S027-D1-hand_close-T02,grabmyo-S027-D1-hand_close-T02,27,1,16,2,train,hand_close,-2.036346974126879,0.3282316931815578,-1.7719703031507825,-0.8210689836553664,48,hand_close,48,1.0,False
grabmyo-S027-D1-hand_close-T03,grabmyo-S027-D1-hand_close-T03,27,1,16,3,train,hand_close,-4.3853019037329135,2.065751886916635,-2.331554153119807,-2.365082883211563,48,hand_close,48,1.0,False
grabmyo-S027-D1-hand_close-T04,grabmyo-S027-D1-hand_close-T04,27,1,16,4,train,hand_close,-2.4260272482038494,0.6550425110594112,-1.7991600281471394,-0.925890628855574,48,hand_close,48,1.0,False
grabmyo-S027-D1-hand_close-T05,grabmyo-S027-D1-hand_close-T05,27,1,16,5,train,hand_close,-1.5944834640972314,0.865342580881412,-2.2835122466754596,-1.0534683226261305,48,hand_close,48,1.0,False
grabmyo-S027-D1-hand_close-T06,grabmyo-S027-D1-hand_close-T06,27,1,16,6,train,hand_close,-0.7119842953814945,0.0796731756805795,-1.8711787576657557,-0.6577802231970064,48,hand_close,48,1.0,False
grabmyo-S027-D1-hand_close-T07,grabmyo-S027-D1-hand_close-T07,27,1,16,7,train,hand_close,-1.7352566183485265,0.8802279987217427,-2.157299326021341,-0.8552181066351064,48,hand_close,48,1.0,False
grabmyo-S027-D1-rest-T01,grabmyo-S027-D1-rest-T01,27,1,17,1,train,rest,0.7446489879060435,-0.9260139360354155,-1.4378914118740196,-1.003329622513183,48,rest,48,1.0,False
grabmyo-S027-D1-rest-T02,grabmyo-S027-D1-rest-T02,27,1,17,2,train,rest,0.674656175971141,-1.0561482880173039,-1.4218757418280987,-0.9931091095392292,48,rest,48,1.0,False
grabmyo-S027-D1-rest-T03,grabmyo-S027-D1-rest-T03,27,1,17,3,train,rest,0.815585764968129,-0.8616132528858382,-1.4831770671073132,-1.1316100766079122,48,rest,48,1.0,False
grabmyo-S027-D1-rest-T04,grabmyo-S027-D1-rest-T04,27,1,17,4,train,rest,1.0414662441702343,-1.1838636942660736,-1.4205438422310097,-0.8529510894558117,48,rest,48,1.0,False
grabmyo-S027-D1-rest-T05,grabmyo-S027-D1-rest-T05,27,1,17,5,train,rest,0.7918529738962846,-0.8279987449257123,-1.575109001566091,-1.0287934955850333,48,rest,48,1.0,False
grabmyo-S027-D1-rest-T06,grabmyo-S027-D1-rest-T06,27,1,17,6,train,rest,0.9970666910074791,-0.9908940751247752,-1.3935373977985235,-1.0517389583058983,48,rest,48,1.0,False
grabmyo-S027-D1-rest-T07,grabmyo-S027-D1-rest-T07,27,1,17,7,train,rest,0.8887032542372438,-0.9192142372988554,-1.5096842756544229,-0.902632166258169,48,rest,48,1.0,False
grabmyo-S028-D1-wrist_extension-T01,grabmyo-S028-D1-wrist_extension-T01,28,1,11,1,train,wrist_extension,-7.195021078830801,-5.132271661642952,-7.242644867437992,5.306055313254518,48,wrist_extension,48,1.0,False
grabmyo-S028-D1-wrist_extension-T02,grabmyo-S028-D1-wrist_extension-T02,28,1,11,2,train,wrist_extension,-7.474818840687829,-5.2994041907323775,-7.446830923872679,5.086817578483218,48,wrist_extension,48,1.0,False
grabmyo-S028-D1-wrist_extension-T03,grabmyo-S028-D1-wrist_extension-T03,28,1,11,3,train,wrist_extension,-5.458714082843763,-4.177077066182872,-5.989540762923316,4.27007833900296,48,wrist_extension,48,1.0,False
grabmyo-S028-D1-wrist_extension-T04,grabmyo-S028-D1-wrist_extension-T04,28,1,11,4,train,wrist_extension,-3.525215009143279,-3.6405851046771254,-4.773235149501065,3.814075133103969,48,wrist_extension,48,1.0,False
grabmyo-S028-D1-wrist_extension-T05,grabmyo-S028-D1-wrist_extension-T05,28,1,11,5,train,wrist_extension,-4.566803433085442,-3.4225237017158237,-4.153305383087582,3.7827714417099063,48,wrist_extension,48,1.0,False
grabmyo-S028-D1-wrist_extension-T06,grabmyo-S028-D1-wrist_extension-T06,28,1,11,6,train,wrist_extension,-8.065199488027444,-5.724777631662985,-8.809927134175728,4.8396615931308915,48,wrist_extension,48,1.0,False
grabmyo-S028-D1-wrist_extension-T07,grabmyo-S028-D1-wrist_extension-T07,28,1,11,7,train,wrist_extension,-4.241409893171883,-3.1106258237127715,-4.503639325176267,3.694197769812307,48,wrist_extension,48,1.0,False
grabmyo-S028-D1-wrist_flexion-T01,grabmyo-S028-D1-wrist_flexion-T01,28,1,12,1,train,wrist_flexion,-2.020714303369942,-4.350283924551369,5.160865342613602,-2.94989221268106,48,wrist_flexion,48,1.0,False
grabmyo-S028-D1-wrist_flexion-T02,grabmyo-S028-D1-wrist_flexion-T02,28,1,12,2,train,wrist_flexion,-2.9581995153972396,-3.649440550671388,5.371515665020162,-3.277909086347955,48,wrist_flexion,48,1.0,False
grabmyo-S028-D1-wrist_flexion-T03,grabmyo-S028-D1-wrist_flexion-T03,28,1,12,3,train,wrist_flexion,-2.5692839225038693,-3.1527085350077386,4.724980457650271,-3.080611310981309,48,wrist_flexion,48,1.0,False
grabmyo-S028-D1-wrist_flexion-T04,grabmyo-S028-D1-wrist_flexion-T04,28,1,12,4,train,wrist_flexion,-3.2058540434743477,-3.2317803746185905,5.220439503638219,-3.4385168110162163,48,wrist_flexion,48,1.0,False
grabmyo-S028-D1-wrist_flexion-T05,grabmyo-S028-D1-wrist_flexion-T05,28,1,12,5,train,wrist_flexion,-3.5906864587825313,-3.473214390325337,5.824031449531927,-3.6720834941738176,48,wrist_flexion,48,1.0,False
grabmyo-S028-D1-wrist_flexion-T06,grabmyo-S028-D1-wrist_flexion-T06,28,1,12,6,train,wrist_flexion,-3.1353219425027294,-3.6287932338562023,5.688976214160136,-3.4264560284530847,48,wrist_flexion,48,1.0,False
grabmyo-S028-D1-wrist_flexion-T07,grabmyo-S028-D1-wrist_flexion-T07,28,1,12,7,train,wrist_flexion,-4.107586761939466,-4.439532532721915,7.288260197985988,-4.378516401644575,48,wrist_flexion,48,1.0,False
grabmyo-S028-D1-hand_close-T01,grabmyo-S028-D1-hand_close-T01,28,1,16,1,train,hand_close,-2.0611390122040976,2.6509729541946547,-3.3555682019619764,-3.131651827415792,48,hand_close,48,1.0,False
grabmyo-S028-D1-hand_close-T02,grabmyo-S028-D1-hand_close-T02,28,1,16,2,train,hand_close,-2.5758021104252253,2.7964992215755164,-3.370838170822493,-3.310909352023428,48,hand_close,48,1.0,False
grabmyo-S028-D1-hand_close-T03,grabmyo-S028-D1-hand_close-T03,28,1,16,3,train,hand_close,-1.7812776122995466,1.8821976212019695,-2.9536525353022918,-2.812352621376055,48,hand_close,48,1.0,False
grabmyo-S028-D1-hand_close-T04,grabmyo-S028-D1-hand_close-T04,28,1,16,4,train,hand_close,-1.8565017115607196,1.6680366632503452,-2.8795316899503445,-2.6437319440013693,48,hand_close,48,1.0,False
grabmyo-S028-D1-hand_close-T05,grabmyo-S028-D1-hand_close-T05,28,1,16,5,train,hand_close,-2.0183272181189174,0.8556400187647979,-1.7997756326263874,-2.426501652954772,48,hand_close,48,1.0,False
grabmyo-S028-D1-hand_close-T06,grabmyo-S028-D1-hand_close-T06,28,1,16,6,train,hand_close,-3.274398355720905,2.4490721230368613,-3.120891719625974,-3.0627908796472614,48,hand_close,48,1.0,False
grabmyo-S028-D1-hand_close-T07,grabmyo-S028-D1-hand_close-T07,28,1,16,7,train,hand_close,-2.2768263965755473,1.187928224126049,-1.932213385095131,-2.5508925987770197,48,hand_close,48,1.0,False
grabmyo-S028-D1-rest-T01,grabmyo-S028-D1-rest-T01,28,1,17,1,train,rest,1.430443213820758,-1.0257872788146398,-1.5473841840849583,-1.4614327493579309,48,rest,48,1.0,False
grabmyo-S028-D1-rest-T02,grabmyo-S028-D1-rest-T02,28,1,17,2,train,rest,1.3248520700720892,-1.0406274416781514,-1.5081406645442679,-1.427894406258041,48,rest,48,1.0,False
grabmyo-S028-D1-rest-T03,grabmyo-S028-D1-rest-T03,28,1,17,3,train,rest,1.3136402959868738,-1.0184169700492476,-1.3121223064739176,-1.5598450268654123,48,rest,48,1.0,False
grabmyo-S028-D1-rest-T04,grabmyo-S028-D1-rest-T04,28,1,17,4,train,rest,1.230490139644983,-1.1060279582695423,-1.3370198228995422,-1.3608444648217122,48,rest,48,1.0,False
grabmyo-S028-D1-rest-T05,grabmyo-S028-D1-rest-T05,28,1,17,5,train,rest,1.1432041374078457,-0.7790454145246856,-1.2550269776743932,-1.6375403956716756,48,rest,48,1.0,False
grabmyo-S028-D1-rest-T06,grabmyo-S028-D1-rest-T06,28,1,17,6,train,rest,1.1503353067305444,-0.8023899910792028,-1.2105058940620108,-1.7203898196795642,48,rest,48,1.0,False
grabmyo-S028-D1-rest-T07,grabmyo-S028-D1-rest-T07,28,1,17,7,train,rest,1.2259638522476501,-0.8725868462657802,-1.234150981477972,-1.5294128503607733,48,rest,48,1.0,False
grabmyo-S030-D1-wrist_extension-T01,grabmyo-S030-D1-wrist_extension-T01,30,1,11,1,train,wrist_extension,-23.3824457080373,-11.975157458219641,-30.919943371747227,5.179968385121901,48,wrist_extension,48,1.0,False
grabmyo-S030-D1-wrist_extension-T02,grabmyo-S030-D1-wrist_extension-T02,30,1,11,2,train,wrist_extension,-20.011091783554924,-6.7937441095306355,-19.262383305938663,3.8516465800865247,48,wrist_extension,48,1.0,False
grabmyo-S030-D1-wrist_extension-T03,grabmyo-S030-D1-wrist_extension-T03,30,1,11,3,train,wrist_extension,-18.91552349229674,-11.704581457957246,-25.641837525428638,5.39275900355679,48,wrist_extension,48,1.0,False
grabmyo-S030-D1-wrist_extension-T04,grabmyo-S030-D1-wrist_extension-T04,30,1,11,4,train,wrist_extension,-14.806156178958005,-4.3927290561660035,-12.105719222789972,3.6799128996406143,48,wrist_extension,48,1.0,False
grabmyo-S030-D1-wrist_extension-T05,grabmyo-S030-D1-wrist_extension-T05,30,1,11,5,train,wrist_extension,-15.431794422936392,-6.965863237903061,-16.12685632730372,4.665003771844205,48,wrist_extension,48,1.0,False
grabmyo-S030-D1-wrist_extension-T06,grabmyo-S030-D1-wrist_extension-T06,30,1,11,6,train,wrist_extension,-19.12537229932963,-8.446797800341146,-22.661356916387945,4.534515554897641,48,wrist_extension,48,1.0,False
grabmyo-S030-D1-wrist_extension-T07,grabmyo-S030-D1-wrist_extension-T07,30,1,11,7,train,wrist_extension,-25.951608557845066,-17.261745972244398,-50.49560215177965,5.360002594562407,48,wrist_extension,48,1.0,False
grabmyo-S030-D1-wrist_flexion-T01,grabmyo-S030-D1-wrist_flexion-T01,30,1,12,1,train,wrist_flexion,-6.291723594359946,-4.575537437271756,5.474601252384062,-4.288837691756891,48,wrist_flexion,48,1.0,False
grabmyo-S030-D1-wrist_flexion-T02,grabmyo-S030-D1-wrist_flexion-T02,30,1,12,2,train,wrist_flexion,-5.841191030404874,-3.481325155257611,5.09460765708381,-3.2434293173717887,48,wrist_flexion,48,1.0,False
grabmyo-S030-D1-wrist_flexion-T03,grabmyo-S030-D1-wrist_flexion-T03,30,1,12,3,train,wrist_flexion,-4.795223563740667,-3.638379321615813,4.283717705701958,-3.1849789100547063,48,wrist_flexion,48,1.0,False
grabmyo-S030-D1-wrist_flexion-T04,grabmyo-S030-D1-wrist_flexion-T04,30,1,12,4,train,wrist_flexion,-6.160912335741191,-4.3019097332364025,6.053183264513023,-5.008472916038335,48,wrist_flexion,48,1.0,False
grabmyo-S030-D1-wrist_flexion-T05,grabmyo-S030-D1-wrist_flexion-T05,30,1,12,5,train,wrist_flexion,-5.17013868361815,-3.532955977180279,4.165873341375764,-3.721034848567228,48,wrist_flexion,48,1.0,False
grabmyo-S030-D1-wrist_flexion-T06,grabmyo-S030-D1-wrist_flexion-T06,30,1,12,6,train,wrist_flexion,-5.7500529090948405,-3.7216839618446387,5.408996386947149,-4.333284264264353,48,wrist_flexion,48,1.0,False
grabmyo-S030-D1-wrist_flexion-T07,grabmyo-S030-D1-wrist_flexion-T07,30,1,12,7,train,wrist_flexion,-6.288743678568321,-3.8567935078222475,5.794786478899833,-4.244198033031398,48,wrist_flexion,48,1.0,False
grabmyo-S030-D1-hand_close-T01,grabmyo-S030-D1-hand_close-T01,30,1,16,1,train,hand_close,-2.342019679418113,1.943459624574821,-2.4354872751021643,-2.5665557625144975,48,hand_close,48,1.0,False
grabmyo-S030-D1-hand_close-T02,grabmyo-S030-D1-hand_close-T02,30,1,16,2,train,hand_close,-2.520954103306168,1.5734800032994969,-1.727901132166312,-2.6519628935469592,48,hand_close,48,1.0,False
grabmyo-S030-D1-hand_close-T03,grabmyo-S030-D1-hand_close-T03,30,1,16,3,train,hand_close,-6.565535419876793,6.590425076227571,-4.1325401554265895,-6.549520326607251,48,hand_close,48,1.0,False
grabmyo-S030-D1-hand_close-T04,grabmyo-S030-D1-hand_close-T04,30,1,16,4,train,hand_close,-3.5722174636313766,3.266638368592679,-2.7281162324583303,-3.7889629605059856,48,hand_close,48,1.0,False
grabmyo-S030-D1-hand_close-T05,grabmyo-S030-D1-hand_close-T05,30,1,16,5,train,hand_close,-4.3561143211056885,4.603544536004489,-3.5503056107403235,-4.642648738258797,48,hand_close,48,1.0,False
grabmyo-S030-D1-hand_close-T06,grabmyo-S030-D1-hand_close-T06,30,1,16,6,train,hand_close,-3.9207985742640035,3.5229156762860705,-2.83613546497596,-3.7791529001790054,48,hand_close,48,1.0,False
grabmyo-S030-D1-hand_close-T07,grabmyo-S030-D1-hand_close-T07,30,1,16,7,train,hand_close,-4.169992759206024,3.4190111794732547,-2.64583962395386,-3.6261180338569763,48,hand_close,48,1.0,False
grabmyo-S030-D1-rest-T01,grabmyo-S030-D1-rest-T01,30,1,17,1,train,rest,1.2499471656466044,-1.3308467782333864,-1.5957066723100413,-1.3026526385988824,48,rest,48,1.0,False
grabmyo-S030-D1-rest-T02,grabmyo-S030-D1-rest-T02,30,1,17,2,train,rest,0.9599092371038638,-1.0591560351656994,-1.4165403112683856,-1.3656463463321182,48,rest,48,1.0,False
grabmyo-S030-D1-rest-T03,grabmyo-S030-D1-rest-T03,30,1,17,3,train,rest,1.2418801175514296,-1.1991600210542481,-1.5863796462606823,-1.4696894848547066,48,rest,48,1.0,False
grabmyo-S030-D1-rest-T04,grabmyo-S030-D1-rest-T04,30,1,17,4,train,rest,0.7825721571978294,-1.0967441462983143,-1.1193817180799785,-1.6860426631724748,48,rest,48,1.0,False
grabmyo-S030-D1-rest-T05,grabmyo-S030-D1-rest-T05,30,1,17,5,train,rest,1.1861940104605435,-0.7504236372661482,-1.6981916891712965,-1.5057489354293876,48,rest,48,1.0,False
grabmyo-S030-D1-rest-T06,grabmyo-S030-D1-rest-T06,30,1,17,6,train,rest,0.9751845096945267,-1.04527876067706,-1.6027456864365395,-1.3626724650153614,48,rest,48,1.0,False
grabmyo-S030-D1-rest-T07,grabmyo-S030-D1-rest-T07,30,1,17,7,train,rest,0.7097559890350031,-1.1147624841641608,-1.3705972981561867,-1.1179814528378758,48,rest,48,1.0,False
grabmyo-S031-D1-wrist_extension-T01,grabmyo-S031-D1-wrist_extension-T01,31,1,11,1,train,wrist_extension,-12.28877678004401,-4.199419591887756,-9.076097501616522,4.057604106907024,48,wrist_extension,48,1.0,False
grabmyo-S031-D1-wrist_extension-T02,grabmyo-S031-D1-wrist_extension-T02,31,1,11,2,train,wrist_extension,-12.428830828363807,-3.7679638294276967,-8.513558021615077,4.25108528563592,48,wrist_extension,48,1.0,False
grabmyo-S031-D1-wrist_extension-T03,grabmyo-S031-D1-wrist_extension-T03,31,1,11,3,train,wrist_extension,-8.058731766900468,-1.5719949889800453,-4.817815077201259,2.629369972430894,48,wrist_extension,48,1.0,False
grabmyo-S031-D1-wrist_extension-T04,grabmyo-S031-D1-wrist_extension-T04,31,1,11,4,train,wrist_extension,-6.029663050493164,-1.2758743751385277,-4.093933046631537,2.2829696073918306,48,wrist_extension,48,1.0,False
grabmyo-S031-D1-wrist_extension-T05,grabmyo-S031-D1-wrist_extension-T05,31,1,11,5,train,wrist_extension,-13.291232594470728,-4.5576154658847825,-8.89582056970243,4.229888161803995,48,wrist_extension,48,1.0,False
grabmyo-S031-D1-wrist_extension-T06,grabmyo-S031-D1-wrist_extension-T06,31,1,11,6,train,wrist_extension,-10.158781838304263,-3.1390950894302168,-6.122375276341408,3.45572110261199,48,wrist_extension,48,1.0,False
grabmyo-S031-D1-wrist_extension-T07,grabmyo-S031-D1-wrist_extension-T07,31,1,11,7,train,wrist_extension,-6.579694738587778,-1.5124024936524263,-3.8269479573764973,2.294632398968988,48,wrist_extension,48,1.0,False
grabmyo-S031-D1-wrist_flexion-T01,grabmyo-S031-D1-wrist_flexion-T01,31,1,12,1,train,wrist_flexion,-4.178249530123146,-3.9186870547224886,4.019048560768268,-2.2835859032427885,48,wrist_flexion,48,1.0,False
grabmyo-S031-D1-wrist_flexion-T02,grabmyo-S031-D1-wrist_flexion-T02,31,1,12,2,train,wrist_flexion,-4.046055487661655,-2.601239878452111,3.0681905183841454,-2.3575345849691454,48,wrist_flexion,48,1.0,False
grabmyo-S031-D1-wrist_flexion-T03,grabmyo-S031-D1-wrist_flexion-T03,31,1,12,3,train,wrist_flexion,-3.369249849779671,-2.82529952992804,3.0839127182577815,-2.142917648619471,48,wrist_flexion,48,1.0,False
grabmyo-S031-D1-wrist_flexion-T04,grabmyo-S031-D1-wrist_flexion-T04,31,1,12,4,train,wrist_flexion,-2.3408372989717035,-1.9742613470254622,1.9424505221443462,-2.199825171523251,48,wrist_flexion,48,1.0,False
grabmyo-S031-D1-wrist_flexion-T05,grabmyo-S031-D1-wrist_flexion-T05,31,1,12,5,train,wrist_flexion,-3.640417135000016,-2.8955525282162746,3.5103801712135305,-2.6810879423114744,48,wrist_flexion,48,1.0,False
grabmyo-S031-D1-wrist_flexion-T06,grabmyo-S031-D1-wrist_flexion-T06,31,1,12,6,train,wrist_flexion,-2.6132459104304524,-2.688355472113209,2.8750741899085646,-2.1159637908945004,48,wrist_flexion,48,1.0,False
grabmyo-S031-D1-wrist_flexion-T07,grabmyo-S031-D1-wrist_flexion-T07,31,1,12,7,train,wrist_flexion,-5.527824458071354,-3.05535683446948,4.046120378964564,-3.2473218539370134,48,wrist_flexion,48,1.0,False
grabmyo-S031-D1-hand_close-T01,grabmyo-S031-D1-hand_close-T01,31,1,16,1,train,hand_close,-2.6962433698035615,1.8221782413051066,-1.9997859793187496,-2.16682617340943,48,hand_close,48,1.0,False
grabmyo-S031-D1-hand_close-T02,grabmyo-S031-D1-hand_close-T02,31,1,16,2,train,hand_close,-4.248445172927023,2.801606682940069,-2.3714906291575995,-3.2878918593231283,48,hand_close,48,1.0,False
grabmyo-S031-D1-hand_close-T03,grabmyo-S031-D1-hand_close-T03,31,1,16,3,train,hand_close,-3.096877910206991,2.573330041738624,-2.45821252387281,-2.8649266913038036,48,hand_close,48,1.0,False
grabmyo-S031-D1-hand_close-T04,grabmyo-S031-D1-hand_close-T04,31,1,16,4,train,hand_close,-2.942301161358777,1.3526759830479407,-1.422815576326042,-2.558680314507122,48,hand_close,48,1.0,False
grabmyo-S031-D1-hand_close-T05,grabmyo-S031-D1-hand_close-T05,31,1,16,5,train,hand_close,-4.053371429923562,2.794930588222923,-2.459308425517922,-3.084069650836335,48,hand_close,48,1.0,False
grabmyo-S031-D1-hand_close-T06,grabmyo-S031-D1-hand_close-T06,31,1,16,6,train,hand_close,-4.051725094332301,2.166895307338102,-1.9653633055253537,-2.6451800049578242,48,hand_close,48,1.0,False
grabmyo-S031-D1-hand_close-T07,grabmyo-S031-D1-hand_close-T07,31,1,16,7,train,hand_close,-4.698893814559249,3.2193754365222063,-2.780130729129558,-3.5018033949573266,48,hand_close,48,1.0,False
grabmyo-S031-D1-rest-T01,grabmyo-S031-D1-rest-T01,31,1,17,1,train,rest,0.8117016929227746,-1.1282380496719446,-0.576006729277963,-1.3129494491567522,48,rest,48,1.0,False
grabmyo-S031-D1-rest-T02,grabmyo-S031-D1-rest-T02,31,1,17,2,train,rest,0.9558636764989489,-1.0751445430829525,-0.6464653740510599,-1.4329133911700824,48,rest,48,1.0,False
grabmyo-S031-D1-rest-T03,grabmyo-S031-D1-rest-T03,31,1,17,3,train,rest,0.7970462084046489,-0.7234042725756723,-1.234251567782482,-1.0267368268451342,48,rest,48,1.0,False
grabmyo-S031-D1-rest-T04,grabmyo-S031-D1-rest-T04,31,1,17,4,train,rest,1.043525322125736,-0.843099858189953,-0.9844876794942277,-1.4771010483224687,48,rest,48,1.0,False
grabmyo-S031-D1-rest-T05,grabmyo-S031-D1-rest-T05,31,1,17,5,train,rest,1.355364303027503,-1.017056559779463,-1.3463745271393401,-1.275820446111222,48,rest,48,1.0,False
grabmyo-S031-D1-rest-T06,grabmyo-S031-D1-rest-T06,31,1,17,6,train,rest,1.2965196479245005,-0.9561682210979162,-1.2272692537192826,-1.268997610648576,48,rest,48,1.0,False
grabmyo-S031-D1-rest-T07,grabmyo-S031-D1-rest-T07,31,1,17,7,train,rest,1.014400297237929,-0.6474439188754401,-1.5614406352998547,-1.132851108995791,48,rest,48,1.0,False
grabmyo-S032-D1-wrist_extension-T01,grabmyo-S032-D1-wrist_extension-T01,32,1,11,1,train,wrist_extension,-4.576443078812599,-1.1932849882945893,-2.708750932992915,1.4984148123705268,48,wrist_extension,48,1.0,False
grabmyo-S032-D1-wrist_extension-T02,grabmyo-S032-D1-wrist_extension-T02,32,1,11,2,train,wrist_extension,-6.612754374640925,-1.967504932211729,-4.162366960258138,2.1968818308652556,48,wrist_extension,48,1.0,False
grabmyo-S032-D1-wrist_extension-T03,grabmyo-S032-D1-wrist_extension-T03,32,1,11,3,train,wrist_extension,-4.884363044624701,-1.404274341590755,-2.6206567891786157,1.8375459181691818,48,wrist_extension,48,1.0,False
grabmyo-S032-D1-wrist_extension-T04,grabmyo-S032-D1-wrist_extension-T04,32,1,11,4,train,wrist_extension,-3.2575081480562056,-1.0141443459611887,-1.4648406469301225,1.1828031374925045,48,wrist_extension,48,1.0,False
grabmyo-S032-D1-wrist_extension-T05,grabmyo-S032-D1-wrist_extension-T05,32,1,11,5,train,wrist_extension,-2.83540473969568,-0.6587516667972444,-1.2733892588710591,0.4342256433568903,48,wrist_extension,48,1.0,False
grabmyo-S032-D1-wrist_extension-T06,grabmyo-S032-D1-wrist_extension-T06,32,1,11,6,train,wrist_extension,-4.731529730235624,-0.9824104418723149,-1.943122117549138,1.0058159881036894,48,wrist_extension,48,1.0,False
grabmyo-S032-D1-wrist_extension-T07,grabmyo-S032-D1-wrist_extension-T07,32,1,11,7,train,wrist_extension,-5.6528947784460994,-0.9211909308508827,-2.5279842819297937,1.1981809756883157,48,wrist_extension,48,1.0,False
grabmyo-S032-D1-wrist_flexion-T01,grabmyo-S032-D1-wrist_flexion-T01,32,1,12,1,train,wrist_flexion,-3.169056877979971,-2.7377065477669724,2.4939358334347803,-2.593240116993058,48,wrist_flexion,48,1.0,False
grabmyo-S032-D1-wrist_flexion-T02,grabmyo-S032-D1-wrist_flexion-T02,32,1,12,2,train,wrist_flexion,-3.278429859951474,-1.7475926245816915,1.7698645838489828,-2.3810881042763965,48,wrist_flexion,48,1.0,False
grabmyo-S032-D1-wrist_flexion-T03,grabmyo-S032-D1-wrist_flexion-T03,32,1,12,3,train,wrist_flexion,-2.0058632812055692,-1.2893356577962456,0.9874689612082997,-2.3411503735190218,48,wrist_flexion,48,1.0,False
grabmyo-S032-D1-wrist_flexion-T04,grabmyo-S032-D1-wrist_flexion-T04,32,1,12,4,train,wrist_flexion,-0.8928911345249779,-1.7068203495543262,0.43418575572602597,-1.7869177499780131,48,wrist_flexion,48,1.0,False
grabmyo-S032-D1-wrist_flexion-T05,grabmyo-S032-D1-wrist_flexion-T05,32,1,12,5,train,wrist_flexion,-3.1422756908026996,-1.7506044805868344,1.7891117833904435,-2.6546515954479926,48,wrist_flexion,48,1.0,False
grabmyo-S032-D1-wrist_flexion-T06,grabmyo-S032-D1-wrist_flexion-T06,32,1,12,6,train,wrist_flexion,-3.724064833675218,-1.7076840115242709,1.6965450611226076,-2.6913098316805724,48,wrist_flexion,48,1.0,False
grabmyo-S032-D1-wrist_flexion-T07,grabmyo-S032-D1-wrist_flexion-T07,32,1,12,7,train,wrist_flexion,-2.6219824334669366,-1.9197134784262582,1.602818748206844,-2.3674233348536267,48,wrist_flexion,48,1.0,False
grabmyo-S032-D1-hand_close-T01,grabmyo-S032-D1-hand_close-T01,32,1,16,1,train,hand_close,-0.97123728616545,1.6465057190282932,-1.9083619943695151,-1.9268982997870643,48,hand_close,48,1.0,False
grabmyo-S032-D1-hand_close-T02,grabmyo-S032-D1-hand_close-T02,32,1,16,2,train,hand_close,-1.8726498992521121,2.487560403323712,-2.3252906275693213,-2.336256855634705,48,hand_close,48,1.0,False
grabmyo-S032-D1-hand_close-T03,grabmyo-S032-D1-hand_close-T03,32,1,16,3,train,hand_close,-2.3791421971831714,3.1547472601760354,-3.1557091805428112,-2.834616491437967,48,hand_close,48,1.0,False
grabmyo-S032-D1-hand_close-T04,grabmyo-S032-D1-hand_close-T04,32,1,16,4,train,hand_close,-2.052414590448325,2.309342631306191,-2.3277722337290974,-2.18936246490967,48,hand_close,48,1.0,False
grabmyo-S032-D1-hand_close-T05,grabmyo-S032-D1-hand_close-T05,32,1,16,5,train,hand_close,-1.1441145323413953,1.1148202645059946,-1.5794736987017022,-1.6345828801350486,48,hand_close,48,1.0,False
grabmyo-S032-D1-hand_close-T06,grabmyo-S032-D1-hand_close-T06,32,1,16,6,train,hand_close,-0.5759984743353005,0.9359714612739655,-1.8171959034530587,-1.4172953217147433,48,hand_close,48,1.0,False
grabmyo-S032-D1-hand_close-T07,grabmyo-S032-D1-hand_close-T07,32,1,16,7,train,hand_close,-0.9797077962068608,0.8903107290628519,-1.6168869163553037,-1.3648528470859802,48,hand_close,48,1.0,False
grabmyo-S032-D1-rest-T01,grabmyo-S032-D1-rest-T01,32,1,17,1,train,rest,2.0967718577825036,-4.877384195025281,-0.3376009094747443,-0.6048444441858887,48,rest,48,1.0,False
grabmyo-S032-D1-rest-T02,grabmyo-S032-D1-rest-T02,32,1,17,2,train,rest,0.6191000408021544,-2.152977423122414,-0.12380172742873974,-1.450898673533006,48,rest,48,1.0,False
grabmyo-S032-D1-rest-T03,grabmyo-S032-D1-rest-T03,32,1,17,3,train,rest,1.003652331729492,-2.534915231422034,-0.8750430512986522,-0.9499933565360458,48,rest,48,1.0,False
grabmyo-S032-D1-rest-T04,grabmyo-S032-D1-rest-T04,32,1,17,4,train,rest,0.869110727969549,-2.3318633150407355,-0.888862742688539,-0.8523180660841733,48,rest,48,1.0,False
grabmyo-S032-D1-rest-T05,grabmyo-S032-D1-rest-T05,32,1,17,5,train,rest,0.6697851709899973,-1.7061411821413006,-0.49072917676144695,-1.3485133204386888,48,rest,48,1.0,False
grabmyo-S032-D1-rest-T06,grabmyo-S032-D1-rest-T06,32,1,17,6,train,rest,0.7395848667406222,-1.8281406712023267,-0.7350909399734805,-1.2267292584316152,48,rest,48,1.0,False
grabmyo-S032-D1-rest-T07,grabmyo-S032-D1-rest-T07,32,1,17,7,train,rest,0.5841681953145201,-2.005588122736227,-0.29690996558371346,-1.3831087717310966,48,rest,48,1.0,False
grabmyo-S036-D1-wrist_extension-T01,grabmyo-S036-D1-wrist_extension-T01,36,1,11,1,train,wrist_extension,-10.561241609446634,-4.840851527110739,-6.340954747008754,4.173170820904082,48,wrist_extension,48,1.0,False
grabmyo-S036-D1-wrist_extension-T02,grabmyo-S036-D1-wrist_extension-T02,36,1,11,2,train,wrist_extension,-15.610427588256009,-7.417607133840352,-9.967990999368814,5.1616261287806475,48,wrist_extension,48,1.0,False
grabmyo-S036-D1-wrist_extension-T03,grabmyo-S036-D1-wrist_extension-T03,36,1,11,3,train,wrist_extension,-14.442542608049942,-5.372911147934272,-9.195162545440684,4.306830860189982,48,wrist_extension,48,1.0,False
grabmyo-S036-D1-wrist_extension-T04,grabmyo-S036-D1-wrist_extension-T04,36,1,11,4,train,wrist_extension,-12.884704786170735,-6.0603619226648116,-9.950172803800907,4.35904473436828,48,wrist_extension,48,1.0,False
grabmyo-S036-D1-wrist_extension-T05,grabmyo-S036-D1-wrist_extension-T05,36,1,11,5,train,wrist_extension,-11.029625090907949,-4.531885885584967,-7.026184147435502,3.9324883645067303,48,wrist_extension,48,1.0,False
grabmyo-S036-D1-wrist_extension-T06,grabmyo-S036-D1-wrist_extension-T06,36,1,11,6,train,wrist_extension,-17.403544714302935,-7.84805367551937,-14.375106707451394,4.728333326732577,48,wrist_extension,48,1.0,False
grabmyo-S036-D1-wrist_extension-T07,grabmyo-S036-D1-wrist_extension-T07,36,1,11,7,train,wrist_extension,-15.110408671870319,-6.683543967390901,-10.378548051191325,4.846436072680722,48,wrist_extension,48,1.0,False
grabmyo-S036-D1-wrist_flexion-T01,grabmyo-S036-D1-wrist_flexion-T01,36,1,12,1,train,wrist_flexion,-2.4768287167522978,-3.317976946992994,4.273758576776255,-2.5449116641047183,48,wrist_flexion,48,1.0,False
grabmyo-S036-D1-wrist_flexion-T02,grabmyo-S036-D1-wrist_flexion-T02,36,1,12,2,train,wrist_flexion,-6.111257818067194,-4.782637750446833,7.041545235959108,-4.340769277474036,48,wrist_flexion,48,1.0,False
grabmyo-S036-D1-wrist_flexion-T03,grabmyo-S036-D1-wrist_flexion-T03,36,1,12,3,train,wrist_flexion,-5.799915913240908,-3.895364948662421,5.924759848983761,-4.014549023983446,48,wrist_flexion,48,1.0,False
grabmyo-S036-D1-wrist_flexion-T04,grabmyo-S036-D1-wrist_flexion-T04,36,1,12,4,train,wrist_flexion,-3.3664838031352016,-4.5922974122345925,6.047632729425511,-2.790855270458024,48,wrist_flexion,48,1.0,False
grabmyo-S036-D1-wrist_flexion-T05,grabmyo-S036-D1-wrist_flexion-T05,36,1,12,5,train,wrist_flexion,-3.4356445189181444,-4.388419587119212,5.579239110608049,-2.7995970125679506,48,wrist_flexion,48,1.0,False
grabmyo-S036-D1-wrist_flexion-T06,grabmyo-S036-D1-wrist_flexion-T06,36,1,12,6,train,wrist_flexion,-5.9435052149975105,-4.51835054540832,6.8169740179051,-3.842126558553439,48,wrist_flexion,48,1.0,False
grabmyo-S036-D1-wrist_flexion-T07,grabmyo-S036-D1-wrist_flexion-T07,36,1,12,7,train,wrist_flexion,-4.756858346686399,-4.288710522914657,6.034949387370211,-2.7365429958665217,48,wrist_flexion,48,1.0,False
grabmyo-S036-D1-hand_close-T01,grabmyo-S036-D1-hand_close-T01,36,1,16,1,train,hand_close,-5.324253766171535,3.7629043895902985,-2.7450129504049534,-4.380534352117727,48,hand_close,48,1.0,False
grabmyo-S036-D1-hand_close-T02,grabmyo-S036-D1-hand_close-T02,36,1,16,2,train,hand_close,-5.024989241287833,3.984149224204067,-3.291887626845797,-3.241216152471827,48,hand_close,48,1.0,False
grabmyo-S036-D1-hand_close-T03,grabmyo-S036-D1-hand_close-T03,36,1,16,3,train,hand_close,-5.602627103449461,3.8127836874326224,-3.009828164781169,-3.1539972572507646,48,hand_close,48,1.0,False
grabmyo-S036-D1-hand_close-T04,grabmyo-S036-D1-hand_close-T04,36,1,16,4,train,hand_close,-3.971069399403978,3.387913412895111,-2.959176800567594,-2.5886014446834213,48,hand_close,48,1.0,False
grabmyo-S036-D1-hand_close-T05,grabmyo-S036-D1-hand_close-T05,36,1,16,5,train,hand_close,-5.263741297391507,3.6180336645911653,-2.8150792108816103,-2.9862088604329142,48,hand_close,48,1.0,False
grabmyo-S036-D1-hand_close-T06,grabmyo-S036-D1-hand_close-T06,36,1,16,6,train,hand_close,-5.332927559068909,3.933777981495531,-2.868863395593276,-3.409465426470009,48,hand_close,48,1.0,False
grabmyo-S036-D1-hand_close-T07,grabmyo-S036-D1-hand_close-T07,36,1,16,7,train,hand_close,-7.092919976042576,4.175492634118009,-2.74497707897314,-4.3603855308423585,48,hand_close,48,1.0,False
grabmyo-S036-D1-rest-T01,grabmyo-S036-D1-rest-T01,36,1,17,1,train,rest,1.021788207600811,-0.6157097198950519,-1.9349268988300914,-1.2913575026710793,48,rest,48,1.0,False
grabmyo-S036-D1-rest-T02,grabmyo-S036-D1-rest-T02,36,1,17,2,train,rest,0.9982031084818129,-0.4709487119492728,-1.7052736638740609,-1.6152128230134517,48,rest,48,1.0,False
grabmyo-S036-D1-rest-T03,grabmyo-S036-D1-rest-T03,36,1,17,3,train,rest,1.1474429545633715,-1.223813806456029,-1.4895499817611306,-1.2198397372966043,48,rest,48,1.0,False
grabmyo-S036-D1-rest-T04,grabmyo-S036-D1-rest-T04,36,1,17,4,train,rest,1.0673872001738234,-0.6927843823691119,-1.7356082606273395,-1.355790928669129,48,rest,48,1.0,False
grabmyo-S036-D1-rest-T05,grabmyo-S036-D1-rest-T05,36,1,17,5,train,rest,1.0135027925707139,-0.8708475810258564,-2.0050902947858953,-1.1157015755728568,48,rest,48,1.0,False
grabmyo-S036-D1-rest-T06,grabmyo-S036-D1-rest-T06,36,1,17,6,train,rest,1.0314390819997232,-1.3945351435193285,-1.508711908730892,-0.9210566172281932,48,rest,48,1.0,False
grabmyo-S036-D1-rest-T07,grabmyo-S036-D1-rest-T07,36,1,17,7,train,rest,1.1171621906616271,-1.23720722135398,-1.7165054806305322,-1.143642708794082,48,rest,48,1.0,False
grabmyo-S037-D1-wrist_extension-T01,grabmyo-S037-D1-wrist_extension-T01,37,1,11,1,train,wrist_extension,-11.074719759454323,-10.642559926151835,-9.982771911717684,5.398818526066401,48,wrist_extension,48,1.0,False
grabmyo-S037-D1-wrist_extension-T02,grabmyo-S037-D1-wrist_extension-T02,37,1,11,2,train,wrist_extension,-9.588960648796506,-6.315570141424484,-6.310733239760161,4.278350595649342,48,wrist_extension,48,1.0,False
grabmyo-S037-D1-wrist_extension-T03,grabmyo-S037-D1-wrist_extension-T03,37,1,11,3,train,wrist_extension,-7.500760276981901,-4.721610582439621,-4.809308725805863,4.149922095154692,48,wrist_extension,48,1.0,False
grabmyo-S037-D1-wrist_extension-T04,grabmyo-S037-D1-wrist_extension-T04,37,1,11,4,train,wrist_extension,-7.567504429357341,-6.83349026218334,-7.50079059796627,5.494211751863948,48,wrist_extension,48,1.0,False
grabmyo-S037-D1-wrist_extension-T05,grabmyo-S037-D1-wrist_extension-T05,37,1,11,5,train,wrist_extension,-9.519914836400512,-6.7352944090288505,-8.09283115001872,5.310969718646954,48,wrist_extension,48,1.0,False
grabmyo-S037-D1-wrist_extension-T06,grabmyo-S037-D1-wrist_extension-T06,37,1,11,6,train,wrist_extension,-6.567657258188707,-3.6059529595118405,-4.176356298275353,3.120616726803648,48,wrist_extension,48,1.0,False
grabmyo-S037-D1-wrist_extension-T07,grabmyo-S037-D1-wrist_extension-T07,37,1,11,7,train,wrist_extension,-7.027116211843588,-4.637114230391532,-4.690254709287289,4.030095002789197,48,wrist_extension,48,1.0,False
grabmyo-S037-D1-wrist_flexion-T01,grabmyo-S037-D1-wrist_flexion-T01,37,1,12,1,train,wrist_flexion,-5.287085824557103,-2.0749287396052245,2.8098658942662507,-3.4071236409916685,48,wrist_flexion,48,1.0,False
grabmyo-S037-D1-wrist_flexion-T02,grabmyo-S037-D1-wrist_flexion-T02,37,1,12,2,train,wrist_flexion,-4.8838983260428845,-2.071585239371459,2.9939482499965613,-3.2939266887133996,48,wrist_flexion,48,1.0,False
grabmyo-S037-D1-wrist_flexion-T03,grabmyo-S037-D1-wrist_flexion-T03,37,1,12,3,train,wrist_flexion,-7.811003349161944,0.2990651714968335,0.9836461871723844,-5.057314175559923,48,wrist_flexion,48,1.0,False
grabmyo-S037-D1-wrist_flexion-T04,grabmyo-S037-D1-wrist_flexion-T04,37,1,12,4,train,wrist_flexion,-7.248200930294953,0.24609012037569736,0.9772278226260376,-4.457810656770842,48,wrist_flexion,48,1.0,False
grabmyo-S037-D1-wrist_flexion-T05,grabmyo-S037-D1-wrist_flexion-T05,37,1,12,5,train,wrist_flexion,-8.749778441092563,0.8553045290961742,1.3461530477125851,-7.134733836074523,48,wrist_flexion,48,1.0,False
grabmyo-S037-D1-wrist_flexion-T06,grabmyo-S037-D1-wrist_flexion-T06,37,1,12,6,train,wrist_flexion,-9.561029223130811,0.46544470751603356,1.5087862381081107,-6.56570866769517,48,wrist_flexion,48,1.0,False
grabmyo-S037-D1-wrist_flexion-T07,grabmyo-S037-D1-wrist_flexion-T07,37,1,12,7,train,wrist_flexion,-6.8066217904714605,0.05753484481518334,0.6303614720228631,-4.051090438426528,48,wrist_flexion,48,1.0,False
grabmyo-S037-D1-hand_close-T01,grabmyo-S037-D1-hand_close-T01,37,1,16,1,train,hand_close,-4.788182040549015,2.028765973126847,-1.5117768706545307,-2.651627236823688,48,hand_close,48,1.0,False
grabmyo-S037-D1-hand_close-T02,grabmyo-S037-D1-hand_close-T02,37,1,16,2,train,hand_close,-2.99122788097573,0.7507414605246533,-1.0564628319907985,-1.749048497156256,48,hand_close,48,1.0,False
grabmyo-S037-D1-hand_close-T03,grabmyo-S037-D1-hand_close-T03,37,1,16,3,train,hand_close,-4.139047510272433,1.4692834638650971,-1.1362603632324666,-2.217439801330707,48,hand_close,48,1.0,False
grabmyo-S037-D1-hand_close-T04,grabmyo-S037-D1-hand_close-T04,37,1,16,4,train,hand_close,-3.467403061997555,1.5192451122494857,-1.2856599035792282,-2.239429269303529,48,hand_close,48,1.0,False
grabmyo-S037-D1-hand_close-T05,grabmyo-S037-D1-hand_close-T05,37,1,16,5,train,hand_close,-3.7481008245398457,1.5112480911176238,-1.2872181543184835,-2.1862353846625404,48,hand_close,48,1.0,False
grabmyo-S037-D1-hand_close-T06,grabmyo-S037-D1-hand_close-T06,37,1,16,6,train,hand_close,-3.974943623268547,1.3034669881420782,-1.6976412422461225,-2.3978239010410274,48,hand_close,48,1.0,False
grabmyo-S037-D1-hand_close-T07,grabmyo-S037-D1-hand_close-T07,37,1,16,7,train,hand_close,-2.5690963745298263,0.37058931644998494,-0.8601184219298972,-1.6619818962088244,48,hand_close,48,1.0,False
grabmyo-S037-D1-rest-T01,grabmyo-S037-D1-rest-T01,37,1,17,1,train,rest,0.5253516466662665,-0.9455538115219104,-1.4346056356979995,-1.0000075059563696,48,rest,48,1.0,False
grabmyo-S037-D1-rest-T02,grabmyo-S037-D1-rest-T02,37,1,17,2,train,rest,1.096858961804169,-1.1664306689074924,-1.620525905740271,-0.9441408002026206,48,rest,48,1.0,False
grabmyo-S037-D1-rest-T03,grabmyo-S037-D1-rest-T03,37,1,17,3,train,rest,0.6956038346361907,-1.210967045020582,-1.834994252049487,-0.5163013776418258,48,rest,48,1.0,False
grabmyo-S037-D1-rest-T04,grabmyo-S037-D1-rest-T04,37,1,17,4,train,rest,0.48036069242589424,-1.2918036507452537,-1.6677209983666776,-0.4656051121374109,48,rest,48,1.0,False
grabmyo-S037-D1-rest-T05,grabmyo-S037-D1-rest-T05,37,1,17,5,train,rest,0.6963881025986932,-1.1744100473127463,-2.0442346151865443,-0.38337130041946005,48,rest,48,1.0,False
grabmyo-S037-D1-rest-T06,grabmyo-S037-D1-rest-T06,37,1,17,6,train,rest,0.33138343625679895,-1.1096060613886747,-1.479953855684945,-0.6805075134689367,48,rest,48,1.0,False
grabmyo-S037-D1-rest-T07,grabmyo-S037-D1-rest-T07,37,1,17,7,train,rest,0.4927942740366134,-1.286588550962543,-2.088629529718218,-0.2673133746038995,48,rest,48,1.0,False
grabmyo-S038-D1-wrist_extension-T01,grabmyo-S038-D1-wrist_extension-T01,38,1,11,1,train,wrist_extension,-6.462208802506766,-2.6114603173088575,-2.8939633796770505,3.424912046376139,48,wrist_extension,48,1.0,False
grabmyo-S038-D1-wrist_extension-T02,grabmyo-S038-D1-wrist_extension-T02,38,1,11,2,train,wrist_extension,-7.765200009071999,-3.262865044687907,-4.042376424684379,4.119601561666424,48,wrist_extension,48,1.0,False
grabmyo-S038-D1-wrist_extension-T03,grabmyo-S038-D1-wrist_extension-T03,38,1,11,3,train,wrist_extension,-6.547105741052261,-2.8871804161008665,-2.923393792469811,3.0498750317745853,48,wrist_extension,48,1.0,False
grabmyo-S038-D1-wrist_extension-T04,grabmyo-S038-D1-wrist_extension-T04,38,1,11,4,train,wrist_extension,-7.825137098307707,-3.2156856710068342,-3.9705416951714496,4.076236866899286,48,wrist_extension,48,1.0,False
grabmyo-S038-D1-wrist_extension-T05,grabmyo-S038-D1-wrist_extension-T05,38,1,11,5,train,wrist_extension,-6.31014283714508,-3.473103481800375,-4.4612552777529295,3.254237861440187,48,wrist_extension,48,1.0,False
grabmyo-S038-D1-wrist_extension-T06,grabmyo-S038-D1-wrist_extension-T06,38,1,11,6,train,wrist_extension,-5.189315281737879,-2.7383598895960106,-3.8889990068932137,2.2949142428165983,48,wrist_extension,48,1.0,False
grabmyo-S038-D1-wrist_extension-T07,grabmyo-S038-D1-wrist_extension-T07,38,1,11,7,train,wrist_extension,-3.968869160760036,-1.8627234562466215,-2.543289170098097,1.730838546988554,48,wrist_extension,48,1.0,False
grabmyo-S038-D1-wrist_flexion-T01,grabmyo-S038-D1-wrist_flexion-T01,38,1,12,1,train,wrist_flexion,-7.5858134243743365,-1.4006312829575969,1.8579186681642412,-5.906229976285407,48,wrist_flexion,48,1.0,False
grabmyo-S038-D1-wrist_flexion-T02,grabmyo-S038-D1-wrist_flexion-T02,38,1,12,2,train,wrist_flexion,-7.296394170119352,-3.2176678669663463,3.355019816768843,-6.195829510950418,48,wrist_flexion,48,1.0,False
grabmyo-S038-D1-wrist_flexion-T03,grabmyo-S038-D1-wrist_flexion-T03,38,1,12,3,train,wrist_flexion,-6.181884549674991,-1.937182912877268,2.4172851381153966,-5.202481186910824,48,wrist_flexion,48,1.0,False
grabmyo-S038-D1-wrist_flexion-T04,grabmyo-S038-D1-wrist_flexion-T04,38,1,12,4,train,wrist_flexion,-5.859249997859339,-1.6487037754383953,2.4686951421067542,-4.726070112267561,48,wrist_flexion,48,1.0,False
grabmyo-S038-D1-wrist_flexion-T05,grabmyo-S038-D1-wrist_flexion-T05,38,1,12,5,train,wrist_flexion,-3.85022013641986,-1.567240051799246,0.22399406072792574,-4.566070968290982,48,wrist_flexion,48,1.0,False
grabmyo-S038-D1-wrist_flexion-T06,grabmyo-S038-D1-wrist_flexion-T06,38,1,12,6,train,wrist_flexion,-3.6700115359052456,-1.4639306716485125,0.7642796615673625,-3.8565085970520694,48,wrist_flexion,48,1.0,False
grabmyo-S038-D1-wrist_flexion-T07,grabmyo-S038-D1-wrist_flexion-T07,38,1,12,7,train,wrist_flexion,-0.8636161419570065,-1.9266620020719494,-0.11103459633972201,-2.589708134682792,48,wrist_flexion,48,1.0,False
grabmyo-S038-D1-hand_close-T01,grabmyo-S038-D1-hand_close-T01,38,1,16,1,train,hand_close,-0.6929679680715718,0.48420212357813974,-1.6451778960334156,-1.944248107524823,48,hand_close,48,1.0,False
grabmyo-S038-D1-hand_close-T02,grabmyo-S038-D1-hand_close-T02,38,1,16,2,train,hand_close,-0.4895730896206334,-0.4612909274005222,-0.7673407049995197,-1.7688607061230088,48,hand_close,48,1.0,False
grabmyo-S038-D1-hand_close-T03,grabmyo-S038-D1-hand_close-T03,38,1,16,3,train,hand_close,-0.733748254358409,-0.021794121600425247,-1.0938573004811059,-1.9564319724186212,48,hand_close,48,1.0,False
grabmyo-S038-D1-hand_close-T04,grabmyo-S038-D1-hand_close-T04,38,1,16,4,train,hand_close,-0.45165538731033167,0.2996382487885276,-1.5906358969470962,-1.7249076630681828,48,hand_close,48,1.0,False
grabmyo-S038-D1-hand_close-T05,grabmyo-S038-D1-hand_close-T05,38,1,16,5,train,hand_close,-0.8720244129028276,0.5671398073641482,-1.7177698011843523,-2.014680153918825,48,hand_close,48,1.0,False
grabmyo-S038-D1-hand_close-T06,grabmyo-S038-D1-hand_close-T06,38,1,16,6,train,hand_close,-1.616849656931727,0.8162980141619274,-1.6351580115973086,-2.2122424925274653,48,hand_close,48,1.0,False
grabmyo-S038-D1-hand_close-T07,grabmyo-S038-D1-hand_close-T07,38,1,16,7,train,hand_close,-0.5776600595419469,0.12136071070110521,-1.4292063056237099,-1.7330055888968054,48,hand_close,48,1.0,False
grabmyo-S038-D1-rest-T01,grabmyo-S038-D1-rest-T01,38,1,17,1,train,rest,1.1307580284962488,-0.9791178435476781,-1.5626536438391205,-1.4708174007849077,48,rest,48,1.0,False
grabmyo-S038-D1-rest-T02,grabmyo-S038-D1-rest-T02,38,1,17,2,train,rest,1.1150533115874932,-0.9086874222023206,-1.5416081830178479,-1.5163289169168037,48,rest,48,1.0,False
grabmyo-S038-D1-rest-T03,grabmyo-S038-D1-rest-T03,38,1,17,3,train,rest,0.8648234670571218,-1.0142820742698295,-1.3799381918922589,-1.2385232296643782,48,rest,48,1.0,False
grabmyo-S038-D1-rest-T04,grabmyo-S038-D1-rest-T04,38,1,17,4,train,rest,0.9561476179201209,-1.0170206593134103,-1.6062080983828764,-1.0870446890935483,48,rest,48,1.0,False
grabmyo-S038-D1-rest-T05,grabmyo-S038-D1-rest-T05,38,1,17,5,train,rest,0.7903922937964198,-0.948100639647154,-1.5159629053618662,-1.194888103192221,48,rest,48,1.0,False
grabmyo-S038-D1-rest-T06,grabmyo-S038-D1-rest-T06,38,1,17,6,train,rest,0.8102385965072934,-0.9364545661736315,-1.3924211859137507,-1.2491426181799898,48,rest,48,1.0,False
grabmyo-S038-D1-rest-T07,grabmyo-S038-D1-rest-T07,38,1,17,7,train,rest,0.642351146340697,-0.8357300744488848,-1.5226740674159673,-1.1096990694669129,48,rest,48,1.0,False
grabmyo-S039-D1-wrist_extension-T01,grabmyo-S039-D1-wrist_extension-T01,39,1,11,1,train,wrist_extension,-4.407521305307484,-1.7434811482824915,-4.259818940108356,2.7104316313954038,48,wrist_extension,48,1.0,False
grabmyo-S039-D1-wrist_extension-T02,grabmyo-S039-D1-wrist_extension-T02,39,1,11,2,train,wrist_extension,-3.57376773742012,-1.4342408133748032,-4.795838671151918,2.4661681838003644,48,wrist_extension,48,1.0,False
grabmyo-S039-D1-wrist_extension-T03,grabmyo-S039-D1-wrist_extension-T03,39,1,11,3,train,wrist_extension,-4.816861599332177,-2.2572512888178156,-6.150586101037503,3.5813663481075526,48,wrist_extension,48,1.0,False
grabmyo-S039-D1-wrist_extension-T04,grabmyo-S039-D1-wrist_extension-T04,39,1,11,4,train,wrist_extension,-4.3200881773069355,-1.657106116120067,-4.653628711906528,2.7204971148987718,48,wrist_extension,48,1.0,False
grabmyo-S039-D1-wrist_extension-T05,grabmyo-S039-D1-wrist_extension-T05,39,1,11,5,train,wrist_extension,-3.543187630083961,-2.0033813205033955,-4.423630348260741,2.907221109159813,48,wrist_extension,48,1.0,False
grabmyo-S039-D1-wrist_extension-T06,grabmyo-S039-D1-wrist_extension-T06,39,1,11,6,train,wrist_extension,-3.716897853078437,-1.7420639167681016,-3.2408802237388006,2.648287727405678,48,wrist_extension,48,1.0,False
grabmyo-S039-D1-wrist_extension-T07,grabmyo-S039-D1-wrist_extension-T07,39,1,11,7,train,wrist_extension,-4.9091287659123894,-2.225838211063675,-4.074043438461124,3.056052353687716,48,wrist_extension,48,1.0,False
grabmyo-S039-D1-wrist_flexion-T01,grabmyo-S039-D1-wrist_flexion-T01,39,1,12,1,train,wrist_flexion,-1.4236522402376135,-1.286594153263491,0.8448829271852244,-1.418700908882797,48,wrist_flexion,48,1.0,False
grabmyo-S039-D1-wrist_flexion-T02,grabmyo-S039-D1-wrist_flexion-T02,39,1,12,2,train,wrist_flexion,-1.5634005534388418,-1.6475402176297704,1.0617908631533195,-1.2745017521791013,48,wrist_flexion,48,1.0,False
grabmyo-S039-D1-wrist_flexion-T03,grabmyo-S039-D1-wrist_flexion-T03,39,1,12,3,train,wrist_flexion,-2.8141179564700654,-2.0150583977917975,2.3767455488123805,-1.6114537049436821,48,wrist_flexion,48,1.0,False
grabmyo-S039-D1-wrist_flexion-T04,grabmyo-S039-D1-wrist_flexion-T04,39,1,12,4,train,wrist_flexion,-2.9617109278505804,-2.6720880002254024,3.0003101011259026,-1.5753801172878734,48,wrist_flexion,48,1.0,False
grabmyo-S039-D1-wrist_flexion-T05,grabmyo-S039-D1-wrist_flexion-T05,39,1,12,5,train,wrist_flexion,-1.5029823704639622,-1.1834863354976335,0.5621896672530464,-1.2101992164838844,48,wrist_flexion,48,1.0,False
grabmyo-S039-D1-wrist_flexion-T06,grabmyo-S039-D1-wrist_flexion-T06,39,1,12,6,train,wrist_flexion,-2.7899112986859307,-2.561505302129478,2.7004057743772236,-1.5969736119485887,48,wrist_flexion,48,1.0,False
grabmyo-S039-D1-wrist_flexion-T07,grabmyo-S039-D1-wrist_flexion-T07,39,1,12,7,train,wrist_flexion,-3.443980415055435,-2.3198476368696865,2.93839803662307,-1.6749037294180713,48,wrist_flexion,48,1.0,False
grabmyo-S039-D1-hand_close-T01,grabmyo-S039-D1-hand_close-T01,39,1,16,1,train,hand_close,-2.7208914650561726,1.861704789164822,-1.6222361807455645,-2.403600731378386,48,hand_close,48,1.0,False
grabmyo-S039-D1-hand_close-T02,grabmyo-S039-D1-hand_close-T02,39,1,16,2,train,hand_close,-1.471784335325263,0.4884020353866687,-1.0634005129473232,-1.6480680936729113,48,hand_close,48,1.0,False
grabmyo-S039-D1-hand_close-T03,grabmyo-S039-D1-hand_close-T03,39,1,16,3,train,hand_close,-0.7962181749941314,0.7566249713500967,-1.7114511129562928,-1.7967368432496647,48,hand_close,48,1.0,False
grabmyo-S039-D1-hand_close-T04,grabmyo-S039-D1-hand_close-T04,39,1,16,4,train,hand_close,-1.5901139471491215,0.616027127567558,-1.2398368137153837,-1.530202559424591,48,hand_close,48,1.0,False
grabmyo-S039-D1-hand_close-T05,grabmyo-S039-D1-hand_close-T05,39,1,16,5,train,hand_close,-1.6478931810254427,1.3728157077406256,-1.9025779578684257,-1.7181067328335147,48,hand_close,48,1.0,False
grabmyo-S039-D1-hand_close-T06,grabmyo-S039-D1-hand_close-T06,39,1,16,6,train,hand_close,-2.723298822375066,0.8198560515843956,-0.9888070709849438,-1.880588611263385,48,hand_close,48,1.0,False
grabmyo-S039-D1-hand_close-T07,grabmyo-S039-D1-hand_close-T07,39,1,16,7,train,hand_close,-1.6776844070709103,0.751108182852823,-1.273975783125992,-1.7661556402020884,48,hand_close,48,1.0,False
grabmyo-S039-D1-rest-T01,grabmyo-S039-D1-rest-T01,39,1,17,1,train,rest,0.27114321257992463,-1.0453334824156366,-0.5405785524928677,-0.9544154868137872,48,rest,48,1.0,False
grabmyo-S039-D1-rest-T02,grabmyo-S039-D1-rest-T02,39,1,17,2,train,rest,1.3042958270265301,-0.5237616113081719,-1.5389493069069606,-1.362424173829232,48,rest,48,1.0,False
grabmyo-S039-D1-rest-T03,grabmyo-S039-D1-rest-T03,39,1,17,3,train,rest,0.8982524237416215,-0.6436837229034492,-1.3493304014560756,-1.1773489992481787,48,rest,48,1.0,False
grabmyo-S039-D1-rest-T04,grabmyo-S039-D1-rest-T04,39,1,17,4,train,rest,0.5461708148909649,-1.3621276242052138,-0.6685844130065978,-1.0526903158524965,48,rest,48,1.0,False
grabmyo-S039-D1-rest-T05,grabmyo-S039-D1-rest-T05,39,1,17,5,train,rest,1.3937058767372787,-1.129710955339104,-1.3106582175086439,-1.2066966397218553,48,rest,48,1.0,False
grabmyo-S039-D1-rest-T06,grabmyo-S039-D1-rest-T06,39,1,17,6,train,rest,1.3126594096586457,-1.2737563127631848,-1.2075082156390036,-1.1876129809246447,48,rest,48,1.0,False
grabmyo-S039-D1-rest-T07,grabmyo-S039-D1-rest-T07,39,1,17,7,train,rest,1.0077902923231576,-0.6044098957758237,-1.3851987446771865,-1.3224667122326375,48,rest,48,1.0,False
grabmyo-S040-D1-wrist_extension-T01,grabmyo-S040-D1-wrist_extension-T01,40,1,11,1,train,wrist_extension,-7.518052712283089,-1.8068056268290882,-3.036097904379337,2.05339820238163,48,wrist_extension,48,1.0,False
grabmyo-S040-D1-wrist_extension-T02,grabmyo-S040-D1-wrist_extension-T02,40,1,11,2,train,wrist_extension,-9.081905755223717,-2.5587896603097176,-5.116603204722037,2.323152876897131,48,wrist_extension,48,1.0,False
grabmyo-S040-D1-wrist_extension-T03,grabmyo-S040-D1-wrist_extension-T03,40,1,11,3,train,wrist_extension,-6.830452152701167,-2.239783983500242,-3.493516622418363,1.5663379488098872,48,wrist_extension,48,1.0,False
grabmyo-S040-D1-wrist_extension-T04,grabmyo-S040-D1-wrist_extension-T04,40,1,11,4,train,wrist_extension,-7.688762860180094,-1.663544291810724,-3.3747826305907753,1.8400440881429088,48,wrist_extension,48,1.0,False
grabmyo-S040-D1-wrist_extension-T05,grabmyo-S040-D1-wrist_extension-T05,40,1,11,5,train,wrist_extension,-5.95200055973583,-1.1319608370739334,-1.7835355940606268,1.220468612180829,48,wrist_extension,48,1.0,False
grabmyo-S040-D1-wrist_extension-T06,grabmyo-S040-D1-wrist_extension-T06,40,1,11,6,train,wrist_extension,-8.870115439308893,-2.2541526313878824,-3.3657274639920463,2.187676089060422,48,wrist_extension,48,1.0,False
grabmyo-S040-D1-wrist_extension-T07,grabmyo-S040-D1-wrist_extension-T07,40,1,11,7,train,wrist_extension,-9.012719094419095,-2.748978632912563,-5.279042340685196,2.246218259594024,48,wrist_extension,48,1.0,False
grabmyo-S040-D1-wrist_flexion-T01,grabmyo-S040-D1-wrist_flexion-T01,40,1,12,1,train,wrist_flexion,-3.1215550215202863,-1.5519422181395948,2.0103085741722233,-1.4584269916337949,48,wrist_flexion,48,1.0,False
grabmyo-S040-D1-wrist_flexion-T02,grabmyo-S040-D1-wrist_flexion-T02,40,1,12,2,train,wrist_flexion,-1.7942827792853813,-1.4438491535971123,1.1640201486221662,-1.3942376406644623,48,wrist_flexion,48,1.0,False
grabmyo-S040-D1-wrist_flexion-T03,grabmyo-S040-D1-wrist_flexion-T03,40,1,12,3,train,wrist_flexion,-1.689317776837482,-1.6387808023151458,1.3270129586704134,-1.6815440806359445,48,wrist_flexion,48,1.0,False
grabmyo-S040-D1-wrist_flexion-T04,grabmyo-S040-D1-wrist_flexion-T04,40,1,12,4,train,wrist_flexion,-4.2606651682124665,-1.8930614174368163,3.3159930335857584,-2.1897815253377764,48,wrist_flexion,48,1.0,False
grabmyo-S040-D1-wrist_flexion-T05,grabmyo-S040-D1-wrist_flexion-T05,40,1,12,5,train,wrist_flexion,-1.4962172045063207,-1.2322774414745663,1.0276083370210858,-1.4632117880499298,48,wrist_flexion,48,1.0,False
grabmyo-S040-D1-wrist_flexion-T06,grabmyo-S040-D1-wrist_flexion-T06,40,1,12,6,train,wrist_flexion,-3.0224165677124737,-0.5862932748302697,0.9949946746597217,-1.652529012741528,48,wrist_flexion,48,1.0,False
grabmyo-S040-D1-wrist_flexion-T07,grabmyo-S040-D1-wrist_flexion-T07,40,1,12,7,train,wrist_flexion,-2.531121350905003,-1.3181689053157792,1.6022847955791228,-1.7877530914892057,48,wrist_flexion,48,1.0,False
grabmyo-S040-D1-hand_close-T01,grabmyo-S040-D1-hand_close-T01,40,1,16,1,train,hand_close,-5.620847718182681,2.016299021030853,-0.7398691827090947,-2.455154947296123,48,hand_close,48,1.0,False
grabmyo-S040-D1-hand_close-T02,grabmyo-S040-D1-hand_close-T02,40,1,16,2,train,hand_close,-4.331680256824387,1.527368499555528,-0.5947662932385781,-2.131122530973084,48,hand_close,48,1.0,False
grabmyo-S040-D1-hand_close-T03,grabmyo-S040-D1-hand_close-T03,40,1,16,3,train,hand_close,-7.101923244377126,3.113546205894812,-0.5022663747481251,-3.1891146766876797,48,hand_close,48,1.0,False
grabmyo-S040-D1-hand_close-T04,grabmyo-S040-D1-hand_close-T04,40,1,16,4,train,hand_close,-4.282761629727575,1.4063399259916542,-0.6210927560332918,-2.2785611922395828,48,hand_close,48,1.0,False
grabmyo-S040-D1-hand_close-T05,grabmyo-S040-D1-hand_close-T05,40,1,16,5,train,hand_close,-2.67347900657535,0.37015813626965605,-0.4431208891622918,-2.053028767841257,48,hand_close,48,1.0,False
grabmyo-S040-D1-hand_close-T06,grabmyo-S040-D1-hand_close-T06,40,1,16,6,train,hand_close,-5.498051775305709,0.8405928431135877,-0.007546339426722767,-2.6347510931327007,48,hand_close,48,1.0,False
grabmyo-S040-D1-hand_close-T07,grabmyo-S040-D1-hand_close-T07,40,1,16,7,train,hand_close,-4.142104956982806,1.2353072329457064,-0.4074887106814505,-2.673193561710137,48,hand_close,48,1.0,False
grabmyo-S040-D1-rest-T01,grabmyo-S040-D1-rest-T01,40,1,17,1,train,rest,0.8089364393298953,-1.3808644445141256,-1.0732785360347932,-1.188840445837747,48,rest,48,1.0,False
grabmyo-S040-D1-rest-T02,grabmyo-S040-D1-rest-T02,40,1,17,2,train,rest,1.2588691113254231,-1.081913856189696,-1.2903154844115756,-1.3623548407491093,48,rest,48,1.0,False
grabmyo-S040-D1-rest-T03,grabmyo-S040-D1-rest-T03,40,1,17,3,train,rest,1.2851999426076075,-0.8935432430276092,-1.263693521291276,-1.5509235612733903,48,rest,48,1.0,False
grabmyo-S040-D1-rest-T04,grabmyo-S040-D1-rest-T04,40,1,17,4,train,rest,1.0909220904242192,-0.7807786762900918,-1.3872044493395885,-1.310774221544231,48,rest,48,1.0,False
grabmyo-S040-D1-rest-T05,grabmyo-S040-D1-rest-T05,40,1,17,5,train,rest,1.0440892026543642,-0.6287885394214386,-1.2837812465819105,-1.6361181205631137,48,rest,48,1.0,False
grabmyo-S040-D1-rest-T06,grabmyo-S040-D1-rest-T06,40,1,17,6,train,rest,0.9943569373525336,-0.8533847698334114,-1.1465425270118774,-1.553200726364912,48,rest,48,1.0,False
grabmyo-S040-D1-rest-T07,grabmyo-S040-D1-rest-T07,40,1,17,7,train,rest,0.7137288637406187,-0.9486114175073906,-1.4471478045462076,-1.0614834071693673,48,rest,48,1.0,False
grabmyo-S042-D1-wrist_extension-T01,grabmyo-S042-D1-wrist_extension-T01,42,1,11,1,train,wrist_extension,-7.293929961739679,-1.7416998593662658,-4.045904297198017,1.819739471897365,48,wrist_extension,48,1.0,False
grabmyo-S042-D1-wrist_extension-T02,grabmyo-S042-D1-wrist_extension-T02,42,1,11,2,train,wrist_extension,-4.892607049820098,-1.3335793757849712,-2.6992991177237076,1.4263547909088448,48,wrist_extension,48,1.0,False
grabmyo-S042-D1-wrist_extension-T03,grabmyo-S042-D1-wrist_extension-T03,42,1,11,3,train,wrist_extension,-7.267180275655882,-1.716851253798258,-3.884328125019676,1.6352460657891645,48,wrist_extension,48,1.0,False
grabmyo-S042-D1-wrist_extension-T04,grabmyo-S042-D1-wrist_extension-T04,42,1,11,4,train,wrist_extension,-8.22129088106921,-2.024507686059299,-3.9012269676739195,1.940672127535115,48,wrist_extension,48,1.0,False
grabmyo-S042-D1-wrist_extension-T05,grabmyo-S042-D1-wrist_extension-T05,42,1,11,5,train,wrist_extension,-4.552510649226993,-1.5904718747535274,-2.183554181197052,1.3958715984227636,48,wrist_extension,48,1.0,False
grabmyo-S042-D1-wrist_extension-T06,grabmyo-S042-D1-wrist_extension-T06,42,1,11,6,train,wrist_extension,-6.939517750646661,-1.5121394851369026,-3.215687125563725,1.3306505869268974,48,wrist_extension,48,1.0,False
grabmyo-S042-D1-wrist_extension-T07,grabmyo-S042-D1-wrist_extension-T07,42,1,11,7,train,wrist_extension,-9.796809575069323,-2.16211420573859,-4.405403467930692,2.0124108331121584,48,wrist_extension,48,1.0,False
grabmyo-S042-D1-wrist_flexion-T01,grabmyo-S042-D1-wrist_flexion-T01,42,1,12,1,train,wrist_flexion,-1.958655690229692,-1.1053168128972173,0.9968714729696991,-1.798902623458676,48,wrist_flexion,48,1.0,False
grabmyo-S042-D1-wrist_flexion-T02,grabmyo-S042-D1-wrist_flexion-T02,42,1,12,2,train,wrist_flexion,-1.999116867537419,-0.7921210198467618,0.7127675126355749,-1.6500454245811553,48,wrist_flexion,48,1.0,False
grabmyo-S042-D1-wrist_flexion-T03,grabmyo-S042-D1-wrist_flexion-T03,42,1,12,3,train,wrist_flexion,-3.120602816408702,-1.6825243318575103,2.1781575765695838,-1.8974988704632532,48,wrist_flexion,48,1.0,False
grabmyo-S042-D1-wrist_flexion-T04,grabmyo-S042-D1-wrist_flexion-T04,42,1,12,4,train,wrist_flexion,-2.329966574012097,-1.3154108949695706,1.4760833851976656,-1.7914560005849205,48,wrist_flexion,48,1.0,False
grabmyo-S042-D1-wrist_flexion-T05,grabmyo-S042-D1-wrist_flexion-T05,42,1,12,5,train,wrist_flexion,-2.1094859277158746,-1.2554544207461398,1.227469047946115,-1.5816917648501876,48,wrist_flexion,48,1.0,False
grabmyo-S042-D1-wrist_flexion-T06,grabmyo-S042-D1-wrist_flexion-T06,42,1,12,6,train,wrist_flexion,-3.7832138522290766,-1.7017177628831626,2.6583797563954064,-2.087294804787674,48,wrist_flexion,48,1.0,False
grabmyo-S042-D1-wrist_flexion-T07,grabmyo-S042-D1-wrist_flexion-T07,42,1,12,7,train,wrist_flexion,-2.799522846428552,-1.202298310487275,1.3889956998343977,-1.7716201852509526,48,wrist_flexion,48,1.0,False
grabmyo-S042-D1-hand_close-T01,grabmyo-S042-D1-hand_close-T01,42,1,16,1,train,hand_close,-0.8871772600233622,0.20817178992918073,-1.1472995870077614,-1.6818449057206613,48,hand_close,48,1.0,False
grabmyo-S042-D1-hand_close-T02,grabmyo-S042-D1-hand_close-T02,42,1,16,2,train,hand_close,-0.3124783530557676,-0.5608731350443464,-0.92630264053613,-1.2184356692320348,48,rest,48,1.0,False
grabmyo-S042-D1-hand_close-T03,grabmyo-S042-D1-hand_close-T03,42,1,16,3,train,hand_close,-0.8186574849433782,0.17333883113390067,-1.450030817615113,-1.540677671027131,48,hand_close,48,1.0,False
grabmyo-S042-D1-hand_close-T04,grabmyo-S042-D1-hand_close-T04,42,1,16,4,train,hand_close,-0.26488291997275387,-0.06380420857103397,-1.4012157622249497,-1.5864135219523474,48,hand_close,48,1.0,False
grabmyo-S042-D1-hand_close-T05,grabmyo-S042-D1-hand_close-T05,42,1,16,5,train,hand_close,-0.21518544143564744,-0.19708980631165973,-1.2901645894114966,-1.3501534654977858,48,hand_close,48,1.0,False
grabmyo-S042-D1-hand_close-T06,grabmyo-S042-D1-hand_close-T06,42,1,16,6,train,hand_close,-1.4410376152719084,1.14950526103577,-1.8152659082531581,-1.7106792721671438,48,hand_close,48,1.0,False
grabmyo-S042-D1-hand_close-T07,grabmyo-S042-D1-hand_close-T07,42,1,16,7,train,hand_close,-0.3373019665944624,0.2975896142320887,-1.7797999067066685,-1.4592957257495118,48,hand_close,48,1.0,False
grabmyo-S042-D1-rest-T01,grabmyo-S042-D1-rest-T01,42,1,17,1,train,rest,0.6060890063583373,-0.6078695985104454,-1.2284373582812915,-1.5887966020370445,48,rest,48,1.0,False
grabmyo-S042-D1-rest-T02,grabmyo-S042-D1-rest-T02,42,1,17,2,train,rest,0.11520306512483541,-0.8051562241747462,-1.2168002359017904,-1.2858844921652592,48,rest,48,1.0,False
grabmyo-S042-D1-rest-T03,grabmyo-S042-D1-rest-T03,42,1,17,3,train,rest,0.49117597766178456,-0.8551098411536443,-1.1796315066359027,-1.2116376186290327,48,rest,48,1.0,False
grabmyo-S042-D1-rest-T04,grabmyo-S042-D1-rest-T04,42,1,17,4,train,rest,0.08730301362337817,-0.7412314006514348,-1.037661730078682,-1.5152486514250512,48,rest,48,1.0,False
grabmyo-S042-D1-rest-T05,grabmyo-S042-D1-rest-T05,42,1,17,5,train,rest,0.5531871516066439,-0.7239625808872666,-1.1764148365477916,-1.4536486075864072,48,rest,48,1.0,False
grabmyo-S042-D1-rest-T06,grabmyo-S042-D1-rest-T06,42,1,17,6,train,rest,0.40519752683679294,-0.5097979508591617,-1.2497497614886672,-1.3608024271562744,48,rest,48,1.0,False
grabmyo-S042-D1-rest-T07,grabmyo-S042-D1-rest-T07,42,1,17,7,train,rest,0.5311451125070338,-0.7794806966628499,-1.374240403047014,-1.2467362095295604,48,rest,48,1.0,False
grabmyo-S043-D1-wrist_extension-T01,grabmyo-S043-D1-wrist_extension-T01,43,1,11,1,train,wrist_extension,-10.353911622110626,-3.518165154265651,-11.687210335033848,2.9098228430931457,48,wrist_extension,48,1.0,False
grabmyo-S043-D1-wrist_extension-T02,grabmyo-S043-D1-wrist_extension-T02,43,1,11,2,train,wrist_extension,-6.240644024418198,-1.2140616981327772,-6.98791747948781,1.903594280748087,48,wrist_extension,48,1.0,False
grabmyo-S043-D1-wrist_extension-T03,grabmyo-S043-D1-wrist_extension-T03,43,1,11,3,train,wrist_extension,-6.893229411519887,-2.0835722302466,-7.846361913598361,2.6253208625434974,48,wrist_extension,48,1.0,False
grabmyo-S043-D1-wrist_extension-T04,grabmyo-S043-D1-wrist_extension-T04,43,1,11,4,train,wrist_extension,-10.219506666238196,-3.309329366550425,-11.71486584974533,3.252111088423432,48,wrist_extension,48,1.0,False
grabmyo-S043-D1-wrist_extension-T05,grabmyo-S043-D1-wrist_extension-T05,43,1,11,5,train,wrist_extension,-8.877910362627583,-2.0627393230496267,-10.71187358007561,2.4848944129996013,48,wrist_extension,48,1.0,False
grabmyo-S043-D1-wrist_extension-T06,grabmyo-S043-D1-wrist_extension-T06,43,1,11,6,train,wrist_extension,-11.564896259358546,-4.169828284785974,-14.428689891433107,3.2296401829652392,48,wrist_extension,48,1.0,False
grabmyo-S043-D1-wrist_extension-T07,grabmyo-S043-D1-wrist_extension-T07,43,1,11,7,train,wrist_extension,-6.620925565486513,-1.6672159249038472,-8.395082148993557,2.4897512088900124,48,wrist_extension,48,1.0,False
grabmyo-S043-D1-wrist_flexion-T01,grabmyo-S043-D1-wrist_flexion-T01,43,1,12,1,train,wrist_flexion,-2.9145562969931778,-1.5508188193714914,1.8288992417107195,-2.0784807426510743,48,wrist_flexion,48,1.0,False
grabmyo-S043-D1-wrist_flexion-T02,grabmyo-S043-D1-wrist_flexion-T02,43,1,12,2,train,wrist_flexion,-2.5137478581821715,-2.5714512623054127,2.8196913205948673,-2.277128067634785,48,wrist_flexion,48,1.0,False
grabmyo-S043-D1-wrist_flexion-T03,grabmyo-S043-D1-wrist_flexion-T03,43,1,12,3,train,wrist_flexion,-3.4640457049835724,-3.1495302288475138,3.6045170180167383,-3.045396219883607,48,wrist_flexion,48,1.0,False
grabmyo-S043-D1-wrist_flexion-T04,grabmyo-S043-D1-wrist_flexion-T04,43,1,12,4,train,wrist_flexion,-3.697109128013148,-3.5603005652713473,3.5203200089772206,-2.3058732962918502,48,wrist_flexion,48,1.0,False
grabmyo-S043-D1-wrist_flexion-T05,grabmyo-S043-D1-wrist_flexion-T05,43,1,12,5,train,wrist_flexion,-3.827644446861582,-1.4840012239900882,2.240354770648573,-2.221820360244874,48,wrist_flexion,48,1.0,False
grabmyo-S043-D1-wrist_flexion-T06,grabmyo-S043-D1-wrist_flexion-T06,43,1,12,6,train,wrist_flexion,-2.544253995664061,-4.392919786834398,4.170423196273158,-2.219395420378146,48,wrist_flexion,48,1.0,False
grabmyo-S043-D1-wrist_flexion-T07,grabmyo-S043-D1-wrist_flexion-T07,43,1,12,7,train,wrist_flexion,-2.2829344919012278,-3.6389530275231468,3.2014552060478674,-2.0175614870454077,48,wrist_flexion,48,1.0,False
grabmyo-S043-D1-hand_close-T01,grabmyo-S043-D1-hand_close-T01,43,1,16,1,train,hand_close,-6.666067390882688,3.7344219267521197,-1.5561693478342586,-4.518425889431733,48,hand_close,48,1.0,False
grabmyo-S043-D1-hand_close-T02,grabmyo-S043-D1-hand_close-T02,43,1,16,2,train,hand_close,-5.5005543953139275,2.52306570661339,-1.0704799187499836,-3.415689504494591,48,hand_close,48,1.0,False
grabmyo-S043-D1-hand_close-T03,grabmyo-S043-D1-hand_close-T03,43,1,16,3,train,hand_close,-4.56225897628718,2.115480141672815,-1.2810308886763442,-2.9518960960866227,48,hand_close,48,1.0,False
grabmyo-S043-D1-hand_close-T04,grabmyo-S043-D1-hand_close-T04,43,1,16,4,train,hand_close,-7.002763183402128,3.183530031161282,-1.316876084135993,-4.080250785645659,48,hand_close,48,1.0,False
grabmyo-S043-D1-hand_close-T05,grabmyo-S043-D1-hand_close-T05,43,1,16,5,train,hand_close,-6.628350719246369,3.3202931311942763,-1.6028136028126492,-4.038588546683859,48,hand_close,48,1.0,False
grabmyo-S043-D1-hand_close-T06,grabmyo-S043-D1-hand_close-T06,43,1,16,6,train,hand_close,-7.12106483607775,3.5350930291915765,-1.3057088774815857,-4.467934952032519,48,hand_close,48,1.0,False
grabmyo-S043-D1-hand_close-T07,grabmyo-S043-D1-hand_close-T07,43,1,16,7,train,hand_close,-3.8773247312445442,1.4976415539775525,-0.987418878486993,-2.150876767315163,48,hand_close,48,1.0,False
grabmyo-S043-D1-rest-T01,grabmyo-S043-D1-rest-T01,43,1,17,1,train,rest,1.0812938970183568,-0.6267211628616575,-1.158390344264794,-1.1856525063312697,48,rest,48,1.0,False
grabmyo-S043-D1-rest-T02,grabmyo-S043-D1-rest-T02,43,1,17,2,train,rest,0.5615278645584441,-1.0886499060111496,-0.9637451072615454,-1.3176199342802783,48,rest,48,1.0,False
grabmyo-S043-D1-rest-T03,grabmyo-S043-D1-rest-T03,43,1,17,3,train,rest,0.3299133963778637,-1.051899450127416,-0.7574228613451109,-1.0746663228233944,48,rest,48,1.0,False
grabmyo-S043-D1-rest-T04,grabmyo-S043-D1-rest-T04,43,1,17,4,train,rest,0.6838067116673673,-1.055163619840123,-1.1298882519071862,-1.1455714873045315,48,rest,48,1.0,False
grabmyo-S043-D1-rest-T05,grabmyo-S043-D1-rest-T05,43,1,17,5,train,rest,-0.048888312997562744,-0.8347977385497556,-0.31411262723062944,-1.2087309371288464,48,rest,48,1.0,False
grabmyo-S043-D1-rest-T06,grabmyo-S043-D1-rest-T06,43,1,17,6,train,rest,0.08322649306155573,-1.4073701256665794,-0.29895948429067865,-0.9749683939119985,48,rest,48,1.0,False
grabmyo-S043-D1-rest-T07,grabmyo-S043-D1-rest-T07,43,1,17,7,train,rest,0.30604750241696316,-1.0668006614723107,-0.5328734258469551,-1.141299809772693,48,rest,48,1.0,False
grabmyo-S001-D2-wrist_extension-T01,grabmyo-S001-D2-wrist_extension-T01,1,2,11,1,train,wrist_extension,-10.922109206035222,-4.553396941425697,-9.893349583380301,3.52318529664057,48,wrist_extension,48,1.0,False
grabmyo-S001-D2-wrist_extension-T02,grabmyo-S001-D2-wrist_extension-T02,1,2,11,2,train,wrist_extension,-12.928857161784833,-6.830944136697741,-18.279147974934897,3.7286662286938235,48,wrist_extension,48,1.0,False
grabmyo-S001-D2-wrist_extension-T03,grabmyo-S001-D2-wrist_extension-T03,1,2,11,3,train,wrist_extension,-12.203436485340092,-5.289472724407511,-13.267214872747198,3.9023729068600415,48,wrist_extension,48,1.0,False
grabmyo-S001-D2-wrist_extension-T04,grabmyo-S001-D2-wrist_extension-T04,1,2,11,4,train,wrist_extension,-11.440000599805247,-7.072084874087905,-17.272145592341857,4.869455429023453,48,wrist_extension,48,1.0,False
grabmyo-S001-D2-wrist_extension-T05,grabmyo-S001-D2-wrist_extension-T05,1,2,11,5,train,wrist_extension,-11.10153465751756,-5.284783521227161,-13.922726957363958,3.517288149861024,48,wrist_extension,48,1.0,False
grabmyo-S001-D2-wrist_extension-T06,grabmyo-S001-D2-wrist_extension-T06,1,2,11,6,train,wrist_extension,-11.337488056627398,-7.326751395562558,-19.013738813959538,4.360224998122742,48,wrist_extension,48,1.0,False
grabmyo-S001-D2-wrist_extension-T07,grabmyo-S001-D2-wrist_extension-T07,1,2,11,7,train,wrist_extension,-12.443345734459209,-5.969969600830093,-16.11462700897912,4.15389905257008,48,wrist_extension,48,1.0,False
grabmyo-S001-D2-wrist_flexion-T01,grabmyo-S001-D2-wrist_flexion-T01,1,2,12,1,train,wrist_flexion,-5.250122962914207,-2.2084997616395667,3.6052864096984933,-1.9249942326633096,48,wrist_flexion,48,1.0,False
grabmyo-S001-D2-wrist_flexion-T02,grabmyo-S001-D2-wrist_flexion-T02,1,2,12,2,train,wrist_flexion,-4.463041927073983,-2.2855912274520036,3.3468891300089223,-1.902055491135491,48,wrist_flexion,48,1.0,False
grabmyo-S001-D2-wrist_flexion-T03,grabmyo-S001-D2-wrist_flexion-T03,1,2,12,3,train,wrist_flexion,-3.770614935879664,-2.1971561109879,2.849041657909419,-1.6149910637798106,48,wrist_flexion,48,1.0,False
grabmyo-S001-D2-wrist_flexion-T04,grabmyo-S001-D2-wrist_flexion-T04,1,2,12,4,train,wrist_flexion,-7.443885775261936,-1.838086247360917,5.697867853460989,-1.7538583275088395,48,wrist_flexion,48,1.0,False
grabmyo-S001-D2-wrist_flexion-T05,grabmyo-S001-D2-wrist_flexion-T05,1,2,12,5,train,wrist_flexion,-3.7043455855124026,-2.075844734182839,2.371215197757129,-1.471826178167016,48,wrist_flexion,48,1.0,False
grabmyo-S001-D2-wrist_flexion-T06,grabmyo-S001-D2-wrist_flexion-T06,1,2,12,6,train,wrist_flexion,-4.720926780208956,-2.6577871715916186,3.344230388869485,-1.9904347464930652,48,wrist_flexion,48,1.0,False
grabmyo-S001-D2-wrist_flexion-T07,grabmyo-S001-D2-wrist_flexion-T07,1,2,12,7,train,wrist_flexion,-3.56858246228051,-2.179198175371009,2.04968648890252,-1.9414923631697876,48,wrist_flexion,48,1.0,False
grabmyo-S001-D2-hand_close-T01,grabmyo-S001-D2-hand_close-T01,1,2,16,1,train,hand_close,-8.16085064261437,4.29080757889595,-2.781912969015473,-5.041256358474532,48,hand_close,48,1.0,False
grabmyo-S001-D2-hand_close-T02,grabmyo-S001-D2-hand_close-T02,1,2,16,2,train,hand_close,-5.244786019315143,2.6887369923744306,-2.028530265993392,-3.518845141375115,48,hand_close,48,1.0,False
grabmyo-S001-D2-hand_close-T03,grabmyo-S001-D2-hand_close-T03,1,2,16,3,train,hand_close,-6.191242504796094,3.3364248993491787,-1.934072859074523,-3.6744759174025674,48,hand_close,48,1.0,False
grabmyo-S001-D2-hand_close-T04,grabmyo-S001-D2-hand_close-T04,1,2,16,4,train,hand_close,-4.800318162786452,1.2090853414396916,-1.5416078546908494,-2.402168093417345,48,hand_close,48,1.0,False
grabmyo-S001-D2-hand_close-T05,grabmyo-S001-D2-hand_close-T05,1,2,16,5,train,hand_close,-4.716444571502264,2.3261518537226817,-1.7212750857315522,-2.928510883589429,48,hand_close,48,1.0,False
grabmyo-S001-D2-hand_close-T06,grabmyo-S001-D2-hand_close-T06,1,2,16,6,train,hand_close,-4.575096698096748,2.2661040377722887,-1.6544259692789458,-2.929630548976052,48,hand_close,48,1.0,False
grabmyo-S001-D2-hand_close-T07,grabmyo-S001-D2-hand_close-T07,1,2,16,7,train,hand_close,-5.5401701478451955,2.5555067327448504,-1.780637307155373,-3.3702704576170066,48,hand_close,48,1.0,False
grabmyo-S001-D2-rest-T01,grabmyo-S001-D2-rest-T01,1,2,17,1,train,rest,0.617824473132139,-0.71493358245826,-1.7171193269259233,-0.8746139900881884,48,rest,48,1.0,False
grabmyo-S001-D2-rest-T02,grabmyo-S001-D2-rest-T02,1,2,17,2,train,rest,0.8579212088159717,-0.9236791023145012,-1.6716163617460273,-0.8335898673040735,48,rest,48,1.0,False
grabmyo-S001-D2-rest-T03,grabmyo-S001-D2-rest-T03,1,2,17,3,train,rest,0.7028109249679119,-0.6678196762092443,-1.6461542802897415,-0.8345611497080472,48,rest,48,1.0,False
grabmyo-S001-D2-rest-T04,grabmyo-S001-D2-rest-T04,1,2,17,4,train,rest,0.8105510166561554,-1.0785837837419046,-1.417872079033092,-0.9084980301784208,48,rest,48,1.0,False
grabmyo-S001-D2-rest-T05,grabmyo-S001-D2-rest-T05,1,2,17,5,train,rest,0.33763866956948196,-0.8627107105903881,-1.2974553731992386,-0.7797108693425306,48,rest,48,1.0,False
grabmyo-S001-D2-rest-T06,grabmyo-S001-D2-rest-T06,1,2,17,6,train,rest,0.5394790623085709,-0.7398966751297643,-1.6297651159158184,-0.7798171070979104,48,rest,48,1.0,False
grabmyo-S001-D2-rest-T07,grabmyo-S001-D2-rest-T07,1,2,17,7,train,rest,0.691841093420947,-0.6315743021852419,-1.76407168935019,-0.8834032340487763,48,rest,48,1.0,False
grabmyo-S002-D2-wrist_extension-T01,grabmyo-S002-D2-wrist_extension-T01,2,2,11,1,train,wrist_extension,-4.698903964566773,-2.0649128758886026,-7.265945003960057,3.922800405850134,48,wrist_extension,48,1.0,False
grabmyo-S002-D2-wrist_extension-T02,grabmyo-S002-D2-wrist_extension-T02,2,2,11,2,train,wrist_extension,-2.541339397047614,-1.7663488371950804,-5.376179308184752,3.0883385391954596,48,wrist_extension,48,1.0,False
grabmyo-S002-D2-wrist_extension-T03,grabmyo-S002-D2-wrist_extension-T03,2,2,11,3,train,wrist_extension,-2.7960387484159224,-1.583910806340721,-7.783317748900284,4.065945916781224,48,wrist_extension,48,1.0,False
grabmyo-S002-D2-wrist_extension-T04,grabmyo-S002-D2-wrist_extension-T04,2,2,11,4,train,wrist_extension,-5.175579054663082,-2.5530681698413518,-6.401925098899254,3.9534823173732545,48,wrist_extension,48,1.0,False
grabmyo-S002-D2-wrist_extension-T05,grabmyo-S002-D2-wrist_extension-T05,2,2,11,5,train,wrist_extension,-6.10737671042152,-2.6613967709862307,-7.781408522230984,4.107753187159517,48,wrist_extension,48,1.0,False
grabmyo-S002-D2-wrist_extension-T06,grabmyo-S002-D2-wrist_extension-T06,2,2,11,6,train,wrist_extension,-5.461873494899648,-1.824465601844227,-7.436279970241528,4.02325978577779,48,wrist_extension,48,1.0,False
grabmyo-S002-D2-wrist_extension-T07,grabmyo-S002-D2-wrist_extension-T07,2,2,11,7,train,wrist_extension,-3.700121393397131,-2.053404540597356,-6.860087484547371,3.7326315481752554,48,wrist_extension,48,1.0,False
grabmyo-S002-D2-wrist_flexion-T01,grabmyo-S002-D2-wrist_flexion-T01,2,2,12,1,train,wrist_flexion,-2.817147660925205,-3.3157130757336932,3.5282815384513078,-1.6851019525890036,48,wrist_flexion,48,1.0,False
grabmyo-S002-D2-wrist_flexion-T02,grabmyo-S002-D2-wrist_flexion-T02,2,2,12,2,train,wrist_flexion,-2.929644151400959,-3.5003931214925017,3.2337657981014067,-1.4349054998282582,48,wrist_flexion,48,1.0,False
grabmyo-S002-D2-wrist_flexion-T03,grabmyo-S002-D2-wrist_flexion-T03,2,2,12,3,train,wrist_flexion,-2.053240428949589,-3.4150054486574835,2.9324643229707585,-1.8283134557638245,48,wrist_flexion,48,1.0,False
grabmyo-S002-D2-wrist_flexion-T04,grabmyo-S002-D2-wrist_flexion-T04,2,2,12,4,train,wrist_flexion,-4.327938803431459,-4.369211053857195,4.047853049355072,-1.9888959920101448,48,wrist_flexion,48,1.0,False
grabmyo-S002-D2-wrist_flexion-T05,grabmyo-S002-D2-wrist_flexion-T05,2,2,12,5,train,wrist_flexion,-2.5879716746653805,-3.3560979256164116,3.2481017785676727,-1.9195017985767036,48,wrist_flexion,48,1.0,False
grabmyo-S002-D2-wrist_flexion-T06,grabmyo-S002-D2-wrist_flexion-T06,2,2,12,6,train,wrist_flexion,-3.320589306856925,-3.0766704757739003,3.0057058043575107,-1.6671785575335774,48,wrist_flexion,48,1.0,False
grabmyo-S002-D2-wrist_flexion-T07,grabmyo-S002-D2-wrist_flexion-T07,2,2,12,7,train,wrist_flexion,-3.723349400272115,-4.531231448900518,4.161321066225991,-2.326216852679688,48,wrist_flexion,48,1.0,False
grabmyo-S002-D2-hand_close-T01,grabmyo-S002-D2-hand_close-T01,2,2,16,1,train,hand_close,-10.34554658132004,3.732329642223044,-1.9185042554644431,-7.382173447306569,48,hand_close,48,1.0,False
grabmyo-S002-D2-hand_close-T02,grabmyo-S002-D2-hand_close-T02,2,2,16,2,train,hand_close,-8.69372794723315,3.365918222564541,-3.559922808539979,-5.0677714186348375,48,hand_close,48,1.0,False
grabmyo-S002-D2-hand_close-T03,grabmyo-S002-D2-hand_close-T03,2,2,16,3,train,hand_close,-5.406877040412604,2.1620050004993354,-2.279318706959039,-2.8712438762271244,48,hand_close,48,1.0,False
grabmyo-S002-D2-hand_close-T04,grabmyo-S002-D2-hand_close-T04,2,2,16,4,train,hand_close,-8.575699218546497,3.3466022521163192,-2.4837964249078204,-4.787204114450403,48,hand_close,48,1.0,False
grabmyo-S002-D2-hand_close-T05,grabmyo-S002-D2-hand_close-T05,2,2,16,5,train,hand_close,-9.008930350310717,3.5059070351355,-3.288574464464952,-5.439988868968796,48,hand_close,48,1.0,False
grabmyo-S002-D2-hand_close-T06,grabmyo-S002-D2-hand_close-T06,2,2,16,6,train,hand_close,-6.83824698116788,2.1273428047055534,-2.4260597409924434,-3.6386138570207387,48,hand_close,48,1.0,False
grabmyo-S002-D2-hand_close-T07,grabmyo-S002-D2-hand_close-T07,2,2,16,7,train,hand_close,-4.7695267131682515,1.4350523057258562,-2.062340797938606,-2.795018966049471,48,hand_close,48,1.0,False
grabmyo-S002-D2-rest-T01,grabmyo-S002-D2-rest-T01,2,2,17,1,train,rest,1.63182451357725,-1.6077495902086578,-1.168943806734641,-1.0358344859111404,48,rest,48,1.0,False
grabmyo-S002-D2-rest-T02,grabmyo-S002-D2-rest-T02,2,2,17,2,train,rest,1.6786156378532506,-1.7277081781005845,-1.2410499114592985,-0.8733938843787282,48,rest,48,1.0,False
grabmyo-S002-D2-rest-T03,grabmyo-S002-D2-rest-T03,2,2,17,3,train,rest,1.1364891622265898,-1.9682547990505854,-0.6661846168104616,-1.234705749255288,48,rest,48,1.0,False
grabmyo-S002-D2-rest-T04,grabmyo-S002-D2-rest-T04,2,2,17,4,train,rest,1.3696196076282616,-1.6673195384725303,-1.1077531154690625,-1.0164542429372527,48,rest,48,1.0,False
grabmyo-S002-D2-rest-T05,grabmyo-S002-D2-rest-T05,2,2,17,5,train,rest,1.2074609024146288,-1.7143537677129066,-0.7192049149306761,-0.675855689075608,48,rest,48,1.0,False
grabmyo-S002-D2-rest-T06,grabmyo-S002-D2-rest-T06,2,2,17,6,train,rest,1.3163835564572568,-1.6786895590970667,-1.1175438936607371,-0.4180705888920298,48,rest,48,1.0,False
grabmyo-S002-D2-rest-T07,grabmyo-S002-D2-rest-T07,2,2,17,7,train,rest,1.3284976359101404,-1.7718304503487918,-1.1126807654247244,-0.7257121311915794,48,rest,48,1.0,False
grabmyo-S003-D2-wrist_extension-T01,grabmyo-S003-D2-wrist_extension-T01,3,2,11,1,train,wrist_extension,-15.39966447941081,-5.502196258198556,-14.59679664237151,4.0702075637517625,48,wrist_extension,48,1.0,False
grabmyo-S003-D2-wrist_extension-T02,grabmyo-S003-D2-wrist_extension-T02,3,2,11,2,train,wrist_extension,-15.08582934444964,-3.2187966088615014,-12.87322348664418,3.4451659534149486,48,wrist_extension,48,1.0,False
grabmyo-S003-D2-wrist_extension-T03,grabmyo-S003-D2-wrist_extension-T03,3,2,11,3,train,wrist_extension,-14.247125344421477,-6.087403412477055,-13.500720888285747,4.177962281893388,48,wrist_extension,48,1.0,False
grabmyo-S003-D2-wrist_extension-T04,grabmyo-S003-D2-wrist_extension-T04,3,2,11,4,train,wrist_extension,-13.839793343387784,-4.792671852065254,-12.531600765627722,3.867905994473144,48,wrist_extension,48,1.0,False
grabmyo-S003-D2-wrist_extension-T05,grabmyo-S003-D2-wrist_extension-T05,3,2,11,5,train,wrist_extension,-11.018664461968037,-2.950502693691565,-10.338274002644939,3.132526376259236,48,wrist_extension,48,1.0,False
grabmyo-S003-D2-wrist_extension-T06,grabmyo-S003-D2-wrist_extension-T06,3,2,11,6,train,wrist_extension,-13.45765477382252,-3.8892298686368227,-10.816083896622922,2.945841140166896,48,wrist_extension,48,1.0,False
grabmyo-S003-D2-wrist_extension-T07,grabmyo-S003-D2-wrist_extension-T07,3,2,11,7,train,wrist_extension,-13.132631722611999,-2.796143686000903,-12.19985744457992,3.130787079740474,48,wrist_extension,48,1.0,False
grabmyo-S003-D2-wrist_flexion-T01,grabmyo-S003-D2-wrist_flexion-T01,3,2,12,1,train,wrist_flexion,-2.7371561709656382,-1.4060168710973795,1.3741691211275722,-1.7951699754927424,48,wrist_flexion,48,1.0,False
grabmyo-S003-D2-wrist_flexion-T02,grabmyo-S003-D2-wrist_flexion-T02,3,2,12,2,train,wrist_flexion,-3.0209400486799236,-1.4259098837047437,1.1466573589642097,-1.5954520791781477,48,wrist_flexion,48,1.0,False
grabmyo-S003-D2-wrist_flexion-T03,grabmyo-S003-D2-wrist_flexion-T03,3,2,12,3,train,wrist_flexion,-2.223859518968047,-1.417675319870363,1.0649745681218468,-1.547288742320271,48,wrist_flexion,48,1.0,False
grabmyo-S003-D2-wrist_flexion-T04,grabmyo-S003-D2-wrist_flexion-T04,3,2,12,4,train,wrist_flexion,-2.1910473532150307,-0.9742578286394487,0.6166339642861363,-1.297319347288936,48,wrist_flexion,48,1.0,False
grabmyo-S003-D2-wrist_flexion-T05,grabmyo-S003-D2-wrist_flexion-T05,3,2,12,5,train,wrist_flexion,-2.5754813489171675,-1.537037516385631,1.3126678807614516,-1.6650871807165852,48,wrist_flexion,48,1.0,False
grabmyo-S003-D2-wrist_flexion-T06,grabmyo-S003-D2-wrist_flexion-T06,3,2,12,6,train,wrist_flexion,-3.818140323061744,-0.910100118066021,1.0812990391112156,-1.9716857861361372,48,wrist_flexion,48,1.0,False
grabmyo-S003-D2-wrist_flexion-T07,grabmyo-S003-D2-wrist_flexion-T07,3,2,12,7,train,wrist_flexion,-3.5066552280195746,-1.3892791973423095,1.4377244492464687,-1.7319617341141906,48,wrist_flexion,48,1.0,False
grabmyo-S003-D2-hand_close-T01,grabmyo-S003-D2-hand_close-T01,3,2,16,1,train,hand_close,-2.2602923903972396,1.0750457902856345,-1.097855260040577,-1.8089707449592212,48,hand_close,48,1.0,False
grabmyo-S003-D2-hand_close-T02,grabmyo-S003-D2-hand_close-T02,3,2,16,2,train,hand_close,-0.9079668324918247,0.17472534856179203,-1.0422750427901095,-1.4806737390959845,48,hand_close,48,1.0,False
grabmyo-S003-D2-hand_close-T03,grabmyo-S003-D2-hand_close-T03,3,2,16,3,train,hand_close,-6.226586896394212,1.9239772831462665,-2.996066806315495,-2.1388625780400776,48,hand_close,48,1.0,False
grabmyo-S003-D2-hand_close-T04,grabmyo-S003-D2-hand_close-T04,3,2,16,4,train,hand_close,-3.1151604512702344,1.1867956545562794,-1.3645275857801626,-1.9866413979240685,48,hand_close,48,1.0,False
grabmyo-S003-D2-hand_close-T05,grabmyo-S003-D2-hand_close-T05,3,2,16,5,train,hand_close,-3.5252569991781897,1.3166210752095413,-1.0485055730606654,-2.2232012804417276,48,hand_close,48,1.0,False
grabmyo-S003-D2-hand_close-T06,grabmyo-S003-D2-hand_close-T06,3,2,16,6,train,hand_close,-4.94185908558629,1.8794640745280498,-1.3483215822578236,-2.9498312515911156,48,hand_close,48,1.0,False
grabmyo-S003-D2-hand_close-T07,grabmyo-S003-D2-hand_close-T07,3,2,16,7,train,hand_close,-4.375095104014445,1.166446632470696,-2.6517264507920464,-1.4257815524863886,48,hand_close,48,1.0,False
grabmyo-S003-D2-rest-T01,grabmyo-S003-D2-rest-T01,3,2,17,1,train,rest,0.8497272959751011,-0.6968958614037017,-1.408018545496683,-1.0107600794013394,48,rest,48,1.0,False
grabmyo-S003-D2-rest-T02,grabmyo-S003-D2-rest-T02,3,2,17,2,train,rest,0.9582635228737253,-1.0389352394719495,-1.4293037159000228,-0.8782135182292582,48,rest,48,1.0,False
grabmyo-S003-D2-rest-T03,grabmyo-S003-D2-rest-T03,3,2,17,3,train,rest,0.9225520608269568,-0.9761079575899817,-1.3885558061520245,-0.9529741971910299,48,rest,48,1.0,False
grabmyo-S003-D2-rest-T04,grabmyo-S003-D2-rest-T04,3,2,17,4,train,rest,1.1646459546438312,-1.3079729560919604,-1.2616502065507602,-1.0257874518713865,48,rest,48,1.0,False
grabmyo-S003-D2-rest-T05,grabmyo-S003-D2-rest-T05,3,2,17,5,train,rest,0.8302030826303869,-0.6973774612772363,-1.2089530619889262,-1.0362564566499017,48,rest,48,1.0,False
grabmyo-S003-D2-rest-T06,grabmyo-S003-D2-rest-T06,3,2,17,6,train,rest,0.905832883288793,-1.439787041874834,-1.294306620451079,-1.0602144408305059,48,rest,48,1.0,False
grabmyo-S003-D2-rest-T07,grabmyo-S003-D2-rest-T07,3,2,17,7,train,rest,0.8268910365706282,-0.9191300049081157,-1.1578546908791922,-1.083268452600689,48,rest,48,1.0,False
grabmyo-S004-D2-wrist_extension-T01,grabmyo-S004-D2-wrist_extension-T01,4,2,11,1,train,wrist_extension,-9.407502055140581,-1.8830291181219296,-8.545070527436657,2.4100830513563842,48,wrist_extension,48,1.0,False
grabmyo-S004-D2-wrist_extension-T02,grabmyo-S004-D2-wrist_extension-T02,4,2,11,2,train,wrist_extension,-12.40069652212916,-1.9760564558274416,-11.427245518970546,2.3806774387310883,48,wrist_extension,48,1.0,False
grabmyo-S004-D2-wrist_extension-T03,grabmyo-S004-D2-wrist_extension-T03,4,2,11,3,train,wrist_extension,-8.790281087667076,-1.7162461695923954,-7.2568507531842394,2.841689990854471,48,wrist_extension,48,1.0,False
grabmyo-S004-D2-wrist_extension-T04,grabmyo-S004-D2-wrist_extension-T04,4,2,11,4,train,wrist_extension,-18.597463829302235,-4.26337301292398,-19.609636178961157,3.195347058874395,48,wrist_extension,48,1.0,False
grabmyo-S004-D2-wrist_extension-T05,grabmyo-S004-D2-wrist_extension-T05,4,2,11,5,train,wrist_extension,-16.139777399280465,-3.5845030766731454,-15.891048615511709,3.3037895381251388,48,wrist_extension,48,1.0,False
grabmyo-S004-D2-wrist_extension-T06,grabmyo-S004-D2-wrist_extension-T06,4,2,11,6,train,wrist_extension,-16.546761525420226,-3.1373439045782123,-15.64506316420163,3.0914735175345314,48,wrist_extension,48,1.0,False
grabmyo-S004-D2-wrist_extension-T07,grabmyo-S004-D2-wrist_extension-T07,4,2,11,7,train,wrist_extension,-14.617652135167795,-2.905115296357978,-14.255784436679642,2.9653526798627303,48,wrist_extension,48,1.0,False
grabmyo-S004-D2-wrist_flexion-T01,grabmyo-S004-D2-wrist_flexion-T01,4,2,12,1,train,wrist_flexion,-1.1773794357293295,-2.097552719386032,1.3661621247517346,-1.8873886359345258,48,wrist_flexion,48,1.0,False
grabmyo-S004-D2-wrist_flexion-T02,grabmyo-S004-D2-wrist_flexion-T02,4,2,12,2,train,wrist_flexion,-2.6837430146999512,-2.5674708940245043,2.723140589715932,-2.2331162631973083,48,wrist_flexion,48,1.0,False
grabmyo-S004-D2-wrist_flexion-T03,grabmyo-S004-D2-wrist_flexion-T03,4,2,12,3,train,wrist_flexion,-2.119715753519276,-2.1444183912407797,2.3047847695524295,-2.2503561178396025,48,wrist_flexion,48,1.0,False
grabmyo-S004-D2-wrist_flexion-T04,grabmyo-S004-D2-wrist_flexion-T04,4,2,12,4,train,wrist_flexion,-3.853602694835663,-2.2313920437385377,2.715531768454087,-1.972846935196369,48,wrist_flexion,48,1.0,False
grabmyo-S004-D2-wrist_flexion-T05,grabmyo-S004-D2-wrist_flexion-T05,4,2,12,5,train,wrist_flexion,-2.92357786419063,-2.235251212960702,2.450274327046571,-2.6353932290735553,48,wrist_flexion,48,1.0,False
grabmyo-S004-D2-wrist_flexion-T06,grabmyo-S004-D2-wrist_flexion-T06,4,2,12,6,train,wrist_flexion,-6.025003696381763,-4.769471839331851,5.278222604647541,-2.337977027443927,48,wrist_flexion,48,1.0,False
grabmyo-S004-D2-wrist_flexion-T07,grabmyo-S004-D2-wrist_flexion-T07,4,2,12,7,train,wrist_flexion,-4.61690962185772,-3.1725330104101297,4.253266279024827,-2.7200025250279753,48,wrist_flexion,48,1.0,False
grabmyo-S004-D2-hand_close-T01,grabmyo-S004-D2-hand_close-T01,4,2,16,1,train,hand_close,-1.0730948718539688,0.03021302039719935,-1.2785814698301146,-1.4793249841119298,48,hand_close,48,1.0,False
grabmyo-S004-D2-hand_close-T02,grabmyo-S004-D2-hand_close-T02,4,2,16,2,train,hand_close,-1.5892316126821235,0.23154069058854546,-1.25761638854683,-1.6921868117388332,48,hand_close,48,1.0,False
grabmyo-S004-D2-hand_close-T03,grabmyo-S004-D2-hand_close-T03,4,2,16,3,train,hand_close,-3.570258918299024,1.0519254203989286,-1.3886331434359338,-2.310919456294502,48,hand_close,48,1.0,False
grabmyo-S004-D2-hand_close-T04,grabmyo-S004-D2-hand_close-T04,4,2,16,4,train,hand_close,-2.7734871501332403,0.5076333403041381,-1.262059360100529,-1.8556836312030773,48,hand_close,48,1.0,False
grabmyo-S004-D2-hand_close-T05,grabmyo-S004-D2-hand_close-T05,4,2,16,5,train,hand_close,-2.0746792039486146,0.8902291340535006,-1.653435583971883,-1.908214124740731,48,hand_close,48,1.0,False
grabmyo-S004-D2-hand_close-T06,grabmyo-S004-D2-hand_close-T06,4,2,16,6,train,hand_close,-3.4387911029280622,0.3318431364450505,-0.9296417166360239,-1.8910429432026434,48,hand_close,48,1.0,False
grabmyo-S004-D2-hand_close-T07,grabmyo-S004-D2-hand_close-T07,4,2,16,7,train,hand_close,-1.809833996676007,0.44197951149659215,-1.210790225515337,-1.5107053055763762,48,hand_close,48,1.0,False
grabmyo-S004-D2-rest-T01,grabmyo-S004-D2-rest-T01,4,2,17,1,train,rest,0.7990429877889457,-0.7441309302434415,-1.3186055743788265,-1.6210380070251624,48,rest,48,1.0,False
grabmyo-S004-D2-rest-T02,grabmyo-S004-D2-rest-T02,4,2,17,2,train,rest,0.7792928988515332,-1.0761091363413269,-1.1255291078317442,-1.829472575886643,48,rest,48,1.0,False
grabmyo-S004-D2-rest-T03,grabmyo-S004-D2-rest-T03,4,2,17,3,train,rest,0.9875419581662003,-0.8987055068372767,-1.3602017556455064,-1.803212570516356,48,rest,48,1.0,False
grabmyo-S004-D2-rest-T04,grabmyo-S004-D2-rest-T04,4,2,17,4,train,rest,0.9699478912231223,-0.9414032995491114,-1.3988198401642258,-1.5961768626978061,48,rest,48,1.0,False
grabmyo-S004-D2-rest-T05,grabmyo-S004-D2-rest-T05,4,2,17,5,train,rest,0.6687499427730734,-0.7167244379202103,-1.4389710660759734,-1.4988803859889794,48,rest,48,1.0,False
grabmyo-S004-D2-rest-T06,grabmyo-S004-D2-rest-T06,4,2,17,6,train,rest,0.7428779773947877,-0.7118447278862515,-1.3044598629275603,-1.9014852873750518,48,rest,48,1.0,False
grabmyo-S004-D2-rest-T07,grabmyo-S004-D2-rest-T07,4,2,17,7,train,rest,0.3428664723106776,-0.7548033918346978,-0.9454255617244803,-1.8011277713826042,48,rest,48,1.0,False
grabmyo-S005-D2-wrist_extension-T01,grabmyo-S005-D2-wrist_extension-T01,5,2,11,1,train,wrist_extension,-9.435026310683812,-3.71362790130323,-4.217534345217336,3.4637897411455576,48,wrist_extension,48,1.0,False
grabmyo-S005-D2-wrist_extension-T02,grabmyo-S005-D2-wrist_extension-T02,5,2,11,2,train,wrist_extension,-12.092831924088806,-7.147685338944211,-7.56481162932971,4.462079884486761,48,wrist_extension,48,1.0,False
grabmyo-S005-D2-wrist_extension-T03,grabmyo-S005-D2-wrist_extension-T03,5,2,11,3,train,wrist_extension,-11.524861142737308,-5.474133156261178,-6.239889024463255,4.40846823574429,48,wrist_extension,48,1.0,False
grabmyo-S005-D2-wrist_extension-T04,grabmyo-S005-D2-wrist_extension-T04,5,2,11,4,train,wrist_extension,-12.515912578483954,-6.7356700038832225,-7.225161917640913,4.399534883208319,48,wrist_extension,48,1.0,False
grabmyo-S005-D2-wrist_extension-T05,grabmyo-S005-D2-wrist_extension-T05,5,2,11,5,train,wrist_extension,-10.084060906057745,-3.734263305211186,-4.5127718857303725,4.0482846590590835,48,wrist_extension,48,1.0,False
grabmyo-S005-D2-wrist_extension-T06,grabmyo-S005-D2-wrist_extension-T06,5,2,11,6,train,wrist_extension,-8.422860742677729,-2.9720047521420176,-3.5229317443242127,3.018470567809915,48,wrist_extension,48,1.0,False
grabmyo-S005-D2-wrist_extension-T07,grabmyo-S005-D2-wrist_extension-T07,5,2,11,7,train,wrist_extension,-9.482886793642844,-3.1525954699466205,-4.0241280035691265,3.3748237826915948,48,wrist_extension,48,1.0,False
grabmyo-S005-D2-wrist_flexion-T01,grabmyo-S005-D2-wrist_flexion-T01,5,2,12,1,train,wrist_flexion,-4.656365282988559,-0.05298486906849179,1.501325339810113,-4.856842192544075,48,wrist_flexion,48,1.0,False
grabmyo-S005-D2-wrist_flexion-T02,grabmyo-S005-D2-wrist_flexion-T02,5,2,12,2,train,wrist_flexion,-4.492281828593719,0.11212760036351671,1.1167451894240994,-4.310458075234947,48,wrist_flexion,48,1.0,False
grabmyo-S005-D2-wrist_flexion-T03,grabmyo-S005-D2-wrist_flexion-T03,5,2,12,3,train,wrist_flexion,-5.366123719192617,1.4029542232382999,0.3274513504370619,-5.659849970799861,48,hand_close,48,1.0,False
grabmyo-S005-D2-wrist_flexion-T04,grabmyo-S005-D2-wrist_flexion-T04,5,2,12,4,train,wrist_flexion,-4.117937399337162,0.2562121782733402,0.6460592669553388,-4.682284577215874,48,wrist_flexion,48,1.0,False
grabmyo-S005-D2-wrist_flexion-T05,grabmyo-S005-D2-wrist_flexion-T05,5,2,12,5,train,wrist_flexion,-4.421460616651492,0.01824756541886419,1.3873736303271436,-5.054173169655667,48,wrist_flexion,48,1.0,False
grabmyo-S005-D2-wrist_flexion-T06,grabmyo-S005-D2-wrist_flexion-T06,5,2,12,6,train,wrist_flexion,-2.493454095943112,-0.998759216366493,1.6381049589164791,-3.567477896133866,48,wrist_flexion,48,1.0,False
grabmyo-S005-D2-wrist_flexion-T07,grabmyo-S005-D2-wrist_flexion-T07,5,2,12,7,train,wrist_flexion,-2.747163695998569,-1.0619698089136385,1.3673693798686786,-3.493339504759961,48,wrist_flexion,48,1.0,False
grabmyo-S005-D2-hand_close-T01,grabmyo-S005-D2-hand_close-T01,5,2,16,1,train,hand_close,-2.6165150788072107,2.6423104286586008,-2.772553481120047,-1.8591354569224554,48,hand_close,48,1.0,False
grabmyo-S005-D2-hand_close-T02,grabmyo-S005-D2-hand_close-T02,5,2,16,2,train,hand_close,-2.491881659805423,1.851296687012976,-2.5926894041464017,-1.288418460932453,48,hand_close,48,1.0,False
grabmyo-S005-D2-hand_close-T03,grabmyo-S005-D2-hand_close-T03,5,2,16,3,train,hand_close,-2.9665687959302733,1.197962545663386,-2.1363918562495026,-0.8372784860053395,48,hand_close,48,1.0,False
grabmyo-S005-D2-hand_close-T04,grabmyo-S005-D2-hand_close-T04,5,2,16,4,train,hand_close,-3.5050029035393426,0.5431271468459905,-2.0839912920720596,-0.2209452956062412,48,hand_close,48,1.0,False
grabmyo-S005-D2-hand_close-T05,grabmyo-S005-D2-hand_close-T05,5,2,16,5,train,hand_close,-2.4492119611529826,1.026042635130544,-2.3346404257232236,-0.7816871855470263,48,hand_close,48,1.0,False
grabmyo-S005-D2-hand_close-T06,grabmyo-S005-D2-hand_close-T06,5,2,16,6,train,hand_close,-3.7846402749835106,0.2828242287924358,-1.892084076684177,-0.10792334553339679,48,hand_close,48,1.0,False
grabmyo-S005-D2-hand_close-T07,grabmyo-S005-D2-hand_close-T07,5,2,16,7,train,hand_close,-2.228062002826798,2.249748284173658,-2.2766094880968057,-1.9528033021102595,48,hand_close,48,1.0,False
grabmyo-S005-D2-rest-T01,grabmyo-S005-D2-rest-T01,5,2,17,1,train,rest,0.788133381054041,-0.8642724139692048,-0.8830931456371305,-1.2394427368936556,48,rest,48,1.0,False
grabmyo-S005-D2-rest-T02,grabmyo-S005-D2-rest-T02,5,2,17,2,train,rest,0.8130422569173558,-1.0429755284662567,-0.7425075203656594,-1.3503177963483501,48,rest,48,1.0,False
grabmyo-S005-D2-rest-T03,grabmyo-S005-D2-rest-T03,5,2,17,3,train,rest,1.0852182079669601,-1.0713949706421515,-0.9346553604599902,-1.3284992199605676,48,rest,48,1.0,False
grabmyo-S005-D2-rest-T04,grabmyo-S005-D2-rest-T04,5,2,17,4,train,rest,0.9697047835014301,-0.8865186455308754,-1.0786624621491392,-1.1684676554714324,48,rest,48,1.0,False
grabmyo-S005-D2-rest-T05,grabmyo-S005-D2-rest-T05,5,2,17,5,train,rest,0.7290518879930229,-0.8616610574383027,-1.0595201272356753,-1.1149032157138368,48,rest,48,1.0,False
grabmyo-S005-D2-rest-T06,grabmyo-S005-D2-rest-T06,5,2,17,6,train,rest,0.7716818706110308,-0.699185921202695,-0.9268022035696611,-1.163719458523954,48,rest,48,1.0,False
grabmyo-S005-D2-rest-T07,grabmyo-S005-D2-rest-T07,5,2,17,7,train,rest,0.6518854904329867,-0.6313466547467224,-0.7967736399415091,-1.2371052366266047,48,rest,48,1.0,False
grabmyo-S006-D2-wrist_extension-T01,grabmyo-S006-D2-wrist_extension-T01,6,2,11,1,train,wrist_extension,-14.19041857691053,-4.253169902990365,-28.339903647051486,2.8945549967070523,48,wrist_extension,48,1.0,False
grabmyo-S006-D2-wrist_extension-T02,grabmyo-S006-D2-wrist_extension-T02,6,2,11,2,train,wrist_extension,-13.012697246157925,-4.147774393808723,-29.339887916790833,2.5400092369703757,48,wrist_extension,48,1.0,False
grabmyo-S006-D2-wrist_extension-T03,grabmyo-S006-D2-wrist_extension-T03,6,2,11,3,train,wrist_extension,-7.094739574053642,-2.0255764638653098,-12.851138415949409,1.9332934121534293,48,wrist_extension,48,1.0,False
grabmyo-S006-D2-wrist_extension-T04,grabmyo-S006-D2-wrist_extension-T04,6,2,11,4,train,wrist_extension,-20.41045964902053,-2.475246927488715,-33.739369887271735,1.9942210165305465,48,wrist_extension,48,1.0,False
grabmyo-S006-D2-wrist_extension-T05,grabmyo-S006-D2-wrist_extension-T05,6,2,11,5,train,wrist_extension,-19.228305622202942,-4.113013058761265,-43.18860769533185,1.2254430186226666,48,wrist_extension,48,1.0,False
grabmyo-S006-D2-wrist_extension-T06,grabmyo-S006-D2-wrist_extension-T06,6,2,11,6,train,wrist_extension,-11.409103359929572,-2.750778932474977,-23.080179674771173,2.5612592929609064,48,wrist_extension,48,1.0,False
grabmyo-S006-D2-wrist_extension-T07,grabmyo-S006-D2-wrist_extension-T07,6,2,11,7,train,wrist_extension,-20.12543652347968,-4.7012847325867595,-43.92614814202462,2.4460956532839417,48,wrist_extension,48,1.0,False
grabmyo-S006-D2-wrist_flexion-T01,grabmyo-S006-D2-wrist_flexion-T01,6,2,12,1,train,wrist_flexion,-8.730428901560785,-5.497072497187371,5.894193453129017,-4.118107892031201,48,wrist_flexion,48,1.0,False
grabmyo-S006-D2-wrist_flexion-T02,grabmyo-S006-D2-wrist_flexion-T02,6,2,12,2,train,wrist_flexion,-7.149708249142775,-3.6474473871332957,4.246007036608005,-3.8539742880054106,48,wrist_flexion,48,1.0,False
grabmyo-S006-D2-wrist_flexion-T03,grabmyo-S006-D2-wrist_flexion-T03,6,2,12,3,train,wrist_flexion,-6.599295626501753,-4.1373577321243165,4.803096833491197,-3.429621908767439,48,wrist_flexion,48,1.0,False
grabmyo-S006-D2-wrist_flexion-T04,grabmyo-S006-D2-wrist_flexion-T04,6,2,12,4,train,wrist_flexion,-7.289143632076964,-6.356524408398204,6.004334815089533,-3.345453569613589,48,wrist_flexion,48,1.0,False
grabmyo-S006-D2-wrist_flexion-T05,grabmyo-S006-D2-wrist_flexion-T05,6,2,12,5,train,wrist_flexion,-7.899938113688672,-3.981825222460872,4.863457777602977,-3.507626360352306,48,wrist_flexion,48,1.0,False
grabmyo-S006-D2-wrist_flexion-T06,grabmyo-S006-D2-wrist_flexion-T06,6,2,12,6,train,wrist_flexion,-8.175773569493531,-4.3208782874098794,4.517411911269163,-3.900794020767435,48,wrist_flexion,48,1.0,False
grabmyo-S006-D2-wrist_flexion-T07,grabmyo-S006-D2-wrist_flexion-T07,6,2,12,7,train,wrist_flexion,-7.066446745127023,-4.494272456391232,4.868327224538007,-3.561468016042611,48,wrist_flexion,48,1.0,False
grabmyo-S006-D2-hand_close-T01,grabmyo-S006-D2-hand_close-T01,6,2,16,1,train,hand_close,-6.864876333810282,1.5950752009618043,-5.130033952715362,-3.4708465695202797,48,hand_close,48,1.0,False
grabmyo-S006-D2-hand_close-T02,grabmyo-S006-D2-hand_close-T02,6,2,16,2,train,hand_close,-4.193919987355222,-0.3771742290984319,-5.570744533018875,-1.607093206718243,48,hand_close,48,1.0,False
grabmyo-S006-D2-hand_close-T03,grabmyo-S006-D2-hand_close-T03,6,2,16,3,train,hand_close,-1.6539706302584316,0.03228636958721501,-1.0521028130969077,-1.9276107790534827,48,hand_close,48,1.0,False
grabmyo-S006-D2-hand_close-T04,grabmyo-S006-D2-hand_close-T04,6,2,16,4,train,hand_close,-4.752816853124155,0.16211999684968045,-3.4385790427650282,-2.046611816332328,48,hand_close,48,1.0,False
grabmyo-S006-D2-hand_close-T05,grabmyo-S006-D2-hand_close-T05,6,2,16,5,train,hand_close,-3.6807944119572196,-1.113494866897862,-14.405731567997707,0.4324395003417456,48,wrist_extension,48,1.0,False
grabmyo-S006-D2-hand_close-T06,grabmyo-S006-D2-hand_close-T06,6,2,16,6,train,hand_close,-3.599785740142874,0.8182525830212594,-2.514184541864005,-1.8961235585043321,48,hand_close,48,1.0,False
grabmyo-S006-D2-hand_close-T07,grabmyo-S006-D2-hand_close-T07,6,2,16,7,train,hand_close,-6.121348355241427,0.15315839929207123,-4.105281582425171,-2.7376312622017935,48,hand_close,48,1.0,False
grabmyo-S006-D2-rest-T01,grabmyo-S006-D2-rest-T01,6,2,17,1,train,rest,0.8386513600319127,-1.0651547034633178,-1.1157835111267698,-1.28202144858705,48,rest,48,1.0,False
grabmyo-S006-D2-rest-T02,grabmyo-S006-D2-rest-T02,6,2,17,2,train,rest,0.8428493703022096,-1.1664167063543263,-1.1186024858109591,-1.2131731271022512,48,rest,48,1.0,False
grabmyo-S006-D2-rest-T03,grabmyo-S006-D2-rest-T03,6,2,17,3,train,rest,0.8651094511328252,-0.6537112477637709,-1.3766511392645064,-1.4133705239381407,48,rest,48,1.0,False
grabmyo-S006-D2-rest-T04,grabmyo-S006-D2-rest-T04,6,2,17,4,train,rest,1.1065120118665186,-0.8616779735287757,-1.3341374394424037,-1.5090115291353376,48,rest,48,1.0,False
grabmyo-S006-D2-rest-T05,grabmyo-S006-D2-rest-T05,6,2,17,5,train,rest,1.1134492433463126,-1.0834413237245848,-1.3768072103239506,-1.2854542208436401,48,rest,48,1.0,False
grabmyo-S006-D2-rest-T06,grabmyo-S006-D2-rest-T06,6,2,17,6,train,rest,0.9791120977201158,-0.8888300329527837,-1.4031895450262217,-1.3015179907242722,48,rest,48,1.0,False
grabmyo-S006-D2-rest-T07,grabmyo-S006-D2-rest-T07,6,2,17,7,train,rest,1.1018940201594738,-1.0927524792286158,-1.2080972534233243,-1.3134244961418886,48,rest,48,1.0,False
grabmyo-S007-D2-wrist_extension-T01,grabmyo-S007-D2-wrist_extension-T01,7,2,11,1,train,wrist_extension,-6.5810322430940325,-1.7070443031834568,-5.972731445382453,2.452214706313122,48,wrist_extension,48,1.0,False
grabmyo-S007-D2-wrist_extension-T02,grabmyo-S007-D2-wrist_extension-T02,7,2,11,2,train,wrist_extension,-5.6089334519916285,-1.3330644357404804,-4.948516603136827,2.152309285305679,48,wrist_extension,48,1.0,False
grabmyo-S007-D2-wrist_extension-T03,grabmyo-S007-D2-wrist_extension-T03,7,2,11,3,train,wrist_extension,-8.064859121994232,-3.023133141393466,-7.05165205241829,3.2481097300080646,48,wrist_extension,48,1.0,False
grabmyo-S007-D2-wrist_extension-T04,grabmyo-S007-D2-wrist_extension-T04,7,2,11,4,train,wrist_extension,-9.562870833658524,-3.3772894888169573,-7.700793108159529,3.297798349572764,48,wrist_extension,48,1.0,False
grabmyo-S007-D2-wrist_extension-T05,grabmyo-S007-D2-wrist_extension-T05,7,2,11,5,train,wrist_extension,-5.461926472593916,-1.0852789653826493,-5.267014456861918,2.150298764668903,48,wrist_extension,48,1.0,False
grabmyo-S007-D2-wrist_extension-T06,grabmyo-S007-D2-wrist_extension-T06,7,2,11,6,train,wrist_extension,-9.97100256802379,-4.337909799114007,-9.302763340893206,3.8342376900332074,48,wrist_extension,48,1.0,False
grabmyo-S007-D2-wrist_extension-T07,grabmyo-S007-D2-wrist_extension-T07,7,2,11,7,train,wrist_extension,-7.311300498553011,-2.4849338360122872,-7.110938258167898,3.224016157661048,48,wrist_extension,48,1.0,False
grabmyo-S007-D2-wrist_flexion-T01,grabmyo-S007-D2-wrist_flexion-T01,7,2,12,1,train,wrist_flexion,-2.3842262167172272,-2.57456798798578,2.702416784089035,-1.55148284020757,48,wrist_flexion,48,1.0,False
grabmyo-S007-D2-wrist_flexion-T02,grabmyo-S007-D2-wrist_flexion-T02,7,2,12,2,train,wrist_flexion,-2.349326772003256,-2.7094965260531723,2.6277789919246506,-1.2101414055653918,48,wrist_flexion,48,1.0,False
grabmyo-S007-D2-wrist_flexion-T03,grabmyo-S007-D2-wrist_flexion-T03,7,2,12,3,train,wrist_flexion,-2.796658594624846,-1.3780097946450427,1.1344416242452147,-1.02590228261057,48,wrist_flexion,48,1.0,False
grabmyo-S007-D2-wrist_flexion-T04,grabmyo-S007-D2-wrist_flexion-T04,7,2,12,4,train,wrist_flexion,-1.9833195663723975,-2.4566402608144635,2.172465747119495,-1.2720023587840221,48,wrist_flexion,48,1.0,False
grabmyo-S007-D2-wrist_flexion-T05,grabmyo-S007-D2-wrist_flexion-T05,7,2,12,5,train,wrist_flexion,-3.3025152814133762,-2.4857240438711625,2.8123042568132415,-1.338164122063593,48,wrist_flexion,48,1.0,False
grabmyo-S007-D2-wrist_flexion-T06,grabmyo-S007-D2-wrist_flexion-T06,7,2,12,6,train,wrist_flexion,-2.3963592976565464,-2.5582994782779975,2.6978793372784318,-1.4062544154080516,48,wrist_flexion,48,1.0,False
grabmyo-S007-D2-wrist_flexion-T07,grabmyo-S007-D2-wrist_flexion-T07,7,2,12,7,train,wrist_flexion,-4.013887153567196,-3.588166954368738,4.26243320240533,-1.6701328586511703,48,wrist_flexion,48,1.0,False
grabmyo-S007-D2-hand_close-T01,grabmyo-S007-D2-hand_close-T01,7,2,16,1,train,hand_close,-3.095116392191495,1.227569562078738,0.12198871062571635,-3.072566518894923,48,hand_close,48,1.0,False
grabmyo-S007-D2-hand_close-T02,grabmyo-S007-D2-hand_close-T02,7,2,16,2,train,hand_close,-6.262702126891926,2.0579303596984344,-0.08477423963812063,-3.243975834020711,48,hand_close,48,1.0,False
grabmyo-S007-D2-hand_close-T03,grabmyo-S007-D2-hand_close-T03,7,2,16,3,train,hand_close,-4.961986855337137,0.8992233303351239,0.30479262360995735,-3.0243087252805227,48,hand_close,48,1.0,False
grabmyo-S007-D2-hand_close-T04,grabmyo-S007-D2-hand_close-T04,7,2,16,4,train,hand_close,-5.477914717644018,2.089456375998838,-0.5804208657315428,-3.856772836834763,48,hand_close,48,1.0,False
grabmyo-S007-D2-hand_close-T05,grabmyo-S007-D2-hand_close-T05,7,2,16,5,train,hand_close,-6.143211056021593,1.734794968938452,-0.15422761215281355,-3.3364145259355253,48,hand_close,48,1.0,False
grabmyo-S007-D2-hand_close-T06,grabmyo-S007-D2-hand_close-T06,7,2,16,6,train,hand_close,-5.432157977223416,1.4130451099682668,0.3123198541031534,-3.121130670362202,48,hand_close,48,1.0,False
grabmyo-S007-D2-hand_close-T07,grabmyo-S007-D2-hand_close-T07,7,2,16,7,train,hand_close,-6.0198552382322825,2.051454583672802,0.2363641179349909,-4.200717117117984,48,hand_close,48,1.0,False
grabmyo-S007-D2-rest-T01,grabmyo-S007-D2-rest-T01,7,2,17,1,train,rest,1.1568558262943214,-1.507921820084423,-1.259604472067713,-1.1086688824952706,48,rest,48,1.0,False
grabmyo-S007-D2-rest-T02,grabmyo-S007-D2-rest-T02,7,2,17,2,train,rest,1.3216139104553692,-1.4418185813928368,-1.1488502315538491,-1.3790274037648969,48,rest,48,1.0,False
grabmyo-S007-D2-rest-T03,grabmyo-S007-D2-rest-T03,7,2,17,3,train,rest,1.3725495207223206,-1.6334446364668933,-1.0631079449359704,-1.3928593294366,48,rest,48,1.0,False
grabmyo-S007-D2-rest-T04,grabmyo-S007-D2-rest-T04,7,2,17,4,train,rest,1.4774055501495988,-1.5342559858558618,-1.4613090705405758,-1.378625926948447,48,rest,48,1.0,False
grabmyo-S007-D2-rest-T05,grabmyo-S007-D2-rest-T05,7,2,17,5,train,rest,1.1556082326198904,-0.9124844792993806,-1.4268773010065274,-1.250709330113118,48,rest,48,1.0,False
grabmyo-S007-D2-rest-T06,grabmyo-S007-D2-rest-T06,7,2,17,6,train,rest,1.0725330130119608,-1.1346298239162838,-1.3982923539761656,-1.1094073708307415,48,rest,48,1.0,False
grabmyo-S007-D2-rest-T07,grabmyo-S007-D2-rest-T07,7,2,17,7,train,rest,1.0946774992972839,-0.8781081745450948,-1.423829961220709,-1.2068497530199827,48,rest,48,1.0,False
grabmyo-S008-D2-wrist_extension-T01,grabmyo-S008-D2-wrist_extension-T01,8,2,11,1,train,wrist_extension,-13.427071932384871,-9.28409685699918,-14.186479773893135,4.430971468816273,48,wrist_extension,48,1.0,False
grabmyo-S008-D2-wrist_extension-T02,grabmyo-S008-D2-wrist_extension-T02,8,2,11,2,train,wrist_extension,-15.33210235807082,-12.25533909465502,-20.753196822475378,4.282526723811802,48,wrist_extension,48,1.0,False
grabmyo-S008-D2-wrist_extension-T03,grabmyo-S008-D2-wrist_extension-T03,8,2,11,3,train,wrist_extension,-14.976259045312426,-12.00154173328611,-18.007061841738977,5.931024950326396,48,wrist_extension,48,1.0,False
grabmyo-S008-D2-wrist_extension-T04,grabmyo-S008-D2-wrist_extension-T04,8,2,11,4,train,wrist_extension,-13.757287480288552,-8.206907304797385,-12.109366804459427,5.441557651660165,48,wrist_extension,48,1.0,False
grabmyo-S008-D2-wrist_extension-T05,grabmyo-S008-D2-wrist_extension-T05,8,2,11,5,train,wrist_extension,-12.250337646659828,-6.15743908897658,-9.231612291911771,5.372240782853268,48,wrist_extension,48,1.0,False
grabmyo-S008-D2-wrist_extension-T06,grabmyo-S008-D2-wrist_extension-T06,8,2,11,6,train,wrist_extension,-12.988867423990593,-7.34363728613675,-9.898014929319293,5.812393332062785,48,wrist_extension,48,1.0,False
grabmyo-S008-D2-wrist_extension-T07,grabmyo-S008-D2-wrist_extension-T07,8,2,11,7,train,wrist_extension,-10.499564006896168,-5.388313090239447,-8.072822730753051,4.81737050536455,48,wrist_extension,48,1.0,False
grabmyo-S008-D2-wrist_flexion-T01,grabmyo-S008-D2-wrist_flexion-T01,8,2,12,1,train,wrist_flexion,-2.531309651862777,-1.9149246092033145,1.6348942441596028,-2.2523357350953006,48,wrist_flexion,48,1.0,False
grabmyo-S008-D2-wrist_flexion-T02,grabmyo-S008-D2-wrist_flexion-T02,8,2,12,2,train,wrist_flexion,-3.574813042386334,-1.6037485658529296,1.7417034805767753,-2.768194963468691,48,wrist_flexion,48,1.0,False
grabmyo-S008-D2-wrist_flexion-T03,grabmyo-S008-D2-wrist_flexion-T03,8,2,12,3,train,wrist_flexion,-2.8052606778212965,-1.6895673439008496,1.645624130149694,-2.2966788494199073,48,wrist_flexion,48,1.0,False
grabmyo-S008-D2-wrist_flexion-T04,grabmyo-S008-D2-wrist_flexion-T04,8,2,12,4,train,wrist_flexion,-3.219931665879134,-1.6806096615861679,1.8502176551352647,-2.2586290001285554,48,wrist_flexion,48,1.0,False
grabmyo-S008-D2-wrist_flexion-T05,grabmyo-S008-D2-wrist_flexion-T05,8,2,12,5,train,wrist_flexion,-2.6499857383109293,-1.5010792306629375,1.592784059318799,-2.563561021521273,48,wrist_flexion,48,1.0,False
grabmyo-S008-D2-wrist_flexion-T06,grabmyo-S008-D2-wrist_flexion-T06,8,2,12,6,train,wrist_flexion,-3.018037181056375,-1.536735917169989,1.780999264632322,-2.276837248801231,48,wrist_flexion,48,1.0,False
grabmyo-S008-D2-wrist_flexion-T07,grabmyo-S008-D2-wrist_flexion-T07,8,2,12,7,train,wrist_flexion,-2.9756881826153467,-1.871313407485185,1.8373813514660682,-2.371034568612352,48,wrist_flexion,48,1.0,False
grabmyo-S008-D2-hand_close-T01,grabmyo-S008-D2-hand_close-T01,8,2,16,1,train,hand_close,-3.9969826322714224,1.7377973618473466,-2.871696759982824,-1.9209169807592643,48,hand_close,48,1.0,False
grabmyo-S008-D2-hand_close-T02,grabmyo-S008-D2-hand_close-T02,8,2,16,2,train,hand_close,-2.4930613495459433,0.7846920360224959,-1.5029788577365206,-1.754018164442938,48,hand_close,48,1.0,False
grabmyo-S008-D2-hand_close-T03,grabmyo-S008-D2-hand_close-T03,8,2,16,3,train,hand_close,-4.2330608513529056,2.6382271301815625,-2.7030454782123727,-2.8276183119824903,48,hand_close,48,1.0,False
grabmyo-S008-D2-hand_close-T04,grabmyo-S008-D2-hand_close-T04,8,2,16,4,train,hand_close,-4.57586391254723,2.9036908688264336,-2.91215912334382,-2.417156794684867,48,hand_close,48,1.0,False
grabmyo-S008-D2-hand_close-T05,grabmyo-S008-D2-hand_close-T05,8,2,16,5,train,hand_close,-5.0503662523748725,2.545038229335375,-2.9252276343216987,-2.3418655033830897,48,hand_close,48,1.0,False
grabmyo-S008-D2-hand_close-T06,grabmyo-S008-D2-hand_close-T06,8,2,16,6,train,hand_close,-4.333567387568209,2.5875026619147117,-2.6914435259112697,-2.352540482956839,48,hand_close,48,1.0,False
grabmyo-S008-D2-hand_close-T07,grabmyo-S008-D2-hand_close-T07,8,2,16,7,train,hand_close,-4.388254143442618,2.3137835550552386,-2.2493574608163143,-2.2863394850318084,48,hand_close,48,1.0,False
grabmyo-S008-D2-rest-T01,grabmyo-S008-D2-rest-T01,8,2,17,1,train,rest,0.2420567859246151,-0.8256946425269048,-0.7758264260635199,-1.7226944971896732,48,rest,48,1.0,False
grabmyo-S008-D2-rest-T02,grabmyo-S008-D2-rest-T02,8,2,17,2,train,rest,0.3973797859713364,-2.094244928649221,-0.3033072871559088,-1.2161059326496164,48,rest,48,1.0,False
grabmyo-S008-D2-rest-T03,grabmyo-S008-D2-rest-T03,8,2,17,3,train,rest,0.25908313117806475,-0.8416325757559567,-0.7920890699388075,-1.7052216282897048,48,rest,48,1.0,False
grabmyo-S008-D2-rest-T04,grabmyo-S008-D2-rest-T04,8,2,17,4,train,rest,0.6967620836640895,-0.9969356299262683,-1.1634707794351724,-1.5867023440649968,48,rest,48,1.0,False
grabmyo-S008-D2-rest-T05,grabmyo-S008-D2-rest-T05,8,2,17,5,train,rest,0.808628924148067,-1.287229908097522,-1.0666997453567741,-1.6720820668046603,48,rest,48,1.0,False
grabmyo-S008-D2-rest-T06,grabmyo-S008-D2-rest-T06,8,2,17,6,train,rest,0.19240820538955106,-0.846955924100736,-0.742182802922478,-1.652271470605282,48,rest,48,1.0,False
grabmyo-S008-D2-rest-T07,grabmyo-S008-D2-rest-T07,8,2,17,7,train,rest,1.292073822850657,-1.1516616837746845,-1.2491853935198631,-1.8379735633590872,48,rest,48,1.0,False
grabmyo-S009-D2-wrist_extension-T01,grabmyo-S009-D2-wrist_extension-T01,9,2,11,1,train,wrist_extension,-14.270183128193473,-5.679509744336053,-7.875350920568949,4.6175725154631575,48,wrist_extension,48,1.0,False
grabmyo-S009-D2-wrist_extension-T02,grabmyo-S009-D2-wrist_extension-T02,9,2,11,2,train,wrist_extension,-7.556447049434095,-5.020462150110018,-3.299925964647732,3.9689004917897965,48,wrist_extension,48,1.0,False
grabmyo-S009-D2-wrist_extension-T03,grabmyo-S009-D2-wrist_extension-T03,9,2,11,3,train,wrist_extension,-10.410056567204236,-5.472608733500716,-4.598048509353171,4.6298518594804,48,wrist_extension,48,1.0,False
grabmyo-S009-D2-wrist_extension-T04,grabmyo-S009-D2-wrist_extension-T04,9,2,11,4,train,wrist_extension,-39.81857592654001,-7.374331680702755,-25.021254452979107,4.920886815655883,48,wrist_extension,48,1.0,False
grabmyo-S009-D2-wrist_extension-T05,grabmyo-S009-D2-wrist_extension-T05,9,2,11,5,train,wrist_extension,-16.824224396525793,-5.646839548154367,-10.624163772773597,2.61814991202069,48,wrist_extension,48,1.0,False
grabmyo-S009-D2-wrist_extension-T06,grabmyo-S009-D2-wrist_extension-T06,9,2,11,6,train,wrist_extension,-18.452308627516008,-6.101265930166579,-11.2850142127454,4.077468240360791,48,wrist_extension,48,1.0,False
grabmyo-S009-D2-wrist_extension-T07,grabmyo-S009-D2-wrist_extension-T07,9,2,11,7,train,wrist_extension,-15.186904893738467,-4.170214553377586,-9.539523043553478,2.2800185790878658,48,wrist_extension,48,1.0,False
grabmyo-S009-D2-wrist_flexion-T01,grabmyo-S009-D2-wrist_flexion-T01,9,2,12,1,train,wrist_flexion,-3.575831699703883,-2.8613169935426774,2.8829250774191624,-1.9438358456838623,48,wrist_flexion,48,1.0,False
grabmyo-S009-D2-wrist_flexion-T02,grabmyo-S009-D2-wrist_flexion-T02,9,2,12,2,train,wrist_flexion,-2.5787786620064,-2.836839854347543,2.978594635243624,-2.070681049398898,48,wrist_flexion,48,1.0,False
grabmyo-S009-D2-wrist_flexion-T03,grabmyo-S009-D2-wrist_flexion-T03,9,2,12,3,train,wrist_flexion,-3.897640724875027,-2.2290107060440505,1.7394575232069236,-2.4036253853509377,48,wrist_flexion,48,1.0,False
grabmyo-S009-D2-wrist_flexion-T04,grabmyo-S009-D2-wrist_flexion-T04,9,2,12,4,train,wrist_flexion,-5.890130303882398,-3.7494607671964615,2.6359344531672755,-2.2863514278536248,48,wrist_flexion,48,1.0,False
grabmyo-S009-D2-wrist_flexion-T05,grabmyo-S009-D2-wrist_flexion-T05,9,2,12,5,train,wrist_flexion,-2.383262783774246,-1.7188545548460263,0.8513974961682095,-1.7082982622559701,48,wrist_flexion,48,1.0,False
grabmyo-S009-D2-wrist_flexion-T06,grabmyo-S009-D2-wrist_flexion-T06,9,2,12,6,train,wrist_flexion,-1.985267754541822,-1.0202435088999127,0.4613140069973039,-1.551674274523813,48,wrist_flexion,48,1.0,False
grabmyo-S009-D2-wrist_flexion-T07,grabmyo-S009-D2-wrist_flexion-T07,9,2,12,7,train,wrist_flexion,-2.4386061696531933,-2.0749004675406257,1.8174592184805836,-1.96211367392973,48,wrist_flexion,48,1.0,False
grabmyo-S009-D2-hand_close-T01,grabmyo-S009-D2-hand_close-T01,9,2,16,1,train,hand_close,-2.707594996956235,1.3469484991473146,-1.7293999261732198,-1.7842254970241695,48,hand_close,48,1.0,False
grabmyo-S009-D2-hand_close-T02,grabmyo-S009-D2-hand_close-T02,9,2,16,2,train,hand_close,-3.80351094646108,1.8232714236070908,-1.871115641906038,-2.1670911589412296,48,hand_close,48,1.0,False
grabmyo-S009-D2-hand_close-T03,grabmyo-S009-D2-hand_close-T03,9,2,16,3,train,hand_close,-6.296846552868952,3.075245909476663,-3.0742754247672774,-3.135886914897437,48,hand_close,48,1.0,False
grabmyo-S009-D2-hand_close-T04,grabmyo-S009-D2-hand_close-T04,9,2,16,4,train,hand_close,-8.56923248609642,3.3932704281712276,-3.878178025853574,-4.038575144038748,48,hand_close,48,1.0,False
grabmyo-S009-D2-hand_close-T05,grabmyo-S009-D2-hand_close-T05,9,2,16,5,train,hand_close,-4.153951927073064,1.6980846310562294,-2.159219690126634,-2.6386204098343202,48,hand_close,48,1.0,False
grabmyo-S009-D2-hand_close-T06,grabmyo-S009-D2-hand_close-T06,9,2,16,6,train,hand_close,-5.26901893006769,1.6626081583187753,-1.7682724319592298,-1.8441056624223418,48,hand_close,48,1.0,False
grabmyo-S009-D2-hand_close-T07,grabmyo-S009-D2-hand_close-T07,9,2,16,7,train,hand_close,-7.4965291951896456,1.4254702192746762,-3.46426491505455,-2.2764827706097512,48,hand_close,48,1.0,False
grabmyo-S009-D2-rest-T01,grabmyo-S009-D2-rest-T01,9,2,17,1,train,rest,0.9850768045514585,-1.392755120487223,-1.1240202597407525,-0.5917152208981561,48,rest,48,1.0,False
grabmyo-S009-D2-rest-T02,grabmyo-S009-D2-rest-T02,9,2,17,2,train,rest,1.1015879173797145,-1.3460730504653615,-1.3424485158306056,-0.49740110239885765,48,rest,48,1.0,False
grabmyo-S009-D2-rest-T03,grabmyo-S009-D2-rest-T03,9,2,17,3,train,rest,0.9067408108822779,-1.6841662014547234,-1.1278608711916422,-0.7848013250303839,48,rest,48,1.0,False
grabmyo-S009-D2-rest-T04,grabmyo-S009-D2-rest-T04,9,2,17,4,train,rest,1.1747114307500084,-1.196089979673202,-1.5907742877084523,-0.9470573508610013,48,rest,48,1.0,False
grabmyo-S009-D2-rest-T05,grabmyo-S009-D2-rest-T05,9,2,17,5,train,rest,1.1170199313856044,-0.9269243666797031,-1.8066731103690479,-1.1517751517487576,48,rest,48,1.0,False
grabmyo-S009-D2-rest-T06,grabmyo-S009-D2-rest-T06,9,2,17,6,train,rest,1.3259967170333744,-0.8814676723905848,-1.78509778218936,-1.0265914584621965,48,rest,48,1.0,False
grabmyo-S009-D2-rest-T07,grabmyo-S009-D2-rest-T07,9,2,17,7,train,rest,1.5576341002116108,-0.7941563219301057,-2.261458595052632,-1.222387533852987,48,rest,48,1.0,False
grabmyo-S010-D2-wrist_extension-T01,grabmyo-S010-D2-wrist_extension-T01,10,2,11,1,train,wrist_extension,-9.985788972457952,-2.3700592239584757,-6.321962985314663,4.589985227003147,48,wrist_extension,48,1.0,False
grabmyo-S010-D2-wrist_extension-T02,grabmyo-S010-D2-wrist_extension-T02,10,2,11,2,train,wrist_extension,-12.600954179120757,-2.7457895230078524,-8.001893098677675,4.936724325315097,48,wrist_extension,48,1.0,False
grabmyo-S010-D2-wrist_extension-T03,grabmyo-S010-D2-wrist_extension-T03,10,2,11,3,train,wrist_extension,-15.85567066292059,-4.259031695028756,-11.422398826413286,6.363419194794379,48,wrist_extension,48,1.0,False
grabmyo-S010-D2-wrist_extension-T04,grabmyo-S010-D2-wrist_extension-T04,10,2,11,4,train,wrist_extension,-14.13175713736373,-4.075049830551129,-8.532304136124234,5.920971127779772,48,wrist_extension,48,1.0,False
grabmyo-S010-D2-wrist_extension-T05,grabmyo-S010-D2-wrist_extension-T05,10,2,11,5,train,wrist_extension,-12.226188103560071,-2.770858114115916,-6.936008155104871,4.914422412087102,48,wrist_extension,48,1.0,False
grabmyo-S010-D2-wrist_extension-T06,grabmyo-S010-D2-wrist_extension-T06,10,2,11,6,train,wrist_extension,-11.742836520736647,-2.077324076432593,-6.845548715571847,4.569360929233109,48,wrist_extension,48,1.0,False
grabmyo-S010-D2-wrist_extension-T07,grabmyo-S010-D2-wrist_extension-T07,10,2,11,7,train,wrist_extension,-12.57088275880034,-3.04142333807965,-7.816474888130215,4.87502752777887,48,wrist_extension,48,1.0,False
grabmyo-S010-D2-wrist_flexion-T01,grabmyo-S010-D2-wrist_flexion-T01,10,2,12,1,train,wrist_flexion,-5.5143112891705774,-1.3781751529494795,1.6145674989039385,-1.588129023516877,48,wrist_flexion,48,1.0,False
grabmyo-S010-D2-wrist_flexion-T02,grabmyo-S010-D2-wrist_flexion-T02,10,2,12,2,train,wrist_flexion,-4.912793971007408,-2.0864006654490206,1.8563749809717816,-1.4651606822371022,48,wrist_flexion,48,1.0,False
grabmyo-S010-D2-wrist_flexion-T03,grabmyo-S010-D2-wrist_flexion-T03,10,2,12,3,train,wrist_flexion,-6.632401688265989,-0.9435590170548384,1.5119229384071247,-3.327212672603471,48,wrist_flexion,48,1.0,False
grabmyo-S010-D2-wrist_flexion-T04,grabmyo-S010-D2-wrist_flexion-T04,10,2,12,4,train,wrist_flexion,-6.535296934533261,-2.0713828507275642,2.271270535975867,-2.0862766335850025,48,wrist_flexion,48,1.0,False
grabmyo-S010-D2-wrist_flexion-T05,grabmyo-S010-D2-wrist_flexion-T05,10,2,12,5,train,wrist_flexion,-6.7941744272721705,-2.028874069518742,2.6308066258515197,-2.258091708322453,48,wrist_flexion,48,1.0,False
grabmyo-S010-D2-wrist_flexion-T06,grabmyo-S010-D2-wrist_flexion-T06,10,2,12,6,train,wrist_flexion,-6.587010762821646,-2.3323881241650963,2.7374989883158034,-2.3683002376307787,48,wrist_flexion,48,1.0,False
grabmyo-S010-D2-wrist_flexion-T07,grabmyo-S010-D2-wrist_flexion-T07,10,2,12,7,train,wrist_flexion,-6.114884743436606,-2.5303432249722726,3.1377249322486946,-2.1914533760172614,48,wrist_flexion,48,1.0,False
grabmyo-S010-D2-hand_close-T01,grabmyo-S010-D2-hand_close-T01,10,2,16,1,train,hand_close,-6.424151447776212,2.3847183753406163,-1.7251991184768583,-2.7503754100558293,48,hand_close,48,1.0,False
grabmyo-S010-D2-hand_close-T02,grabmyo-S010-D2-hand_close-T02,10,2,16,2,train,hand_close,-6.418894215556022,2.928101210078822,-2.2276821955584247,-2.8835821249945943,48,hand_close,48,1.0,False
grabmyo-S010-D2-hand_close-T03,grabmyo-S010-D2-hand_close-T03,10,2,16,3,train,hand_close,-5.928984145263798,1.9079508241449397,-1.4816051937740562,-2.371703361754937,48,hand_close,48,1.0,False
grabmyo-S010-D2-hand_close-T04,grabmyo-S010-D2-hand_close-T04,10,2,16,4,train,hand_close,-6.109769338307824,2.611452035596971,-1.8742745524000382,-2.5813638878988403,48,hand_close,48,1.0,False
grabmyo-S010-D2-hand_close-T05,grabmyo-S010-D2-hand_close-T05,10,2,16,5,train,hand_close,-6.720535451830574,2.753859690658825,-1.9785161142135592,-2.6587170403575344,48,hand_close,48,1.0,False
grabmyo-S010-D2-hand_close-T06,grabmyo-S010-D2-hand_close-T06,10,2,16,6,train,hand_close,-9.298813964827636,2.7094880707490545,-1.9380522710956125,-3.3993141162596263,48,hand_close,48,1.0,False
grabmyo-S010-D2-hand_close-T07,grabmyo-S010-D2-hand_close-T07,10,2,16,7,train,hand_close,-10.413274675472875,2.592776424034602,-1.762098437088868,-5.188115669151026,48,hand_close,48,1.0,False
grabmyo-S010-D2-rest-T01,grabmyo-S010-D2-rest-T01,10,2,17,1,train,rest,1.5283608983692731,-1.9925315826880488,-1.5465694290919016,-1.3122423682419877,48,rest,48,1.0,False
grabmyo-S010-D2-rest-T02,grabmyo-S010-D2-rest-T02,10,2,17,2,train,rest,1.4656905496673316,-2.13073695660245,-1.1668658580878357,-1.1031241679492398,48,rest,48,1.0,False
grabmyo-S010-D2-rest-T03,grabmyo-S010-D2-rest-T03,10,2,17,3,train,rest,1.236630829183291,-1.904587991421291,-0.9665401686492922,-1.343400796371226,48,rest,48,1.0,False
grabmyo-S010-D2-rest-T04,grabmyo-S010-D2-rest-T04,10,2,17,4,train,rest,1.438022556616393,-1.81700955933232,-1.3376460566613932,-1.211351031735136,48,rest,48,1.0,False
grabmyo-S010-D2-rest-T05,grabmyo-S010-D2-rest-T05,10,2,17,5,train,rest,0.9453618621550385,-1.706581808547938,-1.0484083981848678,-1.4343917707484684,48,rest,48,1.0,False
grabmyo-S010-D2-rest-T06,grabmyo-S010-D2-rest-T06,10,2,17,6,train,rest,0.9735655960935231,-2.1767246813727947,-1.0112389742482637,-1.2693067069119424,48,rest,48,1.0,False
grabmyo-S010-D2-rest-T07,grabmyo-S010-D2-rest-T07,10,2,17,7,train,rest,1.1000352124480812,-2.103541573964293,-1.0267482005625366,-1.145393016343655,48,rest,48,1.0,False
grabmyo-S011-D2-wrist_extension-T01,grabmyo-S011-D2-wrist_extension-T01,11,2,11,1,train,wrist_extension,-7.5407050796145,-2.2767669466164673,-3.995198319256444,3.096028883133375,48,wrist_extension,48,1.0,False
grabmyo-S011-D2-wrist_extension-T02,grabmyo-S011-D2-wrist_extension-T02,11,2,11,2,train,wrist_extension,-7.248011413914143,-2.616473887751817,-3.7446970194552462,3.4889858639063753,48,wrist_extension,48,1.0,False
grabmyo-S011-D2-wrist_extension-T03,grabmyo-S011-D2-wrist_extension-T03,11,2,11,3,train,wrist_extension,-8.82302252542705,-2.862290301652959,-4.783093431644304,3.597269583001932,48,wrist_extension,48,1.0,False
grabmyo-S011-D2-wrist_extension-T04,grabmyo-S011-D2-wrist_extension-T04,11,2,11,4,train,wrist_extension,-8.159797566668322,-2.149821280265861,-3.8993603779901176,2.685718729136953,48,wrist_extension,48,1.0,False
grabmyo-S011-D2-wrist_extension-T05,grabmyo-S011-D2-wrist_extension-T05,11,2,11,5,train,wrist_extension,-9.507847261585672,-2.9228614211231982,-4.045831911989626,2.852610991693247,48,wrist_extension,48,1.0,False
grabmyo-S011-D2-wrist_extension-T06,grabmyo-S011-D2-wrist_extension-T06,11,2,11,6,train,wrist_extension,-8.776215508203496,-2.426721560422106,-4.25144703615972,2.9829831577132633,48,wrist_extension,48,1.0,False
grabmyo-S011-D2-wrist_extension-T07,grabmyo-S011-D2-wrist_extension-T07,11,2,11,7,train,wrist_extension,-9.011144541963844,-3.2533957500693496,-4.623676350865761,3.6098275168067055,48,wrist_extension,48,1.0,False
grabmyo-S011-D2-wrist_flexion-T01,grabmyo-S011-D2-wrist_flexion-T01,11,2,12,1,train,wrist_flexion,-2.4631239273666186,-2.724701064122261,2.777537701754665,-2.2278625680595066,48,wrist_flexion,48,1.0,False
grabmyo-S011-D2-wrist_flexion-T02,grabmyo-S011-D2-wrist_flexion-T02,11,2,12,2,train,wrist_flexion,-2.654396322507355,-2.676717760157443,2.5518861436842997,-2.2070368261284625,48,wrist_flexion,48,1.0,False
grabmyo-S011-D2-wrist_flexion-T03,grabmyo-S011-D2-wrist_flexion-T03,11,2,12,3,train,wrist_flexion,-2.486156972479466,-1.6142678419938876,1.5231778311954107,-2.308536414156847,48,wrist_flexion,48,1.0,False
grabmyo-S011-D2-wrist_flexion-T04,grabmyo-S011-D2-wrist_flexion-T04,11,2,12,4,train,wrist_flexion,-3.0785656644264563,-3.0531036974626153,3.378040336622405,-2.4500272593399313,48,wrist_flexion,48,1.0,False
grabmyo-S011-D2-wrist_flexion-T05,grabmyo-S011-D2-wrist_flexion-T05,11,2,12,5,train,wrist_flexion,-2.767183087944089,-1.738122378529349,1.3588600762939862,-2.0907930381854967,48,wrist_flexion,48,1.0,False
grabmyo-S011-D2-wrist_flexion-T06,grabmyo-S011-D2-wrist_flexion-T06,11,2,12,6,train,wrist_flexion,-3.2380064681283254,-1.2457245479576484,0.9442137303554533,-2.016287433826521,48,wrist_flexion,48,1.0,False
grabmyo-S011-D2-wrist_flexion-T07,grabmyo-S011-D2-wrist_flexion-T07,11,2,12,7,train,wrist_flexion,-3.551182096132542,-1.9162922518936518,2.1968166019994744,-2.479524612077471,48,wrist_flexion,48,1.0,False
grabmyo-S011-D2-hand_close-T01,grabmyo-S011-D2-hand_close-T01,11,2,16,1,train,hand_close,-1.8625471422125568,1.3461141696909038,-1.8092412458033353,-2.1676971243692833,48,hand_close,48,1.0,False
grabmyo-S011-D2-hand_close-T02,grabmyo-S011-D2-hand_close-T02,11,2,16,2,train,hand_close,-1.2634453716316842,0.6172017925173795,-1.5201162841873,-1.857362229753569,48,hand_close,48,1.0,False
grabmyo-S011-D2-hand_close-T03,grabmyo-S011-D2-hand_close-T03,11,2,16,3,train,hand_close,-0.8111586836329674,-1.0940553022808357,-0.40247180056176185,-1.4889636587227975,48,wrist_flexion,48,1.0,False
grabmyo-S011-D2-hand_close-T04,grabmyo-S011-D2-hand_close-T04,11,2,16,4,train,hand_close,-3.1910643491140784,0.8121039606755893,-1.1565389022538968,-2.0932842353350956,48,hand_close,48,1.0,False
grabmyo-S011-D2-hand_close-T05,grabmyo-S011-D2-hand_close-T05,11,2,16,5,train,hand_close,-2.410440825917254,0.017646842707183977,-0.574066598524225,-1.6539839090785327,48,hand_close,48,1.0,False
grabmyo-S011-D2-hand_close-T06,grabmyo-S011-D2-hand_close-T06,11,2,16,6,train,hand_close,-3.005730750517366,0.7820321361661833,-1.2349400139036613,-2.0174291552178776,48,hand_close,48,1.0,False
grabmyo-S011-D2-hand_close-T07,grabmyo-S011-D2-hand_close-T07,11,2,16,7,train,hand_close,-3.2122600762500184,1.338384581265118,-1.5649178248691669,-2.217857475419745,48,hand_close,48,1.0,False
grabmyo-S011-D2-rest-T01,grabmyo-S011-D2-rest-T01,11,2,17,1,train,rest,0.7382160107911774,-1.8505658739878708,-0.8308360327283196,-1.1464734084510806,48,rest,48,1.0,False
grabmyo-S011-D2-rest-T02,grabmyo-S011-D2-rest-T02,11,2,17,2,train,rest,1.0958978290931098,-1.7324137220197846,-0.9870024619008477,-1.182474519300705,48,rest,48,1.0,False
grabmyo-S011-D2-rest-T03,grabmyo-S011-D2-rest-T03,11,2,17,3,train,rest,0.42011723939010187,-1.766958225725925,-0.6325734142162941,-1.1012526482530622,48,rest,48,1.0,False
grabmyo-S011-D2-rest-T04,grabmyo-S011-D2-rest-T04,11,2,17,4,train,rest,0.8421508100194447,-1.6080387123912832,-1.158254443692926,-1.052682127449536,48,rest,48,1.0,False
grabmyo-S011-D2-rest-T05,grabmyo-S011-D2-rest-T05,11,2,17,5,train,rest,0.6136827270991526,-1.7526743103510327,-0.7355836737536929,-0.8785567332718102,48,rest,48,1.0,False
grabmyo-S011-D2-rest-T06,grabmyo-S011-D2-rest-T06,11,2,17,6,train,rest,0.4048758029997772,-1.6064864624168156,-0.7999200329805475,-1.224061843249731,48,rest,48,1.0,False
grabmyo-S011-D2-rest-T07,grabmyo-S011-D2-rest-T07,11,2,17,7,train,rest,-1.2104364012849194,-1.1573276411256626,-0.0750803868616754,-1.4284014450258231,48,wrist_flexion,48,1.0,False
grabmyo-S014-D2-wrist_extension-T01,grabmyo-S014-D2-wrist_extension-T01,14,2,11,1,train,wrist_extension,-5.197269551801565,-2.9212313283875417,-3.9707733688605296,3.2104658496937586,48,wrist_extension,48,1.0,False
grabmyo-S014-D2-wrist_extension-T02,grabmyo-S014-D2-wrist_extension-T02,14,2,11,2,train,wrist_extension,-3.8811600723360002,-2.277887352199314,-3.1046628261794087,2.6975361277331564,48,wrist_extension,48,1.0,False
grabmyo-S014-D2-wrist_extension-T03,grabmyo-S014-D2-wrist_extension-T03,14,2,11,3,train,wrist_extension,-4.594693643629651,-2.7711403524661016,-3.3544742725231944,3.221750535547607,48,wrist_extension,48,1.0,False
grabmyo-S014-D2-wrist_extension-T04,grabmyo-S014-D2-wrist_extension-T04,14,2,11,4,train,wrist_extension,-4.191555122250242,-2.3619211804299995,-3.1642913865437534,2.9069076559851887,48,wrist_extension,48,1.0,False
grabmyo-S014-D2-wrist_extension-T05,grabmyo-S014-D2-wrist_extension-T05,14,2,11,5,train,wrist_extension,-2.9685265660598095,-2.4548438284022205,-3.534594914861763,2.2419502716622426,48,wrist_extension,48,1.0,False
grabmyo-S014-D2-wrist_extension-T06,grabmyo-S014-D2-wrist_extension-T06,14,2,11,6,train,wrist_extension,-5.241887946420953,-2.5070554910556093,-4.40523005578792,2.940096262605607,48,wrist_extension,48,1.0,False
grabmyo-S014-D2-wrist_extension-T07,grabmyo-S014-D2-wrist_extension-T07,14,2,11,7,train,wrist_extension,-6.2382432728309105,-3.287838998523547,-3.956092212441377,3.662141140326801,48,wrist_extension,48,1.0,False
grabmyo-S014-D2-wrist_flexion-T01,grabmyo-S014-D2-wrist_flexion-T01,14,2,12,1,train,wrist_flexion,-3.756079915568815,-3.4831674271989495,3.741549224858853,-2.4118292950538263,48,wrist_flexion,48,1.0,False
grabmyo-S014-D2-wrist_flexion-T02,grabmyo-S014-D2-wrist_flexion-T02,14,2,12,2,train,wrist_flexion,-3.1714076920066905,-2.9645602368016064,2.8986279270753954,-2.5996569280876876,48,wrist_flexion,48,1.0,False
grabmyo-S014-D2-wrist_flexion-T03,grabmyo-S014-D2-wrist_flexion-T03,14,2,12,3,train,wrist_flexion,-3.8061618324500386,-2.4985722410298554,2.5752212885251975,-2.63581972312996,48,wrist_flexion,48,1.0,False
grabmyo-S014-D2-wrist_flexion-T04,grabmyo-S014-D2-wrist_flexion-T04,14,2,12,4,train,wrist_flexion,-3.0107923481324828,-2.4261819464691716,2.079373044570962,-2.26362072456166,48,wrist_flexion,48,1.0,False
grabmyo-S014-D2-wrist_flexion-T05,grabmyo-S014-D2-wrist_flexion-T05,14,2,12,5,train,wrist_flexion,-2.7374333113323495,-2.7090792072846397,2.5006850971772874,-2.0434788979869905,48,wrist_flexion,48,1.0,False
grabmyo-S014-D2-wrist_flexion-T06,grabmyo-S014-D2-wrist_flexion-T06,14,2,12,6,train,wrist_flexion,-3.7447044031302377,-1.6723594120293777,1.7193268850158188,-2.4714839141554656,48,wrist_flexion,48,1.0,False
grabmyo-S014-D2-wrist_flexion-T07,grabmyo-S014-D2-wrist_flexion-T07,14,2,12,7,train,wrist_flexion,-2.628525787769731,-1.0785083247259082,0.49968249343398186,-2.117837067653514,48,wrist_flexion,48,1.0,False
grabmyo-S014-D2-hand_close-T01,grabmyo-S014-D2-hand_close-T01,14,2,16,1,train,hand_close,-2.3790201503797648,-0.2057610778721417,0.2816132627752998,-2.7302501565423167,48,wrist_flexion,48,1.0,False
grabmyo-S014-D2-hand_close-T02,grabmyo-S014-D2-hand_close-T02,14,2,16,2,train,hand_close,-2.223439767870614,-0.1336739392029281,-0.15889226234272835,-2.423392647668328,48,hand_close,48,1.0,False
grabmyo-S014-D2-hand_close-T03,grabmyo-S014-D2-hand_close-T03,14,2,16,3,train,hand_close,-2.63302933671747,-1.0807138156229519,0.8969001201582345,-2.556495287281582,48,wrist_flexion,48,1.0,False
grabmyo-S014-D2-hand_close-T04,grabmyo-S014-D2-hand_close-T04,14,2,16,4,train,hand_close,-1.6292863909336193,0.6433442311642,-1.0612471371432335,-2.4634516648500657,48,hand_close,48,1.0,False
grabmyo-S014-D2-hand_close-T05,grabmyo-S014-D2-hand_close-T05,14,2,16,5,train,hand_close,-3.0867613370761795,1.5347961036971176,-1.1288998391481433,-2.8693633607006794,48,hand_close,48,1.0,False
grabmyo-S014-D2-hand_close-T06,grabmyo-S014-D2-hand_close-T06,14,2,16,6,train,hand_close,-2.6860266620538904,-0.2041154748085788,0.28827388116095626,-2.7234860093711224,48,wrist_flexion,48,1.0,False
grabmyo-S014-D2-hand_close-T07,grabmyo-S014-D2-hand_close-T07,14,2,16,7,train,hand_close,-3.3336778213117095,-1.4704687171845006,1.740981696359161,-2.82356433650234,48,wrist_flexion,48,1.0,False
grabmyo-S014-D2-rest-T01,grabmyo-S014-D2-rest-T01,14,2,17,1,train,rest,1.0982492029724378,-1.2525495033210852,-1.5213210997533342,-1.00328150309816,48,rest,48,1.0,False
grabmyo-S014-D2-rest-T02,grabmyo-S014-D2-rest-T02,14,2,17,2,train,rest,1.0676937313164618,-1.1572916122577737,-1.4448871402394516,-1.1052403259622217,48,rest,48,1.0,False
grabmyo-S014-D2-rest-T03,grabmyo-S014-D2-rest-T03,14,2,17,3,train,rest,0.9850398249234718,-1.3426296498388155,-1.085837627710392,-1.0943716367078677,48,rest,48,1.0,False
grabmyo-S014-D2-rest-T04,grabmyo-S014-D2-rest-T04,14,2,17,4,train,rest,1.1197843938410548,-1.4281726046990502,-1.4359588547192619,-0.9296635131919745,48,rest,48,1.0,False
grabmyo-S014-D2-rest-T05,grabmyo-S014-D2-rest-T05,14,2,17,5,train,rest,1.0262880085924186,-1.1730004287778502,-1.190602157045135,-1.1714990821622222,48,rest,48,1.0,False
grabmyo-S014-D2-rest-T06,grabmyo-S014-D2-rest-T06,14,2,17,6,train,rest,1.0961363901999726,-1.3085619262493253,-1.2774868687192238,-1.1531641416591245,48,rest,48,1.0,False
grabmyo-S014-D2-rest-T07,grabmyo-S014-D2-rest-T07,14,2,17,7,train,rest,1.1059636327685645,-1.1196842697382248,-1.1985451982806998,-1.282354184953929,48,rest,48,1.0,False
grabmyo-S015-D2-wrist_extension-T01,grabmyo-S015-D2-wrist_extension-T01,15,2,11,1,train,wrist_extension,-9.21494897346689,-4.440701386028173,-9.575629777348292,4.716172771962975,48,wrist_extension,48,1.0,False
grabmyo-S015-D2-wrist_extension-T02,grabmyo-S015-D2-wrist_extension-T02,15,2,11,2,train,wrist_extension,-16.770804809469407,-9.637757763378675,-15.662061479497124,6.257511092064186,48,wrist_extension,48,1.0,False
grabmyo-S015-D2-wrist_extension-T03,grabmyo-S015-D2-wrist_extension-T03,15,2,11,3,train,wrist_extension,-8.494826206688401,-4.343968101718857,-9.031221899420926,4.82497566259293,48,wrist_extension,48,1.0,False
grabmyo-S015-D2-wrist_extension-T04,grabmyo-S015-D2-wrist_extension-T04,15,2,11,4,train,wrist_extension,-6.729199577495948,-3.3440139435734326,-6.958648462171735,3.8807843713923007,48,wrist_extension,48,1.0,False
grabmyo-S015-D2-wrist_extension-T05,grabmyo-S015-D2-wrist_extension-T05,15,2,11,5,train,wrist_extension,-18.878267681441738,-10.306990619135794,-15.886735436554536,5.462203212573207,48,wrist_extension,48,1.0,False
grabmyo-S015-D2-wrist_extension-T06,grabmyo-S015-D2-wrist_extension-T06,15,2,11,6,train,wrist_extension,-7.958528957048827,-3.183945880393383,-7.521619977694261,3.9293370854948644,48,wrist_extension,48,1.0,False
grabmyo-S015-D2-wrist_extension-T07,grabmyo-S015-D2-wrist_extension-T07,15,2,11,7,train,wrist_extension,-11.4571132696811,-4.746544219490807,-11.412446106192645,4.832882919602302,48,wrist_extension,48,1.0,False
grabmyo-S015-D2-wrist_flexion-T01,grabmyo-S015-D2-wrist_flexion-T01,15,2,12,1,train,wrist_flexion,-3.495962187551386,-2.898773895224856,2.547000314501082,-1.1647203385664653,48,wrist_flexion,48,1.0,False
grabmyo-S015-D2-wrist_flexion-T02,grabmyo-S015-D2-wrist_flexion-T02,15,2,12,2,train,wrist_flexion,-2.644565282572525,-2.4027275323669928,1.7737693481393284,-1.0484398713896355,48,wrist_flexion,48,1.0,False
grabmyo-S015-D2-wrist_flexion-T03,grabmyo-S015-D2-wrist_flexion-T03,15,2,12,3,train,wrist_flexion,-2.966417674812526,-2.8888952052320036,2.644605306056349,-1.5620680435288758,48,wrist_flexion,48,1.0,False
grabmyo-S015-D2-wrist_flexion-T04,grabmyo-S015-D2-wrist_flexion-T04,15,2,12,4,train,wrist_flexion,-3.1395684548130247,-2.1071378410828765,1.8500619698069236,-1.3407506110964975,48,wrist_flexion,48,1.0,False
grabmyo-S015-D2-wrist_flexion-T05,grabmyo-S015-D2-wrist_flexion-T05,15,2,12,5,train,wrist_flexion,-2.9041090958393583,-2.9308216323856104,2.3414200514634502,-1.3553392878973636,48,wrist_flexion,48,1.0,False
grabmyo-S015-D2-wrist_flexion-T06,grabmyo-S015-D2-wrist_flexion-T06,15,2,12,6,train,wrist_flexion,-2.302747509497341,-2.73685379140344,1.974553925087007,-1.4383354952832443,48,wrist_flexion,48,1.0,False
grabmyo-S015-D2-wrist_flexion-T07,grabmyo-S015-D2-wrist_flexion-T07,15,2,12,7,train,wrist_flexion,-3.071679376194012,-3.04450175639634,2.7511104709571352,-1.4501892770896496,48,wrist_flexion,48,1.0,False
grabmyo-S015-D2-hand_close-T01,grabmyo-S015-D2-hand_close-T01,15,2,16,1,train,hand_close,-1.2502179013039874,-0.43540241998936874,-0.5980672751089338,-1.1009597380786003,48,hand_close,48,1.0,False
grabmyo-S015-D2-hand_close-T02,grabmyo-S015-D2-hand_close-T02,15,2,16,2,train,hand_close,-1.572899356562625,-0.046166724119085505,-1.3638202488134208,-1.1698909648297835,48,hand_close,48,1.0,False
grabmyo-S015-D2-hand_close-T03,grabmyo-S015-D2-hand_close-T03,15,2,16,3,train,hand_close,-0.9967698094453478,0.18509994937669735,-1.4923228723099127,-1.2423791920760463,48,hand_close,48,1.0,False
grabmyo-S015-D2-hand_close-T04,grabmyo-S015-D2-hand_close-T04,15,2,16,4,train,hand_close,-3.413677980158367,0.7974697590218196,-1.3750158390690361,-1.7211025813532455,48,hand_close,48,1.0,False
grabmyo-S015-D2-hand_close-T05,grabmyo-S015-D2-hand_close-T05,15,2,16,5,train,hand_close,-1.0345634183653893,-0.0996152082118469,-1.6012845442679797,-1.0646922649716781,48,hand_close,48,1.0,False
grabmyo-S015-D2-hand_close-T06,grabmyo-S015-D2-hand_close-T06,15,2,16,6,train,hand_close,-1.8130588119387125,0.25405372607521054,-1.7309009379249274,-1.3441389464309765,48,hand_close,48,1.0,False
grabmyo-S015-D2-hand_close-T07,grabmyo-S015-D2-hand_close-T07,15,2,16,7,train,hand_close,-1.7788239644144372,-0.10332630199446557,-0.9607621951201115,-1.1096387573944086,48,hand_close,48,1.0,False
grabmyo-S015-D2-rest-T01,grabmyo-S015-D2-rest-T01,15,2,17,1,train,rest,1.0937759161589693,-1.0327301301330924,-1.5676441983246914,-1.050545375296515,48,rest,48,1.0,False
grabmyo-S015-D2-rest-T02,grabmyo-S015-D2-rest-T02,15,2,17,2,train,rest,1.4242827838974137,-0.5352204806691926,-2.28518191223945,-1.3700003339495825,48,rest,48,1.0,False
grabmyo-S015-D2-rest-T03,grabmyo-S015-D2-rest-T03,15,2,17,3,train,rest,1.0042482853970374,-1.0076314250965699,-1.4013334718156931,-1.2080896218407686,48,rest,48,1.0,False
grabmyo-S015-D2-rest-T04,grabmyo-S015-D2-rest-T04,15,2,17,4,train,rest,1.1543131188956608,-1.3243068291146198,-1.365565975777499,-1.25396815903821,48,rest,48,1.0,False
grabmyo-S015-D2-rest-T05,grabmyo-S015-D2-rest-T05,15,2,17,5,train,rest,1.3507360025577066,-1.2342162113061521,-1.5488062369354954,-1.2806861824236355,48,rest,48,1.0,False
grabmyo-S015-D2-rest-T06,grabmyo-S015-D2-rest-T06,15,2,17,6,train,rest,1.209573519018315,-0.9255289370141808,-1.4902193607594,-1.307364148796525,48,rest,48,1.0,False
grabmyo-S015-D2-rest-T07,grabmyo-S015-D2-rest-T07,15,2,17,7,train,rest,1.1164091368632691,-1.3993078649005313,-1.3304593163889844,-1.4420509850752035,48,rest,48,1.0,False
grabmyo-S016-D2-wrist_extension-T01,grabmyo-S016-D2-wrist_extension-T01,16,2,11,1,train,wrist_extension,-4.216662354708152,-1.951497444173036,-2.7264320809625566,2.5160084793270867,48,wrist_extension,48,1.0,False
grabmyo-S016-D2-wrist_extension-T02,grabmyo-S016-D2-wrist_extension-T02,16,2,11,2,train,wrist_extension,-2.717864165118094,-1.721958775639141,-2.1761946779584607,2.0396475024143443,48,wrist_extension,48,1.0,False
grabmyo-S016-D2-wrist_extension-T03,grabmyo-S016-D2-wrist_extension-T03,16,2,11,3,train,wrist_extension,-5.150822881718655,-2.151079520820235,-2.1125179822648366,2.0855372615781733,48,wrist_extension,48,1.0,False
grabmyo-S016-D2-wrist_extension-T04,grabmyo-S016-D2-wrist_extension-T04,16,2,11,4,train,wrist_extension,-5.343525102414952,-1.9987197597453166,-3.4331679183269306,2.8690427000249454,48,wrist_extension,48,1.0,False
grabmyo-S016-D2-wrist_extension-T05,grabmyo-S016-D2-wrist_extension-T05,16,2,11,5,train,wrist_extension,-5.80025144947616,-2.1950673805802565,-3.141480137897396,2.91943285094874,48,wrist_extension,48,1.0,False
grabmyo-S016-D2-wrist_extension-T06,grabmyo-S016-D2-wrist_extension-T06,16,2,11,6,train,wrist_extension,-6.95883849043781,-2.586846121093552,-3.6578352519183652,2.539577712531472,48,wrist_extension,48,1.0,False
grabmyo-S016-D2-wrist_extension-T07,grabmyo-S016-D2-wrist_extension-T07,16,2,11,7,train,wrist_extension,-5.680533160280049,-2.077306722673124,-4.6920392679352245,3.7239079266161235,48,wrist_extension,48,1.0,False
grabmyo-S016-D2-wrist_flexion-T01,grabmyo-S016-D2-wrist_flexion-T01,16,2,12,1,train,wrist_flexion,-3.169052644134075,-3.5124286905487314,3.5428585222609463,-2.485043840230306,48,wrist_flexion,48,1.0,False
grabmyo-S016-D2-wrist_flexion-T02,grabmyo-S016-D2-wrist_flexion-T02,16,2,12,2,train,wrist_flexion,-2.4660607596329647,-1.8177590641931525,1.708934550578859,-1.9122819616655284,48,wrist_flexion,48,1.0,False
grabmyo-S016-D2-wrist_flexion-T03,grabmyo-S016-D2-wrist_flexion-T03,16,2,12,3,train,wrist_flexion,-3.41110213530318,-3.8076973260257723,4.13445809378348,-2.842306985626689,48,wrist_flexion,48,1.0,False
grabmyo-S016-D2-wrist_flexion-T04,grabmyo-S016-D2-wrist_flexion-T04,16,2,12,4,train,wrist_flexion,-2.70817475254503,-2.515446016543675,2.5524327720498636,-2.300420388937537,48,wrist_flexion,48,1.0,False
grabmyo-S016-D2-wrist_flexion-T05,grabmyo-S016-D2-wrist_flexion-T05,16,2,12,5,train,wrist_flexion,-2.7715985965915966,-1.1954261277163152,1.354479761332188,-1.977937541519103,48,wrist_flexion,48,1.0,False
grabmyo-S016-D2-wrist_flexion-T06,grabmyo-S016-D2-wrist_flexion-T06,16,2,12,6,train,wrist_flexion,-2.7679166596256617,-1.353942600213087,1.31046190876268,-2.116448255857417,48,wrist_flexion,48,1.0,False
grabmyo-S016-D2-wrist_flexion-T07,grabmyo-S016-D2-wrist_flexion-T07,16,2,12,7,train,wrist_flexion,-3.029420863796018,-1.8796971486596232,2.057588625651778,-2.294654688853743,48,wrist_flexion,48,1.0,False
grabmyo-S016-D2-hand_close-T01,grabmyo-S016-D2-hand_close-T01,16,2,16,1,train,hand_close,-3.377142004566134,1.16442351201553,-0.8219326829390169,-2.9407261693945284,48,hand_close,48,1.0,False
grabmyo-S016-D2-hand_close-T02,grabmyo-S016-D2-hand_close-T02,16,2,16,2,train,hand_close,-2.4573883100903906,0.608275510211573,-0.9964011103207836,-1.9142174608525577,48,hand_close,48,1.0,False
grabmyo-S016-D2-hand_close-T03,grabmyo-S016-D2-hand_close-T03,16,2,16,3,train,hand_close,-4.704298709398118,1.4541967504347577,-0.6614214457553641,-3.388871396205795,48,hand_close,48,1.0,False
grabmyo-S016-D2-hand_close-T04,grabmyo-S016-D2-hand_close-T04,16,2,16,4,train,hand_close,-4.35905411360796,1.0311010912504306,-0.49470803325227014,-3.0004542191421923,48,hand_close,48,1.0,False
grabmyo-S016-D2-hand_close-T05,grabmyo-S016-D2-hand_close-T05,16,2,16,5,train,hand_close,-3.4168326927662727,1.1332396623322625,-0.9364911107004273,-2.7159656701229378,48,hand_close,48,1.0,False
grabmyo-S016-D2-hand_close-T06,grabmyo-S016-D2-hand_close-T06,16,2,16,6,train,hand_close,-5.389168297208584,1.344536712696373,-0.7672320219610219,-3.344928737638947,48,hand_close,48,1.0,False
grabmyo-S016-D2-hand_close-T07,grabmyo-S016-D2-hand_close-T07,16,2,16,7,train,hand_close,-4.311850546313112,1.4248429709701256,-1.163367761460785,-2.9823135640985647,48,hand_close,48,1.0,False
grabmyo-S016-D2-rest-T01,grabmyo-S016-D2-rest-T01,16,2,17,1,train,rest,1.1080103002147366,-1.3556986758391592,-1.5319119910833399,-1.3139291549739405,48,rest,48,1.0,False
grabmyo-S016-D2-rest-T02,grabmyo-S016-D2-rest-T02,16,2,17,2,train,rest,0.9670721716517271,-0.70555428968869,-1.6661340072499975,-1.7461690882931047,48,rest,48,1.0,False
grabmyo-S016-D2-rest-T03,grabmyo-S016-D2-rest-T03,16,2,17,3,train,rest,1.173907974043971,-1.3702359901023993,-1.3846941618513642,-1.3359065503821344,48,rest,48,1.0,False
grabmyo-S016-D2-rest-T04,grabmyo-S016-D2-rest-T04,16,2,17,4,train,rest,1.204392758475651,-1.1459650028783546,-1.45637553908458,-1.4401744984301625,48,rest,48,1.0,False
grabmyo-S016-D2-rest-T05,grabmyo-S016-D2-rest-T05,16,2,17,5,train,rest,0.9662587149491472,-0.953402245693396,-1.8700554954255342,-1.3207466614760015,48,rest,48,1.0,False
grabmyo-S016-D2-rest-T06,grabmyo-S016-D2-rest-T06,16,2,17,6,train,rest,1.1489790453601507,-1.2532716715306345,-1.8157144491015094,-1.0467288103832044,48,rest,48,1.0,False
grabmyo-S016-D2-rest-T07,grabmyo-S016-D2-rest-T07,16,2,17,7,train,rest,1.0333906418071008,-1.5115120065852092,-1.7044439276114292,-1.5555262919044166,48,rest,48,1.0,False
grabmyo-S017-D2-wrist_extension-T01,grabmyo-S017-D2-wrist_extension-T01,17,2,11,1,train,wrist_extension,-3.8546112812554623,-1.2580010969266575,-2.986638527860069,2.1426107574166102,48,wrist_extension,48,1.0,False
grabmyo-S017-D2-wrist_extension-T02,grabmyo-S017-D2-wrist_extension-T02,17,2,11,2,train,wrist_extension,-3.5737223262819016,-1.344524433803706,-3.103473672699156,1.7910270769817827,48,wrist_extension,48,1.0,False
grabmyo-S017-D2-wrist_extension-T03,grabmyo-S017-D2-wrist_extension-T03,17,2,11,3,train,wrist_extension,-4.133675945088562,-1.168479436139767,-3.391750300422933,2.0541628953875177,48,wrist_extension,48,1.0,False
grabmyo-S017-D2-wrist_extension-T04,grabmyo-S017-D2-wrist_extension-T04,17,2,11,4,train,wrist_extension,-2.9643912836913366,-1.2476920061387335,-2.836316219579031,1.7546032653876882,48,wrist_extension,48,1.0,False
grabmyo-S017-D2-wrist_extension-T05,grabmyo-S017-D2-wrist_extension-T05,17,2,11,5,train,wrist_extension,-1.9166920646941126,-1.0896817621895634,-2.652092983610727,1.1587785707437706,48,wrist_extension,48,1.0,False
grabmyo-S017-D2-wrist_extension-T06,grabmyo-S017-D2-wrist_extension-T06,17,2,11,6,train,wrist_extension,-4.107053400428156,-1.5304684221540275,-3.205913791398053,2.084621960798065,48,wrist_extension,48,1.0,False
grabmyo-S017-D2-wrist_extension-T07,grabmyo-S017-D2-wrist_extension-T07,17,2,11,7,train,wrist_extension,-0.8756378718049763,-1.1166042032703762,-2.2563270082537854,0.8930948578729576,48,wrist_extension,48,1.0,False
grabmyo-S017-D2-wrist_flexion-T01,grabmyo-S017-D2-wrist_flexion-T01,17,2,12,1,train,wrist_flexion,-0.7727463821018371,-0.9254641237974788,0.0888380574810872,-1.134510231431695,48,wrist_flexion,48,1.0,False
grabmyo-S017-D2-wrist_flexion-T02,grabmyo-S017-D2-wrist_flexion-T02,17,2,12,2,train,wrist_flexion,-0.7427807674027379,-1.1814649856624386,0.16255017083438364,-0.985808691870024,48,wrist_flexion,48,1.0,False
grabmyo-S017-D2-wrist_flexion-T03,grabmyo-S017-D2-wrist_flexion-T03,17,2,12,3,train,wrist_flexion,-0.6048371945482877,-1.8114435315103277,0.6687165762804707,-1.3009425367276892,48,wrist_flexion,48,1.0,False
grabmyo-S017-D2-wrist_flexion-T04,grabmyo-S017-D2-wrist_flexion-T04,17,2,12,4,train,wrist_flexion,-0.17189007968292494,-1.3671785465429773,0.022922612990850143,-1.017891467015639,48,wrist_flexion,48,1.0,False
grabmyo-S017-D2-wrist_flexion-T05,grabmyo-S017-D2-wrist_flexion-T05,17,2,12,5,train,wrist_flexion,-0.44012390401939067,-0.926174359221982,-0.25110735030531667,-1.4662036537794998,48,wrist_flexion,48,1.0,False
grabmyo-S017-D2-wrist_flexion-T06,grabmyo-S017-D2-wrist_flexion-T06,17,2,12,6,train,wrist_flexion,-0.503159554958982,-1.4782991184707008,0.10718081809407533,-1.309124451905103,48,wrist_flexion,48,1.0,False
grabmyo-S017-D2-wrist_flexion-T07,grabmyo-S017-D2-wrist_flexion-T07,17,2,12,7,train,wrist_flexion,-0.43884701893597255,-0.7319522196729008,-0.22896804037779295,-1.2121751242993968,48,wrist_flexion,48,1.0,False
grabmyo-S017-D2-hand_close-T01,grabmyo-S017-D2-hand_close-T01,17,2,16,1,train,hand_close,-3.648072282081261,4.351891888123311,-4.420712393025269,-3.147698840291063,48,hand_close,48,1.0,False
grabmyo-S017-D2-hand_close-T02,grabmyo-S017-D2-hand_close-T02,17,2,16,2,train,hand_close,-3.8968094437704686,4.335992888985496,-4.338212798167842,-3.2670662386055334,48,hand_close,48,1.0,False
grabmyo-S017-D2-hand_close-T03,grabmyo-S017-D2-hand_close-T03,17,2,16,3,train,hand_close,-4.294289694474945,4.468541386164106,-3.6657161730285073,-4.166375471945456,48,hand_close,48,1.0,False
grabmyo-S017-D2-hand_close-T04,grabmyo-S017-D2-hand_close-T04,17,2,16,4,train,hand_close,-3.388659943373605,4.155501378509691,-4.440221950284237,-3.3792143597925057,48,hand_close,48,1.0,False
grabmyo-S017-D2-hand_close-T05,grabmyo-S017-D2-hand_close-T05,17,2,16,5,train,hand_close,-2.92995691450494,4.442504311460239,-4.109799478661944,-3.979510258313299,48,hand_close,48,1.0,False
grabmyo-S017-D2-hand_close-T06,grabmyo-S017-D2-hand_close-T06,17,2,16,6,train,hand_close,-2.1889054068642557,3.2368803209668697,-4.1746242703169845,-2.379116446089157,48,hand_close,48,1.0,False
grabmyo-S017-D2-hand_close-T07,grabmyo-S017-D2-hand_close-T07,17,2,16,7,train,hand_close,-2.2989323408453344,3.650143714210987,-4.296842645521608,-2.8695241002223377,48,hand_close,48,1.0,False
grabmyo-S017-D2-rest-T01,grabmyo-S017-D2-rest-T01,17,2,17,1,train,rest,1.2073378634109597,-1.3464785013885774,-1.3000268122762069,-1.014817864154989,48,rest,48,1.0,False
grabmyo-S017-D2-rest-T02,grabmyo-S017-D2-rest-T02,17,2,17,2,train,rest,1.0802849675992436,-1.3169960874741031,-1.3941005663053045,-0.7993172995276514,48,rest,48,1.0,False
grabmyo-S017-D2-rest-T03,grabmyo-S017-D2-rest-T03,17,2,17,3,train,rest,0.96575958335908,-1.158435636260519,-1.5712625502150956,-0.6062353295619961,48,rest,48,1.0,False
grabmyo-S017-D2-rest-T04,grabmyo-S017-D2-rest-T04,17,2,17,4,train,rest,1.1455782108378232,-1.2361011128086086,-1.3801770743007413,-0.8596770522578231,48,rest,48,1.0,False
grabmyo-S017-D2-rest-T05,grabmyo-S017-D2-rest-T05,17,2,17,5,train,rest,1.2400293859895966,-1.2394758602457254,-1.5505072130274618,-0.9328320844184632,48,rest,48,1.0,False
grabmyo-S017-D2-rest-T06,grabmyo-S017-D2-rest-T06,17,2,17,6,train,rest,1.2685416249974004,-1.1414835669205858,-1.661190599264545,-0.9503006144587731,48,rest,48,1.0,False
grabmyo-S017-D2-rest-T07,grabmyo-S017-D2-rest-T07,17,2,17,7,train,rest,1.189049690340574,-1.1382092839473914,-1.4618102140388494,-0.9333014468364237,48,rest,48,1.0,False
grabmyo-S018-D2-wrist_extension-T01,grabmyo-S018-D2-wrist_extension-T01,18,2,11,1,train,wrist_extension,-8.678368223128745,-3.3381285397991896,-7.102352206616993,2.2079570346555752,48,wrist_extension,48,1.0,False
grabmyo-S018-D2-wrist_extension-T02,grabmyo-S018-D2-wrist_extension-T02,18,2,11,2,train,wrist_extension,-7.661775468474726,-3.3085719022637554,-5.22339698669223,2.668484292859942,48,wrist_extension,48,1.0,False
grabmyo-S018-D2-wrist_extension-T03,grabmyo-S018-D2-wrist_extension-T03,18,2,11,3,train,wrist_extension,-7.131623960866477,-3.335571876514573,-4.974968707986822,1.8574484889763214,48,wrist_extension,48,1.0,False
grabmyo-S018-D2-wrist_extension-T04,grabmyo-S018-D2-wrist_extension-T04,18,2,11,4,train,wrist_extension,-10.10914231261629,-5.145973989942107,-8.656233581951012,3.6883855390425926,48,wrist_extension,48,1.0,False
grabmyo-S018-D2-wrist_extension-T05,grabmyo-S018-D2-wrist_extension-T05,18,2,11,5,train,wrist_extension,-8.63789530116233,-2.6628156092619037,-6.198958762341975,2.8484408157959042,48,wrist_extension,48,1.0,False
grabmyo-S018-D2-wrist_extension-T06,grabmyo-S018-D2-wrist_extension-T06,18,2,11,6,train,wrist_extension,-11.222818152877027,-5.015463221913307,-11.39620648144154,3.16622651939268,48,wrist_extension,48,1.0,False
grabmyo-S018-D2-wrist_extension-T07,grabmyo-S018-D2-wrist_extension-T07,18,2,11,7,train,wrist_extension,-11.887557521442842,-4.801181177938221,-8.9158159732686,3.309963458338384,48,wrist_extension,48,1.0,False
grabmyo-S018-D2-wrist_flexion-T01,grabmyo-S018-D2-wrist_flexion-T01,18,2,12,1,train,wrist_flexion,-4.622932183273288,-2.982553124413744,3.1762918336213333,-3.8507694042901037,48,wrist_flexion,48,1.0,False
grabmyo-S018-D2-wrist_flexion-T02,grabmyo-S018-D2-wrist_flexion-T02,18,2,12,2,train,wrist_flexion,-4.713468164957718,-3.57425544000522,3.797412622150571,-4.467930908203235,48,wrist_flexion,48,1.0,False
grabmyo-S018-D2-wrist_flexion-T03,grabmyo-S018-D2-wrist_flexion-T03,18,2,12,3,train,wrist_flexion,-5.263413262108991,-4.305620404020589,4.97340953274836,-3.7033189546606757,48,wrist_flexion,48,1.0,False
grabmyo-S018-D2-wrist_flexion-T04,grabmyo-S018-D2-wrist_flexion-T04,18,2,12,4,train,wrist_flexion,-5.772127440291864,-3.749147204169738,4.553314203102331,-3.9536317771688094,48,wrist_flexion,48,1.0,False
grabmyo-S018-D2-wrist_flexion-T05,grabmyo-S018-D2-wrist_flexion-T05,18,2,12,5,train,wrist_flexion,-6.093666098483201,-3.113147546340228,3.407906210210949,-3.4257100640408336,48,wrist_flexion,48,1.0,False
grabmyo-S018-D2-wrist_flexion-T06,grabmyo-S018-D2-wrist_flexion-T06,18,2,12,6,train,wrist_flexion,-3.7033191859149923,-3.0033527195952616,3.779542288867962,-3.0673445022141252,48,wrist_flexion,48,1.0,False
grabmyo-S018-D2-wrist_flexion-T07,grabmyo-S018-D2-wrist_flexion-T07,18,2,12,7,train,wrist_flexion,-4.592859544293599,-4.137905620660237,4.911089859874249,-3.6998898052197156,48,wrist_flexion,48,1.0,False
grabmyo-S018-D2-hand_close-T01,grabmyo-S018-D2-hand_close-T01,18,2,16,1,train,hand_close,-9.71803846795282,7.896549979470039,-4.759198901716004,-7.192440893789583,48,hand_close,48,1.0,False
grabmyo-S018-D2-hand_close-T02,grabmyo-S018-D2-hand_close-T02,18,2,16,2,train,hand_close,-9.486525042892167,8.207354708371904,-5.166689993278093,-7.322650832456795,48,hand_close,48,1.0,False
grabmyo-S018-D2-hand_close-T03,grabmyo-S018-D2-hand_close-T03,18,2,16,3,train,hand_close,-13.363396721995487,10.190021338105186,-7.547057542059757,-13.993522298788307,48,hand_close,48,1.0,False
grabmyo-S018-D2-hand_close-T04,grabmyo-S018-D2-hand_close-T04,18,2,16,4,train,hand_close,-10.970247761797623,8.228198418691184,-5.250166240508448,-8.162488552920069,48,hand_close,48,1.0,False
grabmyo-S018-D2-hand_close-T05,grabmyo-S018-D2-hand_close-T05,18,2,16,5,train,hand_close,-8.318264375458993,6.331112740019466,-3.451653176900115,-5.640915891451858,48,hand_close,48,1.0,False
grabmyo-S018-D2-hand_close-T06,grabmyo-S018-D2-hand_close-T06,18,2,16,6,train,hand_close,-11.060015822701759,8.910499915370965,-5.2508968101476485,-9.348634154893153,48,hand_close,48,1.0,False
grabmyo-S018-D2-hand_close-T07,grabmyo-S018-D2-hand_close-T07,18,2,16,7,train,hand_close,-9.605979760078744,6.492241454162568,-3.9551955300493087,-6.182763978885604,48,hand_close,48,1.0,False
grabmyo-S018-D2-rest-T01,grabmyo-S018-D2-rest-T01,18,2,17,1,train,rest,1.302827099757898,-1.4260425221374147,-0.9651883360133121,-1.7167285427277044,48,rest,48,1.0,False
grabmyo-S018-D2-rest-T02,grabmyo-S018-D2-rest-T02,18,2,17,2,train,rest,0.8109382853230079,-1.1849860474991618,-0.9732749320674413,-1.1539859201220495,48,rest,48,1.0,False
grabmyo-S018-D2-rest-T03,grabmyo-S018-D2-rest-T03,18,2,17,3,train,rest,1.260424991078767,-2.1297819629195964,-0.4548095382183086,-1.8455163240561472,48,rest,48,1.0,False
grabmyo-S018-D2-rest-T04,grabmyo-S018-D2-rest-T04,18,2,17,4,train,rest,1.0262159556898336,-1.4083462435368552,-0.7602902247624982,-1.3386614312612615,48,rest,48,1.0,False
grabmyo-S018-D2-rest-T05,grabmyo-S018-D2-rest-T05,18,2,17,5,train,rest,0.8785874174068101,-1.292824806492651,-0.534294332561134,-1.4853428947291458,48,rest,48,1.0,False
grabmyo-S018-D2-rest-T06,grabmyo-S018-D2-rest-T06,18,2,17,6,train,rest,0.7494990900962013,-1.1629793300040838,-0.7548427039235851,-1.0279487387517579,48,rest,48,1.0,False
grabmyo-S018-D2-rest-T07,grabmyo-S018-D2-rest-T07,18,2,17,7,train,rest,0.6962444162836082,-1.2528290936044555,-0.3860261345025551,-1.316569451093854,48,rest,48,1.0,False
grabmyo-S019-D2-wrist_extension-T01,grabmyo-S019-D2-wrist_extension-T01,19,2,11,1,train,wrist_extension,-4.918242357282751,-1.6180525050378292,-2.748530174359631,2.0034418460574535,48,wrist_extension,48,1.0,False
grabmyo-S019-D2-wrist_extension-T02,grabmyo-S019-D2-wrist_extension-T02,19,2,11,2,train,wrist_extension,-4.859576379345222,-1.7495724034950275,-2.7909163438052453,2.265820861801823,48,wrist_extension,48,1.0,False
grabmyo-S019-D2-wrist_extension-T03,grabmyo-S019-D2-wrist_extension-T03,19,2,11,3,train,wrist_extension,-5.858063281897052,-2.0889009431687766,-3.6122138727216506,2.55735858000145,48,wrist_extension,48,1.0,False
grabmyo-S019-D2-wrist_extension-T04,grabmyo-S019-D2-wrist_extension-T04,19,2,11,4,train,wrist_extension,-6.1815381302216785,-1.8356813605264186,-5.136893130548011,2.639898790719595,48,wrist_extension,48,1.0,False
grabmyo-S019-D2-wrist_extension-T05,grabmyo-S019-D2-wrist_extension-T05,19,2,11,5,train,wrist_extension,-6.290253934791313,-2.3832752807050688,-2.3891292739853607,2.4398175116479233,48,wrist_extension,48,1.0,False
grabmyo-S019-D2-wrist_extension-T06,grabmyo-S019-D2-wrist_extension-T06,19,2,11,6,train,wrist_extension,-5.872261855551824,-2.1532045011733527,-3.066698935285114,2.4001070290574993,48,wrist_extension,48,1.0,False
grabmyo-S019-D2-wrist_extension-T07,grabmyo-S019-D2-wrist_extension-T07,19,2,11,7,train,wrist_extension,-5.406128822296061,-1.8087242742497571,-3.0088836101496006,2.360688900062598,48,wrist_extension,48,1.0,False
grabmyo-S019-D2-wrist_flexion-T01,grabmyo-S019-D2-wrist_flexion-T01,19,2,12,1,train,wrist_flexion,-3.4359585278656914,-2.5373754661474686,2.4261046166161875,-1.3603421925703056,48,wrist_flexion,48,1.0,False
grabmyo-S019-D2-wrist_flexion-T02,grabmyo-S019-D2-wrist_flexion-T02,19,2,12,2,train,wrist_flexion,-1.6970231888591265,-1.4049711346800506,0.35223672172903026,-1.009373159972195,48,wrist_flexion,48,1.0,False
grabmyo-S019-D2-wrist_flexion-T03,grabmyo-S019-D2-wrist_flexion-T03,19,2,12,3,train,wrist_flexion,-2.2557077382668296,-1.522940414453206,0.4467286895473956,-0.9386025511803565,48,wrist_flexion,48,1.0,False
grabmyo-S019-D2-wrist_flexion-T04,grabmyo-S019-D2-wrist_flexion-T04,19,2,12,4,train,wrist_flexion,-3.447481153817264,-2.779001851064326,1.792053977821573,-0.5829669011976024,48,wrist_flexion,48,1.0,False
grabmyo-S019-D2-wrist_flexion-T05,grabmyo-S019-D2-wrist_flexion-T05,19,2,12,5,train,wrist_flexion,-5.721179043830727,-3.9619434568794247,4.254082413920764,-1.5581506491367747,48,wrist_flexion,48,1.0,False
grabmyo-S019-D2-wrist_flexion-T06,grabmyo-S019-D2-wrist_flexion-T06,19,2,12,6,train,wrist_flexion,-6.247131773268721,-3.1192738888804077,2.1758380070011625,-0.8286571271683355,48,wrist_flexion,48,1.0,False
grabmyo-S019-D2-wrist_flexion-T07,grabmyo-S019-D2-wrist_flexion-T07,19,2,12,7,train,wrist_flexion,-4.0215765246322075,-2.964671469973004,2.6203563652252844,-0.9880105277164528,48,wrist_flexion,48,1.0,False
grabmyo-S019-D2-hand_close-T01,grabmyo-S019-D2-hand_close-T01,19,2,16,1,train,hand_close,-8.199620107929354,6.608484258781602,-4.476345029202828,-4.972868221702139,48,hand_close,48,1.0,False
grabmyo-S019-D2-hand_close-T02,grabmyo-S019-D2-hand_close-T02,19,2,16,2,train,hand_close,-10.51800381944818,8.433020163392154,-6.302810372102704,-5.961186235004124,48,hand_close,48,1.0,False
grabmyo-S019-D2-hand_close-T03,grabmyo-S019-D2-hand_close-T03,19,2,16,3,train,hand_close,-14.487187458756319,11.182927438907958,-10.404988360097128,-7.731349908946796,48,hand_close,48,1.0,False
grabmyo-S019-D2-hand_close-T04,grabmyo-S019-D2-hand_close-T04,19,2,16,4,train,hand_close,-11.738451249784488,11.024378820055732,-7.203727054412313,-7.001216062304281,48,hand_close,48,1.0,False
grabmyo-S019-D2-hand_close-T05,grabmyo-S019-D2-hand_close-T05,19,2,16,5,train,hand_close,-16.858337958532157,14.724724064858945,-8.617576567485775,-11.751524448445247,48,hand_close,48,1.0,False
grabmyo-S019-D2-hand_close-T06,grabmyo-S019-D2-hand_close-T06,19,2,16,6,train,hand_close,-18.53598070881869,18.557500432045313,-8.395468753015267,-16.238363583323274,48,hand_close,48,1.0,False
grabmyo-S019-D2-hand_close-T07,grabmyo-S019-D2-hand_close-T07,19,2,16,7,train,hand_close,-14.386461439583462,13.708314954391426,-7.546092807764098,-10.646537033350373,48,hand_close,48,1.0,False
grabmyo-S019-D2-rest-T01,grabmyo-S019-D2-rest-T01,19,2,17,1,train,rest,0.6414664249233405,-1.384930185690522,-1.1810362047966196,-0.9781288155230667,48,rest,48,1.0,False
grabmyo-S019-D2-rest-T02,grabmyo-S019-D2-rest-T02,19,2,17,2,train,rest,0.24866317358681989,-1.4531701636000236,-0.9712003069260867,-0.6395797898578115,48,rest,48,1.0,False
grabmyo-S019-D2-rest-T03,grabmyo-S019-D2-rest-T03,19,2,17,3,train,rest,0.6533692794130951,-1.1947884270285833,-1.2045096979697527,-0.9089781185339071,48,rest,48,1.0,False
grabmyo-S019-D2-rest-T04,grabmyo-S019-D2-rest-T04,19,2,17,4,train,rest,0.4160208057114498,-1.277086383677257,-1.0212411473462095,-0.8013287195819597,48,rest,48,1.0,False
grabmyo-S019-D2-rest-T05,grabmyo-S019-D2-rest-T05,19,2,17,5,train,rest,0.7948101300649263,-1.4910924335714577,-1.2971443052268345,-1.0274869324575404,48,rest,48,1.0,False
grabmyo-S019-D2-rest-T06,grabmyo-S019-D2-rest-T06,19,2,17,6,train,rest,0.8943029523762922,-1.2323185850035554,-1.3529528650369798,-0.9280394773218608,48,rest,48,1.0,False
grabmyo-S019-D2-rest-T07,grabmyo-S019-D2-rest-T07,19,2,17,7,train,rest,1.0718134375323694,-1.2390018385842871,-1.4885609522996919,-0.9257418944685724,48,rest,48,1.0,False
grabmyo-S020-D2-wrist_extension-T01,grabmyo-S020-D2-wrist_extension-T01,20,2,11,1,train,wrist_extension,-5.398805922992526,-2.161258960088728,-5.634623634307213,3.932115923882988,48,wrist_extension,48,1.0,False
grabmyo-S020-D2-wrist_extension-T02,grabmyo-S020-D2-wrist_extension-T02,20,2,11,2,train,wrist_extension,-7.3762293654917706,-3.4567477612690856,-6.517633719384743,4.740706328570386,48,wrist_extension,48,1.0,False
grabmyo-S020-D2-wrist_extension-T03,grabmyo-S020-D2-wrist_extension-T03,20,2,11,3,train,wrist_extension,-6.650190404693286,-2.171998366783036,-6.7236992438965375,3.9355258292082875,48,wrist_extension,48,1.0,False
grabmyo-S020-D2-wrist_extension-T04,grabmyo-S020-D2-wrist_extension-T04,20,2,11,4,train,wrist_extension,-5.488329447399987,-1.9802436626366198,-5.3873572984369185,3.565999514429665,48,wrist_extension,48,1.0,False
grabmyo-S020-D2-wrist_extension-T05,grabmyo-S020-D2-wrist_extension-T05,20,2,11,5,train,wrist_extension,-4.7082347131968785,-2.121450025791383,-4.4063974944944215,3.135205051504206,48,wrist_extension,48,1.0,False
grabmyo-S020-D2-wrist_extension-T06,grabmyo-S020-D2-wrist_extension-T06,20,2,11,6,train,wrist_extension,-6.638196324029092,-2.446921981292402,-6.0294159096556035,4.086587561853251,48,wrist_extension,48,1.0,False
grabmyo-S020-D2-wrist_extension-T07,grabmyo-S020-D2-wrist_extension-T07,20,2,11,7,train,wrist_extension,-7.1446341404106875,-2.814111546654892,-6.440630262607061,4.448487391642726,48,wrist_extension,48,1.0,False
grabmyo-S020-D2-wrist_flexion-T01,grabmyo-S020-D2-wrist_flexion-T01,20,2,12,1,train,wrist_flexion,-2.697661287256132,-0.24937989954567732,-0.7584401654796077,-1.1990749622304662,48,hand_close,48,1.0,False
grabmyo-S020-D2-wrist_flexion-T02,grabmyo-S020-D2-wrist_flexion-T02,20,2,12,2,train,wrist_flexion,-2.4848508397841935,-0.0023819651224259394,-0.5044928021236846,-1.2711428578326893,48,hand_close,48,1.0,False
grabmyo-S020-D2-wrist_flexion-T03,grabmyo-S020-D2-wrist_flexion-T03,20,2,12,3,train,wrist_flexion,-3.124041784384902,-0.17693496227337582,-0.47336632276199414,-1.2920284375385032,48,hand_close,48,1.0,False
grabmyo-S020-D2-wrist_flexion-T04,grabmyo-S020-D2-wrist_flexion-T04,20,2,12,4,train,wrist_flexion,-2.8071586053426327,-0.03359220614590847,-0.39973775961366975,-1.1890569034999736,48,hand_close,48,1.0,False
grabmyo-S020-D2-wrist_flexion-T05,grabmyo-S020-D2-wrist_flexion-T05,20,2,12,5,train,wrist_flexion,-2.406729170482064,-0.17263760453423627,-1.0534783596469985,-1.0085968828301275,48,hand_close,48,1.0,False
grabmyo-S020-D2-wrist_flexion-T06,grabmyo-S020-D2-wrist_flexion-T06,20,2,12,6,train,wrist_flexion,-1.9677616999100431,-0.4973616310220838,-0.3164240859440916,-1.2669211085852308,48,wrist_flexion,48,1.0,False
grabmyo-S020-D2-wrist_flexion-T07,grabmyo-S020-D2-wrist_flexion-T07,20,2,12,7,train,wrist_flexion,-2.4822384458179965,-0.20207758458921335,-0.7575677191562143,-1.0694044881227784,48,hand_close,48,1.0,False
grabmyo-S020-D2-hand_close-T01,grabmyo-S020-D2-hand_close-T01,20,2,16,1,train,hand_close,-2.2644761706252337,1.460461960195329,-1.7033636277176705,-1.6652808485214565,48,hand_close,48,1.0,False
grabmyo-S020-D2-hand_close-T02,grabmyo-S020-D2-hand_close-T02,20,2,16,2,train,hand_close,-1.7025559281728195,1.953914260784319,-2.263272250275246,-1.6525976303813028,48,hand_close,48,1.0,False
grabmyo-S020-D2-hand_close-T03,grabmyo-S020-D2-hand_close-T03,20,2,16,3,train,hand_close,-1.0315905608869587,0.9767107637950762,-1.5794638383181614,-1.4046032524969252,48,hand_close,48,1.0,False
grabmyo-S020-D2-hand_close-T04,grabmyo-S020-D2-hand_close-T04,20,2,16,4,train,hand_close,-1.9074846935045586,0.9881878962351837,-1.5351634201884428,-1.4142842012344783,48,hand_close,48,1.0,False
grabmyo-S020-D2-hand_close-T05,grabmyo-S020-D2-hand_close-T05,20,2,16,5,train,hand_close,-2.3768181330886677,1.128527868944844,-1.4870971525425258,-1.3127576485457615,48,hand_close,48,1.0,False
grabmyo-S020-D2-hand_close-T06,grabmyo-S020-D2-hand_close-T06,20,2,16,6,train,hand_close,-2.187004753057053,1.6751733333369312,-1.721476557814424,-1.6182076858397847,48,hand_close,48,1.0,False
grabmyo-S020-D2-hand_close-T07,grabmyo-S020-D2-hand_close-T07,20,2,16,7,train,hand_close,-1.2563854953657296,0.7067217539949667,-1.565387403893616,-1.3346826716568803,48,hand_close,48,1.0,False
grabmyo-S020-D2-rest-T01,grabmyo-S020-D2-rest-T01,20,2,17,1,train,rest,1.156905904912439,-1.375975653250108,-1.41916237663919,-1.0721196807535087,48,rest,48,1.0,False
grabmyo-S020-D2-rest-T02,grabmyo-S020-D2-rest-T02,20,2,17,2,train,rest,1.1820870838825288,-1.0603078143816178,-1.8350219208012737,-1.239401493224779,48,rest,48,1.0,False
grabmyo-S020-D2-rest-T03,grabmyo-S020-D2-rest-T03,20,2,17,3,train,rest,0.6696132240369642,0.16451511189588194,-1.7746109200960036,-1.5528790909430346,48,rest,48,1.0,False
grabmyo-S020-D2-rest-T04,grabmyo-S020-D2-rest-T04,20,2,17,4,train,rest,0.877326740790311,-0.14546114592015888,-2.1640435558602573,-1.266459527124662,48,rest,48,1.0,False
grabmyo-S020-D2-rest-T05,grabmyo-S020-D2-rest-T05,20,2,17,5,train,rest,0.9958014897516979,-0.4386890524911047,-1.812378939075374,-1.333250974764882,48,rest,48,1.0,False
grabmyo-S020-D2-rest-T06,grabmyo-S020-D2-rest-T06,20,2,17,6,train,rest,1.192283896435328,-0.9882466327772712,-1.637185783006281,-1.1943902347407438,48,rest,48,1.0,False
grabmyo-S020-D2-rest-T07,grabmyo-S020-D2-rest-T07,20,2,17,7,train,rest,1.2184140794061091,-1.1799972561122298,-1.5496742732499034,-1.1509401506486503,48,rest,48,1.0,False
grabmyo-S021-D2-wrist_extension-T01,grabmyo-S021-D2-wrist_extension-T01,21,2,11,1,train,wrist_extension,-7.121193287053159,-3.318011434550694,-3.3212702335159165,3.9008314595608504,48,wrist_extension,48,1.0,False
grabmyo-S021-D2-wrist_extension-T02,grabmyo-S021-D2-wrist_extension-T02,21,2,11,2,train,wrist_extension,-5.997895860188934,-3.1736256638362885,-2.2541115605854585,3.639231171190357,48,wrist_extension,48,1.0,False
grabmyo-S021-D2-wrist_extension-T03,grabmyo-S021-D2-wrist_extension-T03,21,2,11,3,train,wrist_extension,-3.9141569419022146,-2.502844726167074,-1.0916376243386814,2.597003916079982,48,wrist_extension,48,1.0,False
grabmyo-S021-D2-wrist_extension-T04,grabmyo-S021-D2-wrist_extension-T04,21,2,11,4,train,wrist_extension,-4.615190769934664,-2.6762623002447943,-1.526277177506181,2.9266488035565033,48,wrist_extension,48,1.0,False
grabmyo-S021-D2-wrist_extension-T05,grabmyo-S021-D2-wrist_extension-T05,21,2,11,5,train,wrist_extension,-5.41872803657373,-2.825635711205122,-1.2015340061061244,2.4781399543204397,48,wrist_extension,48,1.0,False
grabmyo-S021-D2-wrist_extension-T06,grabmyo-S021-D2-wrist_extension-T06,21,2,11,6,train,wrist_extension,-3.1818842762899338,-2.400826324492346,-0.008967115401611811,1.4173588521297553,48,wrist_extension,48,1.0,False
grabmyo-S021-D2-wrist_extension-T07,grabmyo-S021-D2-wrist_extension-T07,21,2,11,7,train,wrist_extension,-5.177530813227555,-2.467806660127716,-1.1901549523540393,2.446459181693087,48,wrist_extension,48,1.0,False
grabmyo-S021-D2-wrist_flexion-T01,grabmyo-S021-D2-wrist_flexion-T01,21,2,12,1,train,wrist_flexion,-3.114537011005053,-3.082239192111269,4.358704503371758,-2.258102835624611,48,wrist_flexion,48,1.0,False
grabmyo-S021-D2-wrist_flexion-T02,grabmyo-S021-D2-wrist_flexion-T02,21,2,12,2,train,wrist_flexion,-2.97323352431216,-3.22680245500329,4.630800013609656,-2.2917262319055163,48,wrist_flexion,48,1.0,False
grabmyo-S021-D2-wrist_flexion-T03,grabmyo-S021-D2-wrist_flexion-T03,21,2,12,3,train,wrist_flexion,-2.775165228169803,-2.782968355035676,4.040031080740961,-2.061014465258349,48,wrist_flexion,48,1.0,False
grabmyo-S021-D2-wrist_flexion-T04,grabmyo-S021-D2-wrist_flexion-T04,21,2,12,4,train,wrist_flexion,-3.8242740335104894,-3.569583572235246,5.507155850665812,-2.643719171937149,48,wrist_flexion,48,1.0,False
grabmyo-S021-D2-wrist_flexion-T05,grabmyo-S021-D2-wrist_flexion-T05,21,2,12,5,train,wrist_flexion,-3.1435737635735204,-3.379670809038694,4.656732760758058,-2.2302532737993666,48,wrist_flexion,48,1.0,False
grabmyo-S021-D2-wrist_flexion-T06,grabmyo-S021-D2-wrist_flexion-T06,21,2,12,6,train,wrist_flexion,-2.9154596130425574,-2.7875510377920576,4.0163977965167055,-2.1525092232880874,48,wrist_flexion,48,1.0,False
grabmyo-S021-D2-wrist_flexion-T07,grabmyo-S021-D2-wrist_flexion-T07,21,2,12,7,train,wrist_flexion,-2.876638583506473,-3.1401050252890994,3.444585755013517,-2.0433050173201392,48,wrist_flexion,48,1.0,False
grabmyo-S021-D2-hand_close-T01,grabmyo-S021-D2-hand_close-T01,21,2,16,1,train,hand_close,-1.1663783219014106,1.1774266439703707,-1.9817033426041573,-1.565776763068525,48,hand_close,48,1.0,False
grabmyo-S021-D2-hand_close-T02,grabmyo-S021-D2-hand_close-T02,21,2,16,2,train,hand_close,-3.848400777285408,2.2944479463174603,-1.9743387595696262,-2.4765108517189196,48,hand_close,48,1.0,False
grabmyo-S021-D2-hand_close-T03,grabmyo-S021-D2-hand_close-T03,21,2,16,3,train,hand_close,-1.493677740329087,1.508035440595769,-2.235013414958535,-1.6184310693149075,48,hand_close,48,1.0,False
grabmyo-S021-D2-hand_close-T04,grabmyo-S021-D2-hand_close-T04,21,2,16,4,train,hand_close,-2.8655666388210577,2.1349472248020764,-2.2899646582522455,-2.1396045349585546,48,hand_close,48,1.0,False
grabmyo-S021-D2-hand_close-T05,grabmyo-S021-D2-hand_close-T05,21,2,16,5,train,hand_close,-0.6195228716391965,0.2669334265867119,-1.5053225665940488,-1.2469933871397256,48,hand_close,48,1.0,False
grabmyo-S021-D2-hand_close-T06,grabmyo-S021-D2-hand_close-T06,21,2,16,6,train,hand_close,-2.7995046563756922,1.8787372748132505,-1.916182728817214,-2.018597370897861,48,hand_close,48,1.0,False
grabmyo-S021-D2-hand_close-T07,grabmyo-S021-D2-hand_close-T07,21,2,16,7,train,hand_close,-3.2371419528718595,2.213150511358368,-2.0910214961259963,-2.327130273027523,48,hand_close,48,1.0,False
grabmyo-S021-D2-rest-T01,grabmyo-S021-D2-rest-T01,21,2,17,1,train,rest,1.0836439294271427,-1.0643910770411147,-1.2546055440803092,-0.7829425395506219,48,rest,48,1.0,False
grabmyo-S021-D2-rest-T02,grabmyo-S021-D2-rest-T02,21,2,17,2,train,rest,0.9763496974697129,-1.2174725399956032,-1.1109818127752438,-1.5051680138024286,48,rest,48,1.0,False
grabmyo-S021-D2-rest-T03,grabmyo-S021-D2-rest-T03,21,2,17,3,train,rest,1.0778142870999223,-0.9661488466977977,-1.237798261998132,-1.1834285589397842,48,rest,48,1.0,False
grabmyo-S021-D2-rest-T04,grabmyo-S021-D2-rest-T04,21,2,17,4,train,rest,0.9273381765461745,-1.0350659493702261,-1.0492886665645078,-0.882991024263533,48,rest,48,1.0,False
grabmyo-S021-D2-rest-T05,grabmyo-S021-D2-rest-T05,21,2,17,5,train,rest,0.8607068122976199,-1.2872136887557362,-0.8155989095967161,-0.8006134800405649,48,rest,48,1.0,False
grabmyo-S021-D2-rest-T06,grabmyo-S021-D2-rest-T06,21,2,17,6,train,rest,1.1009200450572598,-1.226534527191155,-1.0199198970009256,-0.9887052120753229,48,rest,48,1.0,False
grabmyo-S021-D2-rest-T07,grabmyo-S021-D2-rest-T07,21,2,17,7,train,rest,0.8861414809054566,-1.1230092306858246,-1.0848467719744397,-0.8418314459852244,48,rest,48,1.0,False
grabmyo-S022-D2-wrist_extension-T01,grabmyo-S022-D2-wrist_extension-T01,22,2,11,1,train,wrist_extension,-3.5765497737956284,-0.6612381486567304,-4.607646568927882,2.7140487710736454,48,wrist_extension,48,1.0,False
grabmyo-S022-D2-wrist_extension-T02,grabmyo-S022-D2-wrist_extension-T02,22,2,11,2,train,wrist_extension,-4.658701698880098,-1.7748663887792253,-10.040119140435388,3.8877422026434885,48,wrist_extension,48,1.0,False
grabmyo-S022-D2-wrist_extension-T03,grabmyo-S022-D2-wrist_extension-T03,22,2,11,3,train,wrist_extension,-5.343077653568224,-1.1095627975060751,-7.586026329979236,3.728680610663336,48,wrist_extension,48,1.0,False
grabmyo-S022-D2-wrist_extension-T04,grabmyo-S022-D2-wrist_extension-T04,22,2,11,4,train,wrist_extension,-6.254100296135615,-2.4538063994844324,-11.356613859087465,4.68979968938991,48,wrist_extension,48,1.0,False
grabmyo-S022-D2-wrist_extension-T05,grabmyo-S022-D2-wrist_extension-T05,22,2,11,5,train,wrist_extension,-3.92062879134775,-0.9695468988337149,-7.219648946020417,3.9655250761502185,48,wrist_extension,48,1.0,False
grabmyo-S022-D2-wrist_extension-T06,grabmyo-S022-D2-wrist_extension-T06,22,2,11,6,train,wrist_extension,-6.405538376195604,-2.8796967419991515,-12.187249566062661,4.9220306325269245,48,wrist_extension,48,1.0,False
grabmyo-S022-D2-wrist_extension-T07,grabmyo-S022-D2-wrist_extension-T07,22,2,11,7,train,wrist_extension,-4.428452533292302,-1.2062419102254813,-7.834613211724849,3.960250886390734,48,wrist_extension,48,1.0,False
grabmyo-S022-D2-wrist_flexion-T01,grabmyo-S022-D2-wrist_flexion-T01,22,2,12,1,train,wrist_flexion,-3.9401240929094286,-0.9873272546769005,1.7401165012435056,-2.590549489528803,48,wrist_flexion,48,1.0,False
grabmyo-S022-D2-wrist_flexion-T02,grabmyo-S022-D2-wrist_flexion-T02,22,2,12,2,train,wrist_flexion,-5.863352961815575,-3.3032237676678307,3.979248147909282,-2.8900358178609302,48,wrist_flexion,48,1.0,False
grabmyo-S022-D2-wrist_flexion-T03,grabmyo-S022-D2-wrist_flexion-T03,22,2,12,3,train,wrist_flexion,-4.3307274430084135,-2.6917721984978265,2.6573065317444247,-2.346802572917559,48,wrist_flexion,48,1.0,False
grabmyo-S022-D2-wrist_flexion-T04,grabmyo-S022-D2-wrist_flexion-T04,22,2,12,4,train,wrist_flexion,-3.353472670986245,-2.7311989114015347,2.928278606719782,-2.07533478267375,48,wrist_flexion,48,1.0,False
grabmyo-S022-D2-wrist_flexion-T05,grabmyo-S022-D2-wrist_flexion-T05,22,2,12,5,train,wrist_flexion,-2.703524074797786,-2.5476190429089876,2.4017347026255087,-1.9992688025627736,48,wrist_flexion,48,1.0,False
grabmyo-S022-D2-wrist_flexion-T06,grabmyo-S022-D2-wrist_flexion-T06,22,2,12,6,train,wrist_flexion,-4.630376515034861,-2.5580664362753613,3.0105225943536893,-2.6206183797469054,48,wrist_flexion,48,1.0,False
grabmyo-S022-D2-wrist_flexion-T07,grabmyo-S022-D2-wrist_flexion-T07,22,2,12,7,train,wrist_flexion,-5.26660657964771,-3.4038975468104002,4.290704092932924,-3.507771180492479,48,wrist_flexion,48,1.0,False
grabmyo-S022-D2-hand_close-T01,grabmyo-S022-D2-hand_close-T01,22,2,16,1,train,hand_close,-9.606465155448609,8.401291084513506,-5.9078609012131444,-8.087165369384111,48,hand_close,48,1.0,False
grabmyo-S022-D2-hand_close-T02,grabmyo-S022-D2-hand_close-T02,22,2,16,2,train,hand_close,-7.337364223172134,7.4366130980223835,-6.347851742341651,-4.962444209751864,48,hand_close,48,1.0,False
grabmyo-S022-D2-hand_close-T03,grabmyo-S022-D2-hand_close-T03,22,2,16,3,train,hand_close,-4.330018873173761,5.343595222928389,-3.966011334767448,-4.176735434159114,48,hand_close,48,1.0,False
grabmyo-S022-D2-hand_close-T04,grabmyo-S022-D2-hand_close-T04,22,2,16,4,train,hand_close,-6.96018178205738,5.5986965185827655,-6.678184471964261,-3.1692340688625635,48,hand_close,48,1.0,False
grabmyo-S022-D2-hand_close-T05,grabmyo-S022-D2-hand_close-T05,22,2,16,5,train,hand_close,-5.63590942153424,5.933173112563835,-4.094381534864371,-4.883392301424679,48,hand_close,48,1.0,False
grabmyo-S022-D2-hand_close-T06,grabmyo-S022-D2-hand_close-T06,22,2,16,6,train,hand_close,-6.386452669641437,8.595250706760796,-5.3606009187721675,-7.7382331621591005,48,hand_close,48,1.0,False
grabmyo-S022-D2-hand_close-T07,grabmyo-S022-D2-hand_close-T07,22,2,16,7,train,hand_close,-6.115680192909493,6.480480917446244,-4.243092975335995,-5.187966846939322,48,hand_close,48,1.0,False
grabmyo-S022-D2-rest-T01,grabmyo-S022-D2-rest-T01,22,2,17,1,train,rest,1.377793636139246,-0.988248905327413,-1.1005312401345348,-1.0627580583177634,48,rest,48,1.0,False
grabmyo-S022-D2-rest-T02,grabmyo-S022-D2-rest-T02,22,2,17,2,train,rest,1.115799667595904,-0.6047201355212579,-1.1352677498175205,-0.8911235301528281,48,rest,48,1.0,False
grabmyo-S022-D2-rest-T03,grabmyo-S022-D2-rest-T03,22,2,17,3,train,rest,1.0052904421864088,-0.42504432260193087,-1.2978791882007734,-0.8744883981181796,48,rest,48,1.0,False
grabmyo-S022-D2-rest-T04,grabmyo-S022-D2-rest-T04,22,2,17,4,train,rest,1.1068396426390505,-0.4174379140853606,-1.41263317624599,-0.9818696442865087,48,rest,48,1.0,False
grabmyo-S022-D2-rest-T05,grabmyo-S022-D2-rest-T05,22,2,17,5,train,rest,1.1701121600201456,-0.723054745993395,-1.1498407557023194,-0.75925184995162,48,rest,48,1.0,False
grabmyo-S022-D2-rest-T06,grabmyo-S022-D2-rest-T06,22,2,17,6,train,rest,1.3755541000875455,-0.6168134076381074,-1.369501077616074,-0.9032822533307354,48,rest,48,1.0,False
grabmyo-S022-D2-rest-T07,grabmyo-S022-D2-rest-T07,22,2,17,7,train,rest,1.184008013345034,-0.567931010291043,-1.289488554860587,-0.7940981661277321,48,rest,48,1.0,False
grabmyo-S023-D2-wrist_extension-T01,grabmyo-S023-D2-wrist_extension-T01,23,2,11,1,train,wrist_extension,-3.263243474515097,-1.3211465512705733,-2.6461377475678005,2.104705330082393,48,wrist_extension,48,1.0,False
grabmyo-S023-D2-wrist_extension-T02,grabmyo-S023-D2-wrist_extension-T02,23,2,11,2,train,wrist_extension,-2.8759221054178146,-1.2685020674660699,-2.671723375073857,1.8244168105946272,48,wrist_extension,48,1.0,False
grabmyo-S023-D2-wrist_extension-T03,grabmyo-S023-D2-wrist_extension-T03,23,2,11,3,train,wrist_extension,-5.535293367980478,-2.0886260343231373,-5.128826316426608,3.0454273847796247,48,wrist_extension,48,1.0,False
grabmyo-S023-D2-wrist_extension-T04,grabmyo-S023-D2-wrist_extension-T04,23,2,11,4,train,wrist_extension,-4.888263121893263,-1.8986126168799606,-4.293075179484247,2.8892257519435525,48,wrist_extension,48,1.0,False
grabmyo-S023-D2-wrist_extension-T05,grabmyo-S023-D2-wrist_extension-T05,23,2,11,5,train,wrist_extension,-3.4806630368290676,-1.8871211465754236,-2.878308052900094,2.5657091471705593,48,wrist_extension,48,1.0,False
grabmyo-S023-D2-wrist_extension-T06,grabmyo-S023-D2-wrist_extension-T06,23,2,11,6,train,wrist_extension,-2.970780838772216,-1.704980583995838,-2.2846378218752053,2.504216787828796,48,wrist_extension,48,1.0,False
grabmyo-S023-D2-wrist_extension-T07,grabmyo-S023-D2-wrist_extension-T07,23,2,11,7,train,wrist_extension,-3.7886970208208166,-1.5960750281485883,-2.791440817080361,2.3313815004244933,48,wrist_extension,48,1.0,False
grabmyo-S023-D2-wrist_flexion-T01,grabmyo-S023-D2-wrist_flexion-T01,23,2,12,1,train,wrist_flexion,-3.0754503714376007,-2.1531015346880493,2.3321044003484537,-2.68336280703274,48,wrist_flexion,48,1.0,False
grabmyo-S023-D2-wrist_flexion-T02,grabmyo-S023-D2-wrist_flexion-T02,23,2,12,2,train,wrist_flexion,-2.706334484537892,-2.1687481670005635,1.9755357149751733,-2.4671016065552345,48,wrist_flexion,48,1.0,False
grabmyo-S023-D2-wrist_flexion-T03,grabmyo-S023-D2-wrist_flexion-T03,23,2,12,3,train,wrist_flexion,-2.9492207160843553,-2.0114924077441154,1.8045014081560085,-2.1113748053240715,48,wrist_flexion,48,1.0,False
grabmyo-S023-D2-wrist_flexion-T04,grabmyo-S023-D2-wrist_flexion-T04,23,2,12,4,train,wrist_flexion,-1.5647912870322116,-2.4524575230258576,1.3677765643013184,-1.6349404290391074,48,wrist_flexion,48,1.0,False
grabmyo-S023-D2-wrist_flexion-T05,grabmyo-S023-D2-wrist_flexion-T05,23,2,12,5,train,wrist_flexion,-2.082806716899797,-1.6512805650553732,1.3517835102675637,-2.1997422798509705,48,wrist_flexion,48,1.0,False
grabmyo-S023-D2-wrist_flexion-T06,grabmyo-S023-D2-wrist_flexion-T06,23,2,12,6,train,wrist_flexion,-1.8855633903825477,-1.9186486681104264,1.2614186914697216,-1.9167787912955647,48,wrist_flexion,48,1.0,False
grabmyo-S023-D2-wrist_flexion-T07,grabmyo-S023-D2-wrist_flexion-T07,23,2,12,7,train,wrist_flexion,-1.8489220475928396,-2.0911238098736376,1.467406361320915,-1.963042964302767,48,wrist_flexion,48,1.0,False
grabmyo-S023-D2-hand_close-T01,grabmyo-S023-D2-hand_close-T01,23,2,16,1,train,hand_close,-2.4068164733677713,1.8260468631659414,-1.8864460746492409,-2.4105159506946365,48,hand_close,48,1.0,False
grabmyo-S023-D2-hand_close-T02,grabmyo-S023-D2-hand_close-T02,23,2,16,2,train,hand_close,-1.275589346317165,1.6170785018283513,-2.0503725729932873,-2.1301051599435525,48,hand_close,48,1.0,False
grabmyo-S023-D2-hand_close-T03,grabmyo-S023-D2-hand_close-T03,23,2,16,3,train,hand_close,-2.4888075798883214,2.3486872778429446,-2.1522746895276588,-2.278767746103236,48,hand_close,48,1.0,False
grabmyo-S023-D2-hand_close-T04,grabmyo-S023-D2-hand_close-T04,23,2,16,4,train,hand_close,-2.035658394626008,2.49738035723609,-2.69023140383597,-2.185908004349812,48,hand_close,48,1.0,False
grabmyo-S023-D2-hand_close-T05,grabmyo-S023-D2-hand_close-T05,23,2,16,5,train,hand_close,-1.510304546689352,1.8438369718173462,-2.2177718683997516,-2.206111053211322,48,hand_close,48,1.0,False
grabmyo-S023-D2-hand_close-T06,grabmyo-S023-D2-hand_close-T06,23,2,16,6,train,hand_close,-0.9487236286570098,1.6473885569796458,-2.193161875031529,-1.883270294365689,48,hand_close,48,1.0,False
grabmyo-S023-D2-hand_close-T07,grabmyo-S023-D2-hand_close-T07,23,2,16,7,train,hand_close,-1.4727184527901203,1.495964976263321,-1.8331393457460752,-2.048976504392912,48,hand_close,48,1.0,False
grabmyo-S023-D2-rest-T01,grabmyo-S023-D2-rest-T01,23,2,17,1,train,rest,1.2767080270096411,-0.7939611967341507,-1.441058970594251,-1.4497202761889183,48,rest,48,1.0,False
grabmyo-S023-D2-rest-T02,grabmyo-S023-D2-rest-T02,23,2,17,2,train,rest,1.3431079468755909,-0.6672109999651213,-1.856427679397953,-1.465440649958068,48,rest,48,1.0,False
grabmyo-S023-D2-rest-T03,grabmyo-S023-D2-rest-T03,23,2,17,3,train,rest,0.9418107108033044,-1.303058230752837,-0.9489301507458054,-1.5716893792163555,48,rest,48,1.0,False
grabmyo-S023-D2-rest-T04,grabmyo-S023-D2-rest-T04,23,2,17,4,train,rest,0.9957133097264848,-0.5202044165180427,-1.2146734174123957,-1.5458917510706824,48,rest,48,1.0,False
grabmyo-S023-D2-rest-T05,grabmyo-S023-D2-rest-T05,23,2,17,5,train,rest,1.2329429029044148,-0.41909888414170154,-1.4926058686514845,-1.6227293486912868,48,rest,48,1.0,False
grabmyo-S023-D2-rest-T06,grabmyo-S023-D2-rest-T06,23,2,17,6,train,rest,1.297029350316777,-0.558720457762945,-1.4155480755478613,-1.5710718469066294,48,rest,48,1.0,False
grabmyo-S023-D2-rest-T07,grabmyo-S023-D2-rest-T07,23,2,17,7,train,rest,1.2222850760965798,-0.6351660157007482,-1.9909092926296534,-1.4466304610125391,48,rest,48,1.0,False
grabmyo-S024-D2-wrist_extension-T01,grabmyo-S024-D2-wrist_extension-T01,24,2,11,1,train,wrist_extension,-7.816796371816854,-4.241878531096201,-6.422617736928713,3.542212105001586,48,wrist_extension,48,1.0,False
grabmyo-S024-D2-wrist_extension-T02,grabmyo-S024-D2-wrist_extension-T02,24,2,11,2,train,wrist_extension,-5.448171981751702,-2.7647101117522594,-3.6045496408865243,2.4802146918667294,48,wrist_extension,48,1.0,False
grabmyo-S024-D2-wrist_extension-T03,grabmyo-S024-D2-wrist_extension-T03,24,2,11,3,train,wrist_extension,-5.521888564772084,-2.651461954050618,-2.6927033313438513,2.239303572186969,48,wrist_extension,48,1.0,False
grabmyo-S024-D2-wrist_extension-T04,grabmyo-S024-D2-wrist_extension-T04,24,2,11,4,train,wrist_extension,-4.645147323343294,-2.384678806445327,-2.7530782542257657,2.153242499947508,48,wrist_extension,48,1.0,False
grabmyo-S024-D2-wrist_extension-T05,grabmyo-S024-D2-wrist_extension-T05,24,2,11,5,train,wrist_extension,-5.252200956226269,-2.5824930601852896,-3.7993333388284576,2.4634683378359097,48,wrist_extension,48,1.0,False
grabmyo-S024-D2-wrist_extension-T06,grabmyo-S024-D2-wrist_extension-T06,24,2,11,6,train,wrist_extension,-6.728439777149539,-2.6479835749810223,-2.9680388362055132,1.6596604237109427,48,wrist_extension,48,1.0,False
grabmyo-S024-D2-wrist_extension-T07,grabmyo-S024-D2-wrist_extension-T07,24,2,11,7,train,wrist_extension,-4.955301690895959,-2.6782696785601545,-4.021606565378206,3.0656931160579144,48,wrist_extension,48,1.0,False
grabmyo-S024-D2-wrist_flexion-T01,grabmyo-S024-D2-wrist_flexion-T01,24,2,12,1,train,wrist_flexion,-2.614436276798477,-2.4624635347489288,2.242414689328348,-1.4537683021651209,48,wrist_flexion,48,1.0,False
grabmyo-S024-D2-wrist_flexion-T02,grabmyo-S024-D2-wrist_flexion-T02,24,2,12,2,train,wrist_flexion,-2.29745614733463,-3.229092721602147,2.685285789175911,-1.484365320599883,48,wrist_flexion,48,1.0,False
grabmyo-S024-D2-wrist_flexion-T03,grabmyo-S024-D2-wrist_flexion-T03,24,2,12,3,train,wrist_flexion,-3.462845763097743,-4.300071047921081,4.022698710005068,-1.7743772045426203,48,wrist_flexion,48,1.0,False
grabmyo-S024-D2-wrist_flexion-T04,grabmyo-S024-D2-wrist_flexion-T04,24,2,12,4,train,wrist_flexion,-2.1897773834465633,-3.0761040249065164,2.450467581556092,-0.996492838946596,48,wrist_flexion,48,1.0,False
grabmyo-S024-D2-wrist_flexion-T05,grabmyo-S024-D2-wrist_flexion-T05,24,2,12,5,train,wrist_flexion,-2.8480038003750896,-3.502949478904886,3.3799554959066493,-1.5655058177853391,48,wrist_flexion,48,1.0,False
grabmyo-S024-D2-wrist_flexion-T06,grabmyo-S024-D2-wrist_flexion-T06,24,2,12,6,train,wrist_flexion,-3.040320673117414,-3.9065481081717,3.2429317983842303,-1.360648720140021,48,wrist_flexion,48,1.0,False
grabmyo-S024-D2-wrist_flexion-T07,grabmyo-S024-D2-wrist_flexion-T07,24,2,12,7,train,wrist_flexion,-3.3376985147088973,-4.1551300088440275,3.797372589823244,-1.4136663533681393,48,wrist_flexion,48,1.0,False
grabmyo-S024-D2-hand_close-T01,grabmyo-S024-D2-hand_close-T01,24,2,16,1,train,hand_close,-3.341678123325934,0.3132184734438411,-0.5700095200893033,-1.2246881033033172,48,hand_close,48,1.0,False
grabmyo-S024-D2-hand_close-T02,grabmyo-S024-D2-hand_close-T02,24,2,16,2,train,hand_close,-3.9960021290983714,0.931503374927393,-0.9217166067084485,-1.5211536199623528,48,hand_close,48,1.0,False
grabmyo-S024-D2-hand_close-T03,grabmyo-S024-D2-hand_close-T03,24,2,16,3,train,hand_close,-5.989117540047622,1.6706877760183392,-1.3684418211598588,-2.050749546278286,48,hand_close,48,1.0,False
grabmyo-S024-D2-hand_close-T04,grabmyo-S024-D2-hand_close-T04,24,2,16,4,train,hand_close,-6.00234574735568,0.9065399011167278,-0.49499304605870553,-1.6692481718446608,48,hand_close,48,1.0,False
grabmyo-S024-D2-hand_close-T05,grabmyo-S024-D2-hand_close-T05,24,2,16,5,train,hand_close,-3.771929092690901,0.6625285048936708,-0.6974310371027487,-1.478918990913164,48,hand_close,48,1.0,False
grabmyo-S024-D2-hand_close-T06,grabmyo-S024-D2-hand_close-T06,24,2,16,6,train,hand_close,-4.6287296615880775,0.434446836784137,-0.622384674022648,-1.1757845086404117,48,hand_close,48,1.0,False
grabmyo-S024-D2-hand_close-T07,grabmyo-S024-D2-hand_close-T07,24,2,16,7,train,hand_close,-6.158657459966819,1.692785768561656,-1.7478646764541637,-2.402592695880539,48,hand_close,48,1.0,False
grabmyo-S024-D2-rest-T01,grabmyo-S024-D2-rest-T01,24,2,17,1,train,rest,0.6013554879490811,-1.8333243718774874,-0.3522289894656476,-1.0611113223489204,48,rest,48,1.0,False
grabmyo-S024-D2-rest-T02,grabmyo-S024-D2-rest-T02,24,2,17,2,train,rest,0.6142712235764836,-1.5935458924854906,-0.9637618886864723,-0.9868169204607198,48,rest,48,1.0,False
grabmyo-S024-D2-rest-T03,grabmyo-S024-D2-rest-T03,24,2,17,3,train,rest,0.24584348468593845,-1.6828906964486094,-0.05149890543602406,-1.0877793435450054,48,rest,48,1.0,False
grabmyo-S024-D2-rest-T04,grabmyo-S024-D2-rest-T04,24,2,17,4,train,rest,0.5738838083805777,-1.628319351580945,-0.7638231052678214,-1.005419120576622,48,rest,48,1.0,False
grabmyo-S024-D2-rest-T05,grabmyo-S024-D2-rest-T05,24,2,17,5,train,rest,0.4873142849668765,-1.6292281463887335,-0.6913329919754934,-0.9531628526473924,48,rest,48,1.0,False
grabmyo-S024-D2-rest-T06,grabmyo-S024-D2-rest-T06,24,2,17,6,train,rest,0.39848795004761245,-1.6344644103655857,-0.48955171631123395,-0.9975617961861719,48,rest,48,1.0,False
grabmyo-S024-D2-rest-T07,grabmyo-S024-D2-rest-T07,24,2,17,7,train,rest,0.7108836096888114,-1.0533264453856515,-1.251148811000434,-1.1774282539047822,48,rest,48,1.0,False
grabmyo-S027-D2-wrist_extension-T01,grabmyo-S027-D2-wrist_extension-T01,27,2,11,1,train,wrist_extension,-5.700693021346127,-2.060886322184965,-3.253914316188211,2.2916486424481284,48,wrist_extension,48,1.0,False
grabmyo-S027-D2-wrist_extension-T02,grabmyo-S027-D2-wrist_extension-T02,27,2,11,2,train,wrist_extension,-2.199132472592352,-1.6367704119273936,-1.4350449454273264,1.3995472306216756,48,wrist_extension,48,1.0,False
grabmyo-S027-D2-wrist_extension-T03,grabmyo-S027-D2-wrist_extension-T03,27,2,11,3,train,wrist_extension,-4.554409553070261,-2.567204545550342,-2.2595033929841373,2.4283454057383707,48,wrist_extension,48,1.0,False
grabmyo-S027-D2-wrist_extension-T04,grabmyo-S027-D2-wrist_extension-T04,27,2,11,4,train,wrist_extension,-3.9580922911913405,-1.970812443616236,-1.6290297666212459,1.7109293088385071,48,wrist_extension,48,1.0,False
grabmyo-S027-D2-wrist_extension-T05,grabmyo-S027-D2-wrist_extension-T05,27,2,11,5,train,wrist_extension,-2.9432238199453025,-1.8851868519742745,-1.6962939339733543,1.7705664148049756,48,wrist_extension,48,1.0,False
grabmyo-S027-D2-wrist_extension-T06,grabmyo-S027-D2-wrist_extension-T06,27,2,11,6,train,wrist_extension,-3.195018096423979,-2.0888399269051274,-1.6157222563671665,1.8225230965355923,48,wrist_extension,48,1.0,False
grabmyo-S027-D2-wrist_extension-T07,grabmyo-S027-D2-wrist_extension-T07,27,2,11,7,train,wrist_extension,-1.3865332052763977,-1.7292505672672507,-1.0259612603721924,1.104735986041567,48,wrist_extension,48,1.0,False
grabmyo-S027-D2-wrist_flexion-T01,grabmyo-S027-D2-wrist_flexion-T01,27,2,12,1,train,wrist_flexion,-1.8246123944548305,-2.0977056434729024,1.2896733188531544,-1.9044824918237564,48,wrist_flexion,48,1.0,False
grabmyo-S027-D2-wrist_flexion-T02,grabmyo-S027-D2-wrist_flexion-T02,27,2,12,2,train,wrist_flexion,-4.601976176154353,-2.971930172151669,2.5970343082250538,-2.352780552560469,48,wrist_flexion,48,1.0,False
grabmyo-S027-D2-wrist_flexion-T03,grabmyo-S027-D2-wrist_flexion-T03,27,2,12,3,train,wrist_flexion,-3.745291586549632,-3.0930847901664342,2.3721498390707305,-2.027017359859145,48,wrist_flexion,48,1.0,False
grabmyo-S027-D2-wrist_flexion-T04,grabmyo-S027-D2-wrist_flexion-T04,27,2,12,4,train,wrist_flexion,-5.329973672110826,-3.037793923569783,2.8959942912386025,-2.535591457282306,48,wrist_flexion,48,1.0,False
grabmyo-S027-D2-wrist_flexion-T05,grabmyo-S027-D2-wrist_flexion-T05,27,2,12,5,train,wrist_flexion,-3.8772407920117495,-3.108655463767725,3.234198714374024,-2.38070984592187,48,wrist_flexion,48,1.0,False
grabmyo-S027-D2-wrist_flexion-T06,grabmyo-S027-D2-wrist_flexion-T06,27,2,12,6,train,wrist_flexion,-1.8290976441927802,-2.256081875384215,1.8988316450667673,-1.9319285542752676,48,wrist_flexion,48,1.0,False
grabmyo-S027-D2-wrist_flexion-T07,grabmyo-S027-D2-wrist_flexion-T07,27,2,12,7,train,wrist_flexion,-2.0873008115703553,-2.416979629390854,2.2689303898494337,-2.065121808393626,48,wrist_flexion,48,1.0,False
grabmyo-S027-D2-hand_close-T01,grabmyo-S027-D2-hand_close-T01,27,2,16,1,train,hand_close,-4.220998435284169,0.17219203908626599,-2.2799471998217116,-0.7583786213745046,48,hand_close,48,1.0,False
grabmyo-S027-D2-hand_close-T02,grabmyo-S027-D2-hand_close-T02,27,2,16,2,train,hand_close,-1.4131161987622782,1.1314247230014989,-2.141200280894274,-1.2977349494191819,48,hand_close,48,1.0,False
grabmyo-S027-D2-hand_close-T03,grabmyo-S027-D2-hand_close-T03,27,2,16,3,train,hand_close,-1.527320193602395,0.9789575482813596,-2.121775561559242,-1.1564050023140704,48,hand_close,48,1.0,False
grabmyo-S027-D2-hand_close-T04,grabmyo-S027-D2-hand_close-T04,27,2,16,4,train,hand_close,-0.389575771658551,0.3872467930448138,-1.72957255662578,-1.101650508125409,48,hand_close,48,1.0,False
grabmyo-S027-D2-hand_close-T05,grabmyo-S027-D2-hand_close-T05,27,2,16,5,train,hand_close,-2.5371784133433732,1.1473126269631486,-2.0076824399058726,-1.237602161467348,48,hand_close,48,1.0,False
grabmyo-S027-D2-hand_close-T06,grabmyo-S027-D2-hand_close-T06,27,2,16,6,train,hand_close,-1.5438627505380522,1.1447692331741803,-2.2257931065255607,-1.3230707689887133,48,hand_close,48,1.0,False
grabmyo-S027-D2-hand_close-T07,grabmyo-S027-D2-hand_close-T07,27,2,16,7,train,hand_close,-0.7802245054806436,0.20886361989677057,-1.5756534737161367,-0.9074004336131697,48,hand_close,48,1.0,False
grabmyo-S027-D2-rest-T01,grabmyo-S027-D2-rest-T01,27,2,17,1,train,rest,1.0744934416303729,-1.1878201785552753,-1.337774082561646,-1.0631897318977517,48,rest,48,1.0,False
grabmyo-S027-D2-rest-T02,grabmyo-S027-D2-rest-T02,27,2,17,2,train,rest,1.0653199397553663,-0.8821251778066714,-1.3890982144131805,-1.0663285290384656,48,rest,48,1.0,False
grabmyo-S027-D2-rest-T03,grabmyo-S027-D2-rest-T03,27,2,17,3,train,rest,0.8900239554430871,-1.1506715597161274,-1.242656303278801,-0.8855092629956678,48,rest,48,1.0,False
grabmyo-S027-D2-rest-T04,grabmyo-S027-D2-rest-T04,27,2,17,4,train,rest,0.9558257569929515,-1.0399378482136836,-1.2979099789218298,-1.101604978367652,48,rest,48,1.0,False
grabmyo-S027-D2-rest-T05,grabmyo-S027-D2-rest-T05,27,2,17,5,train,rest,1.0490826150973824,-0.8120788222477047,-1.4287928771210805,-1.2378861060011361,48,rest,48,1.0,False
grabmyo-S027-D2-rest-T06,grabmyo-S027-D2-rest-T06,27,2,17,6,train,rest,1.1110208542504059,-1.1343304134779155,-1.3000158937448287,-1.0023502147001842,48,rest,48,1.0,False
grabmyo-S027-D2-rest-T07,grabmyo-S027-D2-rest-T07,27,2,17,7,train,rest,0.8768180188359901,-0.7930045744778966,-1.293044525555341,-1.1796299229039189,48,rest,48,1.0,False
grabmyo-S028-D2-wrist_extension-T01,grabmyo-S028-D2-wrist_extension-T01,28,2,11,1,train,wrist_extension,-17.078824935379885,-13.959857121297004,-31.649074659714657,5.57326166789975,48,wrist_extension,48,1.0,False
grabmyo-S028-D2-wrist_extension-T02,grabmyo-S028-D2-wrist_extension-T02,28,2,11,2,train,wrist_extension,-11.55515561746519,-11.917282982242655,-22.2629882051738,5.824047811652123,48,wrist_extension,48,1.0,False
grabmyo-S028-D2-wrist_extension-T03,grabmyo-S028-D2-wrist_extension-T03,28,2,11,3,train,wrist_extension,-14.488145907686253,-14.852240202956978,-26.210134625047175,7.078346616081098,48,wrist_extension,48,1.0,False
grabmyo-S028-D2-wrist_extension-T04,grabmyo-S028-D2-wrist_extension-T04,28,2,11,4,train,wrist_extension,-13.989485688181297,-15.797406030015487,-28.29073149559486,7.155226633665767,48,wrist_extension,48,1.0,False
grabmyo-S028-D2-wrist_extension-T05,grabmyo-S028-D2-wrist_extension-T05,28,2,11,5,train,wrist_extension,-15.641274448033995,-12.881297037364694,-23.45148763170184,6.334467201187905,48,wrist_extension,48,1.0,False
grabmyo-S028-D2-wrist_extension-T06,grabmyo-S028-D2-wrist_extension-T06,28,2,11,6,train,wrist_extension,-13.78882994157137,-14.4454866067323,-21.975277554486386,6.281150034148374,48,wrist_extension,48,1.0,False
grabmyo-S028-D2-wrist_extension-T07,grabmyo-S028-D2-wrist_extension-T07,28,2,11,7,train,wrist_extension,-13.393233987219913,-10.307356484781726,-19.329589373258482,6.4078269703086015,48,wrist_extension,48,1.0,False
grabmyo-S028-D2-wrist_flexion-T01,grabmyo-S028-D2-wrist_flexion-T01,28,2,12,1,train,wrist_flexion,-6.070669600431464,-7.999388628533485,7.783937146272951,-4.767744423537585,48,wrist_flexion,48,1.0,False
grabmyo-S028-D2-wrist_flexion-T02,grabmyo-S028-D2-wrist_flexion-T02,28,2,12,2,train,wrist_flexion,-5.860890490598995,-7.508529257890842,8.945245137141429,-5.052107407566489,48,wrist_flexion,48,1.0,False
grabmyo-S028-D2-wrist_flexion-T03,grabmyo-S028-D2-wrist_flexion-T03,28,2,12,3,train,wrist_flexion,-5.677871202834065,-10.890873246156602,8.25231931577152,-6.156707590195581,48,wrist_flexion,48,1.0,False
grabmyo-S028-D2-wrist_flexion-T04,grabmyo-S028-D2-wrist_flexion-T04,28,2,12,4,train,wrist_flexion,-6.251208419201851,-11.798094151281566,7.6421147366494715,-6.8089698065760595,48,wrist_flexion,48,1.0,False
grabmyo-S028-D2-wrist_flexion-T05,grabmyo-S028-D2-wrist_flexion-T05,28,2,12,5,train,wrist_flexion,-6.2484561984178955,-9.127982801410775,8.255341890362653,-5.5061387753711095,48,wrist_flexion,48,1.0,False
grabmyo-S028-D2-wrist_flexion-T06,grabmyo-S028-D2-wrist_flexion-T06,28,2,12,6,train,wrist_flexion,-7.3945364307531065,-12.133609857019877,8.268640589345546,-8.59446305798888,48,wrist_flexion,48,1.0,False
grabmyo-S028-D2-wrist_flexion-T07,grabmyo-S028-D2-wrist_flexion-T07,28,2,12,7,train,wrist_flexion,-8.12969641348367,-12.153023735083117,8.20351733210888,-9.231374340065697,48,wrist_flexion,48,1.0,False
grabmyo-S028-D2-hand_close-T01,grabmyo-S028-D2-hand_close-T01,28,2,16,1,train,hand_close,-7.929911845649095,3.351397146037954,-2.1097222408179346,-4.641781392799756,48,hand_close,48,1.0,False
grabmyo-S028-D2-hand_close-T02,grabmyo-S028-D2-hand_close-T02,28,2,16,2,train,hand_close,-9.05744719666875,5.264699985823868,-2.4371571505815637,-7.036562922504037,48,hand_close,48,1.0,False
grabmyo-S028-D2-hand_close-T03,grabmyo-S028-D2-hand_close-T03,28,2,16,3,train,hand_close,-7.587353128447668,4.043410895536741,-2.3868266398281928,-5.240208409021364,48,hand_close,48,1.0,False
grabmyo-S028-D2-hand_close-T04,grabmyo-S028-D2-hand_close-T04,28,2,16,4,train,hand_close,-8.849716257341738,2.6170637329992474,-4.726626108620465,-4.986543349397475,48,hand_close,48,1.0,False
grabmyo-S028-D2-hand_close-T05,grabmyo-S028-D2-hand_close-T05,28,2,16,5,train,hand_close,-5.763681337411652,1.438150306955878,-1.7191848333057986,-2.5695154177021835,48,hand_close,48,1.0,False
grabmyo-S028-D2-hand_close-T06,grabmyo-S028-D2-hand_close-T06,28,2,16,6,train,hand_close,-6.898135172838916,1.800427558018401,-2.3816584747879683,-3.7950526183677957,48,hand_close,48,1.0,False
grabmyo-S028-D2-hand_close-T07,grabmyo-S028-D2-hand_close-T07,28,2,16,7,train,hand_close,-6.644842109165819,3.1805867324169292,-1.8000997217497654,-4.642151801633415,48,hand_close,48,1.0,False
grabmyo-S028-D2-rest-T01,grabmyo-S028-D2-rest-T01,28,2,17,1,train,rest,0.985476828805904,-1.2808855525439096,-1.3470788586517377,-1.0516897655072583,48,rest,48,1.0,False
grabmyo-S028-D2-rest-T02,grabmyo-S028-D2-rest-T02,28,2,17,2,train,rest,1.019646801422214,-1.5931897710698057,-1.447391535896796,-0.9948678677667447,48,rest,48,1.0,False
grabmyo-S028-D2-rest-T03,grabmyo-S028-D2-rest-T03,28,2,17,3,train,rest,0.8641277325781628,-1.5129011491356463,-1.358760624316802,-0.938346097609834,48,rest,48,1.0,False
grabmyo-S028-D2-rest-T04,grabmyo-S028-D2-rest-T04,28,2,17,4,train,rest,0.7594295823530438,-1.4231722001188132,-1.0750026175307972,-0.9520585229615426,48,rest,48,1.0,False
grabmyo-S028-D2-rest-T05,grabmyo-S028-D2-rest-T05,28,2,17,5,train,rest,0.6458819293223692,-1.5107749182103651,-0.9805008581765159,-0.8069025011174834,48,rest,48,1.0,False
grabmyo-S028-D2-rest-T06,grabmyo-S028-D2-rest-T06,28,2,17,6,train,rest,0.9496224311885765,-1.5429895032713885,-1.13612506784846,-1.0541410944926728,48,rest,48,1.0,False
grabmyo-S028-D2-rest-T07,grabmyo-S028-D2-rest-T07,28,2,17,7,train,rest,0.6215621233439458,-1.5012624984118397,-0.9474262344366703,-0.8460915181772632,48,rest,48,1.0,False
grabmyo-S030-D2-wrist_extension-T01,grabmyo-S030-D2-wrist_extension-T01,30,2,11,1,train,wrist_extension,-16.502884668229928,-8.659040561336138,-15.4841625459793,5.175890270100509,48,wrist_extension,48,1.0,False
grabmyo-S030-D2-wrist_extension-T02,grabmyo-S030-D2-wrist_extension-T02,30,2,11,2,train,wrist_extension,-18.09644916671389,-11.668569046825132,-22.63886048655755,6.2287677587124,48,wrist_extension,48,1.0,False
grabmyo-S030-D2-wrist_extension-T03,grabmyo-S030-D2-wrist_extension-T03,30,2,11,3,train,wrist_extension,-12.902762932794756,-5.334135209569996,-9.569368824151502,4.483417499889719,48,wrist_extension,48,1.0,False
grabmyo-S030-D2-wrist_extension-T04,grabmyo-S030-D2-wrist_extension-T04,30,2,11,4,train,wrist_extension,-10.237202712625654,-3.8473142561107885,-6.729671267674053,3.4440635905810386,48,wrist_extension,48,1.0,False
grabmyo-S030-D2-wrist_extension-T05,grabmyo-S030-D2-wrist_extension-T05,30,2,11,5,train,wrist_extension,-12.873078049986965,-5.552757397541558,-10.203535221883314,4.5365936189125105,48,wrist_extension,48,1.0,False
grabmyo-S030-D2-wrist_extension-T06,grabmyo-S030-D2-wrist_extension-T06,30,2,11,6,train,wrist_extension,-11.604449687721848,-4.195862357527346,-8.136845209427074,3.748527559007129,48,wrist_extension,48,1.0,False
grabmyo-S030-D2-wrist_extension-T07,grabmyo-S030-D2-wrist_extension-T07,30,2,11,7,train,wrist_extension,-10.531631025652628,-3.661815569012326,-6.598984037122645,3.41054541649739,48,wrist_extension,48,1.0,False
grabmyo-S030-D2-wrist_flexion-T01,grabmyo-S030-D2-wrist_flexion-T01,30,2,12,1,train,wrist_flexion,-4.161479705258228,-1.961252561040335,2.3906565681996415,-1.915275883013433,48,wrist_flexion,48,1.0,False
grabmyo-S030-D2-wrist_flexion-T02,grabmyo-S030-D2-wrist_flexion-T02,30,2,12,2,train,wrist_flexion,-5.079841684962702,-2.513895850326908,3.449019871929792,-3.3993801624722355,48,wrist_flexion,48,1.0,False
grabmyo-S030-D2-wrist_flexion-T03,grabmyo-S030-D2-wrist_flexion-T03,30,2,12,3,train,wrist_flexion,-4.827523217545962,-2.078052170198918,2.8681656705087515,-2.840063928664673,48,wrist_flexion,48,1.0,False
grabmyo-S030-D2-wrist_flexion-T04,grabmyo-S030-D2-wrist_flexion-T04,30,2,12,4,train,wrist_flexion,-3.9209893460355065,-1.8736265827641094,2.5428439950023836,-2.622027272826639,48,wrist_flexion,48,1.0,False
grabmyo-S030-D2-wrist_flexion-T05,grabmyo-S030-D2-wrist_flexion-T05,30,2,12,5,train,wrist_flexion,-5.358455577114108,-2.1367295784051854,2.9805040438501904,-2.893483645528908,48,wrist_flexion,48,1.0,False
grabmyo-S030-D2-wrist_flexion-T06,grabmyo-S030-D2-wrist_flexion-T06,30,2,12,6,train,wrist_flexion,-5.939323595907563,-1.928161578768828,3.2670558405572456,-3.3845862394429935,48,wrist_flexion,48,1.0,False
grabmyo-S030-D2-wrist_flexion-T07,grabmyo-S030-D2-wrist_flexion-T07,30,2,12,7,train,wrist_flexion,-5.600248601579032,-2.030846031883438,3.263034282669226,-3.3226059264049965,48,wrist_flexion,48,1.0,False
grabmyo-S030-D2-hand_close-T01,grabmyo-S030-D2-hand_close-T01,30,2,16,1,train,hand_close,-4.173069445828847,4.592214971695687,-3.908355859421252,-3.6561321854688646,48,hand_close,48,1.0,False
grabmyo-S030-D2-hand_close-T02,grabmyo-S030-D2-hand_close-T02,30,2,16,2,train,hand_close,-3.394375556143931,4.0191340986777835,-3.697578342496824,-3.2216911224244353,48,hand_close,48,1.0,False
grabmyo-S030-D2-hand_close-T03,grabmyo-S030-D2-hand_close-T03,30,2,16,3,train,hand_close,-2.174124775553233,2.3976031534356306,-2.6412963648214123,-2.35275286542015,48,hand_close,48,1.0,False
grabmyo-S030-D2-hand_close-T04,grabmyo-S030-D2-hand_close-T04,30,2,16,4,train,hand_close,-1.9910015813466806,1.8488380354050784,-2.4139094202080487,-2.2027971613519246,48,hand_close,48,1.0,False
grabmyo-S030-D2-hand_close-T05,grabmyo-S030-D2-hand_close-T05,30,2,16,5,train,hand_close,-3.018231427423119,2.8347309411777952,-2.798439133503182,-2.5335464001637775,48,hand_close,48,1.0,False
grabmyo-S030-D2-hand_close-T06,grabmyo-S030-D2-hand_close-T06,30,2,16,6,train,hand_close,-2.2760241785893065,2.182682905833657,-2.4135741999075377,-2.353218668510179,48,hand_close,48,1.0,False
grabmyo-S030-D2-hand_close-T07,grabmyo-S030-D2-hand_close-T07,30,2,16,7,train,hand_close,-1.6059302921850256,1.603753999313042,-2.367000537348462,-1.8268364198365337,48,hand_close,48,1.0,False
grabmyo-S030-D2-rest-T01,grabmyo-S030-D2-rest-T01,30,2,17,1,train,rest,0.8961919366110996,-1.281446745269658,-1.3773335060713974,-1.1374459819554088,48,rest,48,1.0,False
grabmyo-S030-D2-rest-T02,grabmyo-S030-D2-rest-T02,30,2,17,2,train,rest,1.016553625962969,-1.3380625128971435,-1.4897888759204425,-1.1474970560923419,48,rest,48,1.0,False
grabmyo-S030-D2-rest-T03,grabmyo-S030-D2-rest-T03,30,2,17,3,train,rest,1.0092109542804997,-1.4990846037350802,-1.414770091009946,-1.114560583722118,48,rest,48,1.0,False
grabmyo-S030-D2-rest-T04,grabmyo-S030-D2-rest-T04,30,2,17,4,train,rest,1.0428670932988646,-1.463648296942411,-1.4741210469344412,-1.084925238166367,48,rest,48,1.0,False
grabmyo-S030-D2-rest-T05,grabmyo-S030-D2-rest-T05,30,2,17,5,train,rest,0.9581428571950547,-1.3225097509041246,-1.195401466955975,-1.2570815059276985,48,rest,48,1.0,False
grabmyo-S030-D2-rest-T06,grabmyo-S030-D2-rest-T06,30,2,17,6,train,rest,0.9417127402269111,-1.0211339083977473,-1.1274830639621387,-1.4940369513253238,48,rest,48,1.0,False
grabmyo-S030-D2-rest-T07,grabmyo-S030-D2-rest-T07,30,2,17,7,train,rest,0.8897749220850734,-1.1090879135023133,-1.0094596524306427,-1.4968138944425382,48,rest,48,1.0,False
grabmyo-S031-D2-wrist_extension-T01,grabmyo-S031-D2-wrist_extension-T01,31,2,11,1,train,wrist_extension,-6.844736417553335,-5.386080814496612,3.1809266130788334,5.755498410609875,48,wrist_extension,48,1.0,False
grabmyo-S031-D2-wrist_extension-T02,grabmyo-S031-D2-wrist_extension-T02,31,2,11,2,train,wrist_extension,-8.764289477667898,-5.158370070010412,4.577626809438832,5.992993542704748,48,wrist_extension,48,1.0,False
grabmyo-S031-D2-wrist_extension-T03,grabmyo-S031-D2-wrist_extension-T03,31,2,11,3,train,wrist_extension,-7.716981681580125,-5.2034673151491235,4.7761821718601345,6.298410093191052,48,wrist_extension,48,1.0,False
grabmyo-S031-D2-wrist_extension-T04,grabmyo-S031-D2-wrist_extension-T04,31,2,11,4,train,wrist_extension,-10.025953648457836,-6.623637002002621,-0.15010071295322416,6.413079439938678,48,wrist_extension,48,1.0,False
grabmyo-S031-D2-wrist_extension-T05,grabmyo-S031-D2-wrist_extension-T05,31,2,11,5,train,wrist_extension,-10.286354838504588,-6.198622739226665,3.377451727633345,5.898330429223542,48,wrist_extension,48,1.0,False
grabmyo-S031-D2-wrist_extension-T06,grabmyo-S031-D2-wrist_extension-T06,31,2,11,6,train,wrist_extension,-13.296222958416877,-8.652789969658144,-3.042043473433242,5.741619817892137,48,wrist_extension,48,1.0,False
grabmyo-S031-D2-wrist_extension-T07,grabmyo-S031-D2-wrist_extension-T07,31,2,11,7,train,wrist_extension,-2.4339694813912325,-4.86809452539696,2.260720760357297,6.200725756033033,48,wrist_extension,48,1.0,False
grabmyo-S031-D2-wrist_flexion-T01,grabmyo-S031-D2-wrist_flexion-T01,31,2,12,1,train,wrist_flexion,-2.6565845092213065,-3.056383775482258,3.0957199982838204,-1.8993878460992584,48,wrist_flexion,48,1.0,False
grabmyo-S031-D2-wrist_flexion-T02,grabmyo-S031-D2-wrist_flexion-T02,31,2,12,2,train,wrist_flexion,-2.253856535646023,-2.5648283845783793,2.2880419732017883,-1.5272762008712861,48,wrist_flexion,48,1.0,False
grabmyo-S031-D2-wrist_flexion-T03,grabmyo-S031-D2-wrist_flexion-T03,31,2,12,3,train,wrist_flexion,-3.606476096640367,-2.9654209091874804,3.2791608895206266,-1.8944011452622151,48,wrist_flexion,48,1.0,False
grabmyo-S031-D2-wrist_flexion-T04,grabmyo-S031-D2-wrist_flexion-T04,31,2,12,4,train,wrist_flexion,-2.948904786530271,-2.610938415153809,2.453260967293788,-1.6469283629864193,48,wrist_flexion,48,1.0,False
grabmyo-S031-D2-wrist_flexion-T05,grabmyo-S031-D2-wrist_flexion-T05,31,2,12,5,train,wrist_flexion,-2.617666422064719,-2.387668150771681,2.24572805827222,-1.6710401462988287,48,wrist_flexion,48,1.0,False
grabmyo-S031-D2-wrist_flexion-T06,grabmyo-S031-D2-wrist_flexion-T06,31,2,12,6,train,wrist_flexion,-4.364537244718464,-2.577805724841754,3.196775678618397,-2.0073364128100954,48,wrist_flexion,48,1.0,False
grabmyo-S031-D2-wrist_flexion-T07,grabmyo-S031-D2-wrist_flexion-T07,31,2,12,7,train,wrist_flexion,-3.459538153752979,-3.0242319442012864,3.3908048704122735,-1.8084658993225693,48,wrist_flexion,48,1.0,False
grabmyo-S031-D2-hand_close-T01,grabmyo-S031-D2-hand_close-T01,31,2,16,1,train,hand_close,-4.324907720259609,2.5698028506222146,-1.950700711801705,-2.633831696792098,48,hand_close,48,1.0,False
grabmyo-S031-D2-hand_close-T02,grabmyo-S031-D2-hand_close-T02,31,2,16,2,train,hand_close,-5.242482021030775,2.853395969485325,-1.8380527349701492,-2.9747837614540438,48,hand_close,48,1.0,False
grabmyo-S031-D2-hand_close-T03,grabmyo-S031-D2-hand_close-T03,31,2,16,3,train,hand_close,-3.0572559039410727,1.8008545471878403,-1.7001992860696655,-2.450599747634531,48,hand_close,48,1.0,False
grabmyo-S031-D2-hand_close-T04,grabmyo-S031-D2-hand_close-T04,31,2,16,4,train,hand_close,-3.135268267583033,1.6848477305030143,-1.7731669903359777,-2.1336183414969083,48,hand_close,48,1.0,False
grabmyo-S031-D2-hand_close-T05,grabmyo-S031-D2-hand_close-T05,31,2,16,5,train,hand_close,-2.8136130999297637,1.3486653723672213,-1.2194160605990738,-1.7656258796747302,48,hand_close,48,1.0,False
grabmyo-S031-D2-hand_close-T06,grabmyo-S031-D2-hand_close-T06,31,2,16,6,train,hand_close,-5.469353100993707,3.163035919205223,-1.801133822122712,-3.1241706420908533,48,hand_close,48,1.0,False
grabmyo-S031-D2-hand_close-T07,grabmyo-S031-D2-hand_close-T07,31,2,16,7,train,hand_close,-3.516026306204706,1.976216914447795,-1.6531840602712045,-2.329900297986547,48,hand_close,48,1.0,False
grabmyo-S031-D2-rest-T01,grabmyo-S031-D2-rest-T01,31,2,17,1,train,rest,1.4247297753826331,-2.0637681675922526,-1.178049619983212,-0.958098292284446,48,rest,48,1.0,False
grabmyo-S031-D2-rest-T02,grabmyo-S031-D2-rest-T02,31,2,17,2,train,rest,0.5768630116037384,-1.9268205935769032,-0.1328510950029842,-1.028546169024968,48,rest,48,1.0,False
grabmyo-S031-D2-rest-T03,grabmyo-S031-D2-rest-T03,31,2,17,3,train,rest,0.8738579502555975,-1.7119811939598308,-0.6369911697644719,-0.41716373492926223,48,rest,48,1.0,False
grabmyo-S031-D2-rest-T04,grabmyo-S031-D2-rest-T04,31,2,17,4,train,rest,1.0108094773015774,-1.5777571843272886,-0.8418649778132264,-0.12668026508971286,48,rest,48,1.0,False
grabmyo-S031-D2-rest-T05,grabmyo-S031-D2-rest-T05,31,2,17,5,train,rest,1.1914153195126929,-1.642516578709843,-0.9543201873267888,-0.16033792420643386,48,rest,48,1.0,False
grabmyo-S031-D2-rest-T06,grabmyo-S031-D2-rest-T06,31,2,17,6,train,rest,1.2018240369631699,-1.6713690120033926,-0.7039105936605763,-0.7298069257630364,48,rest,48,1.0,False
grabmyo-S031-D2-rest-T07,grabmyo-S031-D2-rest-T07,31,2,17,7,train,rest,1.3531361514358462,-1.7550048982651603,-0.8953928828468002,-0.20139009927345566,48,rest,48,1.0,False
grabmyo-S032-D2-wrist_extension-T01,grabmyo-S032-D2-wrist_extension-T01,32,2,11,1,train,wrist_extension,-5.353162374614489,-1.5811863751010728,-2.7941961079572057,1.090859565665183,48,wrist_extension,48,1.0,False
grabmyo-S032-D2-wrist_extension-T02,grabmyo-S032-D2-wrist_extension-T02,32,2,11,2,train,wrist_extension,-6.884821903301013,-2.2798973928282145,-5.38416002719024,1.5587417157322632,48,wrist_extension,48,1.0,False
grabmyo-S032-D2-wrist_extension-T03,grabmyo-S032-D2-wrist_extension-T03,32,2,11,3,train,wrist_extension,-3.35505719021528,-1.1259910685642498,-1.4454240911849299,0.6698652920946659,48,wrist_extension,48,1.0,False
grabmyo-S032-D2-wrist_extension-T04,grabmyo-S032-D2-wrist_extension-T04,32,2,11,4,train,wrist_extension,-4.33562182475099,-1.3839881198538666,-2.6894754631641415,1.020496621258804,48,wrist_extension,48,1.0,False
grabmyo-S032-D2-wrist_extension-T05,grabmyo-S032-D2-wrist_extension-T05,32,2,11,5,train,wrist_extension,-3.807089765977023,-1.2901335536087528,-1.8688104529522063,0.8178234986983774,48,wrist_extension,48,1.0,False
grabmyo-S032-D2-wrist_extension-T06,grabmyo-S032-D2-wrist_extension-T06,32,2,11,6,train,wrist_extension,-2.6678826610501485,-1.066076241554256,-1.3801018862257062,0.4666768103086538,48,wrist_extension,48,1.0,False
grabmyo-S032-D2-wrist_extension-T07,grabmyo-S032-D2-wrist_extension-T07,32,2,11,7,train,wrist_extension,-3.0610852763940297,-1.0577051737562202,-1.2849219050212823,0.5712400909384919,48,wrist_extension,48,1.0,False
grabmyo-S032-D2-wrist_flexion-T01,grabmyo-S032-D2-wrist_flexion-T01,32,2,12,1,train,wrist_flexion,-2.051143324154917,-2.149214716260048,1.2964458885206738,-1.6558615049210388,48,wrist_flexion,48,1.0,False
grabmyo-S032-D2-wrist_flexion-T02,grabmyo-S032-D2-wrist_flexion-T02,32,2,12,2,train,wrist_flexion,-1.6845054981157876,-2.6349049784082132,1.582517963266014,-1.752892782450685,48,wrist_flexion,48,1.0,False
grabmyo-S032-D2-wrist_flexion-T03,grabmyo-S032-D2-wrist_flexion-T03,32,2,12,3,train,wrist_flexion,-1.3795120357598247,-2.2804984427835504,1.1733972079687054,-1.639646828273011,48,wrist_flexion,48,1.0,False
grabmyo-S032-D2-wrist_flexion-T04,grabmyo-S032-D2-wrist_flexion-T04,32,2,12,4,train,wrist_flexion,-2.624469440299562,-2.746066416040524,2.2616263767190654,-1.8903932012660913,48,wrist_flexion,48,1.0,False
grabmyo-S032-D2-wrist_flexion-T05,grabmyo-S032-D2-wrist_flexion-T05,32,2,12,5,train,wrist_flexion,-2.377865062747985,-2.467211641393045,1.8839733627494406,-1.9379588422071992,48,wrist_flexion,48,1.0,False
grabmyo-S032-D2-wrist_flexion-T06,grabmyo-S032-D2-wrist_flexion-T06,32,2,12,6,train,wrist_flexion,-2.565553195809874,-2.4756079631764725,2.295973834873465,-2.2556980636947386,48,wrist_flexion,48,1.0,False
grabmyo-S032-D2-wrist_flexion-T07,grabmyo-S032-D2-wrist_flexion-T07,32,2,12,7,train,wrist_flexion,-2.101119931148041,-2.247937553881752,1.685380154591223,-1.869773494963401,48,wrist_flexion,48,1.0,False
grabmyo-S032-D2-hand_close-T01,grabmyo-S032-D2-hand_close-T01,32,2,16,1,train,hand_close,-2.067388155647047,1.278084302034418,-1.707398756642678,-2.0709892837263126,48,hand_close,48,1.0,False
grabmyo-S032-D2-hand_close-T02,grabmyo-S032-D2-hand_close-T02,32,2,16,2,train,hand_close,-1.6242917809963788,1.5462945345377934,-1.9242593183811252,-2.1937967467063046,48,hand_close,48,1.0,False
grabmyo-S032-D2-hand_close-T03,grabmyo-S032-D2-hand_close-T03,32,2,16,3,train,hand_close,-2.760460183836747,2.3086866823128562,-1.9340237885649572,-2.7911773587498856,48,hand_close,48,1.0,False
grabmyo-S032-D2-hand_close-T04,grabmyo-S032-D2-hand_close-T04,32,2,16,4,train,hand_close,-2.652154378275306,1.6228291932428576,-2.2466723923077807,-2.2936213034283,48,hand_close,48,1.0,False
grabmyo-S032-D2-hand_close-T05,grabmyo-S032-D2-hand_close-T05,32,2,16,5,train,hand_close,-3.4779061267701716,2.963661107430127,-2.5987027613657223,-2.8208510219290965,48,hand_close,48,1.0,False
grabmyo-S032-D2-hand_close-T06,grabmyo-S032-D2-hand_close-T06,32,2,16,6,train,hand_close,-2.356459273923132,1.9047292344176299,-2.0023933926286617,-2.2481947142018632,48,hand_close,48,1.0,False
grabmyo-S032-D2-hand_close-T07,grabmyo-S032-D2-hand_close-T07,32,2,16,7,train,hand_close,-2.548985114299905,2.5638613890688506,-2.2363677888691096,-2.7011787354049903,48,hand_close,48,1.0,False
grabmyo-S032-D2-rest-T01,grabmyo-S032-D2-rest-T01,32,2,17,1,train,rest,1.0256800334519272,-1.4777168969154986,-1.36181662143723,-0.9148518197624435,48,rest,48,1.0,False
grabmyo-S032-D2-rest-T02,grabmyo-S032-D2-rest-T02,32,2,17,2,train,rest,1.12470513215266,-1.5673343224029919,-1.3614644588441234,-0.5194995874983414,48,rest,48,1.0,False
grabmyo-S032-D2-rest-T03,grabmyo-S032-D2-rest-T03,32,2,17,3,train,rest,1.3528326932133254,-1.7968568142272545,-1.1902742295379403,-1.0412417530568143,48,rest,48,1.0,False
grabmyo-S032-D2-rest-T04,grabmyo-S032-D2-rest-T04,32,2,17,4,train,rest,0.9630538918535047,-1.20075978861382,-1.2196437457096205,-0.9516403115325317,48,rest,48,1.0,False
grabmyo-S032-D2-rest-T05,grabmyo-S032-D2-rest-T05,32,2,17,5,train,rest,0.7619871665893522,-1.108468764206082,-1.1529075021215596,-0.8749306387276096,48,rest,48,1.0,False
grabmyo-S032-D2-rest-T06,grabmyo-S032-D2-rest-T06,32,2,17,6,train,rest,0.7871040867961397,-0.887546966326083,-1.3558944509477138,-0.8506722419126934,48,rest,48,1.0,False
grabmyo-S032-D2-rest-T07,grabmyo-S032-D2-rest-T07,32,2,17,7,train,rest,1.1636900657484222,-1.236577852785064,-1.780379679634418,-0.9183621057690144,48,rest,48,1.0,False
grabmyo-S036-D2-wrist_extension-T01,grabmyo-S036-D2-wrist_extension-T01,36,2,11,1,train,wrist_extension,-16.48179126596572,-6.484883701769932,-7.904411281725785,4.050572714705701,48,wrist_extension,48,1.0,False
grabmyo-S036-D2-wrist_extension-T02,grabmyo-S036-D2-wrist_extension-T02,36,2,11,2,train,wrist_extension,-13.880076199768096,-5.061263297098521,-7.570103018785105,2.8920225521246192,48,wrist_extension,48,1.0,False
grabmyo-S036-D2-wrist_extension-T03,grabmyo-S036-D2-wrist_extension-T03,36,2,11,3,train,wrist_extension,-12.706120644033545,-4.801322730872481,-6.714303028878813,3.7328309418619217,48,wrist_extension,48,1.0,False
grabmyo-S036-D2-wrist_extension-T04,grabmyo-S036-D2-wrist_extension-T04,36,2,11,4,train,wrist_extension,-13.216105729639002,-5.528179409549416,-7.298024751913142,4.040419452426858,48,wrist_extension,48,1.0,False
grabmyo-S036-D2-wrist_extension-T05,grabmyo-S036-D2-wrist_extension-T05,36,2,11,5,train,wrist_extension,-11.381660293870128,-4.238067477077222,-5.214328427047276,2.9592806155494404,48,wrist_extension,48,1.0,False
grabmyo-S036-D2-wrist_extension-T06,grabmyo-S036-D2-wrist_extension-T06,36,2,11,6,train,wrist_extension,-11.364321973095533,-3.774030462717629,-5.710789032336712,3.406465192995299,48,wrist_extension,48,1.0,False
grabmyo-S036-D2-wrist_extension-T07,grabmyo-S036-D2-wrist_extension-T07,36,2,11,7,train,wrist_extension,-14.504398174814696,-5.897083529058374,-7.318885816631455,4.1921069013300505,48,wrist_extension,48,1.0,False
grabmyo-S036-D2-wrist_flexion-T01,grabmyo-S036-D2-wrist_flexion-T01,36,2,12,1,train,wrist_flexion,-7.116637290563883,-2.802375234439681,4.406678053838739,-4.3197978072968715,48,wrist_flexion,48,1.0,False
grabmyo-S036-D2-wrist_flexion-T02,grabmyo-S036-D2-wrist_flexion-T02,36,2,12,2,train,wrist_flexion,-4.718633502598135,-3.350003321777635,4.409015229431226,-3.1145241272380186,48,wrist_flexion,48,1.0,False
grabmyo-S036-D2-wrist_flexion-T03,grabmyo-S036-D2-wrist_flexion-T03,36,2,12,3,train,wrist_flexion,-2.389207423133993,-3.4693522030879542,4.18034245067068,-2.131823218429417,48,wrist_flexion,48,1.0,False
grabmyo-S036-D2-wrist_flexion-T04,grabmyo-S036-D2-wrist_flexion-T04,36,2,12,4,train,wrist_flexion,-5.273648853340665,-2.614149484539548,3.3745470893499383,-3.2907357233112116,48,wrist_flexion,48,1.0,False
grabmyo-S036-D2-wrist_flexion-T05,grabmyo-S036-D2-wrist_flexion-T05,36,2,12,5,train,wrist_flexion,-5.333948027078278,-2.49067146069851,3.802709453113304,-3.841885216803639,48,wrist_flexion,48,1.0,False
grabmyo-S036-D2-wrist_flexion-T06,grabmyo-S036-D2-wrist_flexion-T06,36,2,12,6,train,wrist_flexion,-4.101426086703184,-2.907098009340918,4.259386937408622,-3.425862681731395,48,wrist_flexion,48,1.0,False
grabmyo-S036-D2-wrist_flexion-T07,grabmyo-S036-D2-wrist_flexion-T07,36,2,12,7,train,wrist_flexion,-4.934365212320792,-2.8059635582863627,4.225999895192889,-3.239330678082734,48,wrist_flexion,48,1.0,False
grabmyo-S036-D2-hand_close-T01,grabmyo-S036-D2-hand_close-T01,36,2,16,1,train,hand_close,-4.924027280081071,3.526291716028327,-3.264706929280844,-2.9044145647244863,48,hand_close,48,1.0,False
grabmyo-S036-D2-hand_close-T02,grabmyo-S036-D2-hand_close-T02,36,2,16,2,train,hand_close,-5.262074663789301,3.5857679183535556,-3.0362637293923704,-3.0529398850125062,48,hand_close,48,1.0,False
grabmyo-S036-D2-hand_close-T03,grabmyo-S036-D2-hand_close-T03,36,2,16,3,train,hand_close,-2.769280843746147,2.024396354079793,-2.10026083386204,-2.1900170961231304,48,hand_close,48,1.0,False
grabmyo-S036-D2-hand_close-T04,grabmyo-S036-D2-hand_close-T04,36,2,16,4,train,hand_close,-3.5913734578605716,3.2549277775138505,-3.157449203965772,-2.5503520469438024,48,hand_close,48,1.0,False
grabmyo-S036-D2-hand_close-T05,grabmyo-S036-D2-hand_close-T05,36,2,16,5,train,hand_close,-3.118211008931699,3.035414454913641,-3.290380258698455,-2.0949601044368533,48,hand_close,48,1.0,False
grabmyo-S036-D2-hand_close-T06,grabmyo-S036-D2-hand_close-T06,36,2,16,6,train,hand_close,-3.2850325842534303,2.026783846634105,-2.636402935256117,-2.482407467406133,48,hand_close,48,1.0,False
grabmyo-S036-D2-hand_close-T07,grabmyo-S036-D2-hand_close-T07,36,2,16,7,train,hand_close,-5.16492178827408,3.353489090359505,-2.8530327475436987,-2.2964047615215097,48,hand_close,48,1.0,False
grabmyo-S036-D2-rest-T01,grabmyo-S036-D2-rest-T01,36,2,17,1,train,rest,0.8561291623936399,-0.47638079727247246,-1.6250785365231522,-1.256628957101422,48,rest,48,1.0,False
grabmyo-S036-D2-rest-T02,grabmyo-S036-D2-rest-T02,36,2,17,2,train,rest,1.2215741130181126,-0.7574007482812357,-1.27604394065141,-1.4375170384835585,48,rest,48,1.0,False
grabmyo-S036-D2-rest-T03,grabmyo-S036-D2-rest-T03,36,2,17,3,train,rest,0.9396361007267128,-1.1632513750511368,-1.306920229911552,-1.1598903566578591,48,rest,48,1.0,False
grabmyo-S036-D2-rest-T04,grabmyo-S036-D2-rest-T04,36,2,17,4,train,rest,0.9149581811497055,-0.6981963023063512,-1.5249391293937336,-1.2976212219289864,48,rest,48,1.0,False
grabmyo-S036-D2-rest-T05,grabmyo-S036-D2-rest-T05,36,2,17,5,train,rest,1.267299277558635,-1.6953056694074906,-1.7081872344362115,-0.9686953792394674,48,rest,48,1.0,False
grabmyo-S036-D2-rest-T06,grabmyo-S036-D2-rest-T06,36,2,17,6,train,rest,1.2323647465491632,-0.6742041935030291,-1.798211976224947,-1.2636322269843148,48,rest,48,1.0,False
grabmyo-S036-D2-rest-T07,grabmyo-S036-D2-rest-T07,36,2,17,7,train,rest,1.2417908290336046,-0.838294739711993,-1.6564136172248356,-1.256288588025098,48,rest,48,1.0,False
grabmyo-S037-D2-wrist_extension-T01,grabmyo-S037-D2-wrist_extension-T01,37,2,11,1,train,wrist_extension,-6.535366309043429,-3.084874375116515,-4.4414360486478595,2.9706986072156454,48,wrist_extension,48,1.0,False
grabmyo-S037-D2-wrist_extension-T02,grabmyo-S037-D2-wrist_extension-T02,37,2,11,2,train,wrist_extension,-7.3081698585646855,-4.1871411021775815,-5.6879308943919185,3.4989974479990273,48,wrist_extension,48,1.0,False
grabmyo-S037-D2-wrist_extension-T03,grabmyo-S037-D2-wrist_extension-T03,37,2,11,3,train,wrist_extension,-4.775897146564677,-2.319247574525241,-3.1155433515095274,2.2651860085969835,48,wrist_extension,48,1.0,False
grabmyo-S037-D2-wrist_extension-T04,grabmyo-S037-D2-wrist_extension-T04,37,2,11,4,train,wrist_extension,-6.955483576768258,-3.244548261217256,-5.1281106554287605,3.2670402411364243,48,wrist_extension,48,1.0,False
grabmyo-S037-D2-wrist_extension-T05,grabmyo-S037-D2-wrist_extension-T05,37,2,11,5,train,wrist_extension,-7.8669487836392475,-4.23488764393636,-5.913739176460801,3.469922840129604,48,wrist_extension,48,1.0,False
grabmyo-S037-D2-wrist_extension-T06,grabmyo-S037-D2-wrist_extension-T06,37,2,11,6,train,wrist_extension,-7.015768791858972,-3.3662135097490054,-4.7429446779849425,3.062237577806625,48,wrist_extension,48,1.0,False
grabmyo-S037-D2-wrist_extension-T07,grabmyo-S037-D2-wrist_extension-T07,37,2,11,7,train,wrist_extension,-8.471927112416035,-4.595711597891566,-6.315394554233937,3.742487086668911,48,wrist_extension,48,1.0,False
grabmyo-S037-D2-wrist_flexion-T01,grabmyo-S037-D2-wrist_flexion-T01,37,2,12,1,train,wrist_flexion,-1.2965924352646108,-1.6414095200843555,1.0357625357715377,-1.572075756792902,48,wrist_flexion,48,1.0,False
grabmyo-S037-D2-wrist_flexion-T02,grabmyo-S037-D2-wrist_flexion-T02,37,2,12,2,train,wrist_flexion,-0.8456265697395188,-1.3538050172003733,0.430028713619296,-1.4695440151335122,48,wrist_flexion,48,1.0,False
grabmyo-S037-D2-wrist_flexion-T03,grabmyo-S037-D2-wrist_flexion-T03,37,2,12,3,train,wrist_flexion,-2.679965062973005,-2.0601762071246017,2.1507407427293534,-2.017161976830378,48,wrist_flexion,48,1.0,False
grabmyo-S037-D2-wrist_flexion-T04,grabmyo-S037-D2-wrist_flexion-T04,37,2,12,4,train,wrist_flexion,-2.4743794203484724,-1.812823874626675,1.4415827777534396,-1.732809998819788,48,wrist_flexion,48,1.0,False
grabmyo-S037-D2-wrist_flexion-T05,grabmyo-S037-D2-wrist_flexion-T05,37,2,12,5,train,wrist_flexion,-1.3618057838578803,-2.120564448521676,1.3738080016106249,-1.4867918088166936,48,wrist_flexion,48,1.0,False
grabmyo-S037-D2-wrist_flexion-T06,grabmyo-S037-D2-wrist_flexion-T06,37,2,12,6,train,wrist_flexion,-0.8735489296382831,-2.012699317526685,0.7910863046805264,-1.4162759549013089,48,wrist_flexion,48,1.0,False
grabmyo-S037-D2-wrist_flexion-T07,grabmyo-S037-D2-wrist_flexion-T07,37,2,12,7,train,wrist_flexion,-1.2438773298156087,-1.9206795957963185,0.9053625287253239,-1.5297683818048213,48,wrist_flexion,48,1.0,False
grabmyo-S037-D2-hand_close-T01,grabmyo-S037-D2-hand_close-T01,37,2,16,1,train,hand_close,-2.05218379499886,1.0273294173878347,-1.5776237041957326,-1.908585375903071,48,hand_close,48,1.0,False
grabmyo-S037-D2-hand_close-T02,grabmyo-S037-D2-hand_close-T02,37,2,16,2,train,hand_close,-1.7297710069558978,1.0383053710864576,-1.64175413493379,-2.0640954973775876,48,hand_close,48,1.0,False
grabmyo-S037-D2-hand_close-T03,grabmyo-S037-D2-hand_close-T03,37,2,16,3,train,hand_close,-2.339783407605389,1.077832486437092,-1.4595141337298683,-2.0781263126906335,48,hand_close,48,1.0,False
grabmyo-S037-D2-hand_close-T04,grabmyo-S037-D2-hand_close-T04,37,2,16,4,train,hand_close,-2.444193112039794,1.1327465170042057,-1.148022150166564,-2.1054201660136367,48,hand_close,48,1.0,False
grabmyo-S037-D2-hand_close-T05,grabmyo-S037-D2-hand_close-T05,37,2,16,5,train,hand_close,-1.8311132954646043,0.603177926462312,-1.3126656301852448,-1.560303826944689,48,hand_close,48,1.0,False
grabmyo-S037-D2-hand_close-T06,grabmyo-S037-D2-hand_close-T06,37,2,16,6,train,hand_close,-1.1375115357077108,0.41826849432995167,-1.4618551174642223,-1.4969254963499277,48,hand_close,48,1.0,False
grabmyo-S037-D2-hand_close-T07,grabmyo-S037-D2-hand_close-T07,37,2,16,7,train,hand_close,-1.7360952234141147,0.9686660782066189,-1.7895118026028198,-2.1158784444916443,48,hand_close,48,1.0,False
grabmyo-S037-D2-rest-T01,grabmyo-S037-D2-rest-T01,37,2,17,1,train,rest,0.8272995831959592,-0.7865738780224455,-1.3416020559894832,-1.121780619255958,48,rest,48,1.0,False
grabmyo-S037-D2-rest-T02,grabmyo-S037-D2-rest-T02,37,2,17,2,train,rest,0.8798060215223953,-0.9448312160489781,-1.4821815090864157,-1.1464079187659642,48,rest,48,1.0,False
grabmyo-S037-D2-rest-T03,grabmyo-S037-D2-rest-T03,37,2,17,3,train,rest,1.070663142569781,-0.8604897670122046,-1.636121505523243,-1.130569542574858,48,rest,48,1.0,False
grabmyo-S037-D2-rest-T04,grabmyo-S037-D2-rest-T04,37,2,17,4,train,rest,0.6031895560039644,-0.8412231607716856,-1.3411433262484602,-1.0499470792658077,48,rest,48,1.0,False
grabmyo-S037-D2-rest-T05,grabmyo-S037-D2-rest-T05,37,2,17,5,train,rest,1.0015474778882651,-1.1143586780592756,-1.7389471475359926,-0.8884318669600475,48,rest,48,1.0,False
grabmyo-S037-D2-rest-T06,grabmyo-S037-D2-rest-T06,37,2,17,6,train,rest,0.7462295036400023,-0.6926929133056947,-1.6114702809834724,-0.9818869611236186,48,rest,48,1.0,False
grabmyo-S037-D2-rest-T07,grabmyo-S037-D2-rest-T07,37,2,17,7,train,rest,0.8711230687899719,-1.0843347101755823,-1.4090515095337501,-1.0734315973211739,48,rest,48,1.0,False
grabmyo-S038-D2-wrist_extension-T01,grabmyo-S038-D2-wrist_extension-T01,38,2,11,1,train,wrist_extension,-5.6173760348696335,-1.9835122712849256,-2.305635776428502,2.2856580849976633,48,wrist_extension,48,1.0,False
grabmyo-S038-D2-wrist_extension-T02,grabmyo-S038-D2-wrist_extension-T02,38,2,11,2,train,wrist_extension,-6.548660366174697,-2.4623772957062733,-3.167468985125707,2.9676154551898684,48,wrist_extension,48,1.0,False
grabmyo-S038-D2-wrist_extension-T03,grabmyo-S038-D2-wrist_extension-T03,38,2,11,3,train,wrist_extension,-4.018940564250139,-1.606228565412886,-1.5695684035672226,1.8926137721476606,48,wrist_extension,48,1.0,False
grabmyo-S038-D2-wrist_extension-T04,grabmyo-S038-D2-wrist_extension-T04,38,2,11,4,train,wrist_extension,-5.305107965566516,-1.92314009101463,-2.307158242984797,2.410676137579157,48,wrist_extension,48,1.0,False
grabmyo-S038-D2-wrist_extension-T05,grabmyo-S038-D2-wrist_extension-T05,38,2,11,5,train,wrist_extension,-6.82272917719956,-2.322222548399194,-3.871910964194275,3.0764003441733716,48,wrist_extension,48,1.0,False
grabmyo-S038-D2-wrist_extension-T06,grabmyo-S038-D2-wrist_extension-T06,38,2,11,6,train,wrist_extension,-7.135781271129631,-2.7266713524631627,-4.219695892835834,2.901290313947852,48,wrist_extension,48,1.0,False
grabmyo-S038-D2-wrist_extension-T07,grabmyo-S038-D2-wrist_extension-T07,38,2,11,7,train,wrist_extension,-4.711098226285229,-1.8521616539056813,-1.631737794600304,2.050742391424039,48,wrist_extension,48,1.0,False
grabmyo-S038-D2-wrist_flexion-T01,grabmyo-S038-D2-wrist_flexion-T01,38,2,12,1,train,wrist_flexion,-7.4748475513484545,-1.057580211621724,2.8255832847265427,-5.290505281187987,48,wrist_flexion,48,1.0,False
grabmyo-S038-D2-wrist_flexion-T02,grabmyo-S038-D2-wrist_flexion-T02,38,2,12,2,train,wrist_flexion,-6.895831116159212,-0.376155302807689,1.8667660270294817,-5.22997343739552,48,wrist_flexion,48,1.0,False
grabmyo-S038-D2-wrist_flexion-T03,grabmyo-S038-D2-wrist_flexion-T03,38,2,12,3,train,wrist_flexion,-5.7920995059666724,-0.33479336743835036,1.7029494768320843,-4.313041482194454,48,wrist_flexion,48,1.0,False
grabmyo-S038-D2-wrist_flexion-T04,grabmyo-S038-D2-wrist_flexion-T04,38,2,12,4,train,wrist_flexion,-4.541414327450415,-0.178652457441741,0.7736491533493823,-3.6060185111800522,48,wrist_flexion,48,1.0,False
grabmyo-S038-D2-wrist_flexion-T05,grabmyo-S038-D2-wrist_flexion-T05,38,2,12,5,train,wrist_flexion,-3.6647457006886426,-0.41954295444465356,0.6501504983000169,-3.1257978063985754,48,wrist_flexion,48,1.0,False
grabmyo-S038-D2-wrist_flexion-T06,grabmyo-S038-D2-wrist_flexion-T06,38,2,12,6,train,wrist_flexion,-2.5688120786862094,-0.4339438109097484,-0.11522039056466173,-2.7765448363830654,48,wrist_flexion,48,1.0,False
grabmyo-S038-D2-wrist_flexion-T07,grabmyo-S038-D2-wrist_flexion-T07,38,2,12,7,train,wrist_flexion,-4.518056532192926,-0.9113552828990675,1.4767665944384925,-3.477390067572165,48,wrist_flexion,48,1.0,False
grabmyo-S038-D2-hand_close-T01,grabmyo-S038-D2-hand_close-T01,38,2,16,1,train,hand_close,-0.74927626496873,0.1282726781211084,-1.5167668781875883,-1.5808974946940364,48,hand_close,48,1.0,False
grabmyo-S038-D2-hand_close-T02,grabmyo-S038-D2-hand_close-T02,38,2,16,2,train,hand_close,-2.544429404332685,1.991434309139409,-2.37054540729688,-2.877046608489776,48,hand_close,48,1.0,False
grabmyo-S038-D2-hand_close-T03,grabmyo-S038-D2-hand_close-T03,38,2,16,3,train,hand_close,-1.2808759339164053,1.2902467691433033,-2.2355951489094026,-2.2040584127913045,48,hand_close,48,1.0,False
grabmyo-S038-D2-hand_close-T04,grabmyo-S038-D2-hand_close-T04,38,2,16,4,train,hand_close,-0.7293576163359256,0.6015582048360316,-1.6957154681270816,-1.918297756458642,48,hand_close,48,1.0,False
grabmyo-S038-D2-hand_close-T05,grabmyo-S038-D2-hand_close-T05,38,2,16,5,train,hand_close,-0.8190678600949851,0.5036171338003191,-1.6151840811072484,-1.632133495420053,48,hand_close,48,1.0,False
grabmyo-S038-D2-hand_close-T06,grabmyo-S038-D2-hand_close-T06,38,2,16,6,train,hand_close,-0.9546494508323821,0.9895886828863407,-2.0505668381249067,-1.87582053796934,48,hand_close,48,1.0,False
grabmyo-S038-D2-hand_close-T07,grabmyo-S038-D2-hand_close-T07,38,2,16,7,train,hand_close,-0.2578464182843697,0.3751000231571779,-1.9115477972102228,-1.7824949331929192,48,hand_close,48,1.0,False
grabmyo-S038-D2-rest-T01,grabmyo-S038-D2-rest-T01,38,2,17,1,train,rest,0.5353778402576957,-0.9401514218329144,-1.3904002017947228,-0.9800037944425797,48,rest,48,1.0,False
grabmyo-S038-D2-rest-T02,grabmyo-S038-D2-rest-T02,38,2,17,2,train,rest,1.0665340335796964,-1.1001434573915814,-1.8056693592509745,-1.0708200364266893,48,rest,48,1.0,False
grabmyo-S038-D2-rest-T03,grabmyo-S038-D2-rest-T03,38,2,17,3,train,rest,1.1404957972956211,-1.1170320217855179,-1.3790120030418065,-1.3434688554686423,48,rest,48,1.0,False
grabmyo-S038-D2-rest-T04,grabmyo-S038-D2-rest-T04,38,2,17,4,train,rest,0.9044391660629522,-0.9177800101056531,-1.5294060690372817,-1.23040960894982,48,rest,48,1.0,False
grabmyo-S038-D2-rest-T05,grabmyo-S038-D2-rest-T05,38,2,17,5,train,rest,0.964030286757725,-0.9839301002170956,-1.3350793176500761,-1.3558584401542706,48,rest,48,1.0,False
grabmyo-S038-D2-rest-T06,grabmyo-S038-D2-rest-T06,38,2,17,6,train,rest,1.0366355328291428,-0.8874725805824323,-1.5435660742507704,-1.3111787515886242,48,rest,48,1.0,False
grabmyo-S038-D2-rest-T07,grabmyo-S038-D2-rest-T07,38,2,17,7,train,rest,0.9937948167677341,-0.9131519979444426,-1.7511527585969484,-1.1258379037888484,48,rest,48,1.0,False
grabmyo-S039-D2-wrist_extension-T01,grabmyo-S039-D2-wrist_extension-T01,39,2,11,1,train,wrist_extension,-3.2134044593009974,-1.357607818840525,-1.3510380206797208,1.1016541981976402,48,wrist_extension,48,1.0,False
grabmyo-S039-D2-wrist_extension-T02,grabmyo-S039-D2-wrist_extension-T02,39,2,11,2,train,wrist_extension,-4.021198581199491,-1.5341075401087947,-1.925245247456389,1.3630975205684448,48,wrist_extension,48,1.0,False
grabmyo-S039-D2-wrist_extension-T03,grabmyo-S039-D2-wrist_extension-T03,39,2,11,3,train,wrist_extension,-3.0145496296692715,-1.5037072017015707,-1.574404747958804,1.4951397006986429,48,wrist_extension,48,1.0,False
grabmyo-S039-D2-wrist_extension-T04,grabmyo-S039-D2-wrist_extension-T04,39,2,11,4,train,wrist_extension,-2.755422321011301,-1.4029383063665641,-1.3920490465891524,1.382781628332889,48,wrist_extension,48,1.0,False
grabmyo-S039-D2-wrist_extension-T05,grabmyo-S039-D2-wrist_extension-T05,39,2,11,5,train,wrist_extension,-2.8097938591900067,-1.4145304167293897,-1.3565495280563982,1.2416508956841315,48,wrist_extension,48,1.0,False
grabmyo-S039-D2-wrist_extension-T06,grabmyo-S039-D2-wrist_extension-T06,39,2,11,6,train,wrist_extension,-3.867506523882426,-1.4637345131159003,-2.4818284070768795,1.296618824468474,48,wrist_extension,48,1.0,False
grabmyo-S039-D2-wrist_extension-T07,grabmyo-S039-D2-wrist_extension-T07,39,2,11,7,train,wrist_extension,-4.462909693236315,-1.4281262523078564,-2.2151891083574085,1.2201846028903953,48,wrist_extension,48,1.0,False
grabmyo-S039-D2-wrist_flexion-T01,grabmyo-S039-D2-wrist_flexion-T01,39,2,12,1,train,wrist_flexion,-1.3960271033321359,-1.8098578894447261,1.6047602249571398,-1.5541614357130493,48,wrist_flexion,48,1.0,False
grabmyo-S039-D2-wrist_flexion-T02,grabmyo-S039-D2-wrist_flexion-T02,39,2,12,2,train,wrist_flexion,-1.9318253114587145,-1.7094261557097756,2.0871640048184465,-1.868400299176063,48,wrist_flexion,48,1.0,False
grabmyo-S039-D2-wrist_flexion-T03,grabmyo-S039-D2-wrist_flexion-T03,39,2,12,3,train,wrist_flexion,-1.4602019313010801,-1.7660227395955859,1.0127866200907614,-1.151897675802613,48,wrist_flexion,48,1.0,False
grabmyo-S039-D2-wrist_flexion-T04,grabmyo-S039-D2-wrist_flexion-T04,39,2,12,4,train,wrist_flexion,-1.3750752353649023,-2.2816835547137315,1.252086311951197,-1.1364935702597427,48,wrist_flexion,48,1.0,False
grabmyo-S039-D2-wrist_flexion-T05,grabmyo-S039-D2-wrist_flexion-T05,39,2,12,5,train,wrist_flexion,-1.8228636313021187,-2.2527492494793124,1.6243227500415893,-1.1699268064986272,48,wrist_flexion,48,1.0,False
grabmyo-S039-D2-wrist_flexion-T06,grabmyo-S039-D2-wrist_flexion-T06,39,2,12,6,train,wrist_flexion,-2.198488508250745,-1.3033795520340419,0.783824242838144,-1.1316251481626012,48,wrist_flexion,48,1.0,False
grabmyo-S039-D2-wrist_flexion-T07,grabmyo-S039-D2-wrist_flexion-T07,39,2,12,7,train,wrist_flexion,-1.2014641308409943,-2.4250435981508756,2.0629004222893883,-1.544541909779057,48,wrist_flexion,48,1.0,False
grabmyo-S039-D2-hand_close-T01,grabmyo-S039-D2-hand_close-T01,39,2,16,1,train,hand_close,-0.10552129890934801,-0.351384003210696,-1.0406329675117667,-1.1780014238595584,48,rest,48,1.0,False
grabmyo-S039-D2-hand_close-T02,grabmyo-S039-D2-hand_close-T02,39,2,16,2,train,hand_close,-0.22507845496418796,-0.26657597742717715,-1.0907791518134045,-1.2289581443710806,48,rest,48,1.0,False
grabmyo-S039-D2-hand_close-T03,grabmyo-S039-D2-hand_close-T03,39,2,16,3,train,hand_close,-0.27087990322235905,0.00011996058664027569,-1.4197402979728466,-1.1355585957749073,48,hand_close,48,1.0,False
grabmyo-S039-D2-hand_close-T04,grabmyo-S039-D2-hand_close-T04,39,2,16,4,train,hand_close,-0.5602442554101691,0.19894671426682284,-1.365865268576055,-1.3829983480710928,48,hand_close,48,1.0,False
grabmyo-S039-D2-hand_close-T05,grabmyo-S039-D2-hand_close-T05,39,2,16,5,train,hand_close,-1.5882425052212132,-0.36670297478082475,-0.44675444760739286,-1.2704661127935002,48,hand_close,48,1.0,False
grabmyo-S039-D2-hand_close-T06,grabmyo-S039-D2-hand_close-T06,39,2,16,6,train,hand_close,-1.2924102425371544,-0.9345525356667163,-0.07480355686035488,-1.1415685450455826,48,wrist_flexion,48,1.0,False
grabmyo-S039-D2-hand_close-T07,grabmyo-S039-D2-hand_close-T07,39,2,16,7,train,hand_close,-1.2742444041015593,0.40795678025978144,-0.8799223975713534,-1.47505612020061,48,hand_close,48,1.0,False
grabmyo-S039-D2-rest-T01,grabmyo-S039-D2-rest-T01,39,2,17,1,train,rest,0.707161639023104,-0.5002670302956228,-1.4909030840691895,-0.9345301931451631,48,rest,48,1.0,False
grabmyo-S039-D2-rest-T02,grabmyo-S039-D2-rest-T02,39,2,17,2,train,rest,1.0241688306563366,-0.6086179398254922,-2.01472442803208,-0.9981258448752183,48,rest,48,1.0,False
grabmyo-S039-D2-rest-T03,grabmyo-S039-D2-rest-T03,39,2,17,3,train,rest,1.20818903350259,-0.6304497404821997,-1.6396996097262277,-1.4147980884561815,48,rest,48,1.0,False
grabmyo-S039-D2-rest-T04,grabmyo-S039-D2-rest-T04,39,2,17,4,train,rest,1.295597559219257,-0.9204415428019973,-1.2606369028303046,-1.4009940829177063,48,rest,48,1.0,False
grabmyo-S039-D2-rest-T05,grabmyo-S039-D2-rest-T05,39,2,17,5,train,rest,1.1485440936433549,-0.7739913624015385,-1.5930969736967995,-1.4602509737581002,48,rest,48,1.0,False
grabmyo-S039-D2-rest-T06,grabmyo-S039-D2-rest-T06,39,2,17,6,train,rest,0.9598592098295772,-0.5471335157279712,-1.265618069940726,-1.4402375234127325,48,rest,48,1.0,False
grabmyo-S039-D2-rest-T07,grabmyo-S039-D2-rest-T07,39,2,17,7,train,rest,1.128206010288275,-0.9270723383305742,-1.4096191862188618,-1.4544699115699256,48,rest,48,1.0,False
grabmyo-S040-D2-wrist_extension-T01,grabmyo-S040-D2-wrist_extension-T01,40,2,11,1,train,wrist_extension,-7.460859420118684,-1.8074820043504316,-5.909648390965824,2.1808075394107522,48,wrist_extension,48,1.0,False
grabmyo-S040-D2-wrist_extension-T02,grabmyo-S040-D2-wrist_extension-T02,40,2,11,2,train,wrist_extension,-6.663084942076878,-1.217036090464296,-3.8773940815042747,2.003390665189761,48,wrist_extension,48,1.0,False
grabmyo-S040-D2-wrist_extension-T03,grabmyo-S040-D2-wrist_extension-T03,40,2,11,3,train,wrist_extension,-5.487529115769047,-0.7872069903482489,-3.191328168795406,1.351345544309866,48,wrist_extension,48,1.0,False
grabmyo-S040-D2-wrist_extension-T04,grabmyo-S040-D2-wrist_extension-T04,40,2,11,4,train,wrist_extension,-5.640130259991111,-1.2627824169337407,-3.0070030381505233,1.7447030953352127,48,wrist_extension,48,1.0,False
grabmyo-S040-D2-wrist_extension-T05,grabmyo-S040-D2-wrist_extension-T05,40,2,11,5,train,wrist_extension,-5.694456177279069,-1.5207473243245258,-4.076480568937442,1.767469307676121,48,wrist_extension,48,1.0,False
grabmyo-S040-D2-wrist_extension-T06,grabmyo-S040-D2-wrist_extension-T06,40,2,11,6,train,wrist_extension,-5.858848987457598,-0.8569016767145111,-3.111694724574683,1.4648946839193284,48,wrist_extension,48,1.0,False
grabmyo-S040-D2-wrist_extension-T07,grabmyo-S040-D2-wrist_extension-T07,40,2,11,7,train,wrist_extension,-4.072727947134028,-0.8893126454672103,-2.8505676479976567,0.8906357160343235,48,wrist_extension,48,1.0,False
grabmyo-S040-D2-wrist_flexion-T01,grabmyo-S040-D2-wrist_flexion-T01,40,2,12,1,train,wrist_flexion,-4.020352552558372,-2.3151550676250827,3.240861106695506,-1.7163167789704816,48,wrist_flexion,48,1.0,False
grabmyo-S040-D2-wrist_flexion-T02,grabmyo-S040-D2-wrist_flexion-T02,40,2,12,2,train,wrist_flexion,-2.7792129247218686,-1.7758075312047608,2.397899032068604,-1.7079172249761987,48,wrist_flexion,48,1.0,False
grabmyo-S040-D2-wrist_flexion-T03,grabmyo-S040-D2-wrist_flexion-T03,40,2,12,3,train,wrist_flexion,-1.1996486925708225,-1.2853746968647712,0.7945444206570415,-1.406835098160781,48,wrist_flexion,48,1.0,False
grabmyo-S040-D2-wrist_flexion-T04,grabmyo-S040-D2-wrist_flexion-T04,40,2,12,4,train,wrist_flexion,-2.2467608891246766,-1.428016672682061,1.3072531535476264,-1.4746790247381376,48,wrist_flexion,48,1.0,False
grabmyo-S040-D2-wrist_flexion-T05,grabmyo-S040-D2-wrist_flexion-T05,40,2,12,5,train,wrist_flexion,-2.387479732144427,-1.6196983994582004,2.2796626923476713,-1.95608290410608,48,wrist_flexion,48,1.0,False
grabmyo-S040-D2-wrist_flexion-T06,grabmyo-S040-D2-wrist_flexion-T06,40,2,12,6,train,wrist_flexion,-0.6222817627209265,-1.3318520342049383,0.24818269978910715,-1.3335531525639268,48,wrist_flexion,48,1.0,False
grabmyo-S040-D2-wrist_flexion-T07,grabmyo-S040-D2-wrist_flexion-T07,40,2,12,7,train,wrist_flexion,-2.1865870305357737,-0.999656299569852,1.3875297833165614,-1.7840895804552215,48,wrist_flexion,48,1.0,False
grabmyo-S040-D2-hand_close-T01,grabmyo-S040-D2-hand_close-T01,40,2,16,1,train,hand_close,-8.27439421640481,1.2569770294438511,0.04393432945231443,-4.3373494266413415,48,hand_close,48,1.0,False
grabmyo-S040-D2-hand_close-T02,grabmyo-S040-D2-hand_close-T02,40,2,16,2,train,hand_close,-4.483731813265599,1.0853725880939902,-0.40957652007026524,-3.0015576099015195,48,hand_close,48,1.0,False
grabmyo-S040-D2-hand_close-T03,grabmyo-S040-D2-hand_close-T03,40,2,16,3,train,hand_close,-6.553113314536774,1.7887174206226897,-0.22514475727675987,-3.4014178302069897,48,hand_close,48,1.0,False
grabmyo-S040-D2-hand_close-T04,grabmyo-S040-D2-hand_close-T04,40,2,16,4,train,hand_close,-5.232622722587883,0.38474345417424266,0.2166701252973715,-3.357228314614637,48,hand_close,48,1.0,False
grabmyo-S040-D2-hand_close-T05,grabmyo-S040-D2-hand_close-T05,40,2,16,5,train,hand_close,-3.933584855631304,0.5660702399184009,-0.07461438948516169,-3.031512952975231,48,hand_close,48,1.0,False
grabmyo-S040-D2-hand_close-T06,grabmyo-S040-D2-hand_close-T06,40,2,16,6,train,hand_close,-3.9893090682884242,0.17100158425757253,0.23007477623808548,-2.7415264523209313,48,wrist_flexion,48,1.0,False
grabmyo-S040-D2-hand_close-T07,grabmyo-S040-D2-hand_close-T07,40,2,16,7,train,hand_close,-2.9472897053432026,0.18477231097695201,-0.49188743044473077,-2.424992785325608,48,hand_close,48,1.0,False
grabmyo-S040-D2-rest-T01,grabmyo-S040-D2-rest-T01,40,2,17,1,train,rest,1.1008902164805945,-1.1179770170791241,-1.4426343165850797,-1.20121224651609,48,rest,48,1.0,False
grabmyo-S040-D2-rest-T02,grabmyo-S040-D2-rest-T02,40,2,17,2,train,rest,0.9476576829951985,-1.2241891282690973,-1.2521387745335408,-1.0607504124341032,48,rest,48,1.0,False
grabmyo-S040-D2-rest-T03,grabmyo-S040-D2-rest-T03,40,2,17,3,train,rest,0.9743191475740444,-1.0424316956248592,-1.561542301038239,-1.043248826150599,48,rest,48,1.0,False
grabmyo-S040-D2-rest-T04,grabmyo-S040-D2-rest-T04,40,2,17,4,train,rest,0.9439598154401931,-1.2261457407992788,-1.2232748869024308,-1.134595002464195,48,rest,48,1.0,False
grabmyo-S040-D2-rest-T05,grabmyo-S040-D2-rest-T05,40,2,17,5,train,rest,1.1485083864409746,-1.302207966836384,-1.358568069884279,-1.1901379790984996,48,rest,48,1.0,False
grabmyo-S040-D2-rest-T06,grabmyo-S040-D2-rest-T06,40,2,17,6,train,rest,0.6439109928757402,-1.0899187725715953,-1.3022768858908005,-1.0484614866619164,48,rest,48,1.0,False
grabmyo-S040-D2-rest-T07,grabmyo-S040-D2-rest-T07,40,2,17,7,train,rest,1.1589728435277686,-1.3041215588055128,-1.2421696216113896,-1.1185803082329728,48,rest,48,1.0,False
grabmyo-S042-D2-wrist_extension-T01,grabmyo-S042-D2-wrist_extension-T01,42,2,11,1,train,wrist_extension,-8.595593431063117,-2.278172489872272,-4.322289377191338,1.9136534942192414,48,wrist_extension,48,1.0,False
grabmyo-S042-D2-wrist_extension-T02,grabmyo-S042-D2-wrist_extension-T02,42,2,11,2,train,wrist_extension,-3.99599136500034,-1.2617630846657153,-2.2979125508621396,1.1822069849582584,48,wrist_extension,48,1.0,False
grabmyo-S042-D2-wrist_extension-T03,grabmyo-S042-D2-wrist_extension-T03,42,2,11,3,train,wrist_extension,-3.4826055813559154,-0.9946674763393983,-1.8875647465404846,0.7404709751247155,48,wrist_extension,48,1.0,False
grabmyo-S042-D2-wrist_extension-T04,grabmyo-S042-D2-wrist_extension-T04,42,2,11,4,train,wrist_extension,-6.109932658186033,-1.5969565277217261,-2.800225636269474,1.4484043471014596,48,wrist_extension,48,1.0,False
grabmyo-S042-D2-wrist_extension-T05,grabmyo-S042-D2-wrist_extension-T05,42,2,11,5,train,wrist_extension,-7.069284570691988,-1.7259957089231037,-3.081882574931037,1.4514804774643937,48,wrist_extension,48,1.0,False
grabmyo-S042-D2-wrist_extension-T06,grabmyo-S042-D2-wrist_extension-T06,42,2,11,6,train,wrist_extension,-5.450781381419269,-1.3936819196018746,-2.773264832114272,1.1781011698114652,48,wrist_extension,48,1.0,False
grabmyo-S042-D2-wrist_extension-T07,grabmyo-S042-D2-wrist_extension-T07,42,2,11,7,train,wrist_extension,-6.840717429419665,-1.587596575106944,-3.237231269327633,1.588840602138608,48,wrist_extension,48,1.0,False
grabmyo-S042-D2-wrist_flexion-T01,grabmyo-S042-D2-wrist_flexion-T01,42,2,12,1,train,wrist_flexion,-2.319518684781229,-1.5141126937002118,1.546869639484474,-1.813798990687866,48,wrist_flexion,48,1.0,False
grabmyo-S042-D2-wrist_flexion-T02,grabmyo-S042-D2-wrist_flexion-T02,42,2,12,2,train,wrist_flexion,-2.619950552421664,-1.629179399503519,1.934013560666133,-2.0727776254530146,48,wrist_flexion,48,1.0,False
grabmyo-S042-D2-wrist_flexion-T03,grabmyo-S042-D2-wrist_flexion-T03,42,2,12,3,train,wrist_flexion,-1.428944789768396,-1.2115350748254095,0.8712356980722392,-1.8031414980178362,48,wrist_flexion,48,1.0,False
grabmyo-S042-D2-wrist_flexion-T04,grabmyo-S042-D2-wrist_flexion-T04,42,2,12,4,train,wrist_flexion,-1.489918556913761,-1.5509079982582665,1.0294039752625728,-1.740256169265239,48,wrist_flexion,48,1.0,False
grabmyo-S042-D2-wrist_flexion-T05,grabmyo-S042-D2-wrist_flexion-T05,42,2,12,5,train,wrist_flexion,-2.734461325937429,-1.3174370164852236,1.5118279339270908,-1.9402785386102295,48,wrist_flexion,48,1.0,False
grabmyo-S042-D2-wrist_flexion-T06,grabmyo-S042-D2-wrist_flexion-T06,42,2,12,6,train,wrist_flexion,-1.4127570090192088,-0.6946219421187346,0.1752375343724566,-1.6061889273606162,48,wrist_flexion,48,1.0,False
grabmyo-S042-D2-wrist_flexion-T07,grabmyo-S042-D2-wrist_flexion-T07,42,2,12,7,train,wrist_flexion,-2.0069167996185278,-1.4351248996357218,1.4118410958852605,-2.0091761218739954,48,wrist_flexion,48,1.0,False
grabmyo-S042-D2-hand_close-T01,grabmyo-S042-D2-hand_close-T01,42,2,16,1,train,hand_close,-1.1903538233408562,0.8613786253537951,-1.9303723823030523,-1.7855994513500903,48,hand_close,48,1.0,False
grabmyo-S042-D2-hand_close-T02,grabmyo-S042-D2-hand_close-T02,42,2,16,2,train,hand_close,-3.0583813064263086,1.339856767675176,-1.0603634203958399,-2.191918220194004,48,hand_close,48,1.0,False
grabmyo-S042-D2-hand_close-T03,grabmyo-S042-D2-hand_close-T03,42,2,16,3,train,hand_close,-2.536032904334007,1.7408746070470151,-1.8577557858060112,-2.114699742437621,48,hand_close,48,1.0,False
grabmyo-S042-D2-hand_close-T04,grabmyo-S042-D2-hand_close-T04,42,2,16,4,train,hand_close,-1.92277542429849,1.1322918888896545,-1.3619268112516527,-2.1255599080522276,48,hand_close,48,1.0,False
grabmyo-S042-D2-hand_close-T05,grabmyo-S042-D2-hand_close-T05,42,2,16,5,train,hand_close,-1.1097913745697425,0.6676993297063515,-1.7347683710610065,-1.750600155452595,48,hand_close,48,1.0,False
grabmyo-S042-D2-hand_close-T06,grabmyo-S042-D2-hand_close-T06,42,2,16,6,train,hand_close,-1.3256867576852145,0.7099572141024391,-1.3704037620911862,-1.9161976654246977,48,hand_close,48,1.0,False
grabmyo-S042-D2-hand_close-T07,grabmyo-S042-D2-hand_close-T07,42,2,16,7,train,hand_close,-0.7745212308654964,0.7288401449404147,-2.0222054554499977,-1.7209154986250905,48,hand_close,48,1.0,False
grabmyo-S042-D2-rest-T01,grabmyo-S042-D2-rest-T01,42,2,17,1,train,rest,0.2544872933123599,-0.636421503919553,-1.1605929337871979,-1.5979886193652337,48,rest,48,1.0,False
grabmyo-S042-D2-rest-T02,grabmyo-S042-D2-rest-T02,42,2,17,2,train,rest,-0.01618508435480524,-0.7901294591338476,-0.971053882048492,-1.5008437635530774,48,rest,48,1.0,False
grabmyo-S042-D2-rest-T03,grabmyo-S042-D2-rest-T03,42,2,17,3,train,rest,0.20063646951253714,-0.24940445532799282,-1.3602943862116377,-2.098300640191208,48,rest,48,1.0,False
grabmyo-S042-D2-rest-T04,grabmyo-S042-D2-rest-T04,42,2,17,4,train,rest,0.45529985412039276,-0.8008392237942221,-1.1454671615032803,-1.3244728030143136,48,rest,48,1.0,False
grabmyo-S042-D2-rest-T05,grabmyo-S042-D2-rest-T05,42,2,17,5,train,rest,0.34069180097717583,-0.6153159062928839,-1.325011874699327,-1.742983132118695,48,rest,48,1.0,False
grabmyo-S042-D2-rest-T06,grabmyo-S042-D2-rest-T06,42,2,17,6,train,rest,0.5021561031049827,-0.48855840419917634,-1.2732232051834593,-1.6890505121009565,48,rest,48,1.0,False
grabmyo-S042-D2-rest-T07,grabmyo-S042-D2-rest-T07,42,2,17,7,train,rest,0.32868812626244903,-0.8069734598363629,-1.3192531059243717,-1.3173621445138666,48,rest,48,1.0,False
grabmyo-S043-D2-wrist_extension-T01,grabmyo-S043-D2-wrist_extension-T01,43,2,11,1,train,wrist_extension,-11.389677183049834,-3.638719613456345,-11.655016848369279,3.0827627428228888,48,wrist_extension,48,1.0,False
grabmyo-S043-D2-wrist_extension-T02,grabmyo-S043-D2-wrist_extension-T02,43,2,11,2,train,wrist_extension,-7.321717616069094,-1.9230940201017093,-7.498239766558915,2.3023560544727872,48,wrist_extension,48,1.0,False
grabmyo-S043-D2-wrist_extension-T03,grabmyo-S043-D2-wrist_extension-T03,43,2,11,3,train,wrist_extension,-7.65424511950459,-2.0719823780733577,-7.481616886662369,2.448139803618376,48,wrist_extension,48,1.0,False
grabmyo-S043-D2-wrist_extension-T04,grabmyo-S043-D2-wrist_extension-T04,43,2,11,4,train,wrist_extension,-9.446867575732755,-2.2474105327103975,-9.311893472653017,2.7080333619742736,48,wrist_extension,48,1.0,False
grabmyo-S043-D2-wrist_extension-T05,grabmyo-S043-D2-wrist_extension-T05,43,2,11,5,train,wrist_extension,-9.762418853800506,-2.769650761557545,-8.220190453806573,2.4461591737751807,48,wrist_extension,48,1.0,False
grabmyo-S043-D2-wrist_extension-T06,grabmyo-S043-D2-wrist_extension-T06,43,2,11,6,train,wrist_extension,-6.23105424151706,-1.1317744360386983,-6.374975771176629,1.6421268432517515,48,wrist_extension,48,1.0,False
grabmyo-S043-D2-wrist_extension-T07,grabmyo-S043-D2-wrist_extension-T07,43,2,11,7,train,wrist_extension,-9.3671672234978,-3.2757340172875065,-7.91576775264081,2.8984031295866894,48,wrist_extension,48,1.0,False
grabmyo-S043-D2-wrist_flexion-T01,grabmyo-S043-D2-wrist_flexion-T01,43,2,12,1,train,wrist_flexion,-3.957861141928641,-5.414138497596048,6.0826671769151295,-4.4657001952472015,48,wrist_flexion,48,1.0,False
grabmyo-S043-D2-wrist_flexion-T02,grabmyo-S043-D2-wrist_flexion-T02,43,2,12,2,train,wrist_flexion,-2.0770153641265345,-2.8421218763630858,3.2176552279898822,-2.854990711384177,48,wrist_flexion,48,1.0,False
grabmyo-S043-D2-wrist_flexion-T03,grabmyo-S043-D2-wrist_flexion-T03,43,2,12,3,train,wrist_flexion,-3.4440835148570046,-4.086613133119856,4.709523988575708,-4.0174572553979395,48,wrist_flexion,48,1.0,False
grabmyo-S043-D2-wrist_flexion-T04,grabmyo-S043-D2-wrist_flexion-T04,43,2,12,4,train,wrist_flexion,-2.710966405686787,-3.5031541205958625,3.91037663585883,-2.787889584340423,48,wrist_flexion,48,1.0,False
grabmyo-S043-D2-wrist_flexion-T05,grabmyo-S043-D2-wrist_flexion-T05,43,2,12,5,train,wrist_flexion,-2.6435146291875236,-4.565218906197068,4.6075512851547025,-3.077208204021701,48,wrist_flexion,48,1.0,False
grabmyo-S043-D2-wrist_flexion-T06,grabmyo-S043-D2-wrist_flexion-T06,43,2,12,6,train,wrist_flexion,-3.3827138666461125,-4.893680695532594,5.072613156978329,-3.328484521970685,48,wrist_flexion,48,1.0,False
grabmyo-S043-D2-wrist_flexion-T07,grabmyo-S043-D2-wrist_flexion-T07,43,2,12,7,train,wrist_flexion,-2.0371813300038304,-3.9089392237812532,3.9301283209378184,-3.7801566045192865,48,wrist_flexion,48,1.0,False
grabmyo-S043-D2-hand_close-T01,grabmyo-S043-D2-hand_close-T01,43,2,16,1,train,hand_close,-6.2578798583669295,2.3646229487292887,-1.0931792320556932,-3.8703359632846173,48,hand_close,48,1.0,False
grabmyo-S043-D2-hand_close-T02,grabmyo-S043-D2-hand_close-T02,43,2,16,2,train,hand_close,-5.0197334399941385,1.896214519949013,-0.9379516041180822,-3.3505521439613752,48,hand_close,48,1.0,False
grabmyo-S043-D2-hand_close-T03,grabmyo-S043-D2-hand_close-T03,43,2,16,3,train,hand_close,-6.153873191582291,2.6539062839006315,-0.9902134093422418,-4.170638199202427,48,hand_close,48,1.0,False
grabmyo-S043-D2-hand_close-T04,grabmyo-S043-D2-hand_close-T04,43,2,16,4,train,hand_close,-5.695827589610673,2.2876066537076336,-0.8834508109971518,-3.518956787388412,48,hand_close,48,1.0,False
grabmyo-S043-D2-hand_close-T05,grabmyo-S043-D2-hand_close-T05,43,2,16,5,train,hand_close,-5.176781988149577,1.3934651637023416,-0.39531528239207664,-3.5503850568582553,48,hand_close,48,1.0,False
grabmyo-S043-D2-hand_close-T06,grabmyo-S043-D2-hand_close-T06,43,2,16,6,train,hand_close,-7.221076860284843,3.408782917622496,-1.3656765880674298,-5.769795988773368,48,hand_close,48,1.0,False
grabmyo-S043-D2-hand_close-T07,grabmyo-S043-D2-hand_close-T07,43,2,16,7,train,hand_close,-4.828541048043239,1.9988365427372548,-0.9286767620064489,-3.6162504367638095,48,hand_close,48,1.0,False
grabmyo-S043-D2-rest-T01,grabmyo-S043-D2-rest-T01,43,2,17,1,train,rest,0.6510927881040939,-1.1191524430311535,-1.043621097091783,-1.228757498477368,48,rest,48,1.0,False
grabmyo-S043-D2-rest-T02,grabmyo-S043-D2-rest-T02,43,2,17,2,train,rest,0.9227598029007815,-1.012725774564368,-1.3043076221661958,-1.205524527858307,48,rest,48,1.0,False
grabmyo-S043-D2-rest-T03,grabmyo-S043-D2-rest-T03,43,2,17,3,train,rest,0.8710045003722837,-1.128319928832892,-1.0169174332648676,-1.3543899503378516,48,rest,48,1.0,False
grabmyo-S043-D2-rest-T04,grabmyo-S043-D2-rest-T04,43,2,17,4,train,rest,0.6500152283129805,-1.2770248998701104,-1.0040411972137258,-1.0749237721373472,48,rest,48,1.0,False
grabmyo-S043-D2-rest-T05,grabmyo-S043-D2-rest-T05,43,2,17,5,train,rest,0.6288765083705222,-1.3482484457292132,-0.7688740664637629,-1.1950005452056773,48,rest,48,1.0,False
grabmyo-S043-D2-rest-T06,grabmyo-S043-D2-rest-T06,43,2,17,6,train,rest,0.7982848363619791,-0.9906966860994323,-1.2493939082862895,-1.079937042164638,48,rest,48,1.0,False
grabmyo-S043-D2-rest-T07,grabmyo-S043-D2-rest-T07,43,2,17,7,train,rest,0.5849980671784024,-1.49118342815916,-0.6578572584419952,-1.0698888251153356,48,rest,48,1.0,False
grabmyo-S001-D3-wrist_extension-T01,grabmyo-S001-D3-wrist_extension-T01,1,3,11,1,train,wrist_extension,-9.296402443528718,-2.9568665998567245,-6.941028736548815,2.3900992837836474,48,wrist_extension,48,1.0,False
grabmyo-S001-D3-wrist_extension-T02,grabmyo-S001-D3-wrist_extension-T02,1,3,11,2,train,wrist_extension,-9.233473057883092,-2.9479155685454104,-6.139639428432921,2.8973600797191277,48,wrist_extension,48,1.0,False
grabmyo-S001-D3-wrist_extension-T03,grabmyo-S001-D3-wrist_extension-T03,1,3,11,3,train,wrist_extension,-7.9401631750190935,-2.3206442684327633,-4.180888008760943,2.4083956520735943,48,wrist_extension,48,1.0,False
grabmyo-S001-D3-wrist_extension-T04,grabmyo-S001-D3-wrist_extension-T04,1,3,11,4,train,wrist_extension,-7.695746253624115,-2.00038028074932,-3.514220900779648,2.0721043553362484,48,wrist_extension,48,1.0,False
grabmyo-S001-D3-wrist_extension-T05,grabmyo-S001-D3-wrist_extension-T05,1,3,11,5,train,wrist_extension,-9.252904396694827,-2.7310208447532394,-5.549301549198716,2.5611158198681534,48,wrist_extension,48,1.0,False
grabmyo-S001-D3-wrist_extension-T06,grabmyo-S001-D3-wrist_extension-T06,1,3,11,6,train,wrist_extension,-8.67508700025914,-1.9256965904415235,-5.121168333699964,2.067140718099754,48,wrist_extension,48,1.0,False
grabmyo-S001-D3-wrist_extension-T07,grabmyo-S001-D3-wrist_extension-T07,1,3,11,7,train,wrist_extension,-8.232715148833611,-2.5609170963819974,-5.074062043318846,2.0387053967792674,48,wrist_extension,48,1.0,False
grabmyo-S001-D3-wrist_flexion-T01,grabmyo-S001-D3-wrist_flexion-T01,1,3,12,1,train,wrist_flexion,-3.745680370922601,-2.571102558690534,3.2954149952937386,-1.9342493228132158,48,wrist_flexion,48,1.0,False
grabmyo-S001-D3-wrist_flexion-T02,grabmyo-S001-D3-wrist_flexion-T02,1,3,12,2,train,wrist_flexion,-3.9599860925735633,-3.114464186017253,4.1073081848250785,-2.3581590591957333,48,wrist_flexion,48,1.0,False
grabmyo-S001-D3-wrist_flexion-T03,grabmyo-S001-D3-wrist_flexion-T03,1,3,12,3,train,wrist_flexion,-5.096512288273753,-3.1155056565274997,4.635238342306608,-2.415181036639004,48,wrist_flexion,48,1.0,False
grabmyo-S001-D3-wrist_flexion-T04,grabmyo-S001-D3-wrist_flexion-T04,1,3,12,4,train,wrist_flexion,-4.942794288765092,-3.1070570593927944,4.589885725025756,-2.322405157823914,48,wrist_flexion,48,1.0,False
grabmyo-S001-D3-wrist_flexion-T05,grabmyo-S001-D3-wrist_flexion-T05,1,3,12,5,train,wrist_flexion,-4.610241697469827,-3.2509626890571934,4.7452787884409355,-2.3694836398350874,48,wrist_flexion,48,1.0,False
grabmyo-S001-D3-wrist_flexion-T06,grabmyo-S001-D3-wrist_flexion-T06,1,3,12,6,train,wrist_flexion,-4.901358170807637,-3.6018068773374505,4.991523334055818,-2.481010246950644,48,wrist_flexion,48,1.0,False
grabmyo-S001-D3-wrist_flexion-T07,grabmyo-S001-D3-wrist_flexion-T07,1,3,12,7,train,wrist_flexion,-5.103973432303249,-3.8420627269519976,5.2703110503610775,-2.5575735798890706,48,wrist_flexion,48,1.0,False
grabmyo-S001-D3-hand_close-T01,grabmyo-S001-D3-hand_close-T01,1,3,16,1,train,hand_close,-3.2410508278608923,1.1407058389049396,-1.3244258129333075,-1.9643683279081536,48,hand_close,48,1.0,False
grabmyo-S001-D3-hand_close-T02,grabmyo-S001-D3-hand_close-T02,1,3,16,2,train,hand_close,-3.4411892983827066,1.1863875914304343,-1.2690051670303222,-1.9890949475532296,48,hand_close,48,1.0,False
grabmyo-S001-D3-hand_close-T03,grabmyo-S001-D3-hand_close-T03,1,3,16,3,train,hand_close,-1.8862284101105609,0.7322007014882757,-1.3746578731920451,-1.5481876088065238,48,hand_close,48,1.0,False
grabmyo-S001-D3-hand_close-T04,grabmyo-S001-D3-hand_close-T04,1,3,16,4,train,hand_close,-3.9843096928175954,1.1177336472619703,-0.9177066374994398,-2.23403885665684,48,hand_close,48,1.0,False
grabmyo-S001-D3-hand_close-T05,grabmyo-S001-D3-hand_close-T05,1,3,16,5,train,hand_close,-3.7513439700723947,2.1883102767922042,-1.848231729394742,-2.8399361721037137,48,hand_close,48,1.0,False
grabmyo-S001-D3-hand_close-T06,grabmyo-S001-D3-hand_close-T06,1,3,16,6,train,hand_close,-4.583983341116836,1.8364413014421306,-1.3138872496328455,-2.791088795495368,48,hand_close,48,1.0,False
grabmyo-S001-D3-hand_close-T07,grabmyo-S001-D3-hand_close-T07,1,3,16,7,train,hand_close,-3.4064059057454963,1.8366449848064017,-1.720180214944416,-2.5088742146346035,48,hand_close,48,1.0,False
grabmyo-S001-D3-rest-T01,grabmyo-S001-D3-rest-T01,1,3,17,1,train,rest,0.6716679335680352,-0.9720293421906022,-1.4353785014646976,-0.9303018917366993,48,rest,48,1.0,False
grabmyo-S001-D3-rest-T02,grabmyo-S001-D3-rest-T02,1,3,17,2,train,rest,0.7204030214341905,-1.0477001431405795,-1.559898735561113,-0.7770890169238842,48,rest,48,1.0,False
grabmyo-S001-D3-rest-T03,grabmyo-S001-D3-rest-T03,1,3,17,3,train,rest,0.6194627133388838,-0.962788227453886,-1.4845468294613575,-0.8757744271231678,48,rest,48,1.0,False
grabmyo-S001-D3-rest-T04,grabmyo-S001-D3-rest-T04,1,3,17,4,train,rest,0.6886678132643077,-0.6054662895776418,-1.814810496257862,-0.8981017515298423,48,rest,48,1.0,False
grabmyo-S001-D3-rest-T05,grabmyo-S001-D3-rest-T05,1,3,17,5,train,rest,0.7037661796406841,-0.724917226937023,-1.731973276802045,-0.867316401172884,48,rest,48,1.0,False
grabmyo-S001-D3-rest-T06,grabmyo-S001-D3-rest-T06,1,3,17,6,train,rest,0.6973166415715469,-0.7601741168382082,-1.4657883633785198,-0.9686197549496166,48,rest,48,1.0,False
grabmyo-S001-D3-rest-T07,grabmyo-S001-D3-rest-T07,1,3,17,7,train,rest,0.7794633201682203,-0.9457180718499401,-1.5598657579406903,-0.9693350682430739,48,rest,48,1.0,False
grabmyo-S002-D3-wrist_extension-T01,grabmyo-S002-D3-wrist_extension-T01,2,3,11,1,train,wrist_extension,0.3345777839957605,-2.5957177466218124,-5.078403130972119,3.371162115409924,48,wrist_extension,48,1.0,False
grabmyo-S002-D3-wrist_extension-T02,grabmyo-S002-D3-wrist_extension-T02,2,3,11,2,train,wrist_extension,-0.09007575903375291,-2.8560021901730948,-5.262499536583867,3.811611227567083,48,wrist_extension,48,1.0,False
grabmyo-S002-D3-wrist_extension-T03,grabmyo-S002-D3-wrist_extension-T03,2,3,11,3,train,wrist_extension,2.766618893350294,-2.634530144909718,-3.0546960742894815,2.208766511687688,48,rest,48,1.0,False
grabmyo-S002-D3-wrist_extension-T04,grabmyo-S002-D3-wrist_extension-T04,2,3,11,4,train,wrist_extension,1.9553439135324504,-2.9169874876197217,-4.36627340336671,3.3299490822050255,48,wrist_extension,48,1.0,False
grabmyo-S002-D3-wrist_extension-T05,grabmyo-S002-D3-wrist_extension-T05,2,3,11,5,train,wrist_extension,-1.241265586582245,-3.3300534466837015,-5.467424301048584,4.334481717540949,48,wrist_extension,48,1.0,False
grabmyo-S002-D3-wrist_extension-T06,grabmyo-S002-D3-wrist_extension-T06,2,3,11,6,train,wrist_extension,2.0146648585456575,-2.7574568695110524,-5.194575991635226,3.9757078711427263,48,wrist_extension,48,1.0,False
grabmyo-S002-D3-wrist_extension-T07,grabmyo-S002-D3-wrist_extension-T07,2,3,11,7,train,wrist_extension,-0.926503339927728,-3.186700845451323,-5.49569517673524,4.4335450393648435,48,wrist_extension,48,1.0,False
grabmyo-S002-D3-wrist_flexion-T01,grabmyo-S002-D3-wrist_flexion-T01,2,3,12,1,train,wrist_flexion,-0.21110972513638337,-3.473189363874766,2.4802628043745965,-1.1876414225156073,48,wrist_flexion,48,1.0,False
grabmyo-S002-D3-wrist_flexion-T02,grabmyo-S002-D3-wrist_flexion-T02,2,3,12,2,train,wrist_flexion,-0.3401752295276714,-4.716839726794265,3.9097236852484616,-1.1075181198212007,48,wrist_flexion,48,1.0,False
grabmyo-S002-D3-wrist_flexion-T03,grabmyo-S002-D3-wrist_flexion-T03,2,3,12,3,train,wrist_flexion,-0.306555184945181,-4.514168436404561,3.6213920121025036,-0.9363462488644546,48,wrist_flexion,48,1.0,False
grabmyo-S002-D3-wrist_flexion-T04,grabmyo-S002-D3-wrist_flexion-T04,2,3,12,4,train,wrist_flexion,0.01728937525578268,-3.981663036678962,3.050672116898019,-0.9801693823928295,48,wrist_flexion,48,1.0,False
grabmyo-S002-D3-wrist_flexion-T05,grabmyo-S002-D3-wrist_flexion-T05,2,3,12,5,train,wrist_flexion,-0.37068554003415916,-4.6280808805861655,3.939343051425261,-0.8638795024703564,48,wrist_flexion,48,1.0,False
grabmyo-S002-D3-wrist_flexion-T06,grabmyo-S002-D3-wrist_flexion-T06,2,3,12,6,train,wrist_flexion,-0.6958723501342293,-4.825892483965418,4.315162662111186,-0.7221769465000646,48,wrist_flexion,48,1.0,False
grabmyo-S002-D3-wrist_flexion-T07,grabmyo-S002-D3-wrist_flexion-T07,2,3,12,7,train,wrist_flexion,-1.3057111268469364,-5.534891086583709,5.247841825799452,-0.996728956969872,48,wrist_flexion,48,1.0,False
grabmyo-S002-D3-hand_close-T01,grabmyo-S002-D3-hand_close-T01,2,3,16,1,train,hand_close,-4.63213440608809,0.6145896314665027,-1.105590141148123,-2.864623779200427,48,hand_close,48,1.0,False
grabmyo-S002-D3-hand_close-T02,grabmyo-S002-D3-hand_close-T02,2,3,16,2,train,hand_close,-1.9740763663004408,-0.2250071055543548,-1.1189002172777418,-1.6789068456176917,48,hand_close,48,1.0,False
grabmyo-S002-D3-hand_close-T03,grabmyo-S002-D3-hand_close-T03,2,3,16,3,train,hand_close,-2.1426187782545525,-0.2901421680829265,-1.1015339686638626,-1.5730334029574917,48,hand_close,48,1.0,False
grabmyo-S002-D3-hand_close-T04,grabmyo-S002-D3-hand_close-T04,2,3,16,4,train,hand_close,-4.048052364773963,0.25086763668861045,-0.8903049186132326,-2.668384218485502,48,hand_close,48,1.0,False
grabmyo-S002-D3-hand_close-T05,grabmyo-S002-D3-hand_close-T05,2,3,16,5,train,hand_close,-3.18209418531058,-0.28034842876438765,-0.8886308488835736,-1.8111397673795182,48,hand_close,48,1.0,False
grabmyo-S002-D3-hand_close-T06,grabmyo-S002-D3-hand_close-T06,2,3,16,6,train,hand_close,-3.876711856594015,0.3835100077342109,-1.164746154661216,-2.5842329379646123,48,hand_close,48,1.0,False
grabmyo-S002-D3-hand_close-T07,grabmyo-S002-D3-hand_close-T07,2,3,16,7,train,hand_close,-3.5643561175953895,0.836106603733025,-1.7641825339883235,-2.7567998180811615,48,hand_close,48,1.0,False
grabmyo-S002-D3-rest-T01,grabmyo-S002-D3-rest-T01,2,3,17,1,train,rest,2.407876285071793,-1.2204726812961642,-1.4238375921169697,-0.8617381551901299,48,rest,48,1.0,False
grabmyo-S002-D3-rest-T02,grabmyo-S002-D3-rest-T02,2,3,17,2,train,rest,2.0277570495140322,-1.0580925632805005,-1.36142869466048,-1.1194806551835965,48,rest,48,1.0,False
grabmyo-S002-D3-rest-T03,grabmyo-S002-D3-rest-T03,2,3,17,3,train,rest,2.1633101031171713,-1.4390905878850966,-1.1395832463736717,-0.84347698774253,48,rest,48,1.0,False
grabmyo-S002-D3-rest-T04,grabmyo-S002-D3-rest-T04,2,3,17,4,train,rest,2.2149711165944623,-1.40161101717246,-1.4197069388271102,-0.8011117305135979,48,rest,48,1.0,False
grabmyo-S002-D3-rest-T05,grabmyo-S002-D3-rest-T05,2,3,17,5,train,rest,2.5368191485320404,-1.4638233741409792,-1.476762147929849,-0.5918947176747567,48,rest,48,1.0,False
grabmyo-S002-D3-rest-T06,grabmyo-S002-D3-rest-T06,2,3,17,6,train,rest,2.574266512534779,-1.5018039159150212,-1.3925017673727602,-0.5753570832324996,48,rest,48,1.0,False
grabmyo-S002-D3-rest-T07,grabmyo-S002-D3-rest-T07,2,3,17,7,train,rest,2.1992893967517544,-1.6305924498889655,-1.3793422952540046,-0.7396482175577326,48,rest,48,1.0,False
grabmyo-S003-D3-wrist_extension-T01,grabmyo-S003-D3-wrist_extension-T01,3,3,11,1,train,wrist_extension,-5.53581895905149,-0.8172790151935784,-7.463280144968725,3.2637355741357337,48,wrist_extension,48,1.0,False
grabmyo-S003-D3-wrist_extension-T02,grabmyo-S003-D3-wrist_extension-T02,3,3,11,2,train,wrist_extension,-8.749925226215394,-2.2545180280531865,-9.168444632295978,3.54850714413849,48,wrist_extension,48,1.0,False
grabmyo-S003-D3-wrist_extension-T03,grabmyo-S003-D3-wrist_extension-T03,3,3,11,3,train,wrist_extension,-13.433643513412001,-5.221635208037409,-11.807232420741698,4.2723930261323035,48,wrist_extension,48,1.0,False
grabmyo-S003-D3-wrist_extension-T04,grabmyo-S003-D3-wrist_extension-T04,3,3,11,4,train,wrist_extension,-10.808014151429049,-3.4864664206377074,-10.81638408890093,4.35402335178742,48,wrist_extension,48,1.0,False
grabmyo-S003-D3-wrist_extension-T05,grabmyo-S003-D3-wrist_extension-T05,3,3,11,5,train,wrist_extension,-9.8440059189651,-4.289858089339387,-10.262822282690793,4.502869907735193,48,wrist_extension,48,1.0,False
grabmyo-S003-D3-wrist_extension-T06,grabmyo-S003-D3-wrist_extension-T06,3,3,11,6,train,wrist_extension,-8.215117476781264,-2.422267949304134,-8.60172992056907,3.571707960911278,48,wrist_extension,48,1.0,False
grabmyo-S003-D3-wrist_extension-T07,grabmyo-S003-D3-wrist_extension-T07,3,3,11,7,train,wrist_extension,-7.496839157193815,-1.3859888507962042,-8.345607275220251,3.423061812360856,48,wrist_extension,48,1.0,False
grabmyo-S003-D3-wrist_flexion-T01,grabmyo-S003-D3-wrist_flexion-T01,3,3,12,1,train,wrist_flexion,-1.3400911461905969,-0.9963464959325549,0.3975695679845051,-1.4258273879712495,48,wrist_flexion,48,1.0,False
grabmyo-S003-D3-wrist_flexion-T02,grabmyo-S003-D3-wrist_flexion-T02,3,3,12,2,train,wrist_flexion,-2.6259828885723637,-0.5864410469429567,0.13930590382174074,-1.8287419528770539,48,wrist_flexion,48,1.0,False
grabmyo-S003-D3-wrist_flexion-T03,grabmyo-S003-D3-wrist_flexion-T03,3,3,12,3,train,wrist_flexion,-3.019136937689803,-0.3192676365505676,0.42070606049906734,-2.245182087403074,48,wrist_flexion,48,1.0,False
grabmyo-S003-D3-wrist_flexion-T04,grabmyo-S003-D3-wrist_flexion-T04,3,3,12,4,train,wrist_flexion,-3.6752668677443214,-0.7123919865366531,0.8786744848060692,-2.1313981407742797,48,wrist_flexion,48,1.0,False
grabmyo-S003-D3-wrist_flexion-T05,grabmyo-S003-D3-wrist_flexion-T05,3,3,12,5,train,wrist_flexion,-2.19759707006293,-0.8373924263756733,0.3159157392546061,-1.8115597324960182,48,wrist_flexion,48,1.0,False
grabmyo-S003-D3-wrist_flexion-T06,grabmyo-S003-D3-wrist_flexion-T06,3,3,12,6,train,wrist_flexion,-1.918840151626526,-0.7623836549948738,0.2921335216314606,-1.7016134060844885,48,wrist_flexion,48,1.0,False
grabmyo-S003-D3-wrist_flexion-T07,grabmyo-S003-D3-wrist_flexion-T07,3,3,12,7,train,wrist_flexion,-4.92675664262769,-0.05859239807532557,0.2003609125384491,-2.664395881443919,48,wrist_flexion,48,1.0,False
grabmyo-S003-D3-hand_close-T01,grabmyo-S003-D3-hand_close-T01,3,3,16,1,train,hand_close,-2.5226489257548166,1.0122107638188285,-1.4710815451058297,-1.837077203509784,48,hand_close,48,1.0,False
grabmyo-S003-D3-hand_close-T02,grabmyo-S003-D3-hand_close-T02,3,3,16,2,train,hand_close,-1.8047000008076513,0.48528904821775765,-1.0979546265130584,-1.6278246334870123,48,hand_close,48,1.0,False
grabmyo-S003-D3-hand_close-T03,grabmyo-S003-D3-hand_close-T03,3,3,16,3,train,hand_close,-3.116983667161143,1.152368531562435,-1.0927704875349902,-2.14559624475581,48,hand_close,48,1.0,False
grabmyo-S003-D3-hand_close-T04,grabmyo-S003-D3-hand_close-T04,3,3,16,4,train,hand_close,-2.7222545960612234,1.2380520227937737,-1.3202092782916872,-1.9496403876471733,48,hand_close,48,1.0,False
grabmyo-S003-D3-hand_close-T05,grabmyo-S003-D3-hand_close-T05,3,3,16,5,train,hand_close,-3.332261136349947,0.7931460859659589,-3.215597552083852,-0.9284524397376064,48,hand_close,48,1.0,False
grabmyo-S003-D3-hand_close-T06,grabmyo-S003-D3-hand_close-T06,3,3,16,6,train,hand_close,-3.3911063739339213,1.4952857634715422,-2.00360267220898,-1.9844506367092125,48,hand_close,48,1.0,False
grabmyo-S003-D3-hand_close-T07,grabmyo-S003-D3-hand_close-T07,3,3,16,7,train,hand_close,-3.8477990704499168,1.5948807868032666,-1.6182021490126983,-2.2228579254014424,48,hand_close,48,1.0,False
grabmyo-S003-D3-rest-T01,grabmyo-S003-D3-rest-T01,3,3,17,1,train,rest,0.5428928119798163,-1.582869778597458,-0.36140537453662386,-1.1787950831205602,48,rest,48,1.0,False
grabmyo-S003-D3-rest-T02,grabmyo-S003-D3-rest-T02,3,3,17,2,train,rest,0.741396568159534,-1.358490689116522,-0.7460211666291753,-1.019976778913774,48,rest,48,1.0,False
grabmyo-S003-D3-rest-T03,grabmyo-S003-D3-rest-T03,3,3,17,3,train,rest,0.8871636167548845,-0.9474578853256098,-1.1052465055955045,-1.0061728320865917,48,rest,48,1.0,False
grabmyo-S003-D3-rest-T04,grabmyo-S003-D3-rest-T04,3,3,17,4,train,rest,0.7533152664995845,-0.9097298568232008,-1.1627606724106352,-0.9286275524029545,48,rest,48,1.0,False
grabmyo-S003-D3-rest-T05,grabmyo-S003-D3-rest-T05,3,3,17,5,train,rest,0.8637354205539443,-1.0450986916161364,-0.9726443646423742,-1.074985821546494,48,rest,48,1.0,False
grabmyo-S003-D3-rest-T06,grabmyo-S003-D3-rest-T06,3,3,17,6,train,rest,0.8241175875047156,-0.9115785043807527,-1.1860315594067348,-0.9998034504994461,48,rest,48,1.0,False
grabmyo-S003-D3-rest-T07,grabmyo-S003-D3-rest-T07,3,3,17,7,train,rest,0.9453112078267013,-1.3129519589369472,-1.1290206430210994,-0.9458801642980549,48,rest,48,1.0,False
grabmyo-S004-D3-wrist_extension-T01,grabmyo-S004-D3-wrist_extension-T01,4,3,11,1,train,wrist_extension,-6.7039373996827365,-0.9854607613292727,-8.718204634025655,4.470576544817364,48,wrist_extension,48,1.0,False
grabmyo-S004-D3-wrist_extension-T02,grabmyo-S004-D3-wrist_extension-T02,4,3,11,2,train,wrist_extension,-9.429315876708573,-0.8631187690860683,-11.601100425050442,4.639171552375495,48,wrist_extension,48,1.0,False
grabmyo-S004-D3-wrist_extension-T03,grabmyo-S004-D3-wrist_extension-T03,4,3,11,3,train,wrist_extension,-7.68698017501253,-1.3232177947574313,-10.330095520606188,4.088665711282271,48,wrist_extension,48,1.0,False
grabmyo-S004-D3-wrist_extension-T04,grabmyo-S004-D3-wrist_extension-T04,4,3,11,4,train,wrist_extension,-9.796178999566155,-1.4132165015698657,-12.141577977025173,4.960569732146184,48,wrist_extension,48,1.0,False
grabmyo-S004-D3-wrist_extension-T05,grabmyo-S004-D3-wrist_extension-T05,4,3,11,5,train,wrist_extension,-9.718164090415078,-1.2489410567604677,-11.394974066438024,4.357181369645364,48,wrist_extension,48,1.0,False
grabmyo-S004-D3-wrist_extension-T06,grabmyo-S004-D3-wrist_extension-T06,4,3,11,6,train,wrist_extension,-9.542447018219292,-1.3611097285975422,-10.142696022797407,4.076888065806314,48,wrist_extension,48,1.0,False
grabmyo-S004-D3-wrist_extension-T07,grabmyo-S004-D3-wrist_extension-T07,4,3,11,7,train,wrist_extension,-5.766957343488079,-0.8568292632774579,-7.158267172065705,3.2491222635238883,48,wrist_extension,48,1.0,False
grabmyo-S004-D3-wrist_flexion-T01,grabmyo-S004-D3-wrist_flexion-T01,4,3,12,1,train,wrist_flexion,-1.8011455374235383,-2.932576676133463,2.7444783318582346,-2.000072453374116,48,wrist_flexion,48,1.0,False
grabmyo-S004-D3-wrist_flexion-T02,grabmyo-S004-D3-wrist_flexion-T02,4,3,12,2,train,wrist_flexion,-2.4489153281106453,-3.2212567300376604,3.4405768986597667,-2.29307976610731,48,wrist_flexion,48,1.0,False
grabmyo-S004-D3-wrist_flexion-T03,grabmyo-S004-D3-wrist_flexion-T03,4,3,12,3,train,wrist_flexion,-2.1912826865062356,-2.90955415985727,2.9608718068555926,-1.9496750789025488,48,wrist_flexion,48,1.0,False
grabmyo-S004-D3-wrist_flexion-T04,grabmyo-S004-D3-wrist_flexion-T04,4,3,12,4,train,wrist_flexion,-1.8011755197146873,-2.7479127143151714,2.5783468929520685,-2.239136124402302,48,wrist_flexion,48,1.0,False
grabmyo-S004-D3-wrist_flexion-T05,grabmyo-S004-D3-wrist_flexion-T05,4,3,12,5,train,wrist_flexion,-1.3728605739231066,-2.5032855074049496,2.201615585231004,-1.8556669598054356,48,wrist_flexion,48,1.0,False
grabmyo-S004-D3-wrist_flexion-T06,grabmyo-S004-D3-wrist_flexion-T06,4,3,12,6,train,wrist_flexion,-2.616381169868311,-3.2533368506721794,3.3242907993134394,-1.9690348116197793,48,wrist_flexion,48,1.0,False
grabmyo-S004-D3-wrist_flexion-T07,grabmyo-S004-D3-wrist_flexion-T07,4,3,12,7,train,wrist_flexion,-1.3838635580824594,-2.806517603702438,2.27574051775847,-1.7266727970635365,48,wrist_flexion,48,1.0,False
grabmyo-S004-D3-hand_close-T01,grabmyo-S004-D3-hand_close-T01,4,3,16,1,train,hand_close,-2.2941269101860686,0.8834469495666784,-2.0102561942647075,-1.3807796357209299,48,hand_close,48,1.0,False
grabmyo-S004-D3-hand_close-T02,grabmyo-S004-D3-hand_close-T02,4,3,16,2,train,hand_close,-1.8958507392263817,-0.38875814433947253,-0.40099200828163745,-2.2973434951148923,48,hand_close,48,1.0,False
grabmyo-S004-D3-hand_close-T03,grabmyo-S004-D3-hand_close-T03,4,3,16,3,train,hand_close,-1.8773535061883668,0.35704433581062167,-1.5777038686415186,-1.7085017494400863,48,hand_close,48,1.0,False
grabmyo-S004-D3-hand_close-T04,grabmyo-S004-D3-hand_close-T04,4,3,16,4,train,hand_close,-2.56000411192554,0.30406799049488076,-1.354737926531523,-2.2514495813886,48,hand_close,48,1.0,False
grabmyo-S004-D3-hand_close-T05,grabmyo-S004-D3-hand_close-T05,4,3,16,5,train,hand_close,-2.14049238046424,0.5181115644508107,-1.423892401578345,-1.5559088293884589,48,hand_close,48,1.0,False
grabmyo-S004-D3-hand_close-T06,grabmyo-S004-D3-hand_close-T06,4,3,16,6,train,hand_close,-2.0589148068588408,-0.1035019399049036,-0.9603670282054549,-1.8931386353275386,48,hand_close,48,1.0,False
grabmyo-S004-D3-hand_close-T07,grabmyo-S004-D3-hand_close-T07,4,3,16,7,train,hand_close,-1.2083650105538055,0.2994539035395504,-1.6426407973393713,-1.5004432484607175,48,hand_close,48,1.0,False
grabmyo-S004-D3-rest-T01,grabmyo-S004-D3-rest-T01,4,3,17,1,train,rest,0.9505583632416084,-1.1466278100349365,-1.3052549542560052,-1.455994432987026,48,rest,48,1.0,False
grabmyo-S004-D3-rest-T02,grabmyo-S004-D3-rest-T02,4,3,17,2,train,rest,1.0550401146787818,-1.9198906208833935,-0.8016754048165532,-1.9298840488272446,48,rest,48,1.0,False
grabmyo-S004-D3-rest-T03,grabmyo-S004-D3-rest-T03,4,3,17,3,train,rest,0.7007867743220274,-0.6807605976716622,-1.4831806076100105,-1.3547573499720487,48,rest,48,1.0,False
grabmyo-S004-D3-rest-T04,grabmyo-S004-D3-rest-T04,4,3,17,4,train,rest,0.7954433802932828,-0.6650811890445357,-1.853969922394002,-1.3850571881747313,48,rest,48,1.0,False
grabmyo-S004-D3-rest-T05,grabmyo-S004-D3-rest-T05,4,3,17,5,train,rest,0.6854543687615919,-0.7895962649774168,-1.5934741046528105,-1.1642652496550985,48,rest,48,1.0,False
grabmyo-S004-D3-rest-T06,grabmyo-S004-D3-rest-T06,4,3,17,6,train,rest,1.1794388105725362,-2.0625391034622402,-1.7894943275789341,-1.9842742513592577,48,rest,48,1.0,False
grabmyo-S004-D3-rest-T07,grabmyo-S004-D3-rest-T07,4,3,17,7,train,rest,1.0250564443578098,-1.4595667155834313,-1.3984482299373566,-1.5793658467619778,48,rest,48,1.0,False
grabmyo-S005-D3-wrist_extension-T01,grabmyo-S005-D3-wrist_extension-T01,5,3,11,1,train,wrist_extension,-6.216096070445553,-3.4680084657730483,-3.8092773482778903,2.441549067320679,48,wrist_extension,48,1.0,False
grabmyo-S005-D3-wrist_extension-T02,grabmyo-S005-D3-wrist_extension-T02,5,3,11,2,train,wrist_extension,-3.19061212893175,-1.6413319122205914,-2.4836273059926843,0.8308291296975661,48,wrist_extension,48,1.0,False
grabmyo-S005-D3-wrist_extension-T03,grabmyo-S005-D3-wrist_extension-T03,5,3,11,3,train,wrist_extension,-8.698406034422014,-2.5066631592645754,-4.489461467174945,2.7100614674074097,48,wrist_extension,48,1.0,False
grabmyo-S005-D3-wrist_extension-T04,grabmyo-S005-D3-wrist_extension-T04,5,3,11,4,train,wrist_extension,-9.263402454635777,-2.9975094228933834,-4.762514293595413,3.605235039249814,48,wrist_extension,48,1.0,False
grabmyo-S005-D3-wrist_extension-T05,grabmyo-S005-D3-wrist_extension-T05,5,3,11,5,train,wrist_extension,-7.620391674489293,-2.252629680069458,-3.8273293336833327,3.1156383895968407,48,wrist_extension,48,1.0,False
grabmyo-S005-D3-wrist_extension-T06,grabmyo-S005-D3-wrist_extension-T06,5,3,11,6,train,wrist_extension,-7.4939625693296,-2.179085892812435,-4.1071945487197,3.4276467085406295,48,wrist_extension,48,1.0,False
grabmyo-S005-D3-wrist_extension-T07,grabmyo-S005-D3-wrist_extension-T07,5,3,11,7,train,wrist_extension,-11.666741138483632,-4.162044684450131,-5.821695168298484,4.37245165858103,48,wrist_extension,48,1.0,False
grabmyo-S005-D3-wrist_flexion-T01,grabmyo-S005-D3-wrist_flexion-T01,5,3,12,1,train,wrist_flexion,-1.7651592324380125,-1.483231248813727,0.9538098734136624,-2.0726953800249146,48,wrist_flexion,48,1.0,False
grabmyo-S005-D3-wrist_flexion-T02,grabmyo-S005-D3-wrist_flexion-T02,5,3,12,2,train,wrist_flexion,-1.4160082859332874,-1.174772112051011,0.573867345859433,-2.2684606139826724,48,wrist_flexion,48,1.0,False
grabmyo-S005-D3-wrist_flexion-T03,grabmyo-S005-D3-wrist_flexion-T03,5,3,12,3,train,wrist_flexion,-2.1907328854357315,-2.8026090020266925,3.108703379089739,-2.401273217238557,48,wrist_flexion,48,1.0,False
grabmyo-S005-D3-wrist_flexion-T04,grabmyo-S005-D3-wrist_flexion-T04,5,3,12,4,train,wrist_flexion,-1.2598459991495086,-2.119548111461317,1.8529749790445107,-1.9325149417444978,48,wrist_flexion,48,1.0,False
grabmyo-S005-D3-wrist_flexion-T05,grabmyo-S005-D3-wrist_flexion-T05,5,3,12,5,train,wrist_flexion,-2.828564541984139,-1.5717465326750346,1.799485188834754,-2.678045523392111,48,wrist_flexion,48,1.0,False
grabmyo-S005-D3-wrist_flexion-T06,grabmyo-S005-D3-wrist_flexion-T06,5,3,12,6,train,wrist_flexion,-2.714328579334705,-2.3311688949515,2.4835372927417114,-2.8497111476525263,48,wrist_flexion,48,1.0,False
grabmyo-S005-D3-wrist_flexion-T07,grabmyo-S005-D3-wrist_flexion-T07,5,3,12,7,train,wrist_flexion,-3.1032386432984063,-1.5973430561663642,1.8168369763358971,-2.6095033480979577,48,wrist_flexion,48,1.0,False
grabmyo-S005-D3-hand_close-T01,grabmyo-S005-D3-hand_close-T01,5,3,16,1,train,hand_close,-1.9302991162781744,0.9094304829449954,-1.704177372930744,-1.8957131120048432,48,hand_close,48,1.0,False
grabmyo-S005-D3-hand_close-T02,grabmyo-S005-D3-hand_close-T02,5,3,16,2,train,hand_close,-3.1590862781227567,1.6807275734246447,-2.6973008482422425,-2.2580890990380458,48,hand_close,48,1.0,False
grabmyo-S005-D3-hand_close-T03,grabmyo-S005-D3-hand_close-T03,5,3,16,3,train,hand_close,-1.182866273486928,0.8262884345068676,-1.4173252728602381,-1.315736618241598,48,hand_close,48,1.0,False
grabmyo-S005-D3-hand_close-T04,grabmyo-S005-D3-hand_close-T04,5,3,16,4,train,hand_close,-2.691421491870054,2.107293320512814,-2.303627528280863,-2.2084144604033504,48,hand_close,48,1.0,False
grabmyo-S005-D3-hand_close-T05,grabmyo-S005-D3-hand_close-T05,5,3,16,5,train,hand_close,-1.3400142055642033,1.2544182635596466,-1.7753905172736433,-1.576888414745561,48,hand_close,48,1.0,False
grabmyo-S005-D3-hand_close-T06,grabmyo-S005-D3-hand_close-T06,5,3,16,6,train,hand_close,-3.9634111624795363,2.5751159380504824,-2.498280931155308,-2.39113517224034,48,hand_close,48,1.0,False
grabmyo-S005-D3-hand_close-T07,grabmyo-S005-D3-hand_close-T07,5,3,16,7,train,hand_close,-2.582308170026791,2.023297340221685,-2.0433175939110533,-1.7606189283478448,48,hand_close,48,1.0,False
grabmyo-S005-D3-rest-T01,grabmyo-S005-D3-rest-T01,5,3,17,1,train,rest,0.965150876207351,-1.0094662936728207,-1.50345480962108,-1.476280460878545,48,rest,48,1.0,False
grabmyo-S005-D3-rest-T02,grabmyo-S005-D3-rest-T02,5,3,17,2,train,rest,1.2367256779900764,-0.6671004601630006,-1.644580322459585,-1.5929030446708818,48,rest,48,1.0,False
grabmyo-S005-D3-rest-T03,grabmyo-S005-D3-rest-T03,5,3,17,3,train,rest,0.8216058193915691,-0.3100337286686849,-1.5524167656131602,-1.3127095285213068,48,rest,48,1.0,False
grabmyo-S005-D3-rest-T04,grabmyo-S005-D3-rest-T04,5,3,17,4,train,rest,0.8612451657653336,-1.1019244842872877,-1.3158288666060287,-1.2257334073895367,48,rest,48,1.0,False
grabmyo-S005-D3-rest-T05,grabmyo-S005-D3-rest-T05,5,3,17,5,train,rest,1.0986169033786177,-1.1876212696461794,-1.1295465851544189,-1.3137530124781962,48,rest,48,1.0,False
grabmyo-S005-D3-rest-T06,grabmyo-S005-D3-rest-T06,5,3,17,6,train,rest,1.259730187509821,-1.3542709991675201,-1.1699592601513398,-1.2184215841033923,48,rest,48,1.0,False
grabmyo-S005-D3-rest-T07,grabmyo-S005-D3-rest-T07,5,3,17,7,train,rest,1.136335235816624,-1.1010576786245798,-1.046661886152582,-1.3758985513841449,48,rest,48,1.0,False
grabmyo-S006-D3-wrist_extension-T01,grabmyo-S006-D3-wrist_extension-T01,6,3,11,1,train,wrist_extension,-19.085071358446033,-5.674962199453713,-36.80544113973236,1.6324863617381593,48,wrist_extension,48,1.0,False
grabmyo-S006-D3-wrist_extension-T02,grabmyo-S006-D3-wrist_extension-T02,6,3,11,2,train,wrist_extension,-39.36926134442491,-13.21196788269362,-105.06652537078803,3.1641806382404334,48,wrist_extension,48,1.0,False
grabmyo-S006-D3-wrist_extension-T03,grabmyo-S006-D3-wrist_extension-T03,6,3,11,3,train,wrist_extension,-38.487282656087565,-16.24753458087585,-110.68022568920884,1.2264892603547173,48,wrist_extension,48,1.0,False
grabmyo-S006-D3-wrist_extension-T04,grabmyo-S006-D3-wrist_extension-T04,6,3,11,4,train,wrist_extension,-22.132672115905876,-9.514664117896396,-49.32165796414097,2.5617576937425675,48,wrist_extension,48,1.0,False
grabmyo-S006-D3-wrist_extension-T05,grabmyo-S006-D3-wrist_extension-T05,6,3,11,5,train,wrist_extension,-20.881570077534416,-9.005634320826577,-49.63061302192924,1.6687379667787923,48,wrist_extension,48,1.0,False
grabmyo-S006-D3-wrist_extension-T06,grabmyo-S006-D3-wrist_extension-T06,6,3,11,6,train,wrist_extension,-28.193266045694116,-13.875606464626118,-85.93041467498341,2.3324654806953036,48,wrist_extension,48,1.0,False
grabmyo-S006-D3-wrist_extension-T07,grabmyo-S006-D3-wrist_extension-T07,6,3,11,7,train,wrist_extension,-13.153047176181465,-4.127283346610994,-20.926480125926044,1.1249168596238157,48,wrist_extension,48,1.0,False
grabmyo-S006-D3-wrist_flexion-T01,grabmyo-S006-D3-wrist_flexion-T01,6,3,12,1,train,wrist_flexion,-4.413168766669293,-3.7847291844074733,4.795512693297715,-2.1658102883207375,48,wrist_flexion,48,1.0,False
grabmyo-S006-D3-wrist_flexion-T02,grabmyo-S006-D3-wrist_flexion-T02,6,3,12,2,train,wrist_flexion,-6.216716385238175,-6.7427169730361,8.09366612420681,-3.0159547846932124,48,wrist_flexion,48,1.0,False
grabmyo-S006-D3-wrist_flexion-T03,grabmyo-S006-D3-wrist_flexion-T03,6,3,12,3,train,wrist_flexion,-3.7073751472499628,-4.0685837927807516,4.450798094138935,-2.588934936039956,48,wrist_flexion,48,1.0,False
grabmyo-S006-D3-wrist_flexion-T04,grabmyo-S006-D3-wrist_flexion-T04,6,3,12,4,train,wrist_flexion,-4.177173007586581,-3.9262593306172526,4.255592918633688,-2.503604271024944,48,wrist_flexion,48,1.0,False
grabmyo-S006-D3-wrist_flexion-T05,grabmyo-S006-D3-wrist_flexion-T05,6,3,12,5,train,wrist_flexion,-3.231635739898669,-3.1377513064105593,3.353578027528265,-2.198909767966925,48,wrist_flexion,48,1.0,False
grabmyo-S006-D3-wrist_flexion-T06,grabmyo-S006-D3-wrist_flexion-T06,6,3,12,6,train,wrist_flexion,-4.193064875554959,-3.4597423012762207,3.934437039356761,-2.3656763271534538,48,wrist_flexion,48,1.0,False
grabmyo-S006-D3-wrist_flexion-T07,grabmyo-S006-D3-wrist_flexion-T07,6,3,12,7,train,wrist_flexion,-5.538432775550613,-4.643795733444244,5.997612543131563,-2.918275597957379,48,wrist_flexion,48,1.0,False
grabmyo-S006-D3-hand_close-T01,grabmyo-S006-D3-hand_close-T01,6,3,16,1,train,hand_close,-3.366731034616627,-0.10024979732091167,-2.3267424587400165,-1.1840662230741104,48,hand_close,48,1.0,False
grabmyo-S006-D3-hand_close-T02,grabmyo-S006-D3-hand_close-T02,6,3,16,2,train,hand_close,-6.749540121910481,1.966616751156031,-5.449937402771962,-2.0896422916444464,48,hand_close,48,1.0,False
grabmyo-S006-D3-hand_close-T03,grabmyo-S006-D3-hand_close-T03,6,3,16,3,train,hand_close,-6.91749368334331,2.3002840736122296,-5.43536114188464,-2.3750940413346084,48,hand_close,48,1.0,False
grabmyo-S006-D3-hand_close-T04,grabmyo-S006-D3-hand_close-T04,6,3,16,4,train,hand_close,-2.321526515715196,0.020653724796424574,-2.2701831569467896,-1.208650340539528,48,hand_close,48,1.0,False
grabmyo-S006-D3-hand_close-T05,grabmyo-S006-D3-hand_close-T05,6,3,16,5,train,hand_close,-2.956090154020042,-0.04396731020182563,-2.2936499057975923,-1.1539847342491822,48,hand_close,48,1.0,False
grabmyo-S006-D3-hand_close-T06,grabmyo-S006-D3-hand_close-T06,6,3,16,6,train,hand_close,-1.4915199004685318,-0.054630429383092975,-1.1182467857962344,-1.3770625899690858,48,hand_close,48,1.0,False
grabmyo-S006-D3-hand_close-T07,grabmyo-S006-D3-hand_close-T07,6,3,16,7,train,hand_close,-6.09434899648581,2.051331199298956,-5.0798498342864,-2.2302446300962235,48,hand_close,48,1.0,False
grabmyo-S006-D3-rest-T01,grabmyo-S006-D3-rest-T01,6,3,17,1,train,rest,1.2942860612033291,-0.8483150559901388,-1.501402391134614,-1.3376499015947505,48,rest,48,1.0,False
grabmyo-S006-D3-rest-T02,grabmyo-S006-D3-rest-T02,6,3,17,2,train,rest,1.3160902483936152,-1.3806734788841837,-1.3159689007829758,-1.1611088968615764,48,rest,48,1.0,False
grabmyo-S006-D3-rest-T03,grabmyo-S006-D3-rest-T03,6,3,17,3,train,rest,1.3238153993722739,-0.9286916416460267,-1.518940304343573,-1.4010117666765076,48,rest,48,1.0,False
grabmyo-S006-D3-rest-T04,grabmyo-S006-D3-rest-T04,6,3,17,4,train,rest,1.244008251999737,-0.8319169695152149,-1.3298877080123364,-1.3828112469865612,48,rest,48,1.0,False
grabmyo-S006-D3-rest-T05,grabmyo-S006-D3-rest-T05,6,3,17,5,train,rest,1.172040801572692,-0.7390721280251177,-1.6553481917817467,-1.3490301432301959,48,rest,48,1.0,False
grabmyo-S006-D3-rest-T06,grabmyo-S006-D3-rest-T06,6,3,17,6,train,rest,1.0883129158737381,-1.2798636209657088,-1.461494615434427,-1.075111166569627,48,rest,48,1.0,False
grabmyo-S006-D3-rest-T07,grabmyo-S006-D3-rest-T07,6,3,17,7,train,rest,1.3796259223580971,-0.7838501294868561,-1.8326887559490759,-1.5054624235742076,48,rest,48,1.0,False
grabmyo-S007-D3-wrist_extension-T01,grabmyo-S007-D3-wrist_extension-T01,7,3,11,1,train,wrist_extension,-5.2685044330640265,-1.4267925891473492,-4.041422707470728,1.5652859091962383,48,wrist_extension,48,1.0,False
grabmyo-S007-D3-wrist_extension-T02,grabmyo-S007-D3-wrist_extension-T02,7,3,11,2,train,wrist_extension,-5.819276825750161,-1.862886427481069,-4.3310848848790044,2.053815870594,48,wrist_extension,48,1.0,False
grabmyo-S007-D3-wrist_extension-T03,grabmyo-S007-D3-wrist_extension-T03,7,3,11,3,train,wrist_extension,-7.440039790688783,-2.8257511698782873,-5.913589010150228,2.311953503406856,48,wrist_extension,48,1.0,False
grabmyo-S007-D3-wrist_extension-T04,grabmyo-S007-D3-wrist_extension-T04,7,3,11,4,train,wrist_extension,-6.085230550478119,-1.5621745849510151,-4.608351086142996,1.9288140725060405,48,wrist_extension,48,1.0,False
grabmyo-S007-D3-wrist_extension-T05,grabmyo-S007-D3-wrist_extension-T05,7,3,11,5,train,wrist_extension,-3.672406960886922,-0.8988147484965693,-3.3020099387353734,1.0362800496911275,48,wrist_extension,48,1.0,False
grabmyo-S007-D3-wrist_extension-T06,grabmyo-S007-D3-wrist_extension-T06,7,3,11,6,train,wrist_extension,-5.708102322009555,-0.9962463635443303,-4.457071793273514,1.596606461935498,48,wrist_extension,48,1.0,False
grabmyo-S007-D3-wrist_extension-T07,grabmyo-S007-D3-wrist_extension-T07,7,3,11,7,train,wrist_extension,-7.167139531505838,-2.7812377186216435,-5.728755632668651,2.2047247080226313,48,wrist_extension,48,1.0,False
grabmyo-S007-D3-wrist_flexion-T01,grabmyo-S007-D3-wrist_flexion-T01,7,3,12,1,train,wrist_flexion,-1.9615868189607515,-2.5546956121361846,1.924369265061131,-1.3298118970729382,48,wrist_flexion,48,1.0,False
grabmyo-S007-D3-wrist_flexion-T02,grabmyo-S007-D3-wrist_flexion-T02,7,3,12,2,train,wrist_flexion,-2.434790627330398,-2.541972101050502,2.270373040868632,-1.5459862839912148,48,wrist_flexion,48,1.0,False
grabmyo-S007-D3-wrist_flexion-T03,grabmyo-S007-D3-wrist_flexion-T03,7,3,12,3,train,wrist_flexion,-1.208138823639424,-1.1202414060508843,0.33939465131059937,-1.2377530566390016,48,wrist_flexion,48,1.0,False
grabmyo-S007-D3-wrist_flexion-T04,grabmyo-S007-D3-wrist_flexion-T04,7,3,12,4,train,wrist_flexion,-2.4975402623778793,-2.904656207782493,2.702393898039606,-1.5802405675125526,48,wrist_flexion,48,1.0,False
grabmyo-S007-D3-wrist_flexion-T05,grabmyo-S007-D3-wrist_flexion-T05,7,3,12,5,train,wrist_flexion,-3.2415896177509533,-1.2327535582198192,0.3752665191931164,-2.2634993787900166,48,wrist_flexion,48,1.0,False
grabmyo-S007-D3-wrist_flexion-T06,grabmyo-S007-D3-wrist_flexion-T06,7,3,12,6,train,wrist_flexion,-2.064831276687848,-2.391316429176335,1.8628380409489969,-1.3204721422404668,48,wrist_flexion,48,1.0,False
grabmyo-S007-D3-wrist_flexion-T07,grabmyo-S007-D3-wrist_flexion-T07,7,3,12,7,train,wrist_flexion,-2.1094663798846334,-2.3220550643057503,1.606020175581782,-1.0722363638276093,48,wrist_flexion,48,1.0,False
grabmyo-S007-D3-hand_close-T01,grabmyo-S007-D3-hand_close-T01,7,3,16,1,train,hand_close,-2.1431248395655262,1.7176831033202895,-1.4997994229272347,-2.0647717951144298,48,hand_close,48,1.0,False
grabmyo-S007-D3-hand_close-T02,grabmyo-S007-D3-hand_close-T02,7,3,16,2,train,hand_close,-2.631723575098724,2.9125648445425405,-2.0320177019505783,-2.3842729805431264,48,hand_close,48,1.0,False
grabmyo-S007-D3-hand_close-T03,grabmyo-S007-D3-hand_close-T03,7,3,16,3,train,hand_close,-2.486878418232326,1.5070245785579612,-1.2303836240960395,-2.118813832436255,48,hand_close,48,1.0,False
grabmyo-S007-D3-hand_close-T04,grabmyo-S007-D3-hand_close-T04,7,3,16,4,train,hand_close,-1.0650932719848722,1.5204037696682289,-1.2799397805775878,-2.132037263659432,48,hand_close,48,1.0,False
grabmyo-S007-D3-hand_close-T05,grabmyo-S007-D3-hand_close-T05,7,3,16,5,train,hand_close,-4.243862326800616,3.218111601169634,-1.155252573322027,-3.4281466056919476,48,hand_close,48,1.0,False
grabmyo-S007-D3-hand_close-T06,grabmyo-S007-D3-hand_close-T06,7,3,16,6,train,hand_close,-1.6913382062106148,2.142027667002269,-1.106143902669152,-2.2663122712379224,48,hand_close,48,1.0,False
grabmyo-S007-D3-hand_close-T07,grabmyo-S007-D3-hand_close-T07,7,3,16,7,train,hand_close,-2.9595925865067145,2.653474976538715,-1.4042615370116964,-2.522463836287415,48,hand_close,48,1.0,False
grabmyo-S007-D3-rest-T01,grabmyo-S007-D3-rest-T01,7,3,17,1,train,rest,1.2981609190712786,-1.8997107015768657,-1.4752893241344223,-1.0439828941698417,48,rest,48,1.0,False
grabmyo-S007-D3-rest-T02,grabmyo-S007-D3-rest-T02,7,3,17,2,train,rest,1.1172700786540377,-1.829166409218347,-1.171597323479748,-0.9169232405079374,48,rest,48,1.0,False
grabmyo-S007-D3-rest-T03,grabmyo-S007-D3-rest-T03,7,3,17,3,train,rest,1.047998531635818,-2.063879455687765,-0.9973756131761427,-0.9204924555753219,48,rest,48,1.0,False
grabmyo-S007-D3-rest-T04,grabmyo-S007-D3-rest-T04,7,3,17,4,train,rest,1.0983939927723267,-1.2822915590641826,-1.516946125958162,-1.0067812665682567,48,rest,48,1.0,False
grabmyo-S007-D3-rest-T05,grabmyo-S007-D3-rest-T05,7,3,17,5,train,rest,1.0769896328390325,-1.0461762450483563,-1.3501945772779484,-1.036571548361483,48,rest,48,1.0,False
grabmyo-S007-D3-rest-T06,grabmyo-S007-D3-rest-T06,7,3,17,6,train,rest,1.0085295508718988,-2.1347343265434504,-0.735878235438011,-1.284610306751868,48,rest,48,1.0,False
grabmyo-S007-D3-rest-T07,grabmyo-S007-D3-rest-T07,7,3,17,7,train,rest,1.2957140010822978,-1.329157185525431,-1.4543632576252081,-1.0543175310318598,48,rest,48,1.0,False
grabmyo-S008-D3-wrist_extension-T01,grabmyo-S008-D3-wrist_extension-T01,8,3,11,1,train,wrist_extension,-10.321229879960852,-8.79497470722496,-12.593718670611368,3.6165043700390473,48,wrist_extension,48,1.0,False
grabmyo-S008-D3-wrist_extension-T02,grabmyo-S008-D3-wrist_extension-T02,8,3,11,2,train,wrist_extension,-16.661062439497563,-11.580802306914224,-17.30885434177864,6.654314643144303,48,wrist_extension,48,1.0,False
grabmyo-S008-D3-wrist_extension-T03,grabmyo-S008-D3-wrist_extension-T03,8,3,11,3,train,wrist_extension,-13.862708625875683,-9.556387799995852,-13.762371590485797,5.635573056308289,48,wrist_extension,48,1.0,False
grabmyo-S008-D3-wrist_extension-T04,grabmyo-S008-D3-wrist_extension-T04,8,3,11,4,train,wrist_extension,-14.039634425097915,-8.384424314859979,-14.637017848147643,5.822378233040098,48,wrist_extension,48,1.0,False
grabmyo-S008-D3-wrist_extension-T05,grabmyo-S008-D3-wrist_extension-T05,8,3,11,5,train,wrist_extension,-13.504620671695392,-10.320108781617476,-14.13210439433648,4.844156073218966,48,wrist_extension,48,1.0,False
grabmyo-S008-D3-wrist_extension-T06,grabmyo-S008-D3-wrist_extension-T06,8,3,11,6,train,wrist_extension,-11.376276906639502,-7.6270095146948504,-10.969460389058106,4.269495547561519,48,wrist_extension,48,1.0,False
grabmyo-S008-D3-wrist_extension-T07,grabmyo-S008-D3-wrist_extension-T07,8,3,11,7,train,wrist_extension,-14.260210179133454,-6.094203994193985,-11.979505097697766,4.383520268791007,48,wrist_extension,48,1.0,False
grabmyo-S008-D3-wrist_flexion-T01,grabmyo-S008-D3-wrist_flexion-T01,8,3,12,1,train,wrist_flexion,-4.108172859728382,-1.267868608239587,1.784315657282183,-3.6860479593760362,48,wrist_flexion,48,1.0,False
grabmyo-S008-D3-wrist_flexion-T02,grabmyo-S008-D3-wrist_flexion-T02,8,3,12,2,train,wrist_flexion,-3.9437094815933267,-1.3135757605288163,1.658730314024026,-3.3129406846906817,48,wrist_flexion,48,1.0,False
grabmyo-S008-D3-wrist_flexion-T03,grabmyo-S008-D3-wrist_flexion-T03,8,3,12,3,train,wrist_flexion,-3.072688357564299,-1.0159873474848493,1.0108358355775375,-2.765518389813465,48,wrist_flexion,48,1.0,False
grabmyo-S008-D3-wrist_flexion-T04,grabmyo-S008-D3-wrist_flexion-T04,8,3,12,4,train,wrist_flexion,-4.774184603577413,-1.0860635558945597,1.7876416106369561,-3.491665029813212,48,wrist_flexion,48,1.0,False
grabmyo-S008-D3-wrist_flexion-T05,grabmyo-S008-D3-wrist_flexion-T05,8,3,12,5,train,wrist_flexion,-2.192167885335739,-1.3519035632601206,0.7624124146940235,-2.085574542514884,48,wrist_flexion,48,1.0,False
grabmyo-S008-D3-wrist_flexion-T06,grabmyo-S008-D3-wrist_flexion-T06,8,3,12,6,train,wrist_flexion,-2.213234750392789,-1.068396197390112,0.539127133800205,-2.5920112912882227,48,wrist_flexion,48,1.0,False
grabmyo-S008-D3-wrist_flexion-T07,grabmyo-S008-D3-wrist_flexion-T07,8,3,12,7,train,wrist_flexion,-2.703921165643731,-1.3258459637007236,0.9164938510680853,-1.7924813453148072,48,wrist_flexion,48,1.0,False
grabmyo-S008-D3-hand_close-T01,grabmyo-S008-D3-hand_close-T01,8,3,16,1,train,hand_close,-4.867806587206292,3.084912669879456,-3.2316194892588688,-2.9412080201609014,48,hand_close,48,1.0,False
grabmyo-S008-D3-hand_close-T02,grabmyo-S008-D3-hand_close-T02,8,3,16,2,train,hand_close,-2.8770535817515293,1.6042971764298823,-2.0418245964341537,-1.751405752009904,48,hand_close,48,1.0,False
grabmyo-S008-D3-hand_close-T03,grabmyo-S008-D3-hand_close-T03,8,3,16,3,train,hand_close,-1.705666312064279,1.2279316663622208,-1.6746143971864453,-1.614460465307906,48,hand_close,48,1.0,False
grabmyo-S008-D3-hand_close-T04,grabmyo-S008-D3-hand_close-T04,8,3,16,4,train,hand_close,-3.086703290036036,2.0814589000329238,-2.201842509467346,-2.246974086140421,48,hand_close,48,1.0,False
grabmyo-S008-D3-hand_close-T05,grabmyo-S008-D3-hand_close-T05,8,3,16,5,train,hand_close,-3.9493756236721027,2.50030396246564,-2.5773348306775676,-2.500826843054959,48,hand_close,48,1.0,False
grabmyo-S008-D3-hand_close-T06,grabmyo-S008-D3-hand_close-T06,8,3,16,6,train,hand_close,-3.820048332292831,0.9107588506486602,-1.9379711262213404,-1.5171218718172481,48,hand_close,48,1.0,False
grabmyo-S008-D3-hand_close-T07,grabmyo-S008-D3-hand_close-T07,8,3,16,7,train,hand_close,-2.707633096951321,0.448299510304721,-1.1722817562604886,-0.9537719042455634,48,hand_close,48,1.0,False
grabmyo-S008-D3-rest-T01,grabmyo-S008-D3-rest-T01,8,3,17,1,train,rest,1.3237761453025163,-1.4787605201021767,-1.3443943719155282,-1.519881589445755,48,rest,48,1.0,False
grabmyo-S008-D3-rest-T02,grabmyo-S008-D3-rest-T02,8,3,17,2,train,rest,0.9627798180796506,-1.0831016091133445,-1.152811028114456,-1.604308367596811,48,rest,48,1.0,False
grabmyo-S008-D3-rest-T03,grabmyo-S008-D3-rest-T03,8,3,17,3,train,rest,1.1224779648245127,-0.9247347964471206,-1.714001371388945,-1.4974770061706744,48,rest,48,1.0,False
grabmyo-S008-D3-rest-T04,grabmyo-S008-D3-rest-T04,8,3,17,4,train,rest,0.872532248269222,-1.4625737460591142,-1.302789730655585,-1.365533095629127,48,rest,48,1.0,False
grabmyo-S008-D3-rest-T05,grabmyo-S008-D3-rest-T05,8,3,17,5,train,rest,0.9023120612057847,-1.3847354553706508,-1.1010124960589633,-1.5077713117149327,48,rest,48,1.0,False
grabmyo-S008-D3-rest-T06,grabmyo-S008-D3-rest-T06,8,3,17,6,train,rest,1.0224998747542469,-1.316425941564101,-1.1639978417954318,-1.397894456043395,48,rest,48,1.0,False
grabmyo-S008-D3-rest-T07,grabmyo-S008-D3-rest-T07,8,3,17,7,train,rest,0.7641384623318164,-1.8051704817210548,-0.7193608890431498,-1.1797717672071497,48,rest,48,1.0,False
grabmyo-S009-D3-wrist_extension-T01,grabmyo-S009-D3-wrist_extension-T01,9,3,11,1,train,wrist_extension,-26.716928411609064,-8.38336743355161,-10.383851805704385,2.8232325270504486,48,wrist_extension,48,1.0,False
grabmyo-S009-D3-wrist_extension-T02,grabmyo-S009-D3-wrist_extension-T02,9,3,11,2,train,wrist_extension,-16.82919626573132,-4.40116995284538,-7.868163538041618,2.0669842032022214,48,wrist_extension,48,1.0,False
grabmyo-S009-D3-wrist_extension-T03,grabmyo-S009-D3-wrist_extension-T03,9,3,11,3,train,wrist_extension,-23.38565155499373,-5.841311358608833,-10.550826540627842,2.4161458739388277,48,wrist_extension,48,1.0,False
grabmyo-S009-D3-wrist_extension-T04,grabmyo-S009-D3-wrist_extension-T04,9,3,11,4,train,wrist_extension,-34.025637761899695,-10.60674502271104,-19.018039799680754,2.6565679996090528,48,wrist_extension,48,1.0,False
grabmyo-S009-D3-wrist_extension-T05,grabmyo-S009-D3-wrist_extension-T05,9,3,11,5,train,wrist_extension,-12.981040872003085,-3.173619621301365,-4.943839574176743,2.1020278589788144,48,wrist_extension,48,1.0,False
grabmyo-S009-D3-wrist_extension-T06,grabmyo-S009-D3-wrist_extension-T06,9,3,11,6,train,wrist_extension,-29.40658293763839,-8.875203033782801,-17.848278332277463,2.6157548727419027,48,wrist_extension,48,1.0,False
grabmyo-S009-D3-wrist_extension-T07,grabmyo-S009-D3-wrist_extension-T07,9,3,11,7,train,wrist_extension,-14.961970355692742,-3.957307006765214,-5.694738564888968,1.4928884433490577,48,wrist_extension,48,1.0,False
grabmyo-S009-D3-wrist_flexion-T01,grabmyo-S009-D3-wrist_flexion-T01,9,3,12,1,train,wrist_flexion,-4.4091219713394105,-3.13358398794673,3.2043644582810145,-3.0301472646057204,48,wrist_flexion,48,1.0,False
grabmyo-S009-D3-wrist_flexion-T02,grabmyo-S009-D3-wrist_flexion-T02,9,3,12,2,train,wrist_flexion,-2.966338511936053,-3.1172226381282804,3.578426679945988,-2.94876746451579,48,wrist_flexion,48,1.0,False
grabmyo-S009-D3-wrist_flexion-T03,grabmyo-S009-D3-wrist_flexion-T03,9,3,12,3,train,wrist_flexion,-3.132628651112642,-2.5957825260514227,2.8215220976424185,-2.5694142823004227,48,wrist_flexion,48,1.0,False
grabmyo-S009-D3-wrist_flexion-T04,grabmyo-S009-D3-wrist_flexion-T04,9,3,12,4,train,wrist_flexion,-5.185997272037828,-2.5496587419006245,3.1102915798057444,-3.1526804784775226,48,wrist_flexion,48,1.0,False
grabmyo-S009-D3-wrist_flexion-T05,grabmyo-S009-D3-wrist_flexion-T05,9,3,12,5,train,wrist_flexion,-2.8568908709588783,-1.6795131239874304,2.1837616730853022,-2.4573060509126896,48,wrist_flexion,48,1.0,False
grabmyo-S009-D3-wrist_flexion-T06,grabmyo-S009-D3-wrist_flexion-T06,9,3,12,6,train,wrist_flexion,-2.762490269772071,-2.5305069378097524,3.152418982956997,-2.568560557492647,48,wrist_flexion,48,1.0,False
grabmyo-S009-D3-wrist_flexion-T07,grabmyo-S009-D3-wrist_flexion-T07,9,3,12,7,train,wrist_flexion,-3.200339349578181,-3.194250401181776,3.7344819089643924,-2.939280515533591,48,wrist_flexion,48,1.0,False
grabmyo-S009-D3-hand_close-T01,grabmyo-S009-D3-hand_close-T01,9,3,16,1,train,hand_close,-3.1729692323376355,1.8756615798067509,-2.0167833171428087,-1.7432616664211604,48,hand_close,48,1.0,False
grabmyo-S009-D3-hand_close-T02,grabmyo-S009-D3-hand_close-T02,9,3,16,2,train,hand_close,-2.3631382478701015,1.1037670719940322,-1.2409299900965818,-1.2759544751375715,48,hand_close,48,1.0,False
grabmyo-S009-D3-hand_close-T03,grabmyo-S009-D3-hand_close-T03,9,3,16,3,train,hand_close,-3.0664641378202133,1.5636918626406342,-1.6973711438528787,-1.5365098144990423,48,hand_close,48,1.0,False
grabmyo-S009-D3-hand_close-T04,grabmyo-S009-D3-hand_close-T04,9,3,16,4,train,hand_close,-4.3014093631968615,2.021524222804301,-1.7216227036948515,-2.0380612684465165,48,hand_close,48,1.0,False
grabmyo-S009-D3-hand_close-T05,grabmyo-S009-D3-hand_close-T05,9,3,16,5,train,hand_close,-2.736975440842421,1.2834907134242013,-1.370434291559642,-1.5083748198226097,48,hand_close,48,1.0,False
grabmyo-S009-D3-hand_close-T06,grabmyo-S009-D3-hand_close-T06,9,3,16,6,train,hand_close,-3.2582877162482813,1.4281341274696704,-1.153431731370253,-1.3132476724480602,48,hand_close,48,1.0,False
grabmyo-S009-D3-hand_close-T07,grabmyo-S009-D3-hand_close-T07,9,3,16,7,train,hand_close,-3.5301637294995825,1.6653982094631672,-1.2546068100428787,-1.5067041537589505,48,hand_close,48,1.0,False
grabmyo-S009-D3-rest-T01,grabmyo-S009-D3-rest-T01,9,3,17,1,train,rest,0.6260988676181679,-0.650636275053056,-1.4738233724953231,-1.056065885471433,48,rest,48,1.0,False
grabmyo-S009-D3-rest-T02,grabmyo-S009-D3-rest-T02,9,3,17,2,train,rest,1.2177309687352105,-0.8278766036945536,-1.467022983100995,-0.9979932829156333,48,rest,48,1.0,False
grabmyo-S009-D3-rest-T03,grabmyo-S009-D3-rest-T03,9,3,17,3,train,rest,1.0937902521661391,-0.8468936604223479,-1.3029384112500764,-1.1109343810058934,48,rest,48,1.0,False
grabmyo-S009-D3-rest-T04,grabmyo-S009-D3-rest-T04,9,3,17,4,train,rest,1.270714302047098,-1.467131739405718,-1.232110856040651,-1.1136102596693491,48,rest,48,1.0,False
grabmyo-S009-D3-rest-T05,grabmyo-S009-D3-rest-T05,9,3,17,5,train,rest,0.37696216507341473,-0.6362332163233199,-1.1097205974954276,-0.9859083410948045,48,rest,48,1.0,False
grabmyo-S009-D3-rest-T06,grabmyo-S009-D3-rest-T06,9,3,17,6,train,rest,0.8077350358070458,-0.808391599525696,-1.4380192792830346,-1.485701710091587,48,rest,48,1.0,False
grabmyo-S009-D3-rest-T07,grabmyo-S009-D3-rest-T07,9,3,17,7,train,rest,0.8636277890264065,-0.8330279873220493,-1.1771117701645533,-1.426528355614331,48,rest,48,1.0,False
grabmyo-S010-D3-wrist_extension-T01,grabmyo-S010-D3-wrist_extension-T01,10,3,11,1,train,wrist_extension,-11.796270553167703,-3.389126816365247,-11.742821340135245,4.8828105618472115,48,wrist_extension,48,1.0,False
grabmyo-S010-D3-wrist_extension-T02,grabmyo-S010-D3-wrist_extension-T02,10,3,11,2,train,wrist_extension,-8.058371997504652,-3.3137745769184868,-8.213534239323357,3.673539251896603,48,wrist_extension,48,1.0,False
grabmyo-S010-D3-wrist_extension-T03,grabmyo-S010-D3-wrist_extension-T03,10,3,11,3,train,wrist_extension,-10.539026549167586,-2.437702934014504,-7.609851765331295,4.818523454611193,48,wrist_extension,48,1.0,False
grabmyo-S010-D3-wrist_extension-T04,grabmyo-S010-D3-wrist_extension-T04,10,3,11,4,train,wrist_extension,-14.574654346765861,-3.636644512620096,-12.465934749817379,5.439631462998965,48,wrist_extension,48,1.0,False
grabmyo-S010-D3-wrist_extension-T05,grabmyo-S010-D3-wrist_extension-T05,10,3,11,5,train,wrist_extension,-14.205701106941042,-4.080086122818587,-12.263199782735095,6.057244559432583,48,wrist_extension,48,1.0,False
grabmyo-S010-D3-wrist_extension-T06,grabmyo-S010-D3-wrist_extension-T06,10,3,11,6,train,wrist_extension,-15.158017903215601,-4.676910196481717,-14.029734529123163,5.260289368477758,48,wrist_extension,48,1.0,False
grabmyo-S010-D3-wrist_extension-T07,grabmyo-S010-D3-wrist_extension-T07,10,3,11,7,train,wrist_extension,-17.660682704497958,-3.458431452678217,-13.709098037896226,5.573244517623981,48,wrist_extension,48,1.0,False
grabmyo-S010-D3-wrist_flexion-T01,grabmyo-S010-D3-wrist_flexion-T01,10,3,12,1,train,wrist_flexion,-5.783478435335816,-2.1502250066271484,1.8998633347071046,-2.8088966900920282,48,wrist_flexion,48,1.0,False
grabmyo-S010-D3-wrist_flexion-T02,grabmyo-S010-D3-wrist_flexion-T02,10,3,12,2,train,wrist_flexion,-4.845240369531288,-2.920643653233409,2.579806898820952,-2.501926372627286,48,wrist_flexion,48,1.0,False
grabmyo-S010-D3-wrist_flexion-T03,grabmyo-S010-D3-wrist_flexion-T03,10,3,12,3,train,wrist_flexion,-5.062865334282791,-3.1989503676303404,3.196750231914351,-2.264067745190241,48,wrist_flexion,48,1.0,False
grabmyo-S010-D3-wrist_flexion-T04,grabmyo-S010-D3-wrist_flexion-T04,10,3,12,4,train,wrist_flexion,-6.292639103519424,-3.531513673564804,3.950000664642537,-2.7670861563658957,48,wrist_flexion,48,1.0,False
grabmyo-S010-D3-wrist_flexion-T05,grabmyo-S010-D3-wrist_flexion-T05,10,3,12,5,train,wrist_flexion,-6.1510873702143,-3.1286959238609033,3.2420127370378364,-1.9918098177548236,48,wrist_flexion,48,1.0,False
grabmyo-S010-D3-wrist_flexion-T06,grabmyo-S010-D3-wrist_flexion-T06,10,3,12,6,train,wrist_flexion,-5.536634328636041,-3.616046789102656,3.9046982090720337,-2.829916345769913,48,wrist_flexion,48,1.0,False
grabmyo-S010-D3-wrist_flexion-T07,grabmyo-S010-D3-wrist_flexion-T07,10,3,12,7,train,wrist_flexion,-5.523525341699287,-3.1209857253878925,2.9970445091768174,-2.4210564352928645,48,wrist_flexion,48,1.0,False
grabmyo-S010-D3-hand_close-T01,grabmyo-S010-D3-hand_close-T01,10,3,16,1,train,hand_close,-5.70004147976499,2.972527428087871,-2.4496041331989304,-2.718587938368628,48,hand_close,48,1.0,False
grabmyo-S010-D3-hand_close-T02,grabmyo-S010-D3-hand_close-T02,10,3,16,2,train,hand_close,-4.630290153476607,2.6729367770309564,-2.4531502554501903,-2.57156359412772,48,hand_close,48,1.0,False
grabmyo-S010-D3-hand_close-T03,grabmyo-S010-D3-hand_close-T03,10,3,16,3,train,hand_close,-8.506711151647155,4.4132025197741545,-3.0789253696294097,-3.2160313200048165,48,hand_close,48,1.0,False
grabmyo-S010-D3-hand_close-T04,grabmyo-S010-D3-hand_close-T04,10,3,16,4,train,hand_close,-9.312814376792732,5.925013499041312,-4.010517521641261,-4.610419479624134,48,hand_close,48,1.0,False
grabmyo-S010-D3-hand_close-T05,grabmyo-S010-D3-hand_close-T05,10,3,16,5,train,hand_close,-9.85600197471344,4.854540875936655,-3.2740602715806184,-3.957510645149263,48,hand_close,48,1.0,False
grabmyo-S010-D3-hand_close-T06,grabmyo-S010-D3-hand_close-T06,10,3,16,6,train,hand_close,-7.411245362750492,4.835148308091765,-3.3889968018676626,-3.437164763724222,48,hand_close,48,1.0,False
grabmyo-S010-D3-hand_close-T07,grabmyo-S010-D3-hand_close-T07,10,3,16,7,train,hand_close,-8.934301492584309,4.1463625420529455,-3.067944619066621,-3.8042956285658587,48,hand_close,48,1.0,False
grabmyo-S010-D3-rest-T01,grabmyo-S010-D3-rest-T01,10,3,17,1,train,rest,1.251728386093151,-1.7606734407523417,-1.103177828925582,-1.3299038336941735,48,rest,48,1.0,False
grabmyo-S010-D3-rest-T02,grabmyo-S010-D3-rest-T02,10,3,17,2,train,rest,1.3157260618968536,-2.114976036648853,-1.1918795260142507,-1.4654737664962,48,rest,48,1.0,False
grabmyo-S010-D3-rest-T03,grabmyo-S010-D3-rest-T03,10,3,17,3,train,rest,1.1776645614480112,-2.115681964563391,-0.85901897865089,-1.2902536235760642,48,rest,48,1.0,False
grabmyo-S010-D3-rest-T04,grabmyo-S010-D3-rest-T04,10,3,17,4,train,rest,1.056728038807707,-1.4786417762817807,-0.9602251771332929,-1.5313452218449168,48,rest,48,1.0,False
grabmyo-S010-D3-rest-T05,grabmyo-S010-D3-rest-T05,10,3,17,5,train,rest,0.9780796834731218,-2.1531383161105775,-0.6429655642804781,-1.0586724241998147,48,rest,48,1.0,False
grabmyo-S010-D3-rest-T06,grabmyo-S010-D3-rest-T06,10,3,17,6,train,rest,1.11156126521505,-2.0849216085483993,-0.8627707811047006,-1.2102268863822012,48,rest,48,1.0,False
grabmyo-S010-D3-rest-T07,grabmyo-S010-D3-rest-T07,10,3,17,7,train,rest,0.8679180298237815,-2.2327280221457615,-0.9360808420559313,-1.0127629098852793,48,rest,48,1.0,False
grabmyo-S011-D3-wrist_extension-T01,grabmyo-S011-D3-wrist_extension-T01,11,3,11,1,train,wrist_extension,-10.65037292601795,-2.9536075124684413,-6.113528845546848,3.080786392218734,48,wrist_extension,48,1.0,False
grabmyo-S011-D3-wrist_extension-T02,grabmyo-S011-D3-wrist_extension-T02,11,3,11,2,train,wrist_extension,-9.990866851303249,-2.7154555681863095,-5.553269050812493,3.2538304475395665,48,wrist_extension,48,1.0,False
grabmyo-S011-D3-wrist_extension-T03,grabmyo-S011-D3-wrist_extension-T03,11,3,11,3,train,wrist_extension,-6.633697905650333,-2.043997800977983,-4.597945886257147,3.2570790580367714,48,wrist_extension,48,1.0,False
grabmyo-S011-D3-wrist_extension-T04,grabmyo-S011-D3-wrist_extension-T04,11,3,11,4,train,wrist_extension,-6.622791513211691,-1.925386691519618,-4.43184990721534,3.3739240043587677,48,wrist_extension,48,1.0,False
grabmyo-S011-D3-wrist_extension-T05,grabmyo-S011-D3-wrist_extension-T05,11,3,11,5,train,wrist_extension,-5.552479607866268,-1.7683255456635623,-4.131227043214206,3.0299549923164544,48,wrist_extension,48,1.0,False
grabmyo-S011-D3-wrist_extension-T06,grabmyo-S011-D3-wrist_extension-T06,11,3,11,6,train,wrist_extension,-6.739031267377196,-2.197762661668173,-4.588072456279632,3.603025903604649,48,wrist_extension,48,1.0,False
grabmyo-S011-D3-wrist_extension-T07,grabmyo-S011-D3-wrist_extension-T07,11,3,11,7,train,wrist_extension,-5.7923650321327,-1.989635443141385,-3.568800009294302,2.745013885388509,48,wrist_extension,48,1.0,False
grabmyo-S011-D3-wrist_flexion-T01,grabmyo-S011-D3-wrist_flexion-T01,11,3,12,1,train,wrist_flexion,-1.7457633084207993,-2.3825818474286704,1.7845464345112703,-1.7012012210609273,48,wrist_flexion,48,1.0,False
grabmyo-S011-D3-wrist_flexion-T02,grabmyo-S011-D3-wrist_flexion-T02,11,3,12,2,train,wrist_flexion,-1.5157387845334,-1.8365669052659215,1.0912576189189573,-1.5625724447008906,48,wrist_flexion,48,1.0,False
grabmyo-S011-D3-wrist_flexion-T03,grabmyo-S011-D3-wrist_flexion-T03,11,3,12,3,train,wrist_flexion,-1.1138057295054946,-1.663670756748102,0.7921688821531966,-1.252495775720568,48,wrist_flexion,48,1.0,False
grabmyo-S011-D3-wrist_flexion-T04,grabmyo-S011-D3-wrist_flexion-T04,11,3,12,4,train,wrist_flexion,-1.9153805633621666,-1.361714029175196,1.1919358689992274,-1.5511469840993881,48,wrist_flexion,48,1.0,False
grabmyo-S011-D3-wrist_flexion-T05,grabmyo-S011-D3-wrist_flexion-T05,11,3,12,5,train,wrist_flexion,-1.415264052252547,-2.01828628792201,1.735887176024091,-1.8411692136066877,48,wrist_flexion,48,1.0,False
grabmyo-S011-D3-wrist_flexion-T06,grabmyo-S011-D3-wrist_flexion-T06,11,3,12,6,train,wrist_flexion,-2.6097065022848764,-2.293133126177272,2.8745770911626045,-2.220820949627124,48,wrist_flexion,48,1.0,False
grabmyo-S011-D3-wrist_flexion-T07,grabmyo-S011-D3-wrist_flexion-T07,11,3,12,7,train,wrist_flexion,-1.7596256075221428,-1.0132281794078357,0.7652432416360245,-1.5644549098140208,48,wrist_flexion,48,1.0,False
grabmyo-S011-D3-hand_close-T01,grabmyo-S011-D3-hand_close-T01,11,3,16,1,train,hand_close,-1.1944703335000773,0.7909932255414952,-1.5841694827117199,-2.066916541752549,48,hand_close,48,1.0,False
grabmyo-S011-D3-hand_close-T02,grabmyo-S011-D3-hand_close-T02,11,3,16,2,train,hand_close,-0.6298640850094223,-0.1942226510304603,-1.1752903082160149,-1.6947821650715345,48,hand_close,48,1.0,False
grabmyo-S011-D3-hand_close-T03,grabmyo-S011-D3-hand_close-T03,11,3,16,3,train,hand_close,-1.24552584891354,0.8767805074886885,-1.5125388562454603,-1.7065133392799405,48,hand_close,48,1.0,False
grabmyo-S011-D3-hand_close-T04,grabmyo-S011-D3-hand_close-T04,11,3,16,4,train,hand_close,-2.674361960763164,1.5004725730242974,-1.578418530721085,-1.9417822088654768,48,hand_close,48,1.0,False
grabmyo-S011-D3-hand_close-T05,grabmyo-S011-D3-hand_close-T05,11,3,16,5,train,hand_close,-2.321767226849638,0.9440311330426342,-1.2383332988324824,-1.7489251065853504,48,hand_close,48,1.0,False
grabmyo-S011-D3-hand_close-T06,grabmyo-S011-D3-hand_close-T06,11,3,16,6,train,hand_close,-2.580806690827551,1.0571971285016155,-1.1817867586520492,-1.8335867186299548,48,hand_close,48,1.0,False
grabmyo-S011-D3-hand_close-T07,grabmyo-S011-D3-hand_close-T07,11,3,16,7,train,hand_close,-2.138057395774813,1.2621533956289592,-1.6652772312429196,-1.8681520505581932,48,hand_close,48,1.0,False
grabmyo-S011-D3-rest-T01,grabmyo-S011-D3-rest-T01,11,3,17,1,train,rest,0.34734651380246523,-1.8148488208493285,-0.8051318242594995,-1.227648785429771,48,rest,48,1.0,False
grabmyo-S011-D3-rest-T02,grabmyo-S011-D3-rest-T02,11,3,17,2,train,rest,0.040593140742620236,-1.88542346228925,-0.3358749737818984,-1.4067729010910481,48,rest,48,1.0,False
grabmyo-S011-D3-rest-T03,grabmyo-S011-D3-rest-T03,11,3,17,3,train,rest,1.2601262777686095,-2.7028319669281267,-0.58118829721482,-1.218713420938473,48,rest,48,1.0,False
grabmyo-S011-D3-rest-T04,grabmyo-S011-D3-rest-T04,11,3,17,4,train,rest,0.5160221924661782,-1.306874686427656,-0.8651371409984204,-1.2765251454793753,48,rest,48,1.0,False
grabmyo-S011-D3-rest-T05,grabmyo-S011-D3-rest-T05,11,3,17,5,train,rest,0.5146346701601244,-1.8719120942394778,-0.7165823374951769,-1.036741559537056,48,rest,48,1.0,False
grabmyo-S011-D3-rest-T06,grabmyo-S011-D3-rest-T06,11,3,17,6,train,rest,0.26123496866034585,-1.7249740395967976,-0.4657044200394711,-0.9856071804441237,48,rest,48,1.0,False
grabmyo-S011-D3-rest-T07,grabmyo-S011-D3-rest-T07,11,3,17,7,train,rest,0.07541005094148433,-1.8569296876835397,-0.339219342192801,-1.0059500180701708,48,rest,48,1.0,False
grabmyo-S014-D3-wrist_extension-T01,grabmyo-S014-D3-wrist_extension-T01,14,3,11,1,train,wrist_extension,-4.369010056867758,-1.7106876323899656,-3.04234406047488,2.1916791073447413,48,wrist_extension,48,1.0,False
grabmyo-S014-D3-wrist_extension-T02,grabmyo-S014-D3-wrist_extension-T02,14,3,11,2,train,wrist_extension,-3.7792102925025,-1.5095371812863263,-2.481787613696454,1.6981759948176023,48,wrist_extension,48,1.0,False
grabmyo-S014-D3-wrist_extension-T03,grabmyo-S014-D3-wrist_extension-T03,14,3,11,3,train,wrist_extension,-7.26982438492661,-2.641268054957637,-5.3903133093743785,2.835447579911364,48,wrist_extension,48,1.0,False
grabmyo-S014-D3-wrist_extension-T04,grabmyo-S014-D3-wrist_extension-T04,14,3,11,4,train,wrist_extension,-5.43348980920686,-1.9163555155408947,-3.060972442122752,2.05243314694827,48,wrist_extension,48,1.0,False
grabmyo-S014-D3-wrist_extension-T05,grabmyo-S014-D3-wrist_extension-T05,14,3,11,5,train,wrist_extension,-5.707148209012911,-2.040962983441699,-3.684086592664084,2.4037622292824894,48,wrist_extension,48,1.0,False
grabmyo-S014-D3-wrist_extension-T06,grabmyo-S014-D3-wrist_extension-T06,14,3,11,6,train,wrist_extension,-4.854819870924647,-1.5751526787755872,-2.500645574430083,1.6981247187809114,48,wrist_extension,48,1.0,False
grabmyo-S014-D3-wrist_extension-T07,grabmyo-S014-D3-wrist_extension-T07,14,3,11,7,train,wrist_extension,-5.6604017358392325,-1.8265337165958788,-3.6708778602393894,1.899818935788356,48,wrist_extension,48,1.0,False
grabmyo-S014-D3-wrist_flexion-T01,grabmyo-S014-D3-wrist_flexion-T01,14,3,12,1,train,wrist_flexion,-4.271416264254318,-3.0619653458100653,3.216028177160124,-2.0771084263551622,48,wrist_flexion,48,1.0,False
grabmyo-S014-D3-wrist_flexion-T02,grabmyo-S014-D3-wrist_flexion-T02,14,3,12,2,train,wrist_flexion,-4.507979117207583,-3.472987406095417,3.9312679628752334,-1.65892400689424,48,wrist_flexion,48,1.0,False
grabmyo-S014-D3-wrist_flexion-T03,grabmyo-S014-D3-wrist_flexion-T03,14,3,12,3,train,wrist_flexion,-4.743780365930938,-3.7555966602992936,4.355853241235494,-1.997443710575426,48,wrist_flexion,48,1.0,False
grabmyo-S014-D3-wrist_flexion-T04,grabmyo-S014-D3-wrist_flexion-T04,14,3,12,4,train,wrist_flexion,-2.8730752920789993,-2.739625243488961,2.422880846392014,-1.7227335525915528,48,wrist_flexion,48,1.0,False
grabmyo-S014-D3-wrist_flexion-T05,grabmyo-S014-D3-wrist_flexion-T05,14,3,12,5,train,wrist_flexion,-2.088132777571052,-2.4065273696823133,1.7830718774031735,-1.2595099652422188,48,wrist_flexion,48,1.0,False
grabmyo-S014-D3-wrist_flexion-T06,grabmyo-S014-D3-wrist_flexion-T06,14,3,12,6,train,wrist_flexion,-2.6396453112029303,-2.6724716282484398,2.276483725324409,-1.3588278852769884,48,wrist_flexion,48,1.0,False
grabmyo-S014-D3-wrist_flexion-T07,grabmyo-S014-D3-wrist_flexion-T07,14,3,12,7,train,wrist_flexion,-3.4553669155426316,-1.9652728763963958,1.9992681256348865,-2.264567209545767,48,wrist_flexion,48,1.0,False
grabmyo-S014-D3-hand_close-T01,grabmyo-S014-D3-hand_close-T01,14,3,16,1,train,hand_close,-2.4938474595780904,0.15820084493362982,-0.17355420222450388,-3.054429887366984,48,hand_close,48,1.0,False
grabmyo-S014-D3-hand_close-T02,grabmyo-S014-D3-hand_close-T02,14,3,16,2,train,hand_close,-2.770615906022757,0.02934397970615718,0.08343917212473327,-2.8043869649319753,48,wrist_flexion,48,1.0,False
grabmyo-S014-D3-hand_close-T03,grabmyo-S014-D3-hand_close-T03,14,3,16,3,train,hand_close,-1.625038946909809,0.3523315998337481,-1.3594543025534322,-2.452273000126051,48,hand_close,48,1.0,False
grabmyo-S014-D3-hand_close-T04,grabmyo-S014-D3-hand_close-T04,14,3,16,4,train,hand_close,-2.6378271733962104,-0.23467672861134103,0.17229633182639215,-2.6988818166499056,48,wrist_flexion,48,1.0,False
grabmyo-S014-D3-hand_close-T05,grabmyo-S014-D3-hand_close-T05,14,3,16,5,train,hand_close,-2.0432941752872384,0.2564357542472482,-0.5143473968413685,-2.278026472319501,48,hand_close,48,1.0,False
grabmyo-S014-D3-hand_close-T06,grabmyo-S014-D3-hand_close-T06,14,3,16,6,train,hand_close,-2.006207232569556,0.12050367087201419,-0.40877838362544877,-2.4283861754601164,48,hand_close,48,1.0,False
grabmyo-S014-D3-hand_close-T07,grabmyo-S014-D3-hand_close-T07,14,3,16,7,train,hand_close,-2.4821472009822845,-1.0445020141021766,0.8378237585624935,-2.3114574845639657,48,wrist_flexion,48,1.0,False
grabmyo-S014-D3-rest-T01,grabmyo-S014-D3-rest-T01,14,3,17,1,train,rest,1.068796583865128,-1.5684944768842224,-1.2813194391021394,-1.1385878597756351,48,rest,48,1.0,False
grabmyo-S014-D3-rest-T02,grabmyo-S014-D3-rest-T02,14,3,17,2,train,rest,1.0252016505011576,-1.5069192961444744,-1.064002319429024,-1.190632664097088,48,rest,48,1.0,False
grabmyo-S014-D3-rest-T03,grabmyo-S014-D3-rest-T03,14,3,17,3,train,rest,1.1361469297953952,-1.1870554317210276,-1.298319141253161,-1.3703102610767075,48,rest,48,1.0,False
grabmyo-S014-D3-rest-T04,grabmyo-S014-D3-rest-T04,14,3,17,4,train,rest,0.6128549723523061,-0.8991342057398684,-0.9535234264480531,-1.2475555741048363,48,rest,48,1.0,False
grabmyo-S014-D3-rest-T05,grabmyo-S014-D3-rest-T05,14,3,17,5,train,rest,0.7358345961998034,-1.656680959739118,-0.8665013477848653,-0.9481066203347513,48,rest,48,1.0,False
grabmyo-S014-D3-rest-T06,grabmyo-S014-D3-rest-T06,14,3,17,6,train,rest,-0.01182543381190466,-0.9309497975484112,-0.8686165838263875,-0.8983973041856016,48,rest,48,1.0,False
grabmyo-S014-D3-rest-T07,grabmyo-S014-D3-rest-T07,14,3,17,7,train,rest,0.7784597618682222,-1.5398424951781857,-1.1475735594868979,-0.9802308666294816,48,rest,48,1.0,False
grabmyo-S015-D3-wrist_extension-T01,grabmyo-S015-D3-wrist_extension-T01,15,3,11,1,train,wrist_extension,-15.666114378900396,-16.460246561453836,-15.373575846157033,5.065754132571977,48,wrist_extension,48,1.0,False
grabmyo-S015-D3-wrist_extension-T02,grabmyo-S015-D3-wrist_extension-T02,15,3,11,2,train,wrist_extension,-12.349835445841007,-7.981752795923609,-9.528170169091553,5.093078068831613,48,wrist_extension,48,1.0,False
grabmyo-S015-D3-wrist_extension-T03,grabmyo-S015-D3-wrist_extension-T03,15,3,11,3,train,wrist_extension,-10.098258702392913,-6.668736550241504,-8.760523544545055,3.9509342560610428,48,wrist_extension,48,1.0,False
grabmyo-S015-D3-wrist_extension-T04,grabmyo-S015-D3-wrist_extension-T04,15,3,11,4,train,wrist_extension,-11.395449258163785,-6.6211742349085645,-9.232489471239589,4.461557819470799,48,wrist_extension,48,1.0,False
grabmyo-S015-D3-wrist_extension-T05,grabmyo-S015-D3-wrist_extension-T05,15,3,11,5,train,wrist_extension,-10.697656775991305,-6.745933197279587,-8.077820015667323,4.033214711125205,48,wrist_extension,48,1.0,False
grabmyo-S015-D3-wrist_extension-T06,grabmyo-S015-D3-wrist_extension-T06,15,3,11,6,train,wrist_extension,-10.460302810403784,-6.564061810883042,-8.67648807683195,4.023124825002251,48,wrist_extension,48,1.0,False
grabmyo-S015-D3-wrist_extension-T07,grabmyo-S015-D3-wrist_extension-T07,15,3,11,7,train,wrist_extension,-11.90853939078608,-8.08332562129072,-10.524855226753385,4.735999966206453,48,wrist_extension,48,1.0,False
grabmyo-S015-D3-wrist_flexion-T01,grabmyo-S015-D3-wrist_flexion-T01,15,3,12,1,train,wrist_flexion,-1.7220539502686938,-1.819036163015012,0.7961628155396266,-1.1477459504523282,48,wrist_flexion,48,1.0,False
grabmyo-S015-D3-wrist_flexion-T02,grabmyo-S015-D3-wrist_flexion-T02,15,3,12,2,train,wrist_flexion,-2.305930637923302,-1.8064163619045777,1.1206980107603977,-1.0714528464973576,48,wrist_flexion,48,1.0,False
grabmyo-S015-D3-wrist_flexion-T03,grabmyo-S015-D3-wrist_flexion-T03,15,3,12,3,train,wrist_flexion,-2.5936462750698657,-2.533655271976996,1.5846112503581142,-1.0816322871816328,48,wrist_flexion,48,1.0,False
grabmyo-S015-D3-wrist_flexion-T04,grabmyo-S015-D3-wrist_flexion-T04,15,3,12,4,train,wrist_flexion,-1.518248795170187,-1.6068666984986437,0.5364914709812881,-0.8989390091957259,48,wrist_flexion,48,1.0,False
grabmyo-S015-D3-wrist_flexion-T05,grabmyo-S015-D3-wrist_flexion-T05,15,3,12,5,train,wrist_flexion,-1.9120988595579014,-2.1277718164018173,0.9133659611481736,-0.9735195591678352,48,wrist_flexion,48,1.0,False
grabmyo-S015-D3-wrist_flexion-T06,grabmyo-S015-D3-wrist_flexion-T06,15,3,12,6,train,wrist_flexion,-1.276581828611901,-1.5094420582028334,0.6395733987467085,-1.2058115782501662,48,wrist_flexion,48,1.0,False
grabmyo-S015-D3-wrist_flexion-T07,grabmyo-S015-D3-wrist_flexion-T07,15,3,12,7,train,wrist_flexion,-1.203695378033387,-1.838761991999777,0.7830124160549424,-1.318909846524926,48,wrist_flexion,48,1.0,False
grabmyo-S015-D3-hand_close-T01,grabmyo-S015-D3-hand_close-T01,15,3,16,1,train,hand_close,-4.158681089185346,0.5349669434559222,-1.0696641054003477,-1.2668032936841644,48,hand_close,48,1.0,False
grabmyo-S015-D3-hand_close-T02,grabmyo-S015-D3-hand_close-T02,15,3,16,2,train,hand_close,-1.0670134415702928,-0.08280194075639567,-0.9409614246661077,-1.6317759681778845,48,hand_close,48,1.0,False
grabmyo-S015-D3-hand_close-T03,grabmyo-S015-D3-hand_close-T03,15,3,16,3,train,hand_close,-1.1115872437092846,-0.32440303029765644,-0.948751372196411,-1.5598667997014914,48,hand_close,48,1.0,False
grabmyo-S015-D3-hand_close-T04,grabmyo-S015-D3-hand_close-T04,15,3,16,4,train,hand_close,0.1336981086808724,-1.2057492142446622,-1.016298993105175,-0.7729610423266194,48,rest,48,1.0,False
grabmyo-S015-D3-hand_close-T05,grabmyo-S015-D3-hand_close-T05,15,3,16,5,train,hand_close,-1.399573307919751,-0.2899976818713745,-0.8385279705243147,-1.3378746629248328,48,hand_close,48,1.0,False
grabmyo-S015-D3-hand_close-T06,grabmyo-S015-D3-hand_close-T06,15,3,16,6,train,hand_close,-0.12549311009042038,-0.17413074763044822,-1.145031755022355,-1.5109212291732532,48,rest,48,1.0,False
grabmyo-S015-D3-hand_close-T07,grabmyo-S015-D3-hand_close-T07,15,3,16,7,train,hand_close,-2.73559141763606,0.210560405307723,-1.28923584837005,-1.556051750123005,48,hand_close,48,1.0,False
grabmyo-S015-D3-rest-T01,grabmyo-S015-D3-rest-T01,15,3,17,1,train,rest,1.4173131521217173,-1.310994169249964,-1.4364242261074203,-1.2036712898409447,48,rest,48,1.0,False
grabmyo-S015-D3-rest-T02,grabmyo-S015-D3-rest-T02,15,3,17,2,train,rest,1.3604680272732148,-1.1887931218745755,-1.2782436698996475,-1.3145580892907947,48,rest,48,1.0,False
grabmyo-S015-D3-rest-T03,grabmyo-S015-D3-rest-T03,15,3,17,3,train,rest,1.2034038610896127,-1.1683002951849708,-1.2636461477991265,-1.120114444322382,48,rest,48,1.0,False
grabmyo-S015-D3-rest-T04,grabmyo-S015-D3-rest-T04,15,3,17,4,train,rest,1.4774993663891178,-0.7524690743618806,-1.8668190457154645,-1.1455154826253702,48,rest,48,1.0,False
grabmyo-S015-D3-rest-T05,grabmyo-S015-D3-rest-T05,15,3,17,5,train,rest,1.0051689362626854,-1.4404760744991438,-1.2251702811717773,-1.1942596906197533,48,rest,48,1.0,False
grabmyo-S015-D3-rest-T06,grabmyo-S015-D3-rest-T06,15,3,17,6,train,rest,1.104541847246298,-1.067224381459403,-1.4064632977167744,-1.0821312004033425,48,rest,48,1.0,False
grabmyo-S015-D3-rest-T07,grabmyo-S015-D3-rest-T07,15,3,17,7,train,rest,1.1526171749258107,-1.0791521519441456,-1.531944313528263,-1.0627039101766227,48,rest,48,1.0,False
grabmyo-S016-D3-wrist_extension-T01,grabmyo-S016-D3-wrist_extension-T01,16,3,11,1,train,wrist_extension,-6.5725843810813585,-2.68138431047536,-2.6416321692747626,2.7101229338185893,48,wrist_extension,48,1.0,False
grabmyo-S016-D3-wrist_extension-T02,grabmyo-S016-D3-wrist_extension-T02,16,3,11,2,train,wrist_extension,-5.776466435712674,-3.117063808465184,-3.526841209932004,2.715622493827531,48,wrist_extension,48,1.0,False
grabmyo-S016-D3-wrist_extension-T03,grabmyo-S016-D3-wrist_extension-T03,16,3,11,3,train,wrist_extension,-7.192811396504548,-3.50151249726108,-3.8399292558893254,3.0971683827822254,48,wrist_extension,48,1.0,False
grabmyo-S016-D3-wrist_extension-T04,grabmyo-S016-D3-wrist_extension-T04,16,3,11,4,train,wrist_extension,-5.238187204706123,-2.2240974384757544,-2.024549417781778,2.459698474545057,48,wrist_extension,48,1.0,False
grabmyo-S016-D3-wrist_extension-T05,grabmyo-S016-D3-wrist_extension-T05,16,3,11,5,train,wrist_extension,-5.451433139070424,-2.529003908109649,-2.7861831838508313,2.9738294097151012,48,wrist_extension,48,1.0,False
grabmyo-S016-D3-wrist_extension-T06,grabmyo-S016-D3-wrist_extension-T06,16,3,11,6,train,wrist_extension,-7.380987569856348,-3.272872864766423,-4.426659572647085,3.277546608827611,48,wrist_extension,48,1.0,False
grabmyo-S016-D3-wrist_extension-T07,grabmyo-S016-D3-wrist_extension-T07,16,3,11,7,train,wrist_extension,-7.076747046213558,-3.3419602577680165,-4.450515629771151,3.231531895238867,48,wrist_extension,48,1.0,False
grabmyo-S016-D3-wrist_flexion-T01,grabmyo-S016-D3-wrist_flexion-T01,16,3,12,1,train,wrist_flexion,-3.2254357138523297,-1.5897780416559215,1.954475439388912,-2.0759733864606544,48,wrist_flexion,48,1.0,False
grabmyo-S016-D3-wrist_flexion-T02,grabmyo-S016-D3-wrist_flexion-T02,16,3,12,2,train,wrist_flexion,-3.746738441246601,-1.4557346899189039,2.080167595605022,-2.2877045441387143,48,wrist_flexion,48,1.0,False
grabmyo-S016-D3-wrist_flexion-T03,grabmyo-S016-D3-wrist_flexion-T03,16,3,12,3,train,wrist_flexion,-1.5928921399243274,-1.6047736737228908,1.1123339885583818,-1.7314998089045346,48,wrist_flexion,48,1.0,False
grabmyo-S016-D3-wrist_flexion-T04,grabmyo-S016-D3-wrist_flexion-T04,16,3,12,4,train,wrist_flexion,-2.378138301302338,-1.6813439619802857,1.538059336521112,-1.8522171463859758,48,wrist_flexion,48,1.0,False
grabmyo-S016-D3-wrist_flexion-T05,grabmyo-S016-D3-wrist_flexion-T05,16,3,12,5,train,wrist_flexion,-3.277810045432172,-2.6695294070944318,2.8753378305765103,-1.9699771982146033,48,wrist_flexion,48,1.0,False
grabmyo-S016-D3-wrist_flexion-T06,grabmyo-S016-D3-wrist_flexion-T06,16,3,12,6,train,wrist_flexion,-2.5062718391668977,-2.1484108539753843,2.3028488143109556,-1.8979984449669072,48,wrist_flexion,48,1.0,False
grabmyo-S016-D3-wrist_flexion-T07,grabmyo-S016-D3-wrist_flexion-T07,16,3,12,7,train,wrist_flexion,-3.8742452629155815,-2.8886317430031667,3.528150315655972,-2.1815226517639164,48,wrist_flexion,48,1.0,False
grabmyo-S016-D3-hand_close-T01,grabmyo-S016-D3-hand_close-T01,16,3,16,1,train,hand_close,-3.2152722643153457,1.1975415169154633,-0.871012914937082,-3.38888157506909,48,hand_close,48,1.0,False
grabmyo-S016-D3-hand_close-T02,grabmyo-S016-D3-hand_close-T02,16,3,16,2,train,hand_close,-3.4915133868254347,1.041593322745106,-0.6393119231428402,-3.5229390415330575,48,hand_close,48,1.0,False
grabmyo-S016-D3-hand_close-T03,grabmyo-S016-D3-hand_close-T03,16,3,16,3,train,hand_close,-2.457315395109156,0.6004502167081637,-0.6515545041393546,-2.7666975814146646,48,hand_close,48,1.0,False
grabmyo-S016-D3-hand_close-T04,grabmyo-S016-D3-hand_close-T04,16,3,16,4,train,hand_close,-2.642203898483958,0.9236189427653122,-1.1523674874451793,-2.675523653840131,48,hand_close,48,1.0,False
grabmyo-S016-D3-hand_close-T05,grabmyo-S016-D3-hand_close-T05,16,3,16,5,train,hand_close,-2.540044995879476,0.6738613091908006,-0.8077172086023766,-2.775966782890167,48,hand_close,48,1.0,False
grabmyo-S016-D3-hand_close-T06,grabmyo-S016-D3-hand_close-T06,16,3,16,6,train,hand_close,-2.0849775981606076,0.6500708556869451,-1.06083467272302,-2.720152299798004,48,hand_close,48,1.0,False
grabmyo-S016-D3-hand_close-T07,grabmyo-S016-D3-hand_close-T07,16,3,16,7,train,hand_close,-2.4747812766219823,0.33145179080550496,-0.8946451089934161,-2.3055467382114574,48,hand_close,48,1.0,False
grabmyo-S016-D3-rest-T01,grabmyo-S016-D3-rest-T01,16,3,17,1,train,rest,0.6589981590450115,-0.8039578992530486,-1.2100097374784626,-1.206599143522208,48,rest,48,1.0,False
grabmyo-S016-D3-rest-T02,grabmyo-S016-D3-rest-T02,16,3,17,2,train,rest,0.985185616946604,-1.7078491033013818,-1.0032897492581785,-1.1993884383967304,48,rest,48,1.0,False
grabmyo-S016-D3-rest-T03,grabmyo-S016-D3-rest-T03,16,3,17,3,train,rest,1.1390070152394027,-1.4311864280793605,-1.2397221263830094,-1.054346028343565,48,rest,48,1.0,False
grabmyo-S016-D3-rest-T04,grabmyo-S016-D3-rest-T04,16,3,17,4,train,rest,0.9530250558006044,-1.0192739730552363,-1.2596321016762513,-1.2526338117071039,48,rest,48,1.0,False
grabmyo-S016-D3-rest-T05,grabmyo-S016-D3-rest-T05,16,3,17,5,train,rest,0.8899102958440688,-1.0702903886667479,-1.3884452773871405,-1.2330089602484817,48,rest,48,1.0,False
grabmyo-S016-D3-rest-T06,grabmyo-S016-D3-rest-T06,16,3,17,6,train,rest,1.1748858030189284,-1.9978812120496778,-1.257834240175905,-1.0754800119258536,48,rest,48,1.0,False
grabmyo-S016-D3-rest-T07,grabmyo-S016-D3-rest-T07,16,3,17,7,train,rest,1.013547317508394,-1.0826456602476278,-1.537611892331075,-1.346668984140882,48,rest,48,1.0,False
grabmyo-S017-D3-wrist_extension-T01,grabmyo-S017-D3-wrist_extension-T01,17,3,11,1,train,wrist_extension,-2.7344234886351706,-1.1922523945968049,-3.484103371227379,1.351295544201322,48,wrist_extension,48,1.0,False
grabmyo-S017-D3-wrist_extension-T02,grabmyo-S017-D3-wrist_extension-T02,17,3,11,2,train,wrist_extension,-3.2554812769879944,-1.6937415319976399,-3.5008078317918923,1.7670107651531397,48,wrist_extension,48,1.0,False
grabmyo-S017-D3-wrist_extension-T03,grabmyo-S017-D3-wrist_extension-T03,17,3,11,3,train,wrist_extension,-4.0410959771443595,-1.9666724173779289,-3.2796511902456817,2.1149635122711365,48,wrist_extension,48,1.0,False
grabmyo-S017-D3-wrist_extension-T04,grabmyo-S017-D3-wrist_extension-T04,17,3,11,4,train,wrist_extension,-2.2664076048006443,-1.348245624603661,-3.259542416223216,1.3810655373194856,48,wrist_extension,48,1.0,False
grabmyo-S017-D3-wrist_extension-T05,grabmyo-S017-D3-wrist_extension-T05,17,3,11,5,train,wrist_extension,-3.016601199422276,-1.475454789228472,-3.449645912088327,1.589150786101241,48,wrist_extension,48,1.0,False
grabmyo-S017-D3-wrist_extension-T06,grabmyo-S017-D3-wrist_extension-T06,17,3,11,6,train,wrist_extension,-2.787995915054075,-1.3934584828324237,-3.1522719073709555,1.5893931540779347,48,wrist_extension,48,1.0,False
grabmyo-S017-D3-wrist_extension-T07,grabmyo-S017-D3-wrist_extension-T07,17,3,11,7,train,wrist_extension,-2.9931736636670596,-1.4389811660225515,-3.749748829789826,1.632205084554658,48,wrist_extension,48,1.0,False
grabmyo-S017-D3-wrist_flexion-T01,grabmyo-S017-D3-wrist_flexion-T01,17,3,12,1,train,wrist_flexion,-0.9910547613797472,-1.063613998149585,0.2626055563205028,-1.4835548648038597,48,wrist_flexion,48,1.0,False
grabmyo-S017-D3-wrist_flexion-T02,grabmyo-S017-D3-wrist_flexion-T02,17,3,12,2,train,wrist_flexion,-0.6709229421732078,-0.7775430213139378,-0.12540872105383216,-1.515974981759386,48,wrist_flexion,48,1.0,False
grabmyo-S017-D3-wrist_flexion-T03,grabmyo-S017-D3-wrist_flexion-T03,17,3,12,3,train,wrist_flexion,-0.4513877628537184,-1.2663434271977825,0.1956404990054198,-1.3284648178834677,48,wrist_flexion,48,1.0,False
grabmyo-S017-D3-wrist_flexion-T04,grabmyo-S017-D3-wrist_flexion-T04,17,3,12,4,train,wrist_flexion,-0.7938512481086916,-0.8131308550948463,0.08433753253906502,-1.4168629225139158,48,wrist_flexion,48,1.0,False
grabmyo-S017-D3-wrist_flexion-T05,grabmyo-S017-D3-wrist_flexion-T05,17,3,12,5,train,wrist_flexion,-1.0687928276170973,0.3424210633000479,-0.7296040924262829,-1.444471817582884,48,hand_close,48,1.0,False
grabmyo-S017-D3-wrist_flexion-T06,grabmyo-S017-D3-wrist_flexion-T06,17,3,12,6,train,wrist_flexion,-0.5216235526045208,-0.7779502235011707,0.07993851341397878,-1.4418892274814226,48,wrist_flexion,48,1.0,False
grabmyo-S017-D3-wrist_flexion-T07,grabmyo-S017-D3-wrist_flexion-T07,17,3,12,7,train,wrist_flexion,-1.5897017841701668,0.6117910135624783,-0.9485842145517037,-1.7081521898403567,48,hand_close,48,1.0,False
grabmyo-S017-D3-hand_close-T01,grabmyo-S017-D3-hand_close-T01,17,3,16,1,train,hand_close,-9.91974203178056,5.786386269200249,-3.7855226923625813,-6.464903439192626,48,hand_close,48,1.0,False
grabmyo-S017-D3-hand_close-T02,grabmyo-S017-D3-hand_close-T02,17,3,16,2,train,hand_close,-5.593893579021246,3.431220988523241,-2.657454956805451,-4.51529401125907,48,hand_close,48,1.0,False
grabmyo-S017-D3-hand_close-T03,grabmyo-S017-D3-hand_close-T03,17,3,16,3,train,hand_close,-7.279464258778663,4.2504264390263575,-2.979712964152496,-5.154462857880953,48,hand_close,48,1.0,False
grabmyo-S017-D3-hand_close-T04,grabmyo-S017-D3-hand_close-T04,17,3,16,4,train,hand_close,-8.11594920851943,4.978467281036777,-3.554606505865152,-5.589461333857696,48,hand_close,48,1.0,False
grabmyo-S017-D3-hand_close-T05,grabmyo-S017-D3-hand_close-T05,17,3,16,5,train,hand_close,-6.94583940722961,3.8574895166632817,-2.799032476812066,-5.057798721567223,48,hand_close,48,1.0,False
grabmyo-S017-D3-hand_close-T06,grabmyo-S017-D3-hand_close-T06,17,3,16,6,train,hand_close,-6.758554488658784,3.8340771754019305,-2.7140632045131476,-5.026557679988166,48,hand_close,48,1.0,False
grabmyo-S017-D3-hand_close-T07,grabmyo-S017-D3-hand_close-T07,17,3,16,7,train,hand_close,-8.59569017524776,4.8245063711583045,-3.1037611972130787,-6.259111801013226,48,hand_close,48,1.0,False
grabmyo-S017-D3-rest-T01,grabmyo-S017-D3-rest-T01,17,3,17,1,train,rest,1.1183603884682647,-0.6265168292948916,-1.603804885374583,-1.1103920902157385,48,rest,48,1.0,False
grabmyo-S017-D3-rest-T02,grabmyo-S017-D3-rest-T02,17,3,17,2,train,rest,1.2477646324748417,-1.0198725343520412,-1.5511188528472377,-1.1080285931953786,48,rest,48,1.0,False
grabmyo-S017-D3-rest-T03,grabmyo-S017-D3-rest-T03,17,3,17,3,train,rest,1.32348296135246,-0.8489562160150149,-1.5803486014963835,-0.9254948931656446,48,rest,48,1.0,False
grabmyo-S017-D3-rest-T04,grabmyo-S017-D3-rest-T04,17,3,17,4,train,rest,1.2030160623507917,-1.0944982438058124,-1.388872780223572,-1.0409363795280135,48,rest,48,1.0,False
grabmyo-S017-D3-rest-T05,grabmyo-S017-D3-rest-T05,17,3,17,5,train,rest,1.037066436877017,-1.0156891257919296,-1.320719713383131,-1.01946276072781,48,rest,48,1.0,False
grabmyo-S017-D3-rest-T06,grabmyo-S017-D3-rest-T06,17,3,17,6,train,rest,1.1959306348916068,-0.9943408584807809,-1.3180081768088858,-1.049888468634445,48,rest,48,1.0,False
grabmyo-S017-D3-rest-T07,grabmyo-S017-D3-rest-T07,17,3,17,7,train,rest,1.1483530221852405,-1.3702407277589357,-1.108953030169375,-1.094684454663263,48,rest,48,1.0,False
grabmyo-S018-D3-wrist_extension-T01,grabmyo-S018-D3-wrist_extension-T01,18,3,11,1,train,wrist_extension,-20.162113135710687,-18.778462520742448,-30.855931861169182,3.6424359737421366,48,wrist_extension,48,1.0,False
grabmyo-S018-D3-wrist_extension-T02,grabmyo-S018-D3-wrist_extension-T02,18,3,11,2,train,wrist_extension,-14.394651250652506,-6.82531203335072,-11.159065181708813,2.6840692521134155,48,wrist_extension,48,1.0,False
grabmyo-S018-D3-wrist_extension-T03,grabmyo-S018-D3-wrist_extension-T03,18,3,11,3,train,wrist_extension,-8.745232169210677,-3.7164905828196493,-5.963734815732118,1.4750279924905125,48,wrist_extension,48,1.0,False
grabmyo-S018-D3-wrist_extension-T04,grabmyo-S018-D3-wrist_extension-T04,18,3,11,4,train,wrist_extension,-12.483960181563516,-9.166449939092757,-15.444067475687111,2.444289370639201,48,wrist_extension,48,1.0,False
grabmyo-S018-D3-wrist_extension-T05,grabmyo-S018-D3-wrist_extension-T05,18,3,11,5,train,wrist_extension,-11.556916684994933,-5.663674332258086,-9.375193936553844,2.366287773903335,48,wrist_extension,48,1.0,False
grabmyo-S018-D3-wrist_extension-T06,grabmyo-S018-D3-wrist_extension-T06,18,3,11,6,train,wrist_extension,-13.311882828420886,-8.671578575936936,-13.198449232006444,2.703139509293944,48,wrist_extension,48,1.0,False
grabmyo-S018-D3-wrist_extension-T07,grabmyo-S018-D3-wrist_extension-T07,18,3,11,7,train,wrist_extension,-11.794650334518735,-5.9784970828139175,-9.532947760871677,2.317850883201013,48,wrist_extension,48,1.0,False
grabmyo-S018-D3-wrist_flexion-T01,grabmyo-S018-D3-wrist_flexion-T01,18,3,12,1,train,wrist_flexion,-4.69204875094601,-4.5224924359165035,4.282653789657309,-4.748675228145328,48,wrist_flexion,48,1.0,False
grabmyo-S018-D3-wrist_flexion-T02,grabmyo-S018-D3-wrist_flexion-T02,18,3,12,2,train,wrist_flexion,-4.6231566546485725,-4.207425555172487,4.047165028874695,-4.220942828528976,48,wrist_flexion,48,1.0,False
grabmyo-S018-D3-wrist_flexion-T03,grabmyo-S018-D3-wrist_flexion-T03,18,3,12,3,train,wrist_flexion,-3.480878846501471,-3.9409599758496996,3.5632592493932678,-3.484722922728149,48,wrist_flexion,48,1.0,False
grabmyo-S018-D3-wrist_flexion-T04,grabmyo-S018-D3-wrist_flexion-T04,18,3,12,4,train,wrist_flexion,-3.667734882204673,-4.185868052052064,3.7194887624883233,-4.1517531690175735,48,wrist_flexion,48,1.0,False
grabmyo-S018-D3-wrist_flexion-T05,grabmyo-S018-D3-wrist_flexion-T05,18,3,12,5,train,wrist_flexion,-4.999945087816646,-4.484376509367576,3.986978905745291,-4.590725352481219,48,wrist_flexion,48,1.0,False
grabmyo-S018-D3-wrist_flexion-T06,grabmyo-S018-D3-wrist_flexion-T06,18,3,12,6,train,wrist_flexion,-3.877454397206945,-4.249783761541283,4.240633348501231,-4.263261206044498,48,wrist_flexion,48,1.0,False
grabmyo-S018-D3-wrist_flexion-T07,grabmyo-S018-D3-wrist_flexion-T07,18,3,12,7,train,wrist_flexion,-3.0762655379656874,-4.2396236991595435,3.9812019640897147,-3.5989841032924446,48,wrist_flexion,48,1.0,False
grabmyo-S018-D3-hand_close-T01,grabmyo-S018-D3-hand_close-T01,18,3,16,1,train,hand_close,-7.45924475205999,6.82736417174792,-4.225857061951284,-5.779583854004272,48,hand_close,48,1.0,False
grabmyo-S018-D3-hand_close-T02,grabmyo-S018-D3-hand_close-T02,18,3,16,2,train,hand_close,-12.553059294537666,8.242470356899112,-6.280099756653523,-9.428746473183418,48,hand_close,48,1.0,False
grabmyo-S018-D3-hand_close-T03,grabmyo-S018-D3-hand_close-T03,18,3,16,3,train,hand_close,-5.93633002635696,4.298206281013525,-3.2289394313459314,-5.209951940143408,48,hand_close,48,1.0,False
grabmyo-S018-D3-hand_close-T04,grabmyo-S018-D3-hand_close-T04,18,3,16,4,train,hand_close,-6.123423399214762,4.712237107415587,-3.5301978083055836,-5.748949470766828,48,hand_close,48,1.0,False
grabmyo-S018-D3-hand_close-T05,grabmyo-S018-D3-hand_close-T05,18,3,16,5,train,hand_close,-9.556767109306938,6.946963023239729,-4.744578837720655,-7.161469333538149,48,hand_close,48,1.0,False
grabmyo-S018-D3-hand_close-T06,grabmyo-S018-D3-hand_close-T06,18,3,16,6,train,hand_close,-10.022519020029167,8.1587458845737,-6.468875532723639,-9.053016982512988,48,hand_close,48,1.0,False
grabmyo-S018-D3-hand_close-T07,grabmyo-S018-D3-hand_close-T07,18,3,16,7,train,hand_close,-8.444615713838003,6.0087765121919885,-3.691491975107389,-5.89909521695298,48,hand_close,48,1.0,False
grabmyo-S018-D3-rest-T01,grabmyo-S018-D3-rest-T01,18,3,17,1,train,rest,0.8367026097058319,-1.537951252706434,-0.8053443032297642,-1.104873881961862,48,rest,48,1.0,False
grabmyo-S018-D3-rest-T02,grabmyo-S018-D3-rest-T02,18,3,17,2,train,rest,0.8240663217868325,-1.444101511260877,-0.5283735964593894,-1.6501589183326717,48,rest,48,1.0,False
grabmyo-S018-D3-rest-T03,grabmyo-S018-D3-rest-T03,18,3,17,3,train,rest,0.9193566580016171,-1.345911882411549,-1.0428834372138205,-1.4766595661538726,48,rest,48,1.0,False
grabmyo-S018-D3-rest-T04,grabmyo-S018-D3-rest-T04,18,3,17,4,train,rest,0.826852552256187,-1.0228674806973883,-0.9919306829886531,-1.3051475311620053,48,rest,48,1.0,False
grabmyo-S018-D3-rest-T05,grabmyo-S018-D3-rest-T05,18,3,17,5,train,rest,1.028337205413435,-1.185999531853482,-1.3178154683547694,-1.4772470063337195,48,rest,48,1.0,False
grabmyo-S018-D3-rest-T06,grabmyo-S018-D3-rest-T06,18,3,17,6,train,rest,0.9257936957816,-1.5519228858489338,-0.7479507265234955,-1.663298882746728,48,rest,48,1.0,False
grabmyo-S018-D3-rest-T07,grabmyo-S018-D3-rest-T07,18,3,17,7,train,rest,1.2020136899150744,-1.5508514632463957,-1.4182735057424134,-1.4088544980635305,48,rest,48,1.0,False
grabmyo-S019-D3-wrist_extension-T01,grabmyo-S019-D3-wrist_extension-T01,19,3,11,1,train,wrist_extension,-7.996145274451294,-1.7790778430199954,-5.686938361906257,2.3076672758129706,48,wrist_extension,48,1.0,False
grabmyo-S019-D3-wrist_extension-T02,grabmyo-S019-D3-wrist_extension-T02,19,3,11,2,train,wrist_extension,-6.487617545535549,-1.6611989304517236,-5.074526565993307,2.329214693798157,48,wrist_extension,48,1.0,False
grabmyo-S019-D3-wrist_extension-T03,grabmyo-S019-D3-wrist_extension-T03,19,3,11,3,train,wrist_extension,-8.805900492190341,-2.594826614123869,-7.926787660278888,2.2077086116389038,48,wrist_extension,48,1.0,False
grabmyo-S019-D3-wrist_extension-T04,grabmyo-S019-D3-wrist_extension-T04,19,3,11,4,train,wrist_extension,-6.490764801767946,-1.0157654789570356,-3.5840407466353805,1.6399418010788913,48,wrist_extension,48,1.0,False
grabmyo-S019-D3-wrist_extension-T05,grabmyo-S019-D3-wrist_extension-T05,19,3,11,5,train,wrist_extension,-7.1529206983637605,-1.7849178402310475,-4.626590952159953,2.157342358171633,48,wrist_extension,48,1.0,False
grabmyo-S019-D3-wrist_extension-T06,grabmyo-S019-D3-wrist_extension-T06,19,3,11,6,train,wrist_extension,-5.402750325070261,-1.2146739643434568,-3.02491094196122,1.949973951174676,48,wrist_extension,48,1.0,False
grabmyo-S019-D3-wrist_extension-T07,grabmyo-S019-D3-wrist_extension-T07,19,3,11,7,train,wrist_extension,-5.924812028774663,-1.3604930170233713,-3.621403905754397,1.9262551099684748,48,wrist_extension,48,1.0,False
grabmyo-S019-D3-wrist_flexion-T01,grabmyo-S019-D3-wrist_flexion-T01,19,3,12,1,train,wrist_flexion,-4.620502336387969,-2.179349279881689,2.844462931615288,-1.6248630062524543,48,wrist_flexion,48,1.0,False
grabmyo-S019-D3-wrist_flexion-T02,grabmyo-S019-D3-wrist_flexion-T02,19,3,12,2,train,wrist_flexion,-3.1610742063588013,-2.7545670287811195,2.4750272241005935,-1.084558537879758,48,wrist_flexion,48,1.0,False
grabmyo-S019-D3-wrist_flexion-T03,grabmyo-S019-D3-wrist_flexion-T03,19,3,12,3,train,wrist_flexion,-3.241801525738095,-2.2909422972728195,2.3508259346900826,-1.4359380369247903,48,wrist_flexion,48,1.0,False
grabmyo-S019-D3-wrist_flexion-T04,grabmyo-S019-D3-wrist_flexion-T04,19,3,12,4,train,wrist_flexion,-3.1532929309268822,-1.9967170131610754,1.633891141506829,-0.8152967827490466,48,wrist_flexion,48,1.0,False
grabmyo-S019-D3-wrist_flexion-T05,grabmyo-S019-D3-wrist_flexion-T05,19,3,12,5,train,wrist_flexion,-3.5442178085033755,-2.7585556105458227,3.003651854149613,-1.5440656112411266,48,wrist_flexion,48,1.0,False
grabmyo-S019-D3-wrist_flexion-T06,grabmyo-S019-D3-wrist_flexion-T06,19,3,12,6,train,wrist_flexion,-3.6768882183142604,-2.951779363981123,3.0721769737690363,-1.4534498116174985,48,wrist_flexion,48,1.0,False
grabmyo-S019-D3-wrist_flexion-T07,grabmyo-S019-D3-wrist_flexion-T07,19,3,12,7,train,wrist_flexion,-3.7912245108554767,-2.2754210729865676,2.893172284474076,-1.7123034936008885,48,wrist_flexion,48,1.0,False
grabmyo-S019-D3-hand_close-T01,grabmyo-S019-D3-hand_close-T01,19,3,16,1,train,hand_close,-11.356528533467156,9.222549520330032,-5.2386195950643675,-6.905357762827581,48,hand_close,48,1.0,False
grabmyo-S019-D3-hand_close-T02,grabmyo-S019-D3-hand_close-T02,19,3,16,2,train,hand_close,-11.506272707240251,9.590548255124782,-5.34322976243777,-7.369241889326819,48,hand_close,48,1.0,False
grabmyo-S019-D3-hand_close-T03,grabmyo-S019-D3-hand_close-T03,19,3,16,3,train,hand_close,-11.509150837146061,9.927231365477224,-5.130453806951691,-7.406362125284012,48,hand_close,48,1.0,False
grabmyo-S019-D3-hand_close-T04,grabmyo-S019-D3-hand_close-T04,19,3,16,4,train,hand_close,-10.518867393545785,8.140121470905036,-4.630444820314252,-5.749040263956349,48,hand_close,48,1.0,False
grabmyo-S019-D3-hand_close-T05,grabmyo-S019-D3-hand_close-T05,19,3,16,5,train,hand_close,-7.093287715662757,5.36660433936154,-3.4023534234272366,-3.7433151550679447,48,hand_close,48,1.0,False
grabmyo-S019-D3-hand_close-T06,grabmyo-S019-D3-hand_close-T06,19,3,16,6,train,hand_close,-14.26105953626943,12.461510066266298,-6.546307616623217,-9.588334491881993,48,hand_close,48,1.0,False
grabmyo-S019-D3-hand_close-T07,grabmyo-S019-D3-hand_close-T07,19,3,16,7,train,hand_close,-15.692946043403474,13.92307040770327,-5.9126695729874035,-12.219127317140021,48,hand_close,48,1.0,False
grabmyo-S019-D3-rest-T01,grabmyo-S019-D3-rest-T01,19,3,17,1,train,rest,0.7029606124848407,-1.5036124176346375,-1.2472730578642042,-1.0338729468274057,48,rest,48,1.0,False
grabmyo-S019-D3-rest-T02,grabmyo-S019-D3-rest-T02,19,3,17,2,train,rest,0.8402474433830719,-1.1366365282934476,-1.4940175787936294,-1.005783979465554,48,rest,48,1.0,False
grabmyo-S019-D3-rest-T03,grabmyo-S019-D3-rest-T03,19,3,17,3,train,rest,0.7725860904383756,-1.2886893058627402,-1.1035110337451186,-1.1352286963183413,48,rest,48,1.0,False
grabmyo-S019-D3-rest-T04,grabmyo-S019-D3-rest-T04,19,3,17,4,train,rest,0.8139958749325378,-1.4724216567910158,-1.369885699128435,-0.8655870384254821,48,rest,48,1.0,False
grabmyo-S019-D3-rest-T05,grabmyo-S019-D3-rest-T05,19,3,17,5,train,rest,0.7335176932380837,-1.28668933091407,-1.0864555862035177,-1.1203950235617837,48,rest,48,1.0,False
grabmyo-S019-D3-rest-T06,grabmyo-S019-D3-rest-T06,19,3,17,6,train,rest,0.6589336598032837,-1.456855408999398,-1.0369514907738255,-0.9464238088819359,48,rest,48,1.0,False
grabmyo-S019-D3-rest-T07,grabmyo-S019-D3-rest-T07,19,3,17,7,train,rest,0.9248995136578486,-0.9884513309287158,-1.6594083033995182,-0.9627930251871377,48,rest,48,1.0,False
grabmyo-S020-D3-wrist_extension-T01,grabmyo-S020-D3-wrist_extension-T01,20,3,11,1,train,wrist_extension,-3.910204091022193,-1.4677022230478567,-3.322352509306435,2.2994190198260394,48,wrist_extension,48,1.0,False
grabmyo-S020-D3-wrist_extension-T02,grabmyo-S020-D3-wrist_extension-T02,20,3,11,2,train,wrist_extension,-4.256614308182015,-1.4386802143804698,-3.541499143331541,2.2990158295965433,48,wrist_extension,48,1.0,False
grabmyo-S020-D3-wrist_extension-T03,grabmyo-S020-D3-wrist_extension-T03,20,3,11,3,train,wrist_extension,-4.587021476425148,-1.1879141303734997,-3.203989165506382,2.0173908024586122,48,wrist_extension,48,1.0,False
grabmyo-S020-D3-wrist_extension-T04,grabmyo-S020-D3-wrist_extension-T04,20,3,11,4,train,wrist_extension,-4.067580589120781,-1.2012378054045645,-3.376488372667651,1.9471725613556357,48,wrist_extension,48,1.0,False
grabmyo-S020-D3-wrist_extension-T05,grabmyo-S020-D3-wrist_extension-T05,20,3,11,5,train,wrist_extension,-5.66900929820449,-1.5147693106576343,-3.8342737757559697,2.590621130574852,48,wrist_extension,48,1.0,False
grabmyo-S020-D3-wrist_extension-T06,grabmyo-S020-D3-wrist_extension-T06,20,3,11,6,train,wrist_extension,-5.115669232320105,-1.3963488386460583,-3.871001546006101,2.553586744010334,48,wrist_extension,48,1.0,False
grabmyo-S020-D3-wrist_extension-T07,grabmyo-S020-D3-wrist_extension-T07,20,3,11,7,train,wrist_extension,-3.811946620645799,-1.171320535871052,-3.1603825825050156,1.9458223552466312,48,wrist_extension,48,1.0,False
grabmyo-S020-D3-wrist_flexion-T01,grabmyo-S020-D3-wrist_flexion-T01,20,3,12,1,train,wrist_flexion,-1.8221924264180107,-0.5389852301014179,-0.15576282845035994,-1.4776227913685913,48,wrist_flexion,48,1.0,False
grabmyo-S020-D3-wrist_flexion-T02,grabmyo-S020-D3-wrist_flexion-T02,20,3,12,2,train,wrist_flexion,-1.5656463677032644,-0.352291707544965,-0.6913607561367635,-1.2599202075963574,48,hand_close,48,1.0,False
grabmyo-S020-D3-wrist_flexion-T03,grabmyo-S020-D3-wrist_flexion-T03,20,3,12,3,train,wrist_flexion,-1.1415640995350393,-0.5893538078177855,-0.6307333621347748,-1.2034927430638651,48,hand_close,48,1.0,False
grabmyo-S020-D3-wrist_flexion-T04,grabmyo-S020-D3-wrist_flexion-T04,20,3,12,4,train,wrist_flexion,-2.057339419913679,-0.6771548295121903,0.15479477112687542,-1.5934139861772614,48,wrist_flexion,48,1.0,False
grabmyo-S020-D3-wrist_flexion-T05,grabmyo-S020-D3-wrist_flexion-T05,20,3,12,5,train,wrist_flexion,-2.2995447942371485,-0.22753885126060838,-0.9999517918351493,-1.0412645216629797,48,hand_close,48,1.0,False
grabmyo-S020-D3-wrist_flexion-T06,grabmyo-S020-D3-wrist_flexion-T06,20,3,12,6,train,wrist_flexion,-1.5172668041505908,-0.30629004855306285,-0.33988384240737685,-1.580678180088564,48,hand_close,48,1.0,False
grabmyo-S020-D3-wrist_flexion-T07,grabmyo-S020-D3-wrist_flexion-T07,20,3,12,7,train,wrist_flexion,-1.0337885186177183,-0.49394784013509946,-0.3070538005641364,-1.5593891010644911,48,wrist_flexion,48,1.0,False
grabmyo-S020-D3-hand_close-T01,grabmyo-S020-D3-hand_close-T01,20,3,16,1,train,hand_close,-1.538657728873052,0.4328085146286125,-1.2480894087498038,-1.4188269893449288,48,hand_close,48,1.0,False
grabmyo-S020-D3-hand_close-T02,grabmyo-S020-D3-hand_close-T02,20,3,16,2,train,hand_close,-2.0978275703405234,1.2976468493169573,-1.438638214416267,-2.0378349495321975,48,hand_close,48,1.0,False
grabmyo-S020-D3-hand_close-T03,grabmyo-S020-D3-hand_close-T03,20,3,16,3,train,hand_close,-2.185968248695413,1.036327518499081,-1.4377536108159472,-1.9117423407696237,48,hand_close,48,1.0,False
grabmyo-S020-D3-hand_close-T04,grabmyo-S020-D3-hand_close-T04,20,3,16,4,train,hand_close,-2.199011413100098,1.8034944860328463,-2.0886390203570424,-1.9340929334637822,48,hand_close,48,1.0,False
grabmyo-S020-D3-hand_close-T05,grabmyo-S020-D3-hand_close-T05,20,3,16,5,train,hand_close,-2.1120567338959098,1.2393457128458534,-1.6215244595117013,-1.826043189473018,48,hand_close,48,1.0,False
grabmyo-S020-D3-hand_close-T06,grabmyo-S020-D3-hand_close-T06,20,3,16,6,train,hand_close,-3.2436351160429076,2.5237163326835894,-2.1131595895195594,-2.591651445222023,48,hand_close,48,1.0,False
grabmyo-S020-D3-hand_close-T07,grabmyo-S020-D3-hand_close-T07,20,3,16,7,train,hand_close,-2.364860955253801,1.7445815772839088,-1.9000260531971198,-2.149188938968931,48,hand_close,48,1.0,False
grabmyo-S020-D3-rest-T01,grabmyo-S020-D3-rest-T01,20,3,17,1,train,rest,1.3617693899053618,-1.3796014912507977,-1.4243575254825755,-1.1779942162054524,48,rest,48,1.0,False
grabmyo-S020-D3-rest-T02,grabmyo-S020-D3-rest-T02,20,3,17,2,train,rest,1.2430659095931305,-1.147006283166547,-1.398563835710317,-1.31740366916439,48,rest,48,1.0,False
grabmyo-S020-D3-rest-T03,grabmyo-S020-D3-rest-T03,20,3,17,3,train,rest,0.6717663774776893,-0.9204363293235033,-1.673361354791001,-0.9638945606476822,48,rest,48,1.0,False
grabmyo-S020-D3-rest-T04,grabmyo-S020-D3-rest-T04,20,3,17,4,train,rest,0.8643120962363106,-1.1829447306397411,-1.2593537105640753,-1.0903917002517869,48,rest,48,1.0,False
grabmyo-S020-D3-rest-T05,grabmyo-S020-D3-rest-T05,20,3,17,5,train,rest,0.9905624072020162,-0.8548760666666037,-1.5257497037986125,-1.2108903033129133,48,rest,48,1.0,False
grabmyo-S020-D3-rest-T06,grabmyo-S020-D3-rest-T06,20,3,17,6,train,rest,0.8483151072218124,-1.0924006641764914,-1.357489960224651,-1.2960676029155322,48,rest,48,1.0,False
grabmyo-S020-D3-rest-T07,grabmyo-S020-D3-rest-T07,20,3,17,7,train,rest,0.8915288850294161,-1.172548219844176,-1.1753945020939318,-1.1822025389495525,48,rest,48,1.0,False
grabmyo-S021-D3-wrist_extension-T01,grabmyo-S021-D3-wrist_extension-T01,21,3,11,1,train,wrist_extension,-18.40283379526017,-8.245995744201066,-14.964860298571097,5.595286561725789,48,wrist_extension,48,1.0,False
grabmyo-S021-D3-wrist_extension-T02,grabmyo-S021-D3-wrist_extension-T02,21,3,11,2,train,wrist_extension,-5.871504389817626,-2.779057021380106,-1.4165993899835378,2.777958547368728,48,wrist_extension,48,1.0,False
grabmyo-S021-D3-wrist_extension-T03,grabmyo-S021-D3-wrist_extension-T03,21,3,11,3,train,wrist_extension,-7.036006392510109,-3.343438102069937,-3.255501799546566,3.368496187060712,48,wrist_extension,48,1.0,False
grabmyo-S021-D3-wrist_extension-T04,grabmyo-S021-D3-wrist_extension-T04,21,3,11,4,train,wrist_extension,-6.59657760937582,-3.300498537217132,-1.7682655952888844,2.9674364919670477,48,wrist_extension,48,1.0,False
grabmyo-S021-D3-wrist_extension-T05,grabmyo-S021-D3-wrist_extension-T05,21,3,11,5,train,wrist_extension,-4.572347805949211,-2.561725413092468,-1.1618527422461489,2.1692031411675305,48,wrist_extension,48,1.0,False
grabmyo-S021-D3-wrist_extension-T06,grabmyo-S021-D3-wrist_extension-T06,21,3,11,6,train,wrist_extension,-6.270665653503844,-3.096241054053752,-2.4016677081628077,3.668404483711949,48,wrist_extension,48,1.0,False
grabmyo-S021-D3-wrist_extension-T07,grabmyo-S021-D3-wrist_extension-T07,21,3,11,7,train,wrist_extension,-6.293403209225134,-2.8247521038906993,-2.2347005361433108,3.1811236294884613,48,wrist_extension,48,1.0,False
grabmyo-S021-D3-wrist_flexion-T01,grabmyo-S021-D3-wrist_flexion-T01,21,3,12,1,train,wrist_flexion,-2.645646705402141,-3.3160243171193287,3.615403880991486,-2.482995344094771,48,wrist_flexion,48,1.0,False
grabmyo-S021-D3-wrist_flexion-T02,grabmyo-S021-D3-wrist_flexion-T02,21,3,12,2,train,wrist_flexion,-2.8472035045785997,-2.649982643410382,3.407532011057357,-2.6017781017356527,48,wrist_flexion,48,1.0,False
grabmyo-S021-D3-wrist_flexion-T03,grabmyo-S021-D3-wrist_flexion-T03,21,3,12,3,train,wrist_flexion,-2.929977162437661,-3.3244940840624166,3.2878060499323514,-2.3806164606089024,48,wrist_flexion,48,1.0,False
grabmyo-S021-D3-wrist_flexion-T04,grabmyo-S021-D3-wrist_flexion-T04,21,3,12,4,train,wrist_flexion,-3.9541397706780814,-3.051442930680375,4.403853337000864,-2.5672984197074564,48,wrist_flexion,48,1.0,False
grabmyo-S021-D3-wrist_flexion-T05,grabmyo-S021-D3-wrist_flexion-T05,21,3,12,5,train,wrist_flexion,-2.9326569072875315,-2.696395332687235,3.466366431255548,-2.5498719655546367,48,wrist_flexion,48,1.0,False
grabmyo-S021-D3-wrist_flexion-T06,grabmyo-S021-D3-wrist_flexion-T06,21,3,12,6,train,wrist_flexion,-2.670497737796948,-2.4613866223400143,3.2306397155418805,-2.3962364840456627,48,wrist_flexion,48,1.0,False
grabmyo-S021-D3-wrist_flexion-T07,grabmyo-S021-D3-wrist_flexion-T07,21,3,12,7,train,wrist_flexion,-3.583664733261406,-2.825542804370628,3.6977278263776348,-2.249088870634904,48,wrist_flexion,48,1.0,False
grabmyo-S021-D3-hand_close-T01,grabmyo-S021-D3-hand_close-T01,21,3,16,1,train,hand_close,-3.646274897365494,1.7854386514902627,-1.92259757931944,-2.1722450204851484,48,hand_close,48,1.0,False
grabmyo-S021-D3-hand_close-T02,grabmyo-S021-D3-hand_close-T02,21,3,16,2,train,hand_close,-2.895593539906176,1.8927173115391351,-1.9989706810820003,-1.8883362013691187,48,hand_close,48,1.0,False
grabmyo-S021-D3-hand_close-T03,grabmyo-S021-D3-hand_close-T03,21,3,16,3,train,hand_close,-1.816431860334789,1.5854101280522437,-2.246232847374892,-1.951414000538087,48,hand_close,48,1.0,False
grabmyo-S021-D3-hand_close-T04,grabmyo-S021-D3-hand_close-T04,21,3,16,4,train,hand_close,-2.43523815646955,1.7728465457756177,-2.0944656951568694,-1.8700465469021603,48,hand_close,48,1.0,False
grabmyo-S021-D3-hand_close-T05,grabmyo-S021-D3-hand_close-T05,21,3,16,5,train,hand_close,-2.5163472039188957,2.369720812685759,-2.6384343303485385,-2.149802711952749,48,hand_close,48,1.0,False
grabmyo-S021-D3-hand_close-T06,grabmyo-S021-D3-hand_close-T06,21,3,16,6,train,hand_close,-1.1403927582250035,1.0679318649285732,-2.0533208713347064,-1.470084565953553,48,hand_close,48,1.0,False
grabmyo-S021-D3-hand_close-T07,grabmyo-S021-D3-hand_close-T07,21,3,16,7,train,hand_close,-2.381139301154206,1.3083706567321307,-1.9030078650627866,-1.9030609496792195,48,hand_close,48,1.0,False
grabmyo-S021-D3-rest-T01,grabmyo-S021-D3-rest-T01,21,3,17,1,train,rest,0.8812642566125649,-1.1134555777351833,-0.863366023647934,-0.9380923432550818,48,rest,48,1.0,False
grabmyo-S021-D3-rest-T02,grabmyo-S021-D3-rest-T02,21,3,17,2,train,rest,1.1216593086500992,-1.1089940010883337,-1.0653806591414992,-0.944474317685173,48,rest,48,1.0,False
grabmyo-S021-D3-rest-T03,grabmyo-S021-D3-rest-T03,21,3,17,3,train,rest,0.9718648971585538,-1.3402649535158278,-1.0382823468051712,-1.082193827209222,48,rest,48,1.0,False
grabmyo-S021-D3-rest-T04,grabmyo-S021-D3-rest-T04,21,3,17,4,train,rest,1.1213988244733073,-1.7928825013351155,-0.6651988574325352,-1.322853942301755,48,rest,48,1.0,False
grabmyo-S021-D3-rest-T05,grabmyo-S021-D3-rest-T05,21,3,17,5,train,rest,0.6187390300214021,-1.4361588701426673,-0.3931286684078432,-0.922007841148439,48,rest,48,1.0,False
grabmyo-S021-D3-rest-T06,grabmyo-S021-D3-rest-T06,21,3,17,6,train,rest,0.8026281047138898,-1.3303366599375281,-0.7529811475709826,-0.8134657778831159,48,rest,48,1.0,False
grabmyo-S021-D3-rest-T07,grabmyo-S021-D3-rest-T07,21,3,17,7,train,rest,0.5253987837625229,-1.2309730517362387,-0.784470123771022,-0.7926675742953825,48,rest,48,1.0,False
grabmyo-S022-D3-wrist_extension-T01,grabmyo-S022-D3-wrist_extension-T01,22,3,11,1,train,wrist_extension,-5.192900727739808,-1.4588930135815963,-4.574775614032959,2.6054818396519805,48,wrist_extension,48,1.0,False
grabmyo-S022-D3-wrist_extension-T02,grabmyo-S022-D3-wrist_extension-T02,22,3,11,2,train,wrist_extension,-8.442979552276132,-2.1265514069737277,-9.536535384977094,2.7390192673286307,48,wrist_extension,48,1.0,False
grabmyo-S022-D3-wrist_extension-T03,grabmyo-S022-D3-wrist_extension-T03,22,3,11,3,train,wrist_extension,-8.258333194062333,-2.4653102806339064,-9.060017113978526,3.6308473166810398,48,wrist_extension,48,1.0,False
grabmyo-S022-D3-wrist_extension-T04,grabmyo-S022-D3-wrist_extension-T04,22,3,11,4,train,wrist_extension,-7.130046917141466,-1.4322248911769373,-8.047018024699346,3.4210831404577804,48,wrist_extension,48,1.0,False
grabmyo-S022-D3-wrist_extension-T05,grabmyo-S022-D3-wrist_extension-T05,22,3,11,5,train,wrist_extension,-8.881815245794362,-2.716195147362244,-10.899391347976218,3.539253588018345,48,wrist_extension,48,1.0,False
grabmyo-S022-D3-wrist_extension-T06,grabmyo-S022-D3-wrist_extension-T06,22,3,11,6,train,wrist_extension,-10.794472634044764,-3.005290441436724,-15.772507335023894,4.11201759458016,48,wrist_extension,48,1.0,False
grabmyo-S022-D3-wrist_extension-T07,grabmyo-S022-D3-wrist_extension-T07,22,3,11,7,train,wrist_extension,-7.453743097771075,-2.040982993796163,-8.702839600815691,3.187709225276899,48,wrist_extension,48,1.0,False
grabmyo-S022-D3-wrist_flexion-T01,grabmyo-S022-D3-wrist_flexion-T01,22,3,12,1,train,wrist_flexion,-5.823801940396225,-2.760521713100049,3.7667557735865125,-2.6021361850747504,48,wrist_flexion,48,1.0,False
grabmyo-S022-D3-wrist_flexion-T02,grabmyo-S022-D3-wrist_flexion-T02,22,3,12,2,train,wrist_flexion,-4.699140032605932,-2.7216838213632286,3.074158875032507,-2.5673111923369376,48,wrist_flexion,48,1.0,False
grabmyo-S022-D3-wrist_flexion-T03,grabmyo-S022-D3-wrist_flexion-T03,22,3,12,3,train,wrist_flexion,-5.67354562432062,-3.7472379690296678,4.104370091947726,-2.44160024443538,48,wrist_flexion,48,1.0,False
grabmyo-S022-D3-wrist_flexion-T04,grabmyo-S022-D3-wrist_flexion-T04,22,3,12,4,train,wrist_flexion,-6.066501815871182,-2.8766142129610284,3.135698373565539,-3.038539919982556,48,wrist_flexion,48,1.0,False
grabmyo-S022-D3-wrist_flexion-T05,grabmyo-S022-D3-wrist_flexion-T05,22,3,12,5,train,wrist_flexion,-5.522754267056576,-3.203824786459394,3.9019731361401644,-2.633938899757875,48,wrist_flexion,48,1.0,False
grabmyo-S022-D3-wrist_flexion-T06,grabmyo-S022-D3-wrist_flexion-T06,22,3,12,6,train,wrist_flexion,-6.91068475029937,-6.1829496091490155,5.778115288530834,-2.6953202178119855,48,wrist_flexion,48,1.0,False
grabmyo-S022-D3-wrist_flexion-T07,grabmyo-S022-D3-wrist_flexion-T07,22,3,12,7,train,wrist_flexion,-4.658869733835666,-4.027196488043492,3.6659184030015193,-1.8554307842850946,48,wrist_flexion,48,1.0,False
grabmyo-S022-D3-hand_close-T01,grabmyo-S022-D3-hand_close-T01,22,3,16,1,train,hand_close,-11.36546883133488,10.351633909091678,-6.441638231143977,-12.129390889560149,48,hand_close,48,1.0,False
grabmyo-S022-D3-hand_close-T02,grabmyo-S022-D3-hand_close-T02,22,3,16,2,train,hand_close,-9.474489380869265,11.27443188302594,-6.404206453939232,-11.178888965740242,48,hand_close,48,1.0,False
grabmyo-S022-D3-hand_close-T03,grabmyo-S022-D3-hand_close-T03,22,3,16,3,train,hand_close,-6.555981097055683,7.048914548613921,-4.80212062799915,-6.012946292154903,48,hand_close,48,1.0,False
grabmyo-S022-D3-hand_close-T04,grabmyo-S022-D3-hand_close-T04,22,3,16,4,train,hand_close,-10.55006329784917,11.165281600879142,-5.6933988584915936,-10.907994240510225,48,hand_close,48,1.0,False
grabmyo-S022-D3-hand_close-T05,grabmyo-S022-D3-hand_close-T05,22,3,16,5,train,hand_close,-9.561613920134173,8.836153338096937,-6.058774873294909,-7.332627291358864,48,hand_close,48,1.0,False
grabmyo-S022-D3-hand_close-T06,grabmyo-S022-D3-hand_close-T06,22,3,16,6,train,hand_close,-13.872110434185489,12.82303301880598,-5.804477058278604,-14.235010691320275,48,hand_close,48,1.0,False
grabmyo-S022-D3-hand_close-T07,grabmyo-S022-D3-hand_close-T07,22,3,16,7,train,hand_close,-10.64806533146418,9.992446728978873,-5.66736546185858,-9.88586620583722,48,hand_close,48,1.0,False
grabmyo-S022-D3-rest-T01,grabmyo-S022-D3-rest-T01,22,3,17,1,train,rest,1.099136674337931,-0.9164724680134642,-1.7401857922539958,-1.325589537036891,48,rest,48,1.0,False
grabmyo-S022-D3-rest-T02,grabmyo-S022-D3-rest-T02,22,3,17,2,train,rest,0.5149545195979458,-0.3638912966441774,-1.7642725014651965,-0.9263460551673659,48,rest,48,1.0,False
grabmyo-S022-D3-rest-T03,grabmyo-S022-D3-rest-T03,22,3,17,3,train,rest,0.7171178235867441,-0.6060573385267848,-1.5453881325674625,-1.322200591706489,48,rest,48,1.0,False
grabmyo-S022-D3-rest-T04,grabmyo-S022-D3-rest-T04,22,3,17,4,train,rest,0.6365381063190915,-0.4312958827527817,-1.77168722544502,-0.6256603457792129,48,rest,48,1.0,False
grabmyo-S022-D3-rest-T05,grabmyo-S022-D3-rest-T05,22,3,17,5,train,rest,1.1399417389319693,-1.1803105197566681,-1.498233959848933,-1.2698631159981044,48,rest,48,1.0,False
grabmyo-S022-D3-rest-T06,grabmyo-S022-D3-rest-T06,22,3,17,6,train,rest,0.875323993128822,-0.946092834843614,-1.4426405225494034,-1.5042017843837445,48,rest,48,1.0,False
grabmyo-S022-D3-rest-T07,grabmyo-S022-D3-rest-T07,22,3,17,7,train,rest,0.9162660217882359,-1.1370442847637097,-1.3219414944339807,-0.787341482948119,48,rest,48,1.0,False
grabmyo-S023-D3-wrist_extension-T01,grabmyo-S023-D3-wrist_extension-T01,23,3,11,1,train,wrist_extension,-6.944689004690164,-1.8204039963918985,-5.515175023341335,3.5987799035031514,48,wrist_extension,48,1.0,False
grabmyo-S023-D3-wrist_extension-T02,grabmyo-S023-D3-wrist_extension-T02,23,3,11,2,train,wrist_extension,-5.847231463685723,-1.3701540344241314,-3.6247061168725714,2.7692756439355577,48,wrist_extension,48,1.0,False
grabmyo-S023-D3-wrist_extension-T03,grabmyo-S023-D3-wrist_extension-T03,23,3,11,3,train,wrist_extension,-7.679144293175188,-3.484413443439958,-5.853049724123068,4.145363040221379,48,wrist_extension,48,1.0,False
grabmyo-S023-D3-wrist_extension-T04,grabmyo-S023-D3-wrist_extension-T04,23,3,11,4,train,wrist_extension,-6.379147192491185,-2.0181603401000356,-3.9386517799696463,3.395748664394704,48,wrist_extension,48,1.0,False
grabmyo-S023-D3-wrist_extension-T05,grabmyo-S023-D3-wrist_extension-T05,23,3,11,5,train,wrist_extension,-3.2646220383626474,-1.0930520296239095,-2.2780986566281,2.231686053694238,48,wrist_extension,48,1.0,False
grabmyo-S023-D3-wrist_extension-T06,grabmyo-S023-D3-wrist_extension-T06,23,3,11,6,train,wrist_extension,-4.017023920879114,-1.3752181287108618,-2.434619923660584,1.6905475642417327,48,wrist_extension,48,1.0,False
grabmyo-S023-D3-wrist_extension-T07,grabmyo-S023-D3-wrist_extension-T07,23,3,11,7,train,wrist_extension,-4.397530195123324,-1.0296985057985675,-3.387895506040484,2.1212022970235247,48,wrist_extension,48,1.0,False
grabmyo-S023-D3-wrist_flexion-T01,grabmyo-S023-D3-wrist_flexion-T01,23,3,12,1,train,wrist_flexion,-1.46633465742706,-1.780627261306509,0.876788281887436,-1.751920733049699,48,wrist_flexion,48,1.0,False
grabmyo-S023-D3-wrist_flexion-T02,grabmyo-S023-D3-wrist_flexion-T02,23,3,12,2,train,wrist_flexion,-1.6165455433813776,-1.7530395427323908,0.7506641957754265,-1.5791300959633396,48,wrist_flexion,48,1.0,False
grabmyo-S023-D3-wrist_flexion-T03,grabmyo-S023-D3-wrist_flexion-T03,23,3,12,3,train,wrist_flexion,-2.206707999409977,-2.101794034484399,1.465745931426045,-2.014292857312342,48,wrist_flexion,48,1.0,False
grabmyo-S023-D3-wrist_flexion-T04,grabmyo-S023-D3-wrist_flexion-T04,23,3,12,4,train,wrist_flexion,-1.4842343623888512,-1.7598855218456722,0.6040849706551471,-1.4085842279592595,48,wrist_flexion,48,1.0,False
grabmyo-S023-D3-wrist_flexion-T05,grabmyo-S023-D3-wrist_flexion-T05,23,3,12,5,train,wrist_flexion,-1.7637215565021274,-2.319200181734804,1.3582504603981471,-1.8428222104931267,48,wrist_flexion,48,1.0,False
grabmyo-S023-D3-wrist_flexion-T06,grabmyo-S023-D3-wrist_flexion-T06,23,3,12,6,train,wrist_flexion,-2.753456922851639,-3.145511057541151,2.7974031672576047,-2.5507734404930247,48,wrist_flexion,48,1.0,False
grabmyo-S023-D3-wrist_flexion-T07,grabmyo-S023-D3-wrist_flexion-T07,23,3,12,7,train,wrist_flexion,-1.7669338037803861,-2.449858782389317,1.625013499324185,-1.9576248353188905,48,wrist_flexion,48,1.0,False
grabmyo-S023-D3-hand_close-T01,grabmyo-S023-D3-hand_close-T01,23,3,16,1,train,hand_close,-1.2400356952953075,1.7179713301315236,-2.232515349669298,-1.9102280985068234,48,hand_close,48,1.0,False
grabmyo-S023-D3-hand_close-T02,grabmyo-S023-D3-hand_close-T02,23,3,16,2,train,hand_close,-0.9466293378575116,1.0037790752383071,-1.7447190953797878,-1.5650511086080314,48,hand_close,48,1.0,False
grabmyo-S023-D3-hand_close-T03,grabmyo-S023-D3-hand_close-T03,23,3,16,3,train,hand_close,-0.2721081648409334,0.37919456970677,-1.7106431096007302,-1.4500923416952753,48,hand_close,48,1.0,False
grabmyo-S023-D3-hand_close-T04,grabmyo-S023-D3-hand_close-T04,23,3,16,4,train,hand_close,-0.5399115527365841,0.5697224385668841,-1.7887056373999919,-1.532496823954994,48,hand_close,48,1.0,False
grabmyo-S023-D3-hand_close-T05,grabmyo-S023-D3-hand_close-T05,23,3,16,5,train,hand_close,-0.9231126712554761,1.5757180555790773,-2.159712701267576,-1.6652790785511205,48,hand_close,48,1.0,False
grabmyo-S023-D3-hand_close-T06,grabmyo-S023-D3-hand_close-T06,23,3,16,6,train,hand_close,-1.935699457024782,1.6936963618187957,-1.803593962320557,-2.376309441291162,48,hand_close,48,1.0,False
grabmyo-S023-D3-hand_close-T07,grabmyo-S023-D3-hand_close-T07,23,3,16,7,train,hand_close,-1.111414831337685,1.0807301976633408,-1.7698030269773504,-1.7447621307641727,48,hand_close,48,1.0,False
grabmyo-S023-D3-rest-T01,grabmyo-S023-D3-rest-T01,23,3,17,1,train,rest,0.9145740078501801,-0.8205731924615948,-1.251339651432881,-1.6319294715300963,48,rest,48,1.0,False
grabmyo-S023-D3-rest-T02,grabmyo-S023-D3-rest-T02,23,3,17,2,train,rest,0.6685751788990832,-0.8085620270198629,-0.7882540148331669,-1.463373140888337,48,rest,48,1.0,False
grabmyo-S023-D3-rest-T03,grabmyo-S023-D3-rest-T03,23,3,17,3,train,rest,0.9165870390928802,-1.1739669264054617,-1.0943213843753743,-1.6089053617548743,48,rest,48,1.0,False
grabmyo-S023-D3-rest-T04,grabmyo-S023-D3-rest-T04,23,3,17,4,train,rest,1.1108183269491283,-1.445811590398659,-1.586793149639875,-1.4588475708867286,48,rest,48,1.0,False
grabmyo-S023-D3-rest-T05,grabmyo-S023-D3-rest-T05,23,3,17,5,train,rest,0.9880996280754867,-0.29985705124966694,-1.7415945586355885,-1.5337548806868806,48,rest,48,1.0,False
grabmyo-S023-D3-rest-T06,grabmyo-S023-D3-rest-T06,23,3,17,6,train,rest,0.8603557907928497,-0.7143034627261245,-1.7501842970127477,-1.5271535751536522,48,rest,48,1.0,False
grabmyo-S023-D3-rest-T07,grabmyo-S023-D3-rest-T07,23,3,17,7,train,rest,0.8861236395564113,-0.6488795629158662,-1.6342334034839834,-1.4024753981373437,48,rest,48,1.0,False
grabmyo-S024-D3-wrist_extension-T01,grabmyo-S024-D3-wrist_extension-T01,24,3,11,1,train,wrist_extension,-11.970261954482417,-4.809772047323437,-10.022852410906241,2.472538335986895,48,wrist_extension,48,1.0,False
grabmyo-S024-D3-wrist_extension-T02,grabmyo-S024-D3-wrist_extension-T02,24,3,11,2,train,wrist_extension,-15.659052576995316,-8.72650029519109,-17.51585005864867,3.014655966543282,48,wrist_extension,48,1.0,False
grabmyo-S024-D3-wrist_extension-T03,grabmyo-S024-D3-wrist_extension-T03,24,3,11,3,train,wrist_extension,-9.056682497574814,-3.829194982802695,-6.531456218264771,1.553626156965973,48,wrist_extension,48,1.0,False
grabmyo-S024-D3-wrist_extension-T04,grabmyo-S024-D3-wrist_extension-T04,24,3,11,4,train,wrist_extension,-11.892966121184335,-5.6124630121447785,-11.049236321325056,2.3481607937168922,48,wrist_extension,48,1.0,False
grabmyo-S024-D3-wrist_extension-T05,grabmyo-S024-D3-wrist_extension-T05,24,3,11,5,train,wrist_extension,-10.07130955479167,-3.281787288718393,-6.795655112578582,1.7589615988195308,48,wrist_extension,48,1.0,False
grabmyo-S024-D3-wrist_extension-T06,grabmyo-S024-D3-wrist_extension-T06,24,3,11,6,train,wrist_extension,-10.420741230069254,-3.8507229986293203,-7.677194384035425,1.7227246700348002,48,wrist_extension,48,1.0,False
grabmyo-S024-D3-wrist_extension-T07,grabmyo-S024-D3-wrist_extension-T07,24,3,11,7,train,wrist_extension,-8.014889313420504,-2.5296839340047645,-4.484603707684358,1.4811959011376181,48,wrist_extension,48,1.0,False
grabmyo-S024-D3-wrist_flexion-T01,grabmyo-S024-D3-wrist_flexion-T01,24,3,12,1,train,wrist_flexion,-4.39376459551944,-2.1621589765310296,2.346281512525202,-1.9168356359802026,48,wrist_flexion,48,1.0,False
grabmyo-S024-D3-wrist_flexion-T02,grabmyo-S024-D3-wrist_flexion-T02,24,3,12,2,train,wrist_flexion,-2.0617625004996416,-2.038756454908215,1.3964244859154473,-1.4930230556797512,48,wrist_flexion,48,1.0,False
grabmyo-S024-D3-wrist_flexion-T03,grabmyo-S024-D3-wrist_flexion-T03,24,3,12,3,train,wrist_flexion,-2.156698402941409,-2.987527598864231,2.339988689126341,-1.6464777499085208,48,wrist_flexion,48,1.0,False
grabmyo-S024-D3-wrist_flexion-T04,grabmyo-S024-D3-wrist_flexion-T04,24,3,12,4,train,wrist_flexion,-3.0933795975961336,-2.4236510898799644,2.098810600146568,-1.4593712245278636,48,wrist_flexion,48,1.0,False
grabmyo-S024-D3-wrist_flexion-T05,grabmyo-S024-D3-wrist_flexion-T05,24,3,12,5,train,wrist_flexion,-2.1762223637289995,-2.4341691450325222,1.5555051259893828,-1.2607019515312123,48,wrist_flexion,48,1.0,False
grabmyo-S024-D3-wrist_flexion-T06,grabmyo-S024-D3-wrist_flexion-T06,24,3,12,6,train,wrist_flexion,-1.4816281938038116,-2.39087099872326,1.7786863026597395,-1.5805239592666733,48,wrist_flexion,48,1.0,False
grabmyo-S024-D3-wrist_flexion-T07,grabmyo-S024-D3-wrist_flexion-T07,24,3,12,7,train,wrist_flexion,-3.351986959169285,-3.861893925826528,3.8251840142589306,-2.0120820435484696,48,wrist_flexion,48,1.0,False
grabmyo-S024-D3-hand_close-T01,grabmyo-S024-D3-hand_close-T01,24,3,16,1,train,hand_close,-4.613867611686689,1.7926464914257485,-1.862116163837304,-1.8335665430735322,48,hand_close,48,1.0,False
grabmyo-S024-D3-hand_close-T02,grabmyo-S024-D3-hand_close-T02,24,3,16,2,train,hand_close,-4.243539094748415,1.358066299612375,-1.4858368037921101,-1.8870493798775134,48,hand_close,48,1.0,False
grabmyo-S024-D3-hand_close-T03,grabmyo-S024-D3-hand_close-T03,24,3,16,3,train,hand_close,-4.420401852983036,1.1002317869725569,-2.606568315962196,-1.0791859928203908,48,hand_close,48,1.0,False
grabmyo-S024-D3-hand_close-T04,grabmyo-S024-D3-hand_close-T04,24,3,16,4,train,hand_close,-3.721759556840041,1.222168175507995,-1.0612085505708544,-1.755227938626928,48,hand_close,48,1.0,False
grabmyo-S024-D3-hand_close-T05,grabmyo-S024-D3-hand_close-T05,24,3,16,5,train,hand_close,-3.2770669181408913,1.03430934489245,-1.1934134751796712,-1.6956539609759502,48,hand_close,48,1.0,False
grabmyo-S024-D3-hand_close-T06,grabmyo-S024-D3-hand_close-T06,24,3,16,6,train,hand_close,-2.882322524347888,0.7063856366265946,-1.4312136960610353,-1.3327462708736892,48,hand_close,48,1.0,False
grabmyo-S024-D3-hand_close-T07,grabmyo-S024-D3-hand_close-T07,24,3,16,7,train,hand_close,-4.83944262308102,1.4527519498080432,-1.1257094425003316,-2.0933147232022526,48,hand_close,48,1.0,False
grabmyo-S024-D3-rest-T01,grabmyo-S024-D3-rest-T01,24,3,17,1,train,rest,1.1775978140992565,-1.1122088440988331,-1.200810081214456,-1.317638486459065,48,rest,48,1.0,False
grabmyo-S024-D3-rest-T02,grabmyo-S024-D3-rest-T02,24,3,17,2,train,rest,0.7295964365823712,-1.3074188689089479,-1.031020629483114,-1.0977470087891377,48,rest,48,1.0,False
grabmyo-S024-D3-rest-T03,grabmyo-S024-D3-rest-T03,24,3,17,3,train,rest,0.9555692200806192,-0.8237341795810259,-1.2316201663535231,-1.348320339055264,48,rest,48,1.0,False
grabmyo-S024-D3-rest-T04,grabmyo-S024-D3-rest-T04,24,3,17,4,train,rest,1.4834333628960505,-1.2745333256659779,-1.2627594975425416,-1.2648443967563134,48,rest,48,1.0,False
grabmyo-S024-D3-rest-T05,grabmyo-S024-D3-rest-T05,24,3,17,5,train,rest,1.1431948385325816,-0.9076023166617816,-1.358016916216395,-1.3687526955971911,48,rest,48,1.0,False
grabmyo-S024-D3-rest-T06,grabmyo-S024-D3-rest-T06,24,3,17,6,train,rest,1.228474550408175,-0.3215604195792595,-1.6115821541417745,-1.5098785934080328,48,rest,48,1.0,False
grabmyo-S024-D3-rest-T07,grabmyo-S024-D3-rest-T07,24,3,17,7,train,rest,0.583884730637815,-0.6823364846198897,-1.2854730263424137,-1.2505869907521787,48,rest,48,1.0,False
grabmyo-S027-D3-wrist_extension-T01,grabmyo-S027-D3-wrist_extension-T01,27,3,11,1,train,wrist_extension,-2.9872902329270463,-1.4024265103997127,-1.2324721868964532,0.7632379839724788,48,wrist_extension,48,1.0,False
grabmyo-S027-D3-wrist_extension-T02,grabmyo-S027-D3-wrist_extension-T02,27,3,11,2,train,wrist_extension,-5.1075725647464,-1.5194595722373263,-1.9539333403455534,1.141538737852642,48,wrist_extension,48,1.0,False
grabmyo-S027-D3-wrist_extension-T03,grabmyo-S027-D3-wrist_extension-T03,27,3,11,3,train,wrist_extension,-2.2551917975096094,-1.2600724205774725,-1.3017023158023344,0.38872938359582876,48,wrist_extension,48,1.0,False
grabmyo-S027-D3-wrist_extension-T04,grabmyo-S027-D3-wrist_extension-T04,27,3,11,4,train,wrist_extension,-3.9379366180031963,-1.4746846685399444,-1.2287065918155338,0.8122350115905226,48,wrist_extension,48,1.0,False
grabmyo-S027-D3-wrist_extension-T05,grabmyo-S027-D3-wrist_extension-T05,27,3,11,5,train,wrist_extension,-4.1443951853246235,-1.6375898473072181,-1.6163449605308893,1.125001399502031,48,wrist_extension,48,1.0,False
grabmyo-S027-D3-wrist_extension-T06,grabmyo-S027-D3-wrist_extension-T06,27,3,11,6,train,wrist_extension,-2.4173326338604357,-1.1314819266132143,-0.9260924714505508,0.33792896089644636,48,wrist_extension,48,1.0,False
grabmyo-S027-D3-wrist_extension-T07,grabmyo-S027-D3-wrist_extension-T07,27,3,11,7,train,wrist_extension,-3.5811403738975525,-1.3563749110861518,-0.9028184234645744,0.47478397678868345,48,wrist_extension,48,1.0,False
grabmyo-S027-D3-wrist_flexion-T01,grabmyo-S027-D3-wrist_flexion-T01,27,3,12,1,train,wrist_flexion,-3.736394764440497,-2.4723195511295497,2.366325122150914,-2.2322882375258404,48,wrist_flexion,48,1.0,False
grabmyo-S027-D3-wrist_flexion-T02,grabmyo-S027-D3-wrist_flexion-T02,27,3,12,2,train,wrist_flexion,-2.2075617851619063,-2.5433618723617952,2.1635592070234906,-2.1354294431424705,48,wrist_flexion,48,1.0,False
grabmyo-S027-D3-wrist_flexion-T03,grabmyo-S027-D3-wrist_flexion-T03,27,3,12,3,train,wrist_flexion,-1.246612048683388,-2.3398990275616844,1.6488084775114542,-1.898437611074317,48,wrist_flexion,48,1.0,False
grabmyo-S027-D3-wrist_flexion-T04,grabmyo-S027-D3-wrist_flexion-T04,27,3,12,4,train,wrist_flexion,-2.5762446587006296,-2.800516914787869,2.3833300780859843,-2.3091505510177406,48,wrist_flexion,48,1.0,False
grabmyo-S027-D3-wrist_flexion-T05,grabmyo-S027-D3-wrist_flexion-T05,27,3,12,5,train,wrist_flexion,-3.6474512240289783,-1.28701731091306,0.45211674606612995,-2.460989509129229,48,wrist_flexion,48,1.0,False
grabmyo-S027-D3-wrist_flexion-T06,grabmyo-S027-D3-wrist_flexion-T06,27,3,12,6,train,wrist_flexion,-3.5587738654818355,-1.8235534457422158,1.3889304832620468,-2.4375425346839723,48,wrist_flexion,48,1.0,False
grabmyo-S027-D3-wrist_flexion-T07,grabmyo-S027-D3-wrist_flexion-T07,27,3,12,7,train,wrist_flexion,-3.8689262530954167,-1.6295904367149738,1.3877208570850323,-2.8823701465974607,48,wrist_flexion,48,1.0,False
grabmyo-S027-D3-hand_close-T01,grabmyo-S027-D3-hand_close-T01,27,3,16,1,train,hand_close,-1.3436790450448042,0.928291811575442,-1.9223485685080657,-1.9717156931819446,48,hand_close,48,1.0,False
grabmyo-S027-D3-hand_close-T02,grabmyo-S027-D3-hand_close-T02,27,3,16,2,train,hand_close,-0.6558756286497234,0.4170206803846386,-1.8305480750826957,-1.325768208163191,48,hand_close,48,1.0,False
grabmyo-S027-D3-hand_close-T03,grabmyo-S027-D3-hand_close-T03,27,3,16,3,train,hand_close,-1.879760400630105,1.0780647200019027,-2.341733558264271,-1.7476352101954253,48,hand_close,48,1.0,False
grabmyo-S027-D3-hand_close-T04,grabmyo-S027-D3-hand_close-T04,27,3,16,4,train,hand_close,-2.0691598378287597,1.6446838319349046,-2.183205634302014,-2.792335654499118,48,hand_close,48,1.0,False
grabmyo-S027-D3-hand_close-T05,grabmyo-S027-D3-hand_close-T05,27,3,16,5,train,hand_close,-1.4917745537772553,0.3508258002886537,-1.7457999356546514,-1.117226230365509,48,hand_close,48,1.0,False
grabmyo-S027-D3-hand_close-T06,grabmyo-S027-D3-hand_close-T06,27,3,16,6,train,hand_close,-0.7314368796319362,0.7503191514525548,-1.8984213378913015,-1.794492211252572,48,hand_close,48,1.0,False
grabmyo-S027-D3-hand_close-T07,grabmyo-S027-D3-hand_close-T07,27,3,16,7,train,hand_close,-1.343003696325625,0.20834987989497375,-1.4850751641634272,-1.1628733688991824,48,hand_close,48,1.0,False
grabmyo-S027-D3-rest-T01,grabmyo-S027-D3-rest-T01,27,3,17,1,train,rest,0.8629409396119613,-0.8319018733247261,-1.3622495516164612,-1.1024208397021054,48,rest,48,1.0,False
grabmyo-S027-D3-rest-T02,grabmyo-S027-D3-rest-T02,27,3,17,2,train,rest,0.7796890717417199,-0.8034101034050382,-1.3365460983367916,-0.9991011540303525,48,rest,48,1.0,False
grabmyo-S027-D3-rest-T03,grabmyo-S027-D3-rest-T03,27,3,17,3,train,rest,1.0622960535681873,-0.9731542259064127,-1.4301672648074117,-1.070165256665882,48,rest,48,1.0,False
grabmyo-S027-D3-rest-T04,grabmyo-S027-D3-rest-T04,27,3,17,4,train,rest,0.7347425593824392,-0.7050431197302923,-1.3892123775818275,-1.0311680919460249,48,rest,48,1.0,False
grabmyo-S027-D3-rest-T05,grabmyo-S027-D3-rest-T05,27,3,17,5,train,rest,0.8345444200868452,-1.0251347410031764,-1.3334640151627621,-0.9729058550047361,48,rest,48,1.0,False
grabmyo-S027-D3-rest-T06,grabmyo-S027-D3-rest-T06,27,3,17,6,train,rest,0.7642944207132887,-0.873820340896463,-1.2846368726530704,-1.153555304528896,48,rest,48,1.0,False
grabmyo-S027-D3-rest-T07,grabmyo-S027-D3-rest-T07,27,3,17,7,train,rest,0.7914534065436906,-1.088364970920688,-1.5930232243231108,-1.0006170557195662,48,rest,48,1.0,False
grabmyo-S028-D3-wrist_extension-T01,grabmyo-S028-D3-wrist_extension-T01,28,3,11,1,train,wrist_extension,-17.749846406746475,-14.09345012905326,-26.587630821805373,6.213450502053395,48,wrist_extension,48,1.0,False
grabmyo-S028-D3-wrist_extension-T02,grabmyo-S028-D3-wrist_extension-T02,28,3,11,2,train,wrist_extension,-12.522362773369759,-7.261808658101416,-11.489069327305119,4.6682335240589525,48,wrist_extension,48,1.0,False
grabmyo-S028-D3-wrist_extension-T03,grabmyo-S028-D3-wrist_extension-T03,28,3,11,3,train,wrist_extension,-11.97220871588967,-6.279922617074596,-8.574162697301974,4.607687400666054,48,wrist_extension,48,1.0,False
grabmyo-S028-D3-wrist_extension-T04,grabmyo-S028-D3-wrist_extension-T04,28,3,11,4,train,wrist_extension,-14.039525431146254,-10.717605623025873,-15.71654599408057,5.709771505473384,48,wrist_extension,48,1.0,False
grabmyo-S028-D3-wrist_extension-T05,grabmyo-S028-D3-wrist_extension-T05,28,3,11,5,train,wrist_extension,-11.87037001885013,-6.500037161279231,-10.156528966373072,4.977206993095191,48,wrist_extension,48,1.0,False
grabmyo-S028-D3-wrist_extension-T06,grabmyo-S028-D3-wrist_extension-T06,28,3,11,6,train,wrist_extension,-9.874803628425957,-4.753823681514689,-5.342357360760686,3.512628055943324,48,wrist_extension,48,1.0,False
grabmyo-S028-D3-wrist_extension-T07,grabmyo-S028-D3-wrist_extension-T07,28,3,11,7,train,wrist_extension,-13.63350007558627,-7.502002352240157,-11.994498067406711,5.2856253847635495,48,wrist_extension,48,1.0,False
grabmyo-S028-D3-wrist_flexion-T01,grabmyo-S028-D3-wrist_flexion-T01,28,3,12,1,train,wrist_flexion,-6.092571907550618,-6.698537888148685,7.807635314346567,-4.4318252869115655,48,wrist_flexion,48,1.0,False
grabmyo-S028-D3-wrist_flexion-T02,grabmyo-S028-D3-wrist_flexion-T02,28,3,12,2,train,wrist_flexion,-6.0854008134808195,-7.255764507129861,8.934102888763844,-4.93776937744362,48,wrist_flexion,48,1.0,False
grabmyo-S028-D3-wrist_flexion-T03,grabmyo-S028-D3-wrist_flexion-T03,28,3,12,3,train,wrist_flexion,-5.676127845563028,-6.383030826884403,7.745641862864634,-4.008921102607786,48,wrist_flexion,48,1.0,False
grabmyo-S028-D3-wrist_flexion-T04,grabmyo-S028-D3-wrist_flexion-T04,28,3,12,4,train,wrist_flexion,-8.20170683360729,-9.485742060604439,7.566349806709457,-6.767871458992247,48,wrist_flexion,48,1.0,False
grabmyo-S028-D3-wrist_flexion-T05,grabmyo-S028-D3-wrist_flexion-T05,28,3,12,5,train,wrist_flexion,-6.0257670210522845,-7.077110249710149,7.929443330372859,-3.964149841229512,48,wrist_flexion,48,1.0,False
grabmyo-S028-D3-wrist_flexion-T06,grabmyo-S028-D3-wrist_flexion-T06,28,3,12,6,train,wrist_flexion,-5.908444681036575,-6.840021704366339,8.025369981228204,-4.330508239927205,48,wrist_flexion,48,1.0,False
grabmyo-S028-D3-wrist_flexion-T07,grabmyo-S028-D3-wrist_flexion-T07,28,3,12,7,train,wrist_flexion,-5.783303801779268,-7.375412654799049,9.08659447673685,-4.8904937940234126,48,wrist_flexion,48,1.0,False
grabmyo-S028-D3-hand_close-T01,grabmyo-S028-D3-hand_close-T01,28,3,16,1,train,hand_close,-3.4294181528161514,1.266500097367766,-2.6097929361354577,-1.3197415011855023,48,hand_close,48,1.0,False
grabmyo-S028-D3-hand_close-T02,grabmyo-S028-D3-hand_close-T02,28,3,16,2,train,hand_close,-3.2411696505492222,0.9785575753700974,-3.061114881006262,-1.4017859281975662,48,hand_close,48,1.0,False
grabmyo-S028-D3-hand_close-T03,grabmyo-S028-D3-hand_close-T03,28,3,16,3,train,hand_close,-2.7526452090911957,1.9053675153708811,-3.083739010545076,-1.9688435725452278,48,hand_close,48,1.0,False
grabmyo-S028-D3-hand_close-T04,grabmyo-S028-D3-hand_close-T04,28,3,16,4,train,hand_close,-4.254450108536024,4.266117529348372,-4.897321202859089,-3.169706675831199,48,hand_close,48,1.0,False
grabmyo-S028-D3-hand_close-T05,grabmyo-S028-D3-hand_close-T05,28,3,16,5,train,hand_close,-4.499677793149176,4.371772155468412,-5.01894486160353,-3.2041899627328423,48,hand_close,48,1.0,False
grabmyo-S028-D3-hand_close-T06,grabmyo-S028-D3-hand_close-T06,28,3,16,6,train,hand_close,-3.3750013027310377,2.7480489090849893,-3.83189553020294,-2.236795807723101,48,hand_close,48,1.0,False
grabmyo-S028-D3-hand_close-T07,grabmyo-S028-D3-hand_close-T07,28,3,16,7,train,hand_close,-3.271020154793964,2.864867137318958,-3.6868779434762273,-2.685471300029086,48,hand_close,48,1.0,False
grabmyo-S028-D3-rest-T01,grabmyo-S028-D3-rest-T01,28,3,17,1,train,rest,1.4144327211591359,-2.1320726838934707,-0.922215080630011,-1.2396520464328258,48,rest,48,1.0,False
grabmyo-S028-D3-rest-T02,grabmyo-S028-D3-rest-T02,28,3,17,2,train,rest,1.313998029172749,-2.0116998970997644,-0.7029736577647605,-1.1908809529848454,48,rest,48,1.0,False
grabmyo-S028-D3-rest-T03,grabmyo-S028-D3-rest-T03,28,3,17,3,train,rest,1.3133302650607168,-1.8199034285305986,-1.038231691778502,-1.2261717455369257,48,rest,48,1.0,False
grabmyo-S028-D3-rest-T04,grabmyo-S028-D3-rest-T04,28,3,17,4,train,rest,1.3408978837108825,-1.7856957044406114,-1.2951984322070562,-1.154547541270227,48,rest,48,1.0,False
grabmyo-S028-D3-rest-T05,grabmyo-S028-D3-rest-T05,28,3,17,5,train,rest,1.079652832302058,-1.8046562828931325,-0.9129617061242618,-1.0057020271442398,48,rest,48,1.0,False
grabmyo-S028-D3-rest-T06,grabmyo-S028-D3-rest-T06,28,3,17,6,train,rest,0.9964700230983291,-1.8689974901254078,-0.9123799061295571,-1.0021206017674782,48,rest,48,1.0,False
grabmyo-S028-D3-rest-T07,grabmyo-S028-D3-rest-T07,28,3,17,7,train,rest,1.2457165273722441,-1.7508165585331765,-1.4174465555275761,-1.1178583014562038,48,rest,48,1.0,False
grabmyo-S030-D3-wrist_extension-T01,grabmyo-S030-D3-wrist_extension-T01,30,3,11,1,train,wrist_extension,-20.90067101462928,-10.686281347338982,-26.109890675993352,4.6217317634119865,48,wrist_extension,48,1.0,False
grabmyo-S030-D3-wrist_extension-T02,grabmyo-S030-D3-wrist_extension-T02,30,3,11,2,train,wrist_extension,-18.01837898215614,-9.745003803234942,-24.139126411537763,4.196920679955615,48,wrist_extension,48,1.0,False
grabmyo-S030-D3-wrist_extension-T03,grabmyo-S030-D3-wrist_extension-T03,30,3,11,3,train,wrist_extension,-20.645779141741713,-11.537590407617586,-33.391384590228505,4.259176232402988,48,wrist_extension,48,1.0,False
grabmyo-S030-D3-wrist_extension-T04,grabmyo-S030-D3-wrist_extension-T04,30,3,11,4,train,wrist_extension,-16.76085208136359,-9.68074532452423,-20.158433596180878,3.0362832991200057,48,wrist_extension,48,1.0,False
grabmyo-S030-D3-wrist_extension-T05,grabmyo-S030-D3-wrist_extension-T05,30,3,11,5,train,wrist_extension,-18.021309568309093,-7.639584334057678,-19.768579828345086,3.5214544579412608,48,wrist_extension,48,1.0,False
grabmyo-S030-D3-wrist_extension-T06,grabmyo-S030-D3-wrist_extension-T06,30,3,11,6,train,wrist_extension,-19.713471334177665,-10.879742822141196,-28.732699583594144,4.087570869672377,48,wrist_extension,48,1.0,False
grabmyo-S030-D3-wrist_extension-T07,grabmyo-S030-D3-wrist_extension-T07,30,3,11,7,train,wrist_extension,-21.656802986296146,-10.326549228827753,-28.314295222009903,4.014778402138356,48,wrist_extension,48,1.0,False
grabmyo-S030-D3-wrist_flexion-T01,grabmyo-S030-D3-wrist_flexion-T01,30,3,12,1,train,wrist_flexion,-6.4073429182897605,-3.2567129723303054,4.553214387267844,-2.7595698229062386,48,wrist_flexion,48,1.0,False
grabmyo-S030-D3-wrist_flexion-T02,grabmyo-S030-D3-wrist_flexion-T02,30,3,12,2,train,wrist_flexion,-5.904880670148189,-3.4832456939764658,4.366351586678937,-2.5716646910145298,48,wrist_flexion,48,1.0,False
grabmyo-S030-D3-wrist_flexion-T03,grabmyo-S030-D3-wrist_flexion-T03,30,3,12,3,train,wrist_flexion,-5.769119325981214,-2.94919767129188,4.503836690541722,-2.886251571042127,48,wrist_flexion,48,1.0,False
grabmyo-S030-D3-wrist_flexion-T04,grabmyo-S030-D3-wrist_flexion-T04,30,3,12,4,train,wrist_flexion,-5.849026685670457,-2.8227369600889385,3.7303708987067306,-2.378353694441367,48,wrist_flexion,48,1.0,False
grabmyo-S030-D3-wrist_flexion-T05,grabmyo-S030-D3-wrist_flexion-T05,30,3,12,5,train,wrist_flexion,-6.681513136530963,-3.653513466873015,4.780173255392472,-2.7994515624509204,48,wrist_flexion,48,1.0,False
grabmyo-S030-D3-wrist_flexion-T06,grabmyo-S030-D3-wrist_flexion-T06,30,3,12,6,train,wrist_flexion,-5.521726830638567,-3.5370211763704984,4.55477269016202,-2.4581661922192874,48,wrist_flexion,48,1.0,False
grabmyo-S030-D3-wrist_flexion-T07,grabmyo-S030-D3-wrist_flexion-T07,30,3,12,7,train,wrist_flexion,-6.055020036022288,-3.410548463413934,4.697728360378309,-2.9938956357843605,48,wrist_flexion,48,1.0,False
grabmyo-S030-D3-hand_close-T01,grabmyo-S030-D3-hand_close-T01,30,3,16,1,train,hand_close,-5.868467726719056,6.029879781388516,-4.257518305115194,-5.099832417193977,48,hand_close,48,1.0,False
grabmyo-S030-D3-hand_close-T02,grabmyo-S030-D3-hand_close-T02,30,3,16,2,train,hand_close,-5.459806290210632,5.568807640730132,-3.83716427108547,-4.698453688288705,48,hand_close,48,1.0,False
grabmyo-S030-D3-hand_close-T03,grabmyo-S030-D3-hand_close-T03,30,3,16,3,train,hand_close,-1.9256558919525182,1.975075818655955,-2.5066992859206025,-2.214994011132282,48,hand_close,48,1.0,False
grabmyo-S030-D3-hand_close-T04,grabmyo-S030-D3-hand_close-T04,30,3,16,4,train,hand_close,-3.7808830466516263,4.3726952430471995,-3.5947169308162743,-3.8075686111383464,48,hand_close,48,1.0,False
grabmyo-S030-D3-hand_close-T05,grabmyo-S030-D3-hand_close-T05,30,3,16,5,train,hand_close,-3.786687827777271,3.993600204761975,-3.1577849560191296,-3.388676478577724,48,hand_close,48,1.0,False
grabmyo-S030-D3-hand_close-T06,grabmyo-S030-D3-hand_close-T06,30,3,16,6,train,hand_close,-5.4098740593722745,5.79098943386509,-4.253614684469159,-5.061467386016575,48,hand_close,48,1.0,False
grabmyo-S030-D3-hand_close-T07,grabmyo-S030-D3-hand_close-T07,30,3,16,7,train,hand_close,-2.5494440488624432,2.3922987225348424,-2.5634386349519,-2.33430508898141,48,hand_close,48,1.0,False
grabmyo-S030-D3-rest-T01,grabmyo-S030-D3-rest-T01,30,3,17,1,train,rest,1.2826225331999632,-1.3784975408121438,-1.4135279397721463,-1.445291505806819,48,rest,48,1.0,False
grabmyo-S030-D3-rest-T02,grabmyo-S030-D3-rest-T02,30,3,17,2,train,rest,0.8347514119565673,-1.328193986160999,-1.068679139023625,-1.197507897003983,48,rest,48,1.0,False
grabmyo-S030-D3-rest-T03,grabmyo-S030-D3-rest-T03,30,3,17,3,train,rest,1.148224767126444,-1.1521491271067004,-1.3801108432582658,-1.4490844284129667,48,rest,48,1.0,False
grabmyo-S030-D3-rest-T04,grabmyo-S030-D3-rest-T04,30,3,17,4,train,rest,1.276404733533781,-1.068678325006742,-1.6269039803453724,-1.3243878127723734,48,rest,48,1.0,False
grabmyo-S030-D3-rest-T05,grabmyo-S030-D3-rest-T05,30,3,17,5,train,rest,0.7155827445863957,-0.3201797412842368,-1.8971105148622982,-1.6462981873206364,48,rest,48,1.0,False
grabmyo-S030-D3-rest-T06,grabmyo-S030-D3-rest-T06,30,3,17,6,train,rest,1.1261140886667562,-0.6722215782996503,-1.5847968653935223,-1.4502468102134258,48,rest,48,1.0,False
grabmyo-S030-D3-rest-T07,grabmyo-S030-D3-rest-T07,30,3,17,7,train,rest,1.0996888601752477,-1.117875285854126,-1.2629508929748978,-1.339715206895791,48,rest,48,1.0,False
grabmyo-S031-D3-wrist_extension-T01,grabmyo-S031-D3-wrist_extension-T01,31,3,11,1,train,wrist_extension,-10.041641337320927,-3.06175129819682,-5.19538057010473,2.56380773897237,48,wrist_extension,48,1.0,False
grabmyo-S031-D3-wrist_extension-T02,grabmyo-S031-D3-wrist_extension-T02,31,3,11,2,train,wrist_extension,-10.32064625140121,-2.5424300496602776,-5.238158856769275,2.6091761008362084,48,wrist_extension,48,1.0,False
grabmyo-S031-D3-wrist_extension-T03,grabmyo-S031-D3-wrist_extension-T03,31,3,11,3,train,wrist_extension,-4.772365760222051,-1.2310468176630973,-1.8120406749083424,0.9189826089774725,48,wrist_extension,48,1.0,False
grabmyo-S031-D3-wrist_extension-T04,grabmyo-S031-D3-wrist_extension-T04,31,3,11,4,train,wrist_extension,-8.738651030562023,-1.8915883400914275,-3.756139150224456,1.8484775840193342,48,wrist_extension,48,1.0,False
grabmyo-S031-D3-wrist_extension-T05,grabmyo-S031-D3-wrist_extension-T05,31,3,11,5,train,wrist_extension,-6.575921528309903,-1.5479830309751517,-2.626296818406019,1.619162404060102,48,wrist_extension,48,1.0,False
grabmyo-S031-D3-wrist_extension-T06,grabmyo-S031-D3-wrist_extension-T06,31,3,11,6,train,wrist_extension,-9.699568155548233,-2.4343503495238816,-4.600996812049923,2.4027437258218076,48,wrist_extension,48,1.0,False
grabmyo-S031-D3-wrist_extension-T07,grabmyo-S031-D3-wrist_extension-T07,31,3,11,7,train,wrist_extension,-8.586094384871416,-1.8239109397768425,-3.3901628501457295,1.9173137685585306,48,wrist_extension,48,1.0,False
grabmyo-S031-D3-wrist_flexion-T01,grabmyo-S031-D3-wrist_flexion-T01,31,3,12,1,train,wrist_flexion,-3.1385356284201666,-1.2478396484899557,1.6139369621799557,-2.063564088596391,48,wrist_flexion,48,1.0,False
grabmyo-S031-D3-wrist_flexion-T02,grabmyo-S031-D3-wrist_flexion-T02,31,3,12,2,train,wrist_flexion,-3.2346950629559914,-2.294939344096042,2.523824696102018,-2.5233463278603323,48,wrist_flexion,48,1.0,False
grabmyo-S031-D3-wrist_flexion-T03,grabmyo-S031-D3-wrist_flexion-T03,31,3,12,3,train,wrist_flexion,-2.253805134070301,-1.691772556311384,1.751934183863235,-1.966576296941153,48,wrist_flexion,48,1.0,False
grabmyo-S031-D3-wrist_flexion-T04,grabmyo-S031-D3-wrist_flexion-T04,31,3,12,4,train,wrist_flexion,-3.0761734774307907,-1.1402273508165355,1.1984503446806312,-1.8429100521312183,48,wrist_flexion,48,1.0,False
grabmyo-S031-D3-wrist_flexion-T05,grabmyo-S031-D3-wrist_flexion-T05,31,3,12,5,train,wrist_flexion,-3.611688720944558,-1.6454685510768838,1.6656225846131238,-2.2216952855785186,48,wrist_flexion,48,1.0,False
grabmyo-S031-D3-wrist_flexion-T06,grabmyo-S031-D3-wrist_flexion-T06,31,3,12,6,train,wrist_flexion,-4.439426179130119,-2.113109720637229,3.1788506492681345,-3.114716384012134,48,wrist_flexion,48,1.0,False
grabmyo-S031-D3-wrist_flexion-T07,grabmyo-S031-D3-wrist_flexion-T07,31,3,12,7,train,wrist_flexion,-4.033454488705879,-1.6620306950044101,2.382018236675758,-3.006731288006101,48,wrist_flexion,48,1.0,False
grabmyo-S031-D3-hand_close-T01,grabmyo-S031-D3-hand_close-T01,31,3,16,1,train,hand_close,-2.2267808912212232,1.475757000190819,-1.7947284873760934,-2.6830085917457045,48,hand_close,48,1.0,False
grabmyo-S031-D3-hand_close-T02,grabmyo-S031-D3-hand_close-T02,31,3,16,2,train,hand_close,-3.063073177538388,1.7221273996833084,-1.5182504898783817,-3.0985195627911573,48,hand_close,48,1.0,False
grabmyo-S031-D3-hand_close-T03,grabmyo-S031-D3-hand_close-T03,31,3,16,3,train,hand_close,-3.498229571024168,2.752108134087358,-2.036077314708582,-3.3091901554238228,48,hand_close,48,1.0,False
grabmyo-S031-D3-hand_close-T04,grabmyo-S031-D3-hand_close-T04,31,3,16,4,train,hand_close,-2.2695093629728444,1.5644903312867384,-1.6160204021896416,-2.5635371401091853,48,hand_close,48,1.0,False
grabmyo-S031-D3-hand_close-T05,grabmyo-S031-D3-hand_close-T05,31,3,16,5,train,hand_close,-1.3368399415952785,1.5711981818386347,-1.8923313236252703,-2.664625521503061,48,hand_close,48,1.0,False
grabmyo-S031-D3-hand_close-T06,grabmyo-S031-D3-hand_close-T06,31,3,16,6,train,hand_close,-2.3418802151833398,1.00579462988138,-0.9948070831826742,-2.507107843785182,48,hand_close,48,1.0,False
grabmyo-S031-D3-hand_close-T07,grabmyo-S031-D3-hand_close-T07,31,3,16,7,train,hand_close,-1.1689758698100903,0.5274591793122986,-1.0763388520171022,-2.0398074129596417,48,hand_close,48,1.0,False
grabmyo-S031-D3-rest-T01,grabmyo-S031-D3-rest-T01,31,3,17,1,train,rest,0.7825983722968614,-0.768331088163224,-1.0964314717003616,-1.3705829281887063,48,rest,48,1.0,False
grabmyo-S031-D3-rest-T02,grabmyo-S031-D3-rest-T02,31,3,17,2,train,rest,0.7937015343616646,-0.7017555984821122,-1.2418083687746615,-1.514946507488676,48,rest,48,1.0,False
grabmyo-S031-D3-rest-T03,grabmyo-S031-D3-rest-T03,31,3,17,3,train,rest,0.7311833587331478,-0.9130477839229808,-1.2298873848828584,-1.0232340344056678,48,rest,48,1.0,False
grabmyo-S031-D3-rest-T04,grabmyo-S031-D3-rest-T04,31,3,17,4,train,rest,0.6813910517934474,-0.627112451593165,-1.2700882161967109,-1.3071843425692584,48,rest,48,1.0,False
grabmyo-S031-D3-rest-T05,grabmyo-S031-D3-rest-T05,31,3,17,5,train,rest,0.6305179233895574,-0.6533820761510567,-1.3395006051796046,-1.406573668301962,48,rest,48,1.0,False
grabmyo-S031-D3-rest-T06,grabmyo-S031-D3-rest-T06,31,3,17,6,train,rest,0.5897952544687007,-0.41114049160615335,-1.4410612381950123,-1.3936535967718993,48,rest,48,1.0,False
grabmyo-S031-D3-rest-T07,grabmyo-S031-D3-rest-T07,31,3,17,7,train,rest,0.6456795802152767,-0.7296906516065179,-1.2695782923865602,-1.2326548675397309,48,rest,48,1.0,False
grabmyo-S032-D3-wrist_extension-T01,grabmyo-S032-D3-wrist_extension-T01,32,3,11,1,train,wrist_extension,-2.8236594995682505,-0.969377088372258,-1.7513558677473202,0.11233489538062451,48,wrist_extension,48,1.0,False
grabmyo-S032-D3-wrist_extension-T02,grabmyo-S032-D3-wrist_extension-T02,32,3,11,2,train,wrist_extension,-3.00655725652723,-0.5267515818797921,-1.151696853954953,0.08134431396349273,48,wrist_extension,48,1.0,False
grabmyo-S032-D3-wrist_extension-T03,grabmyo-S032-D3-wrist_extension-T03,32,3,11,3,train,wrist_extension,-3.423746157493962,-0.785531989026974,-1.3162631921419148,0.33001934045813014,48,wrist_extension,48,1.0,False
grabmyo-S032-D3-wrist_extension-T04,grabmyo-S032-D3-wrist_extension-T04,32,3,11,4,train,wrist_extension,-2.9587164466105804,-0.621876164936001,-1.1304475484058587,0.16597657043494773,48,wrist_extension,48,1.0,False
grabmyo-S032-D3-wrist_extension-T05,grabmyo-S032-D3-wrist_extension-T05,32,3,11,5,train,wrist_extension,-5.652611626721019,-0.8397400069670983,-1.9250837547828707,0.3494081097765182,48,wrist_extension,48,1.0,False
grabmyo-S032-D3-wrist_extension-T06,grabmyo-S032-D3-wrist_extension-T06,32,3,11,6,train,wrist_extension,-4.796827779483109,-0.8009135324232638,-1.6503909205942895,0.3978779597650293,48,wrist_extension,48,1.0,False
grabmyo-S032-D3-wrist_extension-T07,grabmyo-S032-D3-wrist_extension-T07,32,3,11,7,train,wrist_extension,-2.5352195950303438,-0.8250165982116782,-1.031092747428816,-0.3055997477766049,48,wrist_extension,48,1.0,False
grabmyo-S032-D3-wrist_flexion-T01,grabmyo-S032-D3-wrist_flexion-T01,32,3,12,1,train,wrist_flexion,-0.5697622292526189,-1.9993145737287847,0.10086190968694271,-1.367491752404674,48,wrist_flexion,48,1.0,False
grabmyo-S032-D3-wrist_flexion-T02,grabmyo-S032-D3-wrist_flexion-T02,32,3,12,2,train,wrist_flexion,-1.6823345035088995,-2.9310053083394383,1.7318938806252095,-1.8384734718809934,48,wrist_flexion,48,1.0,False
grabmyo-S032-D3-wrist_flexion-T03,grabmyo-S032-D3-wrist_flexion-T03,32,3,12,3,train,wrist_flexion,-1.7491092667290626,-2.825183834638946,1.8889537850309255,-1.8932233194153083,48,wrist_flexion,48,1.0,False
grabmyo-S032-D3-wrist_flexion-T04,grabmyo-S032-D3-wrist_flexion-T04,32,3,12,4,train,wrist_flexion,-1.7645948317895526,-2.5376098388168544,1.6932792649019772,-1.816100886749121,48,wrist_flexion,48,1.0,False
grabmyo-S032-D3-wrist_flexion-T05,grabmyo-S032-D3-wrist_flexion-T05,32,3,12,5,train,wrist_flexion,-1.1996414352817224,-2.3842709839591265,1.142126458899213,-1.2573766704018485,48,wrist_flexion,48,1.0,False
grabmyo-S032-D3-wrist_flexion-T06,grabmyo-S032-D3-wrist_flexion-T06,32,3,12,6,train,wrist_flexion,-1.132573970439226,-2.3287697436426185,0.9366967381576262,-1.5429309873757824,48,wrist_flexion,48,1.0,False
grabmyo-S032-D3-wrist_flexion-T07,grabmyo-S032-D3-wrist_flexion-T07,32,3,12,7,train,wrist_flexion,-0.32825829459803824,-1.9294761348365295,0.2441741180065573,-1.1004113362726498,48,wrist_flexion,48,1.0,False
grabmyo-S032-D3-hand_close-T01,grabmyo-S032-D3-hand_close-T01,32,3,16,1,train,hand_close,-1.2323870140396964,0.6208278198379843,-1.547084409786606,-1.6207593922666683,48,hand_close,48,1.0,False
grabmyo-S032-D3-hand_close-T02,grabmyo-S032-D3-hand_close-T02,32,3,16,2,train,hand_close,-2.0286972554857736,1.594646547237774,-1.8630013870206283,-2.017676540308383,48,hand_close,48,1.0,False
grabmyo-S032-D3-hand_close-T03,grabmyo-S032-D3-hand_close-T03,32,3,16,3,train,hand_close,-2.839380229427011,1.3555496863514778,-2.7524729190001476,-1.9670978663576653,48,hand_close,48,1.0,False
grabmyo-S032-D3-hand_close-T04,grabmyo-S032-D3-hand_close-T04,32,3,16,4,train,hand_close,-0.7931937532739272,0.6747234373541207,-1.6086960964104648,-1.4712836150822894,48,hand_close,48,1.0,False
grabmyo-S032-D3-hand_close-T05,grabmyo-S032-D3-hand_close-T05,32,3,16,5,train,hand_close,-1.6961474533407521,0.9503954374349942,-1.5540620945369976,-1.703580848879333,48,hand_close,48,1.0,False
grabmyo-S032-D3-hand_close-T06,grabmyo-S032-D3-hand_close-T06,32,3,16,6,train,hand_close,-1.6754082295665498,1.8991046414728527,-2.2601627990565727,-1.7134626733434306,48,hand_close,48,1.0,False
grabmyo-S032-D3-hand_close-T07,grabmyo-S032-D3-hand_close-T07,32,3,16,7,train,hand_close,-2.242916499248357,0.9435989568635832,-1.8524224730596004,-1.4089633541866338,48,hand_close,48,1.0,False
grabmyo-S032-D3-rest-T01,grabmyo-S032-D3-rest-T01,32,3,17,1,train,rest,0.9952024282582267,-1.0455568319244535,-1.13446350590432,-1.2514740069320767,48,rest,48,1.0,False
grabmyo-S032-D3-rest-T02,grabmyo-S032-D3-rest-T02,32,3,17,2,train,rest,0.9486151927171971,-1.205772996692384,-1.0467038811527505,-1.170282021886184,48,rest,48,1.0,False
grabmyo-S032-D3-rest-T03,grabmyo-S032-D3-rest-T03,32,3,17,3,train,rest,1.0728245150570048,-1.7598121885570377,-1.042121535393695,-0.9000081159586476,48,rest,48,1.0,False
grabmyo-S032-D3-rest-T04,grabmyo-S032-D3-rest-T04,32,3,17,4,train,rest,0.6276092170973372,-1.0425298739333866,-1.5802623117590402,-0.878973529747867,48,rest,48,1.0,False
grabmyo-S032-D3-rest-T05,grabmyo-S032-D3-rest-T05,32,3,17,5,train,rest,0.6754672792583972,-1.8874893489223414,-0.2783264543508854,-1.3597803671333069,48,rest,48,1.0,False
grabmyo-S032-D3-rest-T06,grabmyo-S032-D3-rest-T06,32,3,17,6,train,rest,0.8079092174429121,-1.6615838590480212,-1.6733828314191832,-0.7341739364389284,48,rest,48,1.0,False
grabmyo-S032-D3-rest-T07,grabmyo-S032-D3-rest-T07,32,3,17,7,train,rest,0.550950577885601,-0.9603004748872513,-1.1969864979279803,-0.9249415093742274,48,rest,48,1.0,False
grabmyo-S036-D3-wrist_extension-T01,grabmyo-S036-D3-wrist_extension-T01,36,3,11,1,train,wrist_extension,-14.1040096934939,-5.530291304216431,-8.963774685146896,4.662145273717006,48,wrist_extension,48,1.0,False
grabmyo-S036-D3-wrist_extension-T02,grabmyo-S036-D3-wrist_extension-T02,36,3,11,2,train,wrist_extension,-18.22395427144821,-8.356819616530926,-14.239425160203394,4.035150639266184,48,wrist_extension,48,1.0,False
grabmyo-S036-D3-wrist_extension-T03,grabmyo-S036-D3-wrist_extension-T03,36,3,11,3,train,wrist_extension,-16.897920721577417,-7.147935020940754,-12.963644057554951,4.024014978925831,48,wrist_extension,48,1.0,False
grabmyo-S036-D3-wrist_extension-T04,grabmyo-S036-D3-wrist_extension-T04,36,3,11,4,train,wrist_extension,-17.05877267980608,-6.963766720434227,-12.260803773716608,3.2551120888517584,48,wrist_extension,48,1.0,False
grabmyo-S036-D3-wrist_extension-T05,grabmyo-S036-D3-wrist_extension-T05,36,3,11,5,train,wrist_extension,-13.45566030100816,-5.5998484296632745,-8.73922757424727,3.1242695803885483,48,wrist_extension,48,1.0,False
grabmyo-S036-D3-wrist_extension-T06,grabmyo-S036-D3-wrist_extension-T06,36,3,11,6,train,wrist_extension,-11.768832537393342,-4.331524632353875,-6.236912927281239,3.4601715237799735,48,wrist_extension,48,1.0,False
grabmyo-S036-D3-wrist_extension-T07,grabmyo-S036-D3-wrist_extension-T07,36,3,11,7,train,wrist_extension,-13.499978840638276,-5.475863351251974,-8.83393277259172,3.485916848174453,48,wrist_extension,48,1.0,False
grabmyo-S036-D3-wrist_flexion-T01,grabmyo-S036-D3-wrist_flexion-T01,36,3,12,1,train,wrist_flexion,-2.939755765905271,-4.069348035123251,5.280073482607209,-2.5301711362000354,48,wrist_flexion,48,1.0,False
grabmyo-S036-D3-wrist_flexion-T02,grabmyo-S036-D3-wrist_flexion-T02,36,3,12,2,train,wrist_flexion,-3.437066676560898,-4.030973009863205,4.615463900070378,-3.0078818010362696,48,wrist_flexion,48,1.0,False
grabmyo-S036-D3-wrist_flexion-T03,grabmyo-S036-D3-wrist_flexion-T03,36,3,12,3,train,wrist_flexion,-4.173131286273051,-2.669564137137067,3.934241656236578,-2.66476898465822,48,wrist_flexion,48,1.0,False
grabmyo-S036-D3-wrist_flexion-T04,grabmyo-S036-D3-wrist_flexion-T04,36,3,12,4,train,wrist_flexion,-6.611006420883647,-2.6908860319524295,3.7868931729552773,-4.076869884796117,48,wrist_flexion,48,1.0,False
grabmyo-S036-D3-wrist_flexion-T05,grabmyo-S036-D3-wrist_flexion-T05,36,3,12,5,train,wrist_flexion,-2.955391329525487,-4.082607574775077,5.20598942204446,-2.04136484753895,48,wrist_flexion,48,1.0,False
grabmyo-S036-D3-wrist_flexion-T06,grabmyo-S036-D3-wrist_flexion-T06,36,3,12,6,train,wrist_flexion,-2.740020642340509,-4.138870852537374,4.604463166968603,-2.6539578233024095,48,wrist_flexion,48,1.0,False
grabmyo-S036-D3-wrist_flexion-T07,grabmyo-S036-D3-wrist_flexion-T07,36,3,12,7,train,wrist_flexion,-2.8798664221478973,-1.852417366804354,1.4350273399889282,-2.7351630191828558,48,wrist_flexion,48,1.0,False
grabmyo-S036-D3-hand_close-T01,grabmyo-S036-D3-hand_close-T01,36,3,16,1,train,hand_close,-7.283785946520509,4.0978597001627115,-2.9188285397240232,-3.5642727312038214,48,hand_close,48,1.0,False
grabmyo-S036-D3-hand_close-T02,grabmyo-S036-D3-hand_close-T02,36,3,16,2,train,hand_close,-5.115542361367933,3.552771461108732,-2.9541300212789583,-2.225980696697673,48,hand_close,48,1.0,False
grabmyo-S036-D3-hand_close-T03,grabmyo-S036-D3-hand_close-T03,36,3,16,3,train,hand_close,-4.17563844565191,1.9331774914002062,-1.8601844838684718,-2.024261752643947,48,hand_close,48,1.0,False
grabmyo-S036-D3-hand_close-T04,grabmyo-S036-D3-hand_close-T04,36,3,16,4,train,hand_close,-5.637238163055199,3.906090184003292,-2.728992421773548,-3.242396168921303,48,hand_close,48,1.0,False
grabmyo-S036-D3-hand_close-T05,grabmyo-S036-D3-hand_close-T05,36,3,16,5,train,hand_close,-4.9261845231876675,3.2914280670075153,-2.479426064357012,-2.586960452663338,48,hand_close,48,1.0,False
grabmyo-S036-D3-hand_close-T06,grabmyo-S036-D3-hand_close-T06,36,3,16,6,train,hand_close,-4.257913950407763,3.5238246204580754,-2.9047932287413842,-2.5906694202350984,48,hand_close,48,1.0,False
grabmyo-S036-D3-hand_close-T07,grabmyo-S036-D3-hand_close-T07,36,3,16,7,train,hand_close,-5.034535655421374,3.2145692709786946,-2.4131900894619887,-2.7940095204090674,48,hand_close,48,1.0,False
grabmyo-S036-D3-rest-T01,grabmyo-S036-D3-rest-T01,36,3,17,1,train,rest,1.0550279021580444,-0.9068064208938725,-2.077053382069461,-1.2834079021483382,48,rest,48,1.0,False
grabmyo-S036-D3-rest-T02,grabmyo-S036-D3-rest-T02,36,3,17,2,train,rest,1.0342270808284306,-0.5073771248734867,-2.089121503514671,-1.4330370877427328,48,rest,48,1.0,False
grabmyo-S036-D3-rest-T03,grabmyo-S036-D3-rest-T03,36,3,17,3,train,rest,0.6909522069452106,-0.5919728218398427,-1.5511631160346866,-1.394931610108151,48,rest,48,1.0,False
grabmyo-S036-D3-rest-T04,grabmyo-S036-D3-rest-T04,36,3,17,4,train,rest,1.2012739761480031,-1.0371787510111257,-1.8222584019153867,-1.378424578292554,48,rest,48,1.0,False
grabmyo-S036-D3-rest-T05,grabmyo-S036-D3-rest-T05,36,3,17,5,train,rest,0.7603726913251351,-0.9104214459755418,-1.2268524313071856,-1.2245629690265727,48,rest,48,1.0,False
grabmyo-S036-D3-rest-T06,grabmyo-S036-D3-rest-T06,36,3,17,6,train,rest,1.04377691045822,-0.9379831506961129,-1.4060512705518795,-1.2626996298572173,48,rest,48,1.0,False
grabmyo-S036-D3-rest-T07,grabmyo-S036-D3-rest-T07,36,3,17,7,train,rest,0.9579458142672527,-1.0620939416389013,-1.427180300085018,-1.2877015665842098,48,rest,48,1.0,False
grabmyo-S037-D3-wrist_extension-T01,grabmyo-S037-D3-wrist_extension-T01,37,3,11,1,train,wrist_extension,-7.774082902085834,-3.383256046313593,-5.251415940256094,2.4613873561603596,48,wrist_extension,48,1.0,False
grabmyo-S037-D3-wrist_extension-T02,grabmyo-S037-D3-wrist_extension-T02,37,3,11,2,train,wrist_extension,-8.923076074962072,-3.969207062743486,-6.142736094614977,2.651993894829158,48,wrist_extension,48,1.0,False
grabmyo-S037-D3-wrist_extension-T03,grabmyo-S037-D3-wrist_extension-T03,37,3,11,3,train,wrist_extension,-7.665720922037977,-3.2303005902856197,-5.375521942295979,2.365525939859381,48,wrist_extension,48,1.0,False
grabmyo-S037-D3-wrist_extension-T04,grabmyo-S037-D3-wrist_extension-T04,37,3,11,4,train,wrist_extension,-9.590074112895193,-4.812678611164391,-6.748661396840387,3.2012123165231023,48,wrist_extension,48,1.0,False
grabmyo-S037-D3-wrist_extension-T05,grabmyo-S037-D3-wrist_extension-T05,37,3,11,5,train,wrist_extension,-9.506386323570672,-4.131619730045137,-6.656280277766399,3.039162689896907,48,wrist_extension,48,1.0,False
grabmyo-S037-D3-wrist_extension-T06,grabmyo-S037-D3-wrist_extension-T06,37,3,11,6,train,wrist_extension,-10.664825607721722,-7.404125428770855,-10.311291097530274,3.8685309850802287,48,wrist_extension,48,1.0,False
grabmyo-S037-D3-wrist_extension-T07,grabmyo-S037-D3-wrist_extension-T07,37,3,11,7,train,wrist_extension,-12.209367154848081,-6.89565644128557,-9.320249601372813,3.8892603294333097,48,wrist_extension,48,1.0,False
grabmyo-S037-D3-wrist_flexion-T01,grabmyo-S037-D3-wrist_flexion-T01,37,3,12,1,train,wrist_flexion,-2.1844431971762925,-1.6793395014235006,1.3540951494306241,-1.4080369261673897,48,wrist_flexion,48,1.0,False
grabmyo-S037-D3-wrist_flexion-T02,grabmyo-S037-D3-wrist_flexion-T02,37,3,12,2,train,wrist_flexion,-1.92168435468833,-1.608947673708349,1.2641297199290078,-1.2984980922065699,48,wrist_flexion,48,1.0,False
grabmyo-S037-D3-wrist_flexion-T03,grabmyo-S037-D3-wrist_flexion-T03,37,3,12,3,train,wrist_flexion,-1.3887917310487286,-1.7345980003233732,1.2547239646499393,-1.4318249815104445,48,wrist_flexion,48,1.0,False
grabmyo-S037-D3-wrist_flexion-T04,grabmyo-S037-D3-wrist_flexion-T04,37,3,12,4,train,wrist_flexion,-2.7149237707003055,-1.3140204128491775,0.966671875167759,-1.381981245776439,48,wrist_flexion,48,1.0,False
grabmyo-S037-D3-wrist_flexion-T05,grabmyo-S037-D3-wrist_flexion-T05,37,3,12,5,train,wrist_flexion,-1.878950476092842,-1.4195561973064432,0.9623560092150688,-1.3123776105335814,48,wrist_flexion,48,1.0,False
grabmyo-S037-D3-wrist_flexion-T06,grabmyo-S037-D3-wrist_flexion-T06,37,3,12,6,train,wrist_flexion,-1.9353942727682096,-1.302040431714682,0.5814827203632015,-1.0628272281123274,48,wrist_flexion,48,1.0,False
grabmyo-S037-D3-wrist_flexion-T07,grabmyo-S037-D3-wrist_flexion-T07,37,3,12,7,train,wrist_flexion,-1.4305059962631832,-1.0649810467705692,0.38104276798947034,-1.101717054992158,48,wrist_flexion,48,1.0,False
grabmyo-S037-D3-hand_close-T01,grabmyo-S037-D3-hand_close-T01,37,3,16,1,train,hand_close,-1.765788544081467,0.5645171280514044,-1.4145827747326474,-1.5546387031001767,48,hand_close,48,1.0,False
grabmyo-S037-D3-hand_close-T02,grabmyo-S037-D3-hand_close-T02,37,3,16,2,train,hand_close,-1.8775836787823001,0.9352889503706222,-1.5392994332519372,-1.4738723867429513,48,hand_close,48,1.0,False
grabmyo-S037-D3-hand_close-T03,grabmyo-S037-D3-hand_close-T03,37,3,16,3,train,hand_close,-1.9551654113352848,0.7176462713824513,-1.3302977369077054,-1.4753185384016412,48,hand_close,48,1.0,False
grabmyo-S037-D3-hand_close-T04,grabmyo-S037-D3-hand_close-T04,37,3,16,4,train,hand_close,-1.8857820442266167,0.7634300194364002,-1.0978998919421261,-1.6015566879476193,48,hand_close,48,1.0,False
grabmyo-S037-D3-hand_close-T05,grabmyo-S037-D3-hand_close-T05,37,3,16,5,train,hand_close,-1.061423220345798,0.014180161222989845,-1.0336594448662924,-1.208959292042288,48,hand_close,48,1.0,False
grabmyo-S037-D3-hand_close-T06,grabmyo-S037-D3-hand_close-T06,37,3,16,6,train,hand_close,-1.6797581261621708,0.3182025552001106,-1.2164829611489727,-1.2240034960255675,48,hand_close,48,1.0,False
grabmyo-S037-D3-hand_close-T07,grabmyo-S037-D3-hand_close-T07,37,3,16,7,train,hand_close,-1.4329680772789721,0.38359722710531224,-1.410908702771101,-1.4780838294219603,48,hand_close,48,1.0,False
grabmyo-S037-D3-rest-T01,grabmyo-S037-D3-rest-T01,37,3,17,1,train,rest,0.5148624900228104,-0.6892431069987824,-1.40325250151624,-1.027247261687958,48,rest,48,1.0,False
grabmyo-S037-D3-rest-T02,grabmyo-S037-D3-rest-T02,37,3,17,2,train,rest,0.2907042738504621,-0.5688755972699387,-1.626028779360431,-0.8301209571296267,48,rest,48,1.0,False
grabmyo-S037-D3-rest-T03,grabmyo-S037-D3-rest-T03,37,3,17,3,train,rest,0.4652084984716897,-0.46427771337338547,-1.8564821678010033,-0.7837217762538026,48,rest,48,1.0,False
grabmyo-S037-D3-rest-T04,grabmyo-S037-D3-rest-T04,37,3,17,4,train,rest,-0.023419434052949578,-0.48989142560621524,-1.615220053156838,-0.8689212739043026,48,rest,48,1.0,False
grabmyo-S037-D3-rest-T05,grabmyo-S037-D3-rest-T05,37,3,17,5,train,rest,0.23666296155504188,-0.5171866608866059,-1.4980794247024314,-0.9594012402386833,48,rest,48,1.0,False
grabmyo-S037-D3-rest-T06,grabmyo-S037-D3-rest-T06,37,3,17,6,train,rest,-0.048220977223291606,-0.5329198875124025,-1.4531827047586716,-0.8035623546634971,48,rest,48,1.0,False
grabmyo-S037-D3-rest-T07,grabmyo-S037-D3-rest-T07,37,3,17,7,train,rest,-0.02828986528657289,-0.35019674018555835,-1.8684047554359544,-0.6250724619238338,48,rest,48,1.0,False
grabmyo-S038-D3-wrist_extension-T01,grabmyo-S038-D3-wrist_extension-T01,38,3,11,1,train,wrist_extension,-6.692298998245466,-2.355765812133727,-5.42340779108811,2.620758629217969,48,wrist_extension,48,1.0,False
grabmyo-S038-D3-wrist_extension-T02,grabmyo-S038-D3-wrist_extension-T02,38,3,11,2,train,wrist_extension,-6.6493887223583945,-2.1531419628138013,-5.8211421133937264,2.099995324001543,48,wrist_extension,48,1.0,False
grabmyo-S038-D3-wrist_extension-T03,grabmyo-S038-D3-wrist_extension-T03,38,3,11,3,train,wrist_extension,-6.227321329410835,-1.4834879017161524,-4.437060129630722,2.6038729557370917,48,wrist_extension,48,1.0,False
grabmyo-S038-D3-wrist_extension-T04,grabmyo-S038-D3-wrist_extension-T04,38,3,11,4,train,wrist_extension,-6.761828337129938,-1.6937432096123184,-4.758680900857922,2.552614514631886,48,wrist_extension,48,1.0,False
grabmyo-S038-D3-wrist_extension-T05,grabmyo-S038-D3-wrist_extension-T05,38,3,11,5,train,wrist_extension,-5.330959836667083,-1.0101953555167886,-3.981730259800138,2.093021225380568,48,wrist_extension,48,1.0,False
grabmyo-S038-D3-wrist_extension-T06,grabmyo-S038-D3-wrist_extension-T06,38,3,11,6,train,wrist_extension,-4.736250917650383,-1.2445419774417337,-2.6621372514476445,1.7415268127480914,48,wrist_extension,48,1.0,False
grabmyo-S038-D3-wrist_extension-T07,grabmyo-S038-D3-wrist_extension-T07,38,3,11,7,train,wrist_extension,-3.484995632176829,-1.0479084936511216,-2.069251246565099,1.3585228782334633,48,wrist_extension,48,1.0,False
grabmyo-S038-D3-wrist_flexion-T01,grabmyo-S038-D3-wrist_flexion-T01,38,3,12,1,train,wrist_flexion,-5.699925138017551,-1.9184902516855205,2.9030527258882093,-4.114053024159648,48,wrist_flexion,48,1.0,False
grabmyo-S038-D3-wrist_flexion-T02,grabmyo-S038-D3-wrist_flexion-T02,38,3,12,2,train,wrist_flexion,-5.120492571169621,-1.419875213729303,2.2612931812616215,-3.9248924302964525,48,wrist_flexion,48,1.0,False
grabmyo-S038-D3-wrist_flexion-T03,grabmyo-S038-D3-wrist_flexion-T03,38,3,12,3,train,wrist_flexion,-4.0707532420665515,-1.568616132151423,2.11263575886271,-3.3127091210937354,48,wrist_flexion,48,1.0,False
grabmyo-S038-D3-wrist_flexion-T04,grabmyo-S038-D3-wrist_flexion-T04,38,3,12,4,train,wrist_flexion,-3.0788288480088712,-0.4711448919152043,0.4824485984699656,-2.633373190317991,48,wrist_flexion,48,1.0,False
grabmyo-S038-D3-wrist_flexion-T05,grabmyo-S038-D3-wrist_flexion-T05,38,3,12,5,train,wrist_flexion,-3.7316314745217443,-1.3347162773648353,1.435148484074551,-3.4197200267007957,48,wrist_flexion,48,1.0,False
grabmyo-S038-D3-wrist_flexion-T06,grabmyo-S038-D3-wrist_flexion-T06,38,3,12,6,train,wrist_flexion,-3.9812167429122174,-1.2548377119459666,1.523197612669719,-3.353890916954098,48,wrist_flexion,48,1.0,False
grabmyo-S038-D3-wrist_flexion-T07,grabmyo-S038-D3-wrist_flexion-T07,38,3,12,7,train,wrist_flexion,-3.522804692202943,-1.5334683022751037,1.5412066500370163,-2.998099750081796,48,wrist_flexion,48,1.0,False
grabmyo-S038-D3-hand_close-T01,grabmyo-S038-D3-hand_close-T01,38,3,16,1,train,hand_close,-4.534669511053488,2.446925741836767,-1.9511394469858663,-3.358336453853864,48,hand_close,48,1.0,False
grabmyo-S038-D3-hand_close-T02,grabmyo-S038-D3-hand_close-T02,38,3,16,2,train,hand_close,-2.04621648289807,1.160595261466426,-1.7168594634657897,-2.2982425874558063,48,hand_close,48,1.0,False
grabmyo-S038-D3-hand_close-T03,grabmyo-S038-D3-hand_close-T03,38,3,16,3,train,hand_close,-1.893796780480684,1.1099819356376488,-1.7044629968017329,-2.266482228408177,48,hand_close,48,1.0,False
grabmyo-S038-D3-hand_close-T04,grabmyo-S038-D3-hand_close-T04,38,3,16,4,train,hand_close,-2.6427828199921026,1.4867187098648103,-1.9006133582199194,-2.4480282693093396,48,hand_close,48,1.0,False
grabmyo-S038-D3-hand_close-T05,grabmyo-S038-D3-hand_close-T05,38,3,16,5,train,hand_close,-1.5507798357478704,0.6934106302667854,-1.4503877226780542,-2.0553220518839,48,hand_close,48,1.0,False
grabmyo-S038-D3-hand_close-T06,grabmyo-S038-D3-hand_close-T06,38,3,16,6,train,hand_close,-2.446826360496693,1.0785550852535313,-1.510296152701218,-2.487895611033366,48,hand_close,48,1.0,False
grabmyo-S038-D3-hand_close-T07,grabmyo-S038-D3-hand_close-T07,38,3,16,7,train,hand_close,-1.0218019293929206,0.3128520424312963,-1.3049694274468915,-1.90691575653447,48,hand_close,48,1.0,False
grabmyo-S038-D3-rest-T01,grabmyo-S038-D3-rest-T01,38,3,17,1,train,rest,1.0507211347910825,-0.8737140284499514,-1.4658634826023622,-1.321310980634125,48,rest,48,1.0,False
grabmyo-S038-D3-rest-T02,grabmyo-S038-D3-rest-T02,38,3,17,2,train,rest,1.064287582611857,-0.5221664879852072,-1.8599588677280081,-1.2693724865978706,48,rest,48,1.0,False
grabmyo-S038-D3-rest-T03,grabmyo-S038-D3-rest-T03,38,3,17,3,train,rest,1.1062702532696995,-0.7178996555660401,-1.7230016178891938,-1.2520065415306465,48,rest,48,1.0,False
grabmyo-S038-D3-rest-T04,grabmyo-S038-D3-rest-T04,38,3,17,4,train,rest,1.1819130353492935,-1.0097145587785248,-2.0440526686066267,-1.293901762273821,48,rest,48,1.0,False
grabmyo-S038-D3-rest-T05,grabmyo-S038-D3-rest-T05,38,3,17,5,train,rest,0.7962665678438365,-0.8029910715075276,-1.4585761195799964,-1.3282473985769119,48,rest,48,1.0,False
grabmyo-S038-D3-rest-T06,grabmyo-S038-D3-rest-T06,38,3,17,6,train,rest,0.8211306004381796,-0.6160888477817216,-1.6785927552013897,-1.3653743273581522,48,rest,48,1.0,False
grabmyo-S038-D3-rest-T07,grabmyo-S038-D3-rest-T07,38,3,17,7,train,rest,0.718270299328545,-0.8448223002298089,-1.4297435894781723,-1.2900483729611067,48,rest,48,1.0,False
grabmyo-S039-D3-wrist_extension-T01,grabmyo-S039-D3-wrist_extension-T01,39,3,11,1,train,wrist_extension,-5.246777962843894,-1.764920449610227,-5.467118803843037,2.6341328428486084,48,wrist_extension,48,1.0,False
grabmyo-S039-D3-wrist_extension-T02,grabmyo-S039-D3-wrist_extension-T02,39,3,11,2,train,wrist_extension,-4.275027586905515,-1.4832162976757843,-4.404650103009646,2.3882015488700565,48,wrist_extension,48,1.0,False
grabmyo-S039-D3-wrist_extension-T03,grabmyo-S039-D3-wrist_extension-T03,39,3,11,3,train,wrist_extension,-4.227224126684515,-1.3939950262680736,-2.891101954415177,1.7343972327308812,48,wrist_extension,48,1.0,False
grabmyo-S039-D3-wrist_extension-T04,grabmyo-S039-D3-wrist_extension-T04,39,3,11,4,train,wrist_extension,-3.4461882664416024,-0.9522616381329864,-2.6750618707299885,1.4631844060884156,48,wrist_extension,48,1.0,False
grabmyo-S039-D3-wrist_extension-T05,grabmyo-S039-D3-wrist_extension-T05,39,3,11,5,train,wrist_extension,-3.272114843189787,-1.2900852332505648,-3.039367097669101,1.8465628123345283,48,wrist_extension,48,1.0,False
grabmyo-S039-D3-wrist_extension-T06,grabmyo-S039-D3-wrist_extension-T06,39,3,11,6,train,wrist_extension,-3.071552225205837,-1.1878005464333834,-2.300552186343332,1.454943627648419,48,wrist_extension,48,1.0,False
grabmyo-S039-D3-wrist_extension-T07,grabmyo-S039-D3-wrist_extension-T07,39,3,11,7,train,wrist_extension,-3.1605832404002654,-1.0365849711484636,-1.7889501839972652,0.9984913468951762,48,wrist_extension,48,1.0,False
grabmyo-S039-D3-wrist_flexion-T01,grabmyo-S039-D3-wrist_flexion-T01,39,3,12,1,train,wrist_flexion,-2.1163504364328642,-1.6424319900698077,1.6697402658127445,-1.1188006792274197,48,wrist_flexion,48,1.0,False
grabmyo-S039-D3-wrist_flexion-T02,grabmyo-S039-D3-wrist_flexion-T02,39,3,12,2,train,wrist_flexion,-1.9230126968971282,-2.136437391674116,1.753250611012388,-1.0423604868920306,48,wrist_flexion,48,1.0,False
grabmyo-S039-D3-wrist_flexion-T03,grabmyo-S039-D3-wrist_flexion-T03,39,3,12,3,train,wrist_flexion,-1.696697297769916,-1.4495436482031954,1.0645844741797363,-1.283567498010177,48,wrist_flexion,48,1.0,False
grabmyo-S039-D3-wrist_flexion-T04,grabmyo-S039-D3-wrist_flexion-T04,39,3,12,4,train,wrist_flexion,-2.6626631209142158,-2.208463059472169,2.3437950807892434,-1.3342383884273878,48,wrist_flexion,48,1.0,False
grabmyo-S039-D3-wrist_flexion-T05,grabmyo-S039-D3-wrist_flexion-T05,39,3,12,5,train,wrist_flexion,-1.7578624771016604,-2.0565840031462894,1.6084679412826468,-1.0874733731683206,48,wrist_flexion,48,1.0,False
grabmyo-S039-D3-wrist_flexion-T06,grabmyo-S039-D3-wrist_flexion-T06,39,3,12,6,train,wrist_flexion,-2.5139494887252,-1.2965414863450677,1.5867241758585038,-1.2994924268745833,48,wrist_flexion,48,1.0,False
grabmyo-S039-D3-wrist_flexion-T07,grabmyo-S039-D3-wrist_flexion-T07,39,3,12,7,train,wrist_flexion,-2.8610007039478433,-1.1664060341280635,1.587910106218908,-1.5053409371481423,48,wrist_flexion,48,1.0,False
grabmyo-S039-D3-hand_close-T01,grabmyo-S039-D3-hand_close-T01,39,3,16,1,train,hand_close,-2.3521868924407845,0.6712686370399915,-0.7583540291675418,-1.7399791683793662,48,hand_close,48,1.0,False
grabmyo-S039-D3-hand_close-T02,grabmyo-S039-D3-hand_close-T02,39,3,16,2,train,hand_close,-2.9057187717379898,1.1329031257562832,-0.7937092442384817,-1.9429713867559126,48,hand_close,48,1.0,False
grabmyo-S039-D3-hand_close-T03,grabmyo-S039-D3-hand_close-T03,39,3,16,3,train,hand_close,-0.742253711106391,-0.15456011966984026,-0.9720123939049939,-1.3508549356436823,48,hand_close,48,1.0,False
grabmyo-S039-D3-hand_close-T04,grabmyo-S039-D3-hand_close-T04,39,3,16,4,train,hand_close,-1.4745246707579598,0.36748707367780953,-0.8350885241419204,-1.5376975388968435,48,hand_close,48,1.0,False
grabmyo-S039-D3-hand_close-T05,grabmyo-S039-D3-hand_close-T05,39,3,16,5,train,hand_close,-0.04987337853231785,-1.1525577937591232,-0.5160350119127898,-1.0606437837332912,48,rest,48,1.0,False
grabmyo-S039-D3-hand_close-T06,grabmyo-S039-D3-hand_close-T06,39,3,16,6,train,hand_close,-1.4431894493147623,0.28404640745526627,-0.9335669839654915,-1.524192668981559,48,hand_close,48,1.0,False
grabmyo-S039-D3-hand_close-T07,grabmyo-S039-D3-hand_close-T07,39,3,16,7,train,hand_close,-1.3430857806839318,0.37008192887120694,-0.7837707726219537,-1.4242053262813663,48,hand_close,48,1.0,False
grabmyo-S039-D3-rest-T01,grabmyo-S039-D3-rest-T01,39,3,17,1,train,rest,-0.2328713815577376,-1.3919920519365487,-0.20837040728675138,-0.9429359564239679,48,wrist_flexion,48,1.0,False
grabmyo-S039-D3-rest-T02,grabmyo-S039-D3-rest-T02,39,3,17,2,train,rest,0.3083348951422378,-1.629078371995629,-0.1057617825685329,-1.076922528316717,48,rest,48,1.0,False
grabmyo-S039-D3-rest-T03,grabmyo-S039-D3-rest-T03,39,3,17,3,train,rest,0.6690677297846072,-1.513790234234081,-0.4037442324711771,-1.081230347003731,48,rest,48,1.0,False
grabmyo-S039-D3-rest-T04,grabmyo-S039-D3-rest-T04,39,3,17,4,train,rest,-0.06419474748427684,-1.4978918486777981,-0.18155808002750398,-0.9206770226960564,48,rest,48,1.0,False
grabmyo-S039-D3-rest-T05,grabmyo-S039-D3-rest-T05,39,3,17,5,train,rest,0.36077409620818046,-1.6264071212917697,-0.4317253122192861,-1.0323214836991477,48,rest,48,1.0,False
grabmyo-S039-D3-rest-T06,grabmyo-S039-D3-rest-T06,39,3,17,6,train,rest,0.3343827312285157,-1.5145465293424145,-0.4538287645471764,-1.0386578744392718,48,rest,48,1.0,False
grabmyo-S039-D3-rest-T07,grabmyo-S039-D3-rest-T07,39,3,17,7,train,rest,0.026006244801274597,-1.6350867509757394,-0.2569689632417208,-0.9723821094671893,48,rest,48,1.0,False
grabmyo-S040-D3-wrist_extension-T01,grabmyo-S040-D3-wrist_extension-T01,40,3,11,1,train,wrist_extension,-8.360808462698968,-2.773608076148669,-5.657668456167154,2.563787462866847,48,wrist_extension,48,1.0,False
grabmyo-S040-D3-wrist_extension-T02,grabmyo-S040-D3-wrist_extension-T02,40,3,11,2,train,wrist_extension,-6.391769761934365,-1.0115818401983898,-3.6306916232691773,1.5009686765349362,48,wrist_extension,48,1.0,False
grabmyo-S040-D3-wrist_extension-T03,grabmyo-S040-D3-wrist_extension-T03,40,3,11,3,train,wrist_extension,-5.541657063994093,-0.9244058331428614,-2.8030820715198943,1.5646080481643583,48,wrist_extension,48,1.0,False
grabmyo-S040-D3-wrist_extension-T04,grabmyo-S040-D3-wrist_extension-T04,40,3,11,4,train,wrist_extension,-5.642263568352135,-1.1748790123715867,-2.697885796184844,1.6136814137286828,48,wrist_extension,48,1.0,False
grabmyo-S040-D3-wrist_extension-T05,grabmyo-S040-D3-wrist_extension-T05,40,3,11,5,train,wrist_extension,-10.501502479095617,-2.957364262328582,-8.033771092555925,2.416244519546666,48,wrist_extension,48,1.0,False
grabmyo-S040-D3-wrist_extension-T06,grabmyo-S040-D3-wrist_extension-T06,40,3,11,6,train,wrist_extension,-7.513447184176435,-0.5325022686858815,-3.4117759269928096,1.3514558612091454,48,wrist_extension,48,1.0,False
grabmyo-S040-D3-wrist_extension-T07,grabmyo-S040-D3-wrist_extension-T07,40,3,11,7,train,wrist_extension,-9.463510241337916,-1.9254645863041358,-6.201971941382229,1.9395601383720928,48,wrist_extension,48,1.0,False
grabmyo-S040-D3-wrist_flexion-T01,grabmyo-S040-D3-wrist_flexion-T01,40,3,12,1,train,wrist_flexion,-1.245407768441939,-1.9979675139061943,1.4961575447331905,-1.572739265483259,48,wrist_flexion,48,1.0,False
grabmyo-S040-D3-wrist_flexion-T02,grabmyo-S040-D3-wrist_flexion-T02,40,3,12,2,train,wrist_flexion,-2.3075627755330177,-2.5482703507601383,2.585974306115526,-1.6149435272086492,48,wrist_flexion,48,1.0,False
grabmyo-S040-D3-wrist_flexion-T03,grabmyo-S040-D3-wrist_flexion-T03,40,3,12,3,train,wrist_flexion,-1.489952975583132,-1.3101196925783791,0.8693935282314031,-1.3634938672262074,48,wrist_flexion,48,1.0,False
grabmyo-S040-D3-wrist_flexion-T04,grabmyo-S040-D3-wrist_flexion-T04,40,3,12,4,train,wrist_flexion,-2.1135681738803864,-1.6789265246419174,1.6841339136796487,-1.654777776249391,48,wrist_flexion,48,1.0,False
grabmyo-S040-D3-wrist_flexion-T05,grabmyo-S040-D3-wrist_flexion-T05,40,3,12,5,train,wrist_flexion,-3.1886623263713254,-1.317288544692501,1.506836177803209,-1.6291645486680781,48,wrist_flexion,48,1.0,False
grabmyo-S040-D3-wrist_flexion-T06,grabmyo-S040-D3-wrist_flexion-T06,40,3,12,6,train,wrist_flexion,-1.8849301131689884,-1.1379480848573458,0.7741178142455553,-1.273336053957032,48,wrist_flexion,48,1.0,False
grabmyo-S040-D3-wrist_flexion-T07,grabmyo-S040-D3-wrist_flexion-T07,40,3,12,7,train,wrist_flexion,-2.3682061755757724,-1.356663031229713,0.9452643473780401,-1.1930411753659662,48,wrist_flexion,48,1.0,False
grabmyo-S040-D3-hand_close-T01,grabmyo-S040-D3-hand_close-T01,40,3,16,1,train,hand_close,-5.9270730831757215,3.106695679046304,-1.6039606487595492,-3.613353010859784,48,hand_close,48,1.0,False
grabmyo-S040-D3-hand_close-T02,grabmyo-S040-D3-hand_close-T02,40,3,16,2,train,hand_close,-5.538199730601647,3.537251609910514,-1.7939351288270036,-3.6484833936626546,48,hand_close,48,1.0,False
grabmyo-S040-D3-hand_close-T03,grabmyo-S040-D3-hand_close-T03,40,3,16,3,train,hand_close,-7.453331059862889,3.1628958768177102,-1.5052935055421017,-4.149948297466828,48,hand_close,48,1.0,False
grabmyo-S040-D3-hand_close-T04,grabmyo-S040-D3-hand_close-T04,40,3,16,4,train,hand_close,-6.26515381202353,2.635893053220458,-0.9255224843342833,-3.6397604130991983,48,hand_close,48,1.0,False
grabmyo-S040-D3-hand_close-T05,grabmyo-S040-D3-hand_close-T05,40,3,16,5,train,hand_close,-6.8297925137985205,3.0588386146457096,-1.5156096207513967,-3.6656582008877145,48,hand_close,48,1.0,False
grabmyo-S040-D3-hand_close-T06,grabmyo-S040-D3-hand_close-T06,40,3,16,6,train,hand_close,-4.489088050920961,2.15645387546761,-1.1774149416203186,-2.5539597999989185,48,hand_close,48,1.0,False
grabmyo-S040-D3-hand_close-T07,grabmyo-S040-D3-hand_close-T07,40,3,16,7,train,hand_close,-6.502585995432212,2.286208765527635,-1.597488463702729,-3.344210931382533,48,hand_close,48,1.0,False
grabmyo-S040-D3-rest-T01,grabmyo-S040-D3-rest-T01,40,3,17,1,train,rest,0.6382141030790331,-1.1812157394428047,-1.131439879831307,-0.9052500359783088,48,rest,48,1.0,False
grabmyo-S040-D3-rest-T02,grabmyo-S040-D3-rest-T02,40,3,17,2,train,rest,0.4348805454882334,-0.957123125214762,-1.1720663527150632,-0.9650991292585164,48,rest,48,1.0,False
grabmyo-S040-D3-rest-T03,grabmyo-S040-D3-rest-T03,40,3,17,3,train,rest,0.2650539073610856,-1.0086143482646623,-1.0429778453210312,-1.0101248335405961,48,rest,48,1.0,False
grabmyo-S040-D3-rest-T04,grabmyo-S040-D3-rest-T04,40,3,17,4,train,rest,0.03862775115253129,-0.9263419503856033,-1.1000237398134116,-0.8429725328716607,48,rest,48,1.0,False
grabmyo-S040-D3-rest-T05,grabmyo-S040-D3-rest-T05,40,3,17,5,train,rest,0.31949320544728543,-1.1712387880337058,-0.8331281685804325,-0.9973293638776338,48,rest,48,1.0,False
grabmyo-S040-D3-rest-T06,grabmyo-S040-D3-rest-T06,40,3,17,6,train,rest,0.17552412975872725,-0.8568348422993805,-0.9454219636429216,-1.0259170384799219,48,rest,48,1.0,False
grabmyo-S040-D3-rest-T07,grabmyo-S040-D3-rest-T07,40,3,17,7,train,rest,-0.1976332945732255,-1.4339435401757552,-0.27938864892603654,-1.1287034209369289,48,rest,48,1.0,False
grabmyo-S042-D3-wrist_extension-T01,grabmyo-S042-D3-wrist_extension-T01,42,3,11,1,train,wrist_extension,-2.947347106343789,-1.1675856852862105,-2.1897921733231,1.2793979287280526,48,wrist_extension,48,1.0,False
grabmyo-S042-D3-wrist_extension-T02,grabmyo-S042-D3-wrist_extension-T02,42,3,11,2,train,wrist_extension,-8.22456791715145,-1.8326398232143948,-4.396716993045161,2.236087380935426,48,wrist_extension,48,1.0,False
grabmyo-S042-D3-wrist_extension-T03,grabmyo-S042-D3-wrist_extension-T03,42,3,11,3,train,wrist_extension,-3.4821797284635054,-1.287823279508095,-2.137176151651602,1.366244383615317,48,wrist_extension,48,1.0,False
grabmyo-S042-D3-wrist_extension-T04,grabmyo-S042-D3-wrist_extension-T04,42,3,11,4,train,wrist_extension,-1.8272063845672513,-1.3379692333829165,-1.6527902207778178,0.7678932689508238,48,wrist_extension,48,1.0,False
grabmyo-S042-D3-wrist_extension-T05,grabmyo-S042-D3-wrist_extension-T05,42,3,11,5,train,wrist_extension,-4.146528083059123,-1.2406670101550736,-1.8000619170525096,1.1185791319899787,48,wrist_extension,48,1.0,False
grabmyo-S042-D3-wrist_extension-T06,grabmyo-S042-D3-wrist_extension-T06,42,3,11,6,train,wrist_extension,-3.9740476504835396,-1.4114988928722105,-2.12446102073912,1.3040653987103874,48,wrist_extension,48,1.0,False
grabmyo-S042-D3-wrist_extension-T07,grabmyo-S042-D3-wrist_extension-T07,42,3,11,7,train,wrist_extension,-4.757747952622007,-1.765387325020417,-2.1407784048636285,1.6770118833966163,48,wrist_extension,48,1.0,False
grabmyo-S042-D3-wrist_flexion-T01,grabmyo-S042-D3-wrist_flexion-T01,42,3,12,1,train,wrist_flexion,-2.346597092391033,-1.1227974158037761,1.3445007881731652,-1.695833851841923,48,wrist_flexion,48,1.0,False
grabmyo-S042-D3-wrist_flexion-T02,grabmyo-S042-D3-wrist_flexion-T02,42,3,12,2,train,wrist_flexion,-2.3035051779131854,-1.4085878376209184,1.6372777153381344,-1.6740301600967076,48,wrist_flexion,48,1.0,False
grabmyo-S042-D3-wrist_flexion-T03,grabmyo-S042-D3-wrist_flexion-T03,42,3,12,3,train,wrist_flexion,-2.1635351671953744,-1.402598729012027,1.6004476723001027,-1.7916346940920886,48,wrist_flexion,48,1.0,False
grabmyo-S042-D3-wrist_flexion-T04,grabmyo-S042-D3-wrist_flexion-T04,42,3,12,4,train,wrist_flexion,-1.5872228068852614,-1.3217380971320865,0.9472427784739813,-1.4917787728337304,48,wrist_flexion,48,1.0,False
grabmyo-S042-D3-wrist_flexion-T05,grabmyo-S042-D3-wrist_flexion-T05,42,3,12,5,train,wrist_flexion,-1.6043159649105678,-1.2422585823432495,0.9357875052423147,-1.4956891441849374,48,wrist_flexion,48,1.0,False
grabmyo-S042-D3-wrist_flexion-T06,grabmyo-S042-D3-wrist_flexion-T06,42,3,12,6,train,wrist_flexion,-1.5843590409432329,-0.7452474993411347,0.5354010905664872,-1.5457672501481445,48,wrist_flexion,48,1.0,False
grabmyo-S042-D3-wrist_flexion-T07,grabmyo-S042-D3-wrist_flexion-T07,42,3,12,7,train,wrist_flexion,-3.0166488528177724,-1.6621853388572285,2.0872287839345955,-1.7082054884133153,48,wrist_flexion,48,1.0,False
grabmyo-S042-D3-hand_close-T01,grabmyo-S042-D3-hand_close-T01,42,3,16,1,train,hand_close,-2.8619669720103964,2.5940797228154326,-2.4717746520157067,-2.435892202672432,48,hand_close,48,1.0,False
grabmyo-S042-D3-hand_close-T02,grabmyo-S042-D3-hand_close-T02,42,3,16,2,train,hand_close,-2.9953118694973373,1.8702422355911168,-1.6657100603313548,-2.326089809479551,48,hand_close,48,1.0,False
grabmyo-S042-D3-hand_close-T03,grabmyo-S042-D3-hand_close-T03,42,3,16,3,train,hand_close,-3.005202718075868,1.9890464415276616,-1.8306783647542266,-2.102254170885757,48,hand_close,48,1.0,False
grabmyo-S042-D3-hand_close-T04,grabmyo-S042-D3-hand_close-T04,42,3,16,4,train,hand_close,-2.67042388882483,1.8862664874079165,-1.943605063567518,-2.1505670702973307,48,hand_close,48,1.0,False
grabmyo-S042-D3-hand_close-T05,grabmyo-S042-D3-hand_close-T05,42,3,16,5,train,hand_close,-2.0751733920125184,1.8779779750690946,-2.0014129840606234,-2.047023963664682,48,hand_close,48,1.0,False
grabmyo-S042-D3-hand_close-T06,grabmyo-S042-D3-hand_close-T06,42,3,16,6,train,hand_close,-2.443896944679356,1.414564184324557,-1.393709463811363,-1.9472103155393372,48,hand_close,48,1.0,False
grabmyo-S042-D3-hand_close-T07,grabmyo-S042-D3-hand_close-T07,42,3,16,7,train,hand_close,-3.322780185441571,1.8991664254612914,-1.8355699760247488,-2.263229194276065,48,hand_close,48,1.0,False
grabmyo-S042-D3-rest-T01,grabmyo-S042-D3-rest-T01,42,3,17,1,train,rest,0.6953161885497154,-1.183740076025301,-1.033638404384573,-1.1057430637327994,48,rest,48,1.0,False
grabmyo-S042-D3-rest-T02,grabmyo-S042-D3-rest-T02,42,3,17,2,train,rest,0.5088169104014032,-0.8908274567425224,-1.0935317959744901,-1.214991626343614,48,rest,48,1.0,False
grabmyo-S042-D3-rest-T03,grabmyo-S042-D3-rest-T03,42,3,17,3,train,rest,0.09538743811785179,-0.8377737883386817,-0.9137801406011824,-1.1446260609512238,48,rest,48,1.0,False
grabmyo-S042-D3-rest-T04,grabmyo-S042-D3-rest-T04,42,3,17,4,train,rest,1.1291266355032312,-1.1188980972573583,-1.4173736020176515,-1.181648102842827,48,rest,48,1.0,False
grabmyo-S042-D3-rest-T05,grabmyo-S042-D3-rest-T05,42,3,17,5,train,rest,0.913735998354122,-0.9208468204761631,-1.3554106960167365,-1.2669722401978836,48,rest,48,1.0,False
grabmyo-S042-D3-rest-T06,grabmyo-S042-D3-rest-T06,42,3,17,6,train,rest,1.0639058981140277,-1.1454984540044812,-1.4238706462811477,-1.1829449004475259,48,rest,48,1.0,False
grabmyo-S042-D3-rest-T07,grabmyo-S042-D3-rest-T07,42,3,17,7,train,rest,0.11423177769425241,-0.8315679994869511,-0.9361230929112828,-1.1374048694827534,48,rest,48,1.0,False
grabmyo-S043-D3-wrist_extension-T01,grabmyo-S043-D3-wrist_extension-T01,43,3,11,1,train,wrist_extension,-5.684981399760393,-2.263511341317507,-7.807234946243045,2.944607237326776,48,wrist_extension,48,1.0,False
grabmyo-S043-D3-wrist_extension-T02,grabmyo-S043-D3-wrist_extension-T02,43,3,11,2,train,wrist_extension,-4.667023837262179,-1.759909976338163,-5.283128072343055,2.252489743873442,48,wrist_extension,48,1.0,False
grabmyo-S043-D3-wrist_extension-T03,grabmyo-S043-D3-wrist_extension-T03,43,3,11,3,train,wrist_extension,-11.676613029861846,-4.3187482324978195,-15.770246460723671,3.8085458975245845,48,wrist_extension,48,1.0,False
grabmyo-S043-D3-wrist_extension-T04,grabmyo-S043-D3-wrist_extension-T04,43,3,11,4,train,wrist_extension,-8.103619120919253,-3.15844713351284,-9.280810211161727,3.2130841622565804,48,wrist_extension,48,1.0,False
grabmyo-S043-D3-wrist_extension-T05,grabmyo-S043-D3-wrist_extension-T05,43,3,11,5,train,wrist_extension,-6.352691278432988,-2.4310561303140426,-8.108667101350584,3.192164837756641,48,wrist_extension,48,1.0,False
grabmyo-S043-D3-wrist_extension-T06,grabmyo-S043-D3-wrist_extension-T06,43,3,11,6,train,wrist_extension,-2.5627354521680474,-1.8905063919664213,-4.017173285154455,2.333354974274398,48,wrist_extension,48,1.0,False
grabmyo-S043-D3-wrist_extension-T07,grabmyo-S043-D3-wrist_extension-T07,43,3,11,7,train,wrist_extension,-4.4714349531973525,-2.1413388607259005,-5.761441170599501,2.7062856688987877,48,wrist_extension,48,1.0,False
grabmyo-S043-D3-wrist_flexion-T01,grabmyo-S043-D3-wrist_flexion-T01,43,3,12,1,train,wrist_flexion,-2.903281455838187,-2.761079195252014,3.334556710638937,-2.8944512998392162,48,wrist_flexion,48,1.0,False
grabmyo-S043-D3-wrist_flexion-T02,grabmyo-S043-D3-wrist_flexion-T02,43,3,12,2,train,wrist_flexion,-2.4108234380191065,-2.7143174034387783,3.588846708008511,-3.309056081671892,48,wrist_flexion,48,1.0,False
grabmyo-S043-D3-wrist_flexion-T03,grabmyo-S043-D3-wrist_flexion-T03,43,3,12,3,train,wrist_flexion,-2.7000152713759813,-4.2043171838150695,4.54531775108872,-3.5757679562670557,48,wrist_flexion,48,1.0,False
grabmyo-S043-D3-wrist_flexion-T04,grabmyo-S043-D3-wrist_flexion-T04,43,3,12,4,train,wrist_flexion,-2.4987279015094868,-3.372176062974743,3.8743635183737215,-3.3883977731711066,48,wrist_flexion,48,1.0,False
grabmyo-S043-D3-wrist_flexion-T05,grabmyo-S043-D3-wrist_flexion-T05,43,3,12,5,train,wrist_flexion,-3.701722797983974,-3.0881222349329147,4.395671887403423,-3.623189075619361,48,wrist_flexion,48,1.0,False
grabmyo-S043-D3-wrist_flexion-T06,grabmyo-S043-D3-wrist_flexion-T06,43,3,12,6,train,wrist_flexion,-2.999594561766356,-2.791948639956285,3.980172061791524,-3.6855331934292876,48,wrist_flexion,48,1.0,False
grabmyo-S043-D3-wrist_flexion-T07,grabmyo-S043-D3-wrist_flexion-T07,43,3,12,7,train,wrist_flexion,-3.2882498567672154,-3.7635888942904727,4.375943475588114,-3.8086702775083747,48,wrist_flexion,48,1.0,False
grabmyo-S043-D3-hand_close-T01,grabmyo-S043-D3-hand_close-T01,43,3,16,1,train,hand_close,-7.205432180112513,3.594071768476477,-1.7409851932277778,-4.5667843361165295,48,hand_close,48,1.0,False
grabmyo-S043-D3-hand_close-T02,grabmyo-S043-D3-hand_close-T02,43,3,16,2,train,hand_close,-6.160332949759966,2.8914896762416125,-1.5266034706470275,-3.8186241740950337,48,hand_close,48,1.0,False
grabmyo-S043-D3-hand_close-T03,grabmyo-S043-D3-hand_close-T03,43,3,16,3,train,hand_close,-8.003065093946786,4.723885157682449,-2.0182624203756814,-5.516388952309896,48,hand_close,48,1.0,False
grabmyo-S043-D3-hand_close-T04,grabmyo-S043-D3-hand_close-T04,43,3,16,4,train,hand_close,-4.7465893860156925,2.991552763846233,-2.0027594505684143,-3.5520771082018077,48,hand_close,48,1.0,False
grabmyo-S043-D3-hand_close-T05,grabmyo-S043-D3-hand_close-T05,43,3,16,5,train,hand_close,-7.948056093184451,4.718378374640651,-1.8273190813684652,-5.80094360953361,48,hand_close,48,1.0,False
grabmyo-S043-D3-hand_close-T06,grabmyo-S043-D3-hand_close-T06,43,3,16,6,train,hand_close,-6.58244508016276,3.8091314947380197,-1.4225257155134148,-4.771186099323238,48,hand_close,48,1.0,False
grabmyo-S043-D3-hand_close-T07,grabmyo-S043-D3-hand_close-T07,43,3,16,7,train,hand_close,-5.747958430907217,3.169977825594398,-1.4874458917693387,-4.079915889163908,48,hand_close,48,1.0,False
grabmyo-S043-D3-rest-T01,grabmyo-S043-D3-rest-T01,43,3,17,1,train,rest,0.6637954208006293,-0.46153389983906595,-1.2911241154486606,-1.4678753920426926,48,rest,48,1.0,False
grabmyo-S043-D3-rest-T02,grabmyo-S043-D3-rest-T02,43,3,17,2,train,rest,0.803234360048389,-0.6219505229490488,-1.2664067081188919,-1.2516591124972831,48,rest,48,1.0,False
grabmyo-S043-D3-rest-T03,grabmyo-S043-D3-rest-T03,43,3,17,3,train,rest,0.7678416098031499,-0.4696010969424725,-1.5135345756439997,-1.233561882631098,48,rest,48,1.0,False
grabmyo-S043-D3-rest-T04,grabmyo-S043-D3-rest-T04,43,3,17,4,train,rest,0.650860399288751,-0.7934606554592282,-0.7953620390581491,-1.3328506229221109,48,rest,48,1.0,False
grabmyo-S043-D3-rest-T05,grabmyo-S043-D3-rest-T05,43,3,17,5,train,rest,0.9784247747536919,-0.7138253296064508,-1.1165037007778338,-1.0509556801704811,48,rest,48,1.0,False
grabmyo-S043-D3-rest-T06,grabmyo-S043-D3-rest-T06,43,3,17,6,train,rest,1.0532097167171834,-0.8544711892882225,-1.4432655244736348,-1.26051274281519,48,rest,48,1.0,False
grabmyo-S043-D3-rest-T07,grabmyo-S043-D3-rest-T07,43,3,17,7,train,rest,0.6807269068123974,-0.8787666083445352,-1.1345979241235118,-1.2192911243911628,48,rest,48,1.0,False
