episode_id,subject_id,k,seed,class_label,trial_key,record_id,repetition_id,session_id,split_name
mendeley-S10-K2-seed3401,10,2,3401,hand_close,mendeley-S010-grip-R02,mendeley-S010-R02-G05-grip,mendeley-S010-grip-R02,0,validation
mendeley-S10-K2-seed3401,10,2,3401,hand_close,mendeley-S010-grip-R03,mendeley-S010-R03-G05-grip,mendeley-S010-grip-R03,0,validation
mendeley-S10-K2-seed3401,10,2,3401,rest,mendeley-S010-rest-R01,mendeley-S010-R01-G00-rest,mendeley-S010-rest-R01,0,validation
mendeley-S10-K2-seed3401,10,2,3401,rest,mendeley-S010-rest-R03,mendeley-S010-R03-G00-rest,mendeley-S010-rest-R03,0,validation
mendeley-S10-K2-seed3401,10,2,3401,wrist_extension,mendeley-S010-wrist_extension-R01,mendeley-S010-R01-G01-wrist_extension,mendeley-S010-wrist_extension-R01,0,validation
mendeley-S10-K2-seed3401,10,2,3401,wrist_extension,mendeley-S010-wrist_extension-R02,mendeley-S010-R02-G01-wrist_extension,mendeley-S010-wrist_extension-R02,0,validation
mendeley-S10-K2-seed3401,10,2,3401,wrist_flexion,mendeley-S010-wrist_flexion-R01,mendeley-S010-R01-G02-wrist_flexion,mendeley-S010-wrist_flexion-R01,0,validation
mendeley-S10-K2-seed3401,10,2,3401,wrist_flexion,mendeley-S010-wrist_flexion-R04,mendeley-S010-R04-G02-wrist_flexion,mendeley-S010-wrist_flexion-R04,0,validation
mendeley-S15-K2-seed3401,15,2,3401,hand_close,mendeley-S015-grip-R03,mendeley-S015-R03-G05-grip,mendeley-S015-grip-R03,0,validation
mendeley-S15-K2-seed3401,15,2,3401,hand_close,mendeley-S015-grip-R04,mendeley-S015-R04-G05-grip,mendeley-S015-grip-R04,0,validation
mendeley-S15-K2-seed3401,15,2,3401,rest,mendeley-S015-rest-R03,mendeley-S015-R03-G00-rest,mendeley-S015-rest-R03,0,validation
mendeley-S15-K2-seed3401,15,2,3401,rest,mendeley-S015-rest-R04,mendeley-S015-R04-G00-rest,mendeley-S015-rest-R04,0,validation
mendeley-S15-K2-seed3401,15,2,3401,wrist_extension,mendeley-S015-wrist_extension-R02,mendeley-S015-R02-G01-wrist_extension,mendeley-S015-wrist_extension-R02,0,validation
mendeley-S15-K2-seed3401,15,2,3401,wrist_extension,mendeley-S015-wrist_extension-R04,mendeley-S015-R04-G01-wrist_extension,mendeley-S015-wrist_extension-R04,0,validation
mendeley-S15-K2-seed3401,15,2,3401,wrist_flexion,mendeley-S015-wrist_flexion-R02,mendeley-S015-R02-G02-wrist_flexion,mendeley-S015-wrist_flexion-R02,0,validation
mendeley-S15-K2-seed3401,15,2,3401,wrist_flexion,mendeley-S015-wrist_flexion-R04,mendeley-S015-R04-G02-wrist_flexion,mendeley-S015-wrist_flexion-R04,0,validation
mendeley-S21-K2-seed3401,21,2,3401,hand_close,mendeley-S021-grip-R01,mendeley-S021-R01-G05-grip,mendeley-S021-grip-R01,0,validation
mendeley-S21-K2-seed3401,21,2,3401,hand_close,mendeley-S021-grip-R03,mendeley-S021-R03-G05-grip,mendeley-S021-grip-R03,0,validation
mendeley-S21-K2-seed3401,21,2,3401,rest,mendeley-S021-rest-R01,mendeley-S021-R01-G00-rest,mendeley-S021-rest-R01,0,validation
mendeley-S21-K2-seed3401,21,2,3401,rest,mendeley-S021-rest-R02,mendeley-S021-R02-G00-rest,mendeley-S021-rest-R02,0,validation
mendeley-S21-K2-seed3401,21,2,3401,wrist_extension,mendeley-S021-wrist_extension-R02,mendeley-S021-R02-G01-wrist_extension,mendeley-S021-wrist_extension-R02,0,validation
mendeley-S21-K2-seed3401,21,2,3401,wrist_extension,mendeley-S021-wrist_extension-R04,mendeley-S021-R04-G01-wrist_extension,mendeley-S021-wrist_extension-R04,0,validation
mendeley-S21-K2-seed3401,21,2,3401,wrist_flexion,mendeley-S021-wrist_flexion-R02,mendeley-S021-R02-G02-wrist_flexion,mendeley-S021-wrist_flexion-R02,0,validation
mendeley-S21-K2-seed3401,21,2,3401,wrist_flexion,mendeley-S021-wrist_flexion-R04,mendeley-S021-R04-G02-wrist_flexion,mendeley-S021-wrist_flexion-R04,0,validation
mendeley-S23-K2-seed3401,23,2,3401,hand_close,mendeley-S023-grip-R01,mendeley-S023-R01-G05-grip,mendeley-S023-grip-R01,0,validation
mendeley-S23-K2-seed3401,23,2,3401,hand_close,mendeley-S023-grip-R04,mendeley-S023-R04-G05-grip,mendeley-S023-grip-R04,0,validation
mendeley-S23-K2-seed3401,23,2,3401,rest,mendeley-S023-rest-R04,mendeley-S023-R04-G00-rest,mendeley-S023-rest-R04,0,validation
mendeley-S23-K2-seed3401,23,2,3401,rest,mendeley-S023-rest-R05,mendeley-S023-R05-G00-rest,mendeley-S023-rest-R05,0,validation
mendeley-S23-K2-seed3401,23,2,3401,wrist_extension,mendeley-S023-wrist_extension-R04,mendeley-S023-R04-G01-wrist_extension,mendeley-S023-wrist_extension-R04,0,validation
mendeley-S23-K2-seed3401,23,2,3401,wrist_extension,mendeley-S023-wrist_extension-R05,mendeley-S023-R05-G01-wrist_extension,mendeley-S023-wrist_extension-R05,0,validation
mendeley-S23-K2-seed3401,23,2,3401,wrist_flexion,mendeley-S023-wrist_flexion-R02,mendeley-S023-R02-G02-wrist_flexion,mendeley-S023-wrist_flexion-R02,0,validation
mendeley-S23-K2-seed3401,23,2,3401,wrist_flexion,mendeley-S023-wrist_flexion-R05,mendeley-S023-R05-G02-wrist_flexion,mendeley-S023-wrist_flexion-R05,0,validation
mendeley-S25-K2-seed3401,25,2,3401,hand_close,mendeley-S025-grip-R02,mendeley-S025-R02-G05-grip,mendeley-S025-grip-R02,0,validation
mendeley-S25-K2-seed3401,25,2,3401,hand_close,mendeley-S025-grip-R04,mendeley-S025-R04-G05-grip,mendeley-S025-grip-R04,0,validation
mendeley-S25-K2-seed3401,25,2,3401,rest,mendeley-S025-rest-R01,mendeley-S025-R01-G00-rest,mendeley-S025-rest-R01,0,validation
mendeley-S25-K2-seed3401,25,2,3401,rest,mendeley-S025-rest-R02,mendeley-S025-R02-G00-rest,mendeley-S025-rest-R02,0,validation
mendeley-S25-K2-seed3401,25,2,3401,wrist_extension,mendeley-S025-wrist_extension-R01,mendeley-S025-R01-G01-wrist_extension,mendeley-S025-wrist_extension-R01,0,validation
mendeley-S25-K2-seed3401,25,2,3401,wrist_extension,mendeley-S025-wrist_extension-R03,mendeley-S025-R03-G01-wrist_extension,mendeley-S025-wrist_extension-R03,0,validation
mendeley-S25-K2-seed3401,25,2,3401,wrist_flexion,mendeley-S025-wrist_flexion-R04,mendeley-S025-R04-G02-wrist_flexion,mendeley-S025-wrist_flexion-R04,0,validation
mendeley-S25-K2-seed3401,25,2,3401,wrist_flexion,mendeley-S025-wrist_flexion-R05,mendeley-S025-R05-G02-wrist_flexion,mendeley-S025-wrist_flexion-R05,0,validation
mendeley-S35-K2-seed3401,35,2,3401,hand_close,mendeley-S035-grip-R01,mendeley-S035-R01-G05-grip,mendeley-S035-grip-R01,0,validation
mendeley-S35-K2-seed3401,35,2,3401,hand_close,mendeley-S035-grip-R05,mendeley-S035-R05-G05-grip,mendeley-S035-grip-R05,0,validation
mendeley-S35-K2-seed3401,35,2,3401,rest,mendeley-S035-rest-R01,mendeley-S035-R01-G00-rest,mendeley-S035-rest-R01,0,validation
mendeley-S35-K2-seed3401,35,2,3401,rest,mendeley-S035-rest-R03,mendeley-S035-R03-G00-rest,mendeley-S035-rest-R03,0,validation
mendeley-S35-K2-seed3401,35,2,3401,wrist_extension,mendeley-S035-wrist_extension-R02,mendeley-S035-R02-G01-wrist_extension,mendeley-S035-wrist_extension-R02,0,validation
mendeley-S35-K2-seed3401,35,2,3401,wrist_extension,mendeley-S035-wrist_extension-R03,mendeley-S035-R03-G01-wrist_extension,mendeley-S035-wrist_extension-R03,0,validation
mendeley-S35-K2-seed3401,35,2,3401,wrist_flexion,mendeley-S035-wrist_flexion-R03,mendeley-S035-R03-G02-wrist_flexion,mendeley-S035-wrist_flexion-R03,0,validation
mendeley-S35-K2-seed3401,35,2,3401,wrist_flexion,mendeley-S035-wrist_flexion-R05,mendeley-S035-R05-G02-wrist_flexion,mendeley-S035-wrist_flexion-R05,0,validation
mendeley-S40-K2-seed3401,40,2,3401,hand_close,mendeley-S040-grip-R01,mendeley-S040-R01-G05-grip,mendeley-S040-grip-R01,0,validation
mendeley-S40-K2-seed3401,40,2,3401,hand_close,mendeley-S040-grip-R05,mendeley-S040-R05-G05-grip,mendeley-S040-grip-R05,0,validation
mendeley-S40-K2-seed3401,40,2,3401,rest,mendeley-S040-rest-R02,mendeley-S040-R02-G00-rest,mendeley-S040-rest-R02,0,validation
mendeley-S40-K2-seed3401,40,2,3401,rest,mendeley-S040-rest-R04,mendeley-S040-R04-G00-rest,mendeley-S040-rest-R04,0,validation
mendeley-S40-K2-seed3401,40,2,3401,wrist_extension,mendeley-S040-wrist_extension-R01,mendeley-S040-R01-G01-wrist_extension,mendeley-S040-wrist_extension-R01,0,validation
mendeley-S40-K2-seed3401,40,2,3401,wrist_extension,mendeley-S040-wrist_extension-R02,mendeley-S040-R02-G01-wrist_extension,mendeley-S040-wrist_extension-R02,0,validation
mendeley-S40-K2-seed3401,40,2,3401,wrist_flexion,mendeley-S040-wrist_flexion-R02,mendeley-S040-R02-G02-wrist_flexion,mendeley-S040-wrist_flexion-R02,0,validation
mendeley-S40-K2-seed3401,40,2,3401,wrist_flexion,mendeley-S040-wrist_flexion-R04,mendeley-S040-R04-G02-wrist_flexion,mendeley-S040-wrist_flexion-R04,0,validation
mendeley-S6-K2-seed3401,6,2,3401,hand_close,mendeley-S006-grip-R03,mendeley-S006-R03-G05-grip,mendeley-S006-grip-R03,0,validation
mendeley-S6-K2-seed3401,6,2,3401,hand_close,mendeley-S006-grip-R04,mendeley-S006-R04-G05-grip,mendeley-S006-grip-R04,0,validation
mendeley-S6-K2-seed3401,6,2,3401,rest,mendeley-S006-rest-R02,mendeley-S006-R02-G00-rest,mendeley-S006-rest-R02,0,validation
mendeley-S6-K2-seed3401,6,2,3401,rest,mendeley-S006-rest-R04,mendeley-S006-R04-G00-rest,mendeley-S006-rest-R04,0,validation
mendeley-S6-K2-seed3401,6,2,3401,wrist_extension,mendeley-S006-wrist_extension-R04,mendeley-S006-R04-G01-wrist_extension,mendeley-S006-wrist_extension-R04,0,validation
mendeley-S6-K2-seed3401,6,2,3401,wrist_extension,mendeley-S006-wrist_extension-R05,mendeley-S006-R05-G01-wrist_extension,mendeley-S006-wrist_extension-R05,0,validation
mendeley-S6-K2-seed3401,6,2,3401,wrist_flexion,mendeley-S006-wrist_flexion-R02,mendeley-S006-R02-G02-wrist_flexion,mendeley-S006-wrist_flexion-R02,0,validation
mendeley-S6-K2-seed3401,6,2,3401,wrist_flexion,mendeley-S006-wrist_flexion-R04,mendeley-S006-R04-G02-wrist_flexion,mendeley-S006-wrist_flexion-R04,0,validation
mendeley-S10-K2-seed3402,10,2,3402,hand_close,mendeley-S010-grip-R02,mendeley-S010-R02-G05-grip,mendeley-S010-grip-R02,0,validation
mendeley-S10-K2-seed3402,10,2,3402,hand_close,mendeley-S010-grip-R04,mendeley-S010-R04-G05-grip,mendeley-S010-grip-R04,0,validation
mendeley-S10-K2-seed3402,10,2,3402,rest,mendeley-S010-rest-R01,mendeley-S010-R01-G00-rest,mendeley-S010-rest-R01,0,validation
mendeley-S10-K2-seed3402,10,2,3402,rest,mendeley-S010-rest-R05,mendeley-S010-R05-G00-rest,mendeley-S010-rest-R05,0,validation
mendeley-S10-K2-seed3402,10,2,3402,wrist_extension,mendeley-S010-wrist_extension-R02,mendeley-S010-R02-G01-wrist_extension,mendeley-S010-wrist_extension-R02,0,validation
mendeley-S10-K2-seed3402,10,2,3402,wrist_extension,mendeley-S010-wrist_extension-R05,mendeley-S010-R05-G01-wrist_extension,mendeley-S010-wrist_extension-R05,0,validation
mendeley-S10-K2-seed3402,10,2,3402,wrist_flexion,mendeley-S010-wrist_flexion-R02,mendeley-S010-R02-G02-wrist_flexion,mendeley-S010-wrist_flexion-R02,0,validation
mendeley-S10-K2-seed3402,10,2,3402,wrist_flexion,mendeley-S010-wrist_flexion-R03,mendeley-S010-R03-G02-wrist_flexion,mendeley-S010-wrist_flexion-R03,0,validation
mendeley-S15-K2-seed3402,15,2,3402,hand_close,mendeley-S015-grip-R01,mendeley-S015-R01-G05-grip,mendeley-S015-grip-R01,0,validation
mendeley-S15-K2-seed3402,15,2,3402,hand_close,mendeley-S015-grip-R02,mendeley-S015-R02-G05-grip,mendeley-S015-grip-R02,0,validation
mendeley-S15-K2-seed3402,15,2,3402,rest,mendeley-S015-rest-R04,mendeley-S015-R04-G00-rest,mendeley-S015-rest-R04,0,validation
mendeley-S15-K2-seed3402,15,2,3402,rest,mendeley-S015-rest-R05,mendeley-S015-R05-G00-rest,mendeley-S015-rest-R05,0,validation
mendeley-S15-K2-seed3402,15,2,3402,wrist_extension,mendeley-S015-wrist_extension-R03,mendeley-S015-R03-G01-wrist_extension,mendeley-S015-wrist_extension-R03,0,validation
mendeley-S15-K2-seed3402,15,2,3402,wrist_extension,mendeley-S015-wrist_extension-R05,mendeley-S015-R05-G01-wrist_extension,mendeley-S015-wrist_extension-R05,0,validation
mendeley-S15-K2-seed3402,15,2,3402,wrist_flexion,mendeley-S015-wrist_flexion-R02,mendeley-S015-R02-G02-wrist_flexion,mendeley-S015-wrist_flexion-R02,0,validation
mendeley-S15-K2-seed3402,15,2,3402,wrist_flexion,mendeley-S015-wrist_flexion-R05,mendeley-S015-R05-G02-wrist_flexion,mendeley-S015-wrist_flexion-R05,0,validation
mendeley-S21-K2-seed3402,21,2,3402,hand_close,mendeley-S021-grip-R01,mendeley-S021-R01-G05-grip,mendeley-S021-grip-R01,0,validation
mendeley-S21-K2-seed3402,21,2,3402,hand_close,mendeley-S021-grip-R05,mendeley-S021-R05-G05-grip,mendeley-S021-grip-R05,0,validation
mendeley-S21-K2-seed3402,21,2,3402,rest,mendeley-S021-rest-R01,mendeley-S021-R01-G00-rest,mendeley-S021-rest-R01,0,validation
mendeley-S21-K2-seed3402,21,2,3402,rest,mendeley-S021-rest-R04,mendeley-S021-R04-G00-rest,mendeley-S021-rest-R04,0,validation
mendeley-S21-K2-seed3402,21,2,3402,wrist_extension,mendeley-S021-wrist_extension-R02,mendeley-S021-R02-G01-wrist_extension,mendeley-S021-wrist_extension-R02,0,validation
mendeley-S21-K2-seed3402,21,2,3402,wrist_extension,mendeley-S021-wrist_extension-R03,mendeley-S021-R03-G01-wrist_extension,mendeley-S021-wrist_extension-R03,0,validation
mendeley-S21-K2-seed3402,21,2,3402,wrist_flexion,mendeley-S021-wrist_flexion-R02,mendeley-S021-R02-G02-wrist_flexion,mendeley-S021-wrist_flexion-R02,0,validation
mendeley-S21-K2-seed3402,21,2,3402,wrist_flexion,mendeley-S021-wrist_flexion-R05,mendeley-S021-R05-G02-wrist_flexion,mendeley-S021-wrist_flexion-R05,0,validation
mendeley-S23-K2-seed3402,23,2,3402,hand_close,mendeley-S023-grip-R04,mendeley-S023-R04-G05-grip,mendeley-S023-grip-R04,0,validation
mendeley-S23-K2-seed3402,23,2,3402,hand_close,mendeley-S023-grip-R05,mendeley-S023-R05-G05-grip,mendeley-S023-grip-R05,0,validation
mendeley-S23-K2-seed3402,23,2,3402,rest,mendeley-S023-rest-R01,mendeley-S023-R01-G00-rest,mendeley-S023-rest-R01,0,validation
mendeley-S23-K2-seed3402,23,2,3402,rest,mendeley-S023-rest-R05,mendeley-S023-R05-G00-rest,mendeley-S023-rest-R05,0,validation
mendeley-S23-K2-seed3402,23,2,3402,wrist_extension,mendeley-S023-wrist_extension-R03,mendeley-S023-R03-G01-wrist_extension,mendeley-S023-wrist_extension-R03,0,validation
mendeley-S23-K2-seed3402,23,2,3402,wrist_extension,mendeley-S023-wrist_extension-R05,mendeley-S023-R05-G01-wrist_extension,mendeley-S023-wrist_extension-R05,0,validation
mendeley-S23-K2-seed3402,23,2,3402,wrist_flexion,mendeley-S023-wrist_flexion-R02,mendeley-S023-R02-G02-wrist_flexion,mendeley-S023-wrist_flexion-R02,0,validation
mendeley-S23-K2-seed3402,23,2,3402,wrist_flexion,mendeley-S023-wrist_flexion-R03,mendeley-S023-R03-G02-wrist_flexion,mendeley-S023-wrist_flexion-R03,0,validation
mendeley-S25-K2-seed3402,25,2,3402,hand_close,mendeley-S025-grip-R02,mendeley-S025-R02-G05-grip,mendeley-S025-grip-R02,0,validation
mendeley-S25-K2-seed3402,25,2,3402,hand_close,mendeley-S025-grip-R04,mendeley-S025-R04-G05-grip,mendeley-S025-grip-R04,0,validation
mendeley-S25-K2-seed3402,25,2,3402,rest,mendeley-S025-rest-R01,mendeley-S025-R01-G00-rest,mendeley-S025-rest-R01,0,validation
mendeley-S25-K2-seed3402,25,2,3402,rest,mendeley-S025-rest-R03,mendeley-S025-R03-G00-rest,mendeley-S025-rest-R03,0,validation
mendeley-S25-K2-seed3402,25,2,3402,wrist_extension,mendeley-S025-wrist_extension-R01,mendeley-S025-R01-G01-wrist_extension,mendeley-S025-wrist_extension-R01,0,validation
mendeley-S25-K2-seed3402,25,2,3402,wrist_extension,mendeley-S025-wrist_extension-R05,mendeley-S025-R05-G01-wrist_extension,mendeley-S025-wrist_extension-R05,0,validation
mendeley-S25-K2-seed3402,25,2,3402,wrist_flexion,mendeley-S025-wrist_flexion-R02,mendeley-S025-R02-G02-wrist_flexion,mendeley-S025-wrist_flexion-R02,0,validation
mendeley-S25-K2-seed3402,25,2,3402,wrist_flexion,mendeley-S025-wrist_flexion-R03,mendeley-S025-R03-G02-wrist_flexion,mendeley-S025-wrist_flexion-R03,0,validation
mendeley-S35-K2-seed3402,35,2,3402,hand_close,mendeley-S035-grip-R02,mendeley-S035-R02-G05-grip,mendeley-S035-grip-R02,0,validation
mendeley-S35-K2-seed3402,35,2,3402,hand_close,mendeley-S035-grip-R05,mendeley-S035-R05-G05-grip,mendeley-S035-grip-R05,0,validation
mendeley-S35-K2-seed3402,35,2,3402,rest,mendeley-S035-rest-R03,mendeley-S035-R03-G00-rest,mendeley-S035-rest-R03,0,validation
mendeley-S35-K2-seed3402,35,2,3402,rest,mendeley-S035-rest-R05,mendeley-S035-R05-G00-rest,mendeley-S035-rest-R05,0,validation
mendeley-S35-K2-seed3402,35,2,3402,wrist_extension,mendeley-S035-wrist_extension-R03,mendeley-S035-R03-G01-wrist_extension,mendeley-S035-wrist_extension-R03,0,validation
mendeley-S35-K2-seed3402,35,2,3402,wrist_extension,mendeley-S035-wrist_extension-R04,mendeley-S035-R04-G01-wrist_extension,mendeley-S035-wrist_extension-R04,0,validation
mendeley-S35-K2-seed3402,35,2,3402,wrist_flexion,mendeley-S035-wrist_flexion-R01,mendeley-S035-R01-G02-wrist_flexion,mendeley-S035-wrist_flexion-R01,0,validation
mendeley-S35-K2-seed3402,35,2,3402,wrist_flexion,mendeley-S035-wrist_flexion-R02,mendeley-S035-R02-G02-wrist_flexion,mendeley-S035-wrist_flexion-R02,0,validation
mendeley-S40-K2-seed3402,40,2,3402,hand_close,mendeley-S040-grip-R03,mendeley-S040-R03-G05-grip,mendeley-S040-grip-R03,0,validation
mendeley-S40-K2-seed3402,40,2,3402,hand_close,mendeley-S040-grip-R05,mendeley-S040-R05-G05-grip,mendeley-S040-grip-R05,0,validation
mendeley-S40-K2-seed3402,40,2,3402,rest,mendeley-S040-rest-R01,mendeley-S040-R01-G00-rest,mendeley-S040-rest-R01,0,validation
mendeley-S40-K2-seed3402,40,2,3402,rest,mendeley-S040-rest-R04,mendeley-S040-R04-G00-rest,mendeley-S040-rest-R04,0,validation
mendeley-S40-K2-seed3402,40,2,3402,wrist_extension,mendeley-S040-wrist_extension-R01,mendeley-S040-R01-G01-wrist_extension,mendeley-S040-wrist_extension-R01,0,validation
mendeley-S40-K2-seed3402,40,2,3402,wrist_extension,mendeley-S040-wrist_extension-R05,mendeley-S040-R05-G01-wrist_extension,mendeley-S040-wrist_extension-R05,0,validation
mendeley-S40-K2-seed3402,40,2,3402,wrist_flexion,mendeley-S040-wrist_flexion-R03,mendeley-S040-R03-G02-wrist_flexion,mendeley-S040-wrist_flexion-R03,0,validation
mendeley-S40-K2-seed3402,40,2,3402,wrist_flexion,mendeley-S040-wrist_flexion-R05,mendeley-S040-R05-G02-wrist_flexion,mendeley-S040-wrist_flexion-R05,0,validation
mendeley-S6-K2-seed3402,6,2,3402,hand_close,mendeley-S006-grip-R01,mendeley-S006-R01-G05-grip,mendeley-S006-grip-R01,0,validation
mendeley-S6-K2-seed3402,6,2,3402,hand_close,mendeley-S006-grip-R02,mendeley-S006-R02-G05-grip,mendeley-S006-grip-R02,0,validation
mendeley-S6-K2-seed3402,6,2,3402,rest,mendeley-S006-rest-R01,mendeley-S006-R01-G00-rest,mendeley-S006-rest-R01,0,validation
mendeley-S6-K2-seed3402,6,2,3402,rest,mendeley-S006-rest-R03,mendeley-S006-R03-G00-rest,mendeley-S006-rest-R03,0,validation
mendeley-S6-K2-seed3402,6,2,3402,wrist_extension,mendeley-S006-wrist_extension-R01,mendeley-S006-R01-G01-wrist_extension,mendeley-S006-wrist_extension-R01,0,validation
mendeley-S6-K2-seed3402,6,2,3402,wrist_extension,mendeley-S006-wrist_extension-R05,mendeley-S006-R05-G01-wrist_extension,mendeley-S006-wrist_extension-R05,0,validation
mendeley-S6-K2-seed3402,6,2,3402,wrist_flexion,mendeley-S006-wrist_flexion-R01,mendeley-S006-R01-G02-wrist_flexion,mendeley-S006-wrist_flexion-R01,0,validation
mendeley-S6-K2-seed3402,6,2,3402,wrist_flexion,mendeley-S006-wrist_flexion-R02,mendeley-S006-R02-G02-wrist_flexion,mendeley-S006-wrist_flexion-R02,0,validation
mendeley-S10-K2-seed3403,10,2,3403,hand_close,mendeley-S010-grip-R01,mendeley-S010-R01-G05-grip,mendeley-S010-grip-R01,0,validation
mendeley-S10-K2-seed3403,10,2,3403,hand_close,mendeley-S010-grip-R02,mendeley-S010-R02-G05-grip,mendeley-S010-grip-R02,0,validation
mendeley-S10-K2-seed3403,10,2,3403,rest,mendeley-S010-rest-R01,mendeley-S010-R01-G00-rest,mendeley-S010-rest-R01,0,validation
mendeley-S10-K2-seed3403,10,2,3403,rest,mendeley-S010-rest-R02,mendeley-S010-R02-G00-rest,mendeley-S010-rest-R02,0,validation
mendeley-S10-K2-seed3403,10,2,3403,wrist_extension,mendeley-S010-wrist_extension-R04,mendeley-S010-R04-G01-wrist_extension,mendeley-S010-wrist_extension-R04,0,validation
mendeley-S10-K2-seed3403,10,2,3403,wrist_extension,mendeley-S010-wrist_extension-R05,mendeley-S010-R05-G01-wrist_extension,mendeley-S010-wrist_extension-R05,0,validation
mendeley-S10-K2-seed3403,10,2,3403,wrist_flexion,mendeley-S010-wrist_flexion-R01,mendeley-S010-R01-G02-wrist_flexion,mendeley-S010-wrist_flexion-R01,0,validation
mendeley-S10-K2-seed3403,10,2,3403,wrist_flexion,mendeley-S010-wrist_flexion-R03,mendeley-S010-R03-G02-wrist_flexion,mendeley-S010-wrist_flexion-R03,0,validation
mendeley-S15-K2-seed3403,15,2,3403,hand_close,mendeley-S015-grip-R03,mendeley-S015-R03-G05-grip,mendeley-S015-grip-R03,0,validation
mendeley-S15-K2-seed3403,15,2,3403,hand_close,mendeley-S015-grip-R04,mendeley-S015-R04-G05-grip,mendeley-S015-grip-R04,0,validation
mendeley-S15-K2-seed3403,15,2,3403,rest,mendeley-S015-rest-R02,mendeley-S015-R02-G00-rest,mendeley-S015-rest-R02,0,validation
mendeley-S15-K2-seed3403,15,2,3403,rest,mendeley-S015-rest-R03,mendeley-S015-R03-G00-rest,mendeley-S015-rest-R03,0,validation
mendeley-S15-K2-seed3403,15,2,3403,wrist_extension,mendeley-S015-wrist_extension-R03,mendeley-S015-R03-G01-wrist_extension,mendeley-S015-wrist_extension-R03,0,validation
mendeley-S15-K2-seed3403,15,2,3403,wrist_extension,mendeley-S015-wrist_extension-R05,mendeley-S015-R05-G01-wrist_extension,mendeley-S015-wrist_extension-R05,0,validation
mendeley-S15-K2-seed3403,15,2,3403,wrist_flexion,mendeley-S015-wrist_flexion-R01,mendeley-S015-R01-G02-wrist_flexion,mendeley-S015-wrist_flexion-R01,0,validation
mendeley-S15-K2-seed3403,15,2,3403,wrist_flexion,mendeley-S015-wrist_flexion-R05,mendeley-S015-R05-G02-wrist_flexion,mendeley-S015-wrist_flexion-R05,0,validation
mendeley-S21-K2-seed3403,21,2,3403,hand_close,mendeley-S021-grip-R01,mendeley-S021-R01-G05-grip,mendeley-S021-grip-R01,0,validation
mendeley-S21-K2-seed3403,21,2,3403,hand_close,mendeley-S021-grip-R02,mendeley-S021-R02-G05-grip,mendeley-S021-grip-R02,0,validation
mendeley-S21-K2-seed3403,21,2,3403,rest,mendeley-S021-rest-R02,mendeley-S021-R02-G00-rest,mendeley-S021-rest-R02,0,validation
mendeley-S21-K2-seed3403,21,2,3403,rest,mendeley-S021-rest-R04,mendeley-S021-R04-G00-rest,mendeley-S021-rest-R04,0,validation
mendeley-S21-K2-seed3403,21,2,3403,wrist_extension,mendeley-S021-wrist_extension-R01,mendeley-S021-R01-G01-wrist_extension,mendeley-S021-wrist_extension-R01,0,validation
mendeley-S21-K2-seed3403,21,2,3403,wrist_extension,mendeley-S021-wrist_extension-R02,mendeley-S021-R02-G01-wrist_extension,mendeley-S021-wrist_extension-R02,0,validation
mendeley-S21-K2-seed3403,21,2,3403,wrist_flexion,mendeley-S021-wrist_flexion-R01,mendeley-S021-R01-G02-wrist_flexion,mendeley-S021-wrist_flexion-R01,0,validation
mendeley-S21-K2-seed3403,21,2,3403,wrist_flexion,mendeley-S021-wrist_flexion-R04,mendeley-S021-R04-G02-wrist_flexion,mendeley-S021-wrist_flexion-R04,0,validation
mendeley-S23-K2-seed3403,23,2,3403,hand_close,mendeley-S023-grip-R01,mendeley-S023-R01-G05-grip,mendeley-S023-grip-R01,0,validation
mendeley-S23-K2-seed3403,23,2,3403,hand_close,mendeley-S023-grip-R04,mendeley-S023-R04-G05-grip,mendeley-S023-grip-R04,0,validation
mendeley-S23-K2-seed3403,23,2,3403,rest,mendeley-S023-rest-R01,mendeley-S023-R01-G00-rest,mendeley-S023-rest-R01,0,validation
mendeley-S23-K2-seed3403,23,2,3403,rest,mendeley-S023-rest-R03,mendeley-S023-R03-G00-rest,mendeley-S023-rest-R03,0,validation
mendeley-S23-K2-seed3403,23,2,3403,wrist_extension,mendeley-S023-wrist_extension-R01,mendeley-S023-R01-G01-wrist_extension,mendeley-S023-wrist_extension-R01,0,validation
mendeley-S23-K2-seed3403,23,2,3403,wrist_extension,mendeley-S023-wrist_extension-R03,mendeley-S023-R03-G01-wrist_extension,mendeley-S023-wrist_extension-R03,0,validation
mendeley-S23-K2-seed3403,23,2,3403,wrist_flexion,mendeley-S023-wrist_flexion-R01,mendeley-S023-R01-G02-wrist_flexion,mendeley-S023-wrist_flexion-R01,0,validation
mendeley-S23-K2-seed3403,23,2,3403,wrist_flexion,mendeley-S023-wrist_flexion-R04,mendeley-S023-R04-G02-wrist_flexion,mendeley-S023-wrist_flexion-R04,0,validation
mendeley-S25-K2-seed3403,25,2,3403,hand_close,mendeley-S025-grip-R01,mendeley-S025-R01-G05-grip,mendeley-S025-grip-R01,0,validation
mendeley-S25-K2-seed3403,25,2,3403,hand_close,mendeley-S025-grip-R04,mendeley-S025-R04-G05-grip,mendeley-S025-grip-R04,0,validation
mendeley-S25-K2-seed3403,25,2,3403,rest,mendeley-S025-rest-R02,mendeley-S025-R02-G00-rest,mendeley-S025-rest-R02,0,validation
mendeley-S25-K2-seed3403,25,2,3403,rest,mendeley-S025-rest-R03,mendeley-S025-R03-G00-rest,mendeley-S025-rest-R03,0,validation
mendeley-S25-K2-seed3403,25,2,3403,wrist_extension,mendeley-S025-wrist_extension-R04,mendeley-S025-R04-G01-wrist_extension,mendeley-S025-wrist_extension-R04,0,validation
mendeley-S25-K2-seed3403,25,2,3403,wrist_extension,mendeley-S025-wrist_extension-R05,mendeley-S025-R05-G01-wrist_extension,mendeley-S025-wrist_extension-R05,0,validation
mendeley-S25-K2-seed3403,25,2,3403,wrist_flexion,mendeley-S025-wrist_flexion-R03,mendeley-S025-R03-G02-wrist_flexion,mendeley-S025-wrist_flexion-R03,0,validation
mendeley-S25-K2-seed3403,25,2,3403,wrist_flexion,mendeley-S025-wrist_flexion-R05,mendeley-S025-R05-G02-wrist_flexion,mendeley-S025-wrist_flexion-R05,0,validation
mendeley-S35-K2-seed3403,35,2,3403,hand_close,mendeley-S035-grip-R03,mendeley-S035-R03-G05-grip,mendeley-S035-grip-R03,0,validation
mendeley-S35-K2-seed3403,35,2,3403,hand_close,mendeley-S035-grip-R04,mendeley-S035-R04-G05-grip,mendeley-S035-grip-R04,0,validation
mendeley-S35-K2-seed3403,35,2,3403,rest,mendeley-S035-rest-R01,mendeley-S035-R01-G00-rest,mendeley-S035-rest-R01,0,validation
mendeley-S35-K2-seed3403,35,2,3403,rest,mendeley-S035-rest-R05,mendeley-S035-R05-G00-rest,mendeley-S035-rest-R05,0,validation
mendeley-S35-K2-seed3403,35,2,3403,wrist_extension,mendeley-S035-wrist_extension-R01,mendeley-S035-R01-G01-wrist_extension,mendeley-S035-wrist_extension-R01,0,validation
mendeley-S35-K2-seed3403,35,2,3403,wrist_extension,mendeley-S035-wrist_extension-R04,mendeley-S035-R04-G01-wrist_extension,mendeley-S035-wrist_extension-R04,0,validation
mendeley-S35-K2-seed3403,35,2,3403,wrist_flexion,mendeley-S035-wrist_flexion-R02,mendeley-S035-R02-G02-wrist_flexion,mendeley-S035-wrist_flexion-R02,0,validation
mendeley-S35-K2-seed3403,35,2,3403,wrist_flexion,mendeley-S035-wrist_flexion-R05,mendeley-S035-R05-G02-wrist_flexion,mendeley-S035-wrist_flexion-R05,0,validation
mendeley-S40-K2-seed3403,40,2,3403,hand_close,mendeley-S040-grip-R01,mendeley-S040-R01-G05-grip,mendeley-S040-grip-R01,0,validation
mendeley-S40-K2-seed3403,40,2,3403,hand_close,mendeley-S040-grip-R04,mendeley-S040-R04-G05-grip,mendeley-S040-grip-R04,0,validation
mendeley-S40-K2-seed3403,40,2,3403,rest,mendeley-S040-rest-R02,mendeley-S040-R02-G00-rest,mendeley-S040-rest-R02,0,validation
mendeley-S40-K2-seed3403,40,2,3403,rest,mendeley-S040-rest-R04,mendeley-S040-R04-G00-rest,mendeley-S040-rest-R04,0,validation
mendeley-S40-K2-seed3403,40,2,3403,wrist_extension,mendeley-S040-wrist_extension-R02,mendeley-S040-R02-G01-wrist_extension,mendeley-S040-wrist_extension-R02,0,validation
mendeley-S40-K2-seed3403,40,2,3403,wrist_extension,mendeley-S040-wrist_extension-R05,mendeley-S040-R05-G01-wrist_extension,mendeley-S040-wrist_extension-R05,0,validation
mendeley-S40-K2-seed3403,40,2,3403,wrist_flexion,mendeley-S040-wrist_flexion-R03,mendeley-S040-R03-G02-wrist_flexion,mendeley-S040-wrist_flexion-R03,0,validation
mendeley-S40-K2-seed3403,40,2,3403,wrist_flexion,mendeley-S040-wrist_flexion-R04,mendeley-S040-R04-G02-wrist_flexion,mendeley-S040-wrist_flexion-R04,0,validation
mendeley-S6-K2-seed3403,6,2,3403,hand_close,mendeley-S006-grip-R01,mendeley-S006-R01-G05-grip,mendeley-S006-grip-R01,0,validation
mendeley-S6-K2-seed3403,6,2,3403,hand_close,mendeley-S006-grip-R03,mendeley-S006-R03-G05-grip,mendeley-S006-grip-R03,0,validation
mendeley-S6-K2-seed3403,6,2,3403,rest,mendeley-S006-rest-R01,mendeley-S006-R01-G00-rest,mendeley-S006-rest-R01,0,validation
mendeley-S6-K2-seed3403,6,2,3403,rest,mendeley-S006-rest-R03,mendeley-S006-R03-G00-rest,mendeley-S006-rest-R03,0,validation
mendeley-S6-K2-seed3403,6,2,3403,wrist_extension,mendeley-S006-wrist_extension-R02,mendeley-S006-R02-G01-wrist_extension,mendeley-S006-wrist_extension-R02,0,validation
mendeley-S6-K2-seed3403,6,2,3403,wrist_extension,mendeley-S006-wrist_extension-R03,mendeley-S006-R03-G01-wrist_extension,mendeley-S006-wrist_extension-R03,0,validation
mendeley-S6-K2-seed3403,6,2,3403,wrist_flexion,mendeley-S006-wrist_flexion-R04,mendeley-S006-R04-G02-wrist_flexion,mendeley-S006-wrist_flexion-R04,0,validation
mendeley-S6-K2-seed3403,6,2,3403,wrist_flexion,mendeley-S006-wrist_flexion-R05,mendeley-S006-R05-G02-wrist_flexion,mendeley-S006-wrist_flexion-R05,0,validation
mendeley-S10-K2-seed3404,10,2,3404,hand_close,mendeley-S010-grip-R03,mendeley-S010-R03-G05-grip,mendeley-S010-grip-R03,0,validation
mendeley-S10-K2-seed3404,10,2,3404,hand_close,mendeley-S010-grip-R04,mendeley-S010-R04-G05-grip,mendeley-S010-grip-R04,0,validation
mendeley-S10-K2-seed3404,10,2,3404,rest,mendeley-S010-rest-R03,mendeley-S010-R03-G00-rest,mendeley-S010-rest-R03,0,validation
mendeley-S10-K2-seed3404,10,2,3404,rest,mendeley-S010-rest-R05,mendeley-S010-R05-G00-rest,mendeley-S010-rest-R05,0,validation
mendeley-S10-K2-seed3404,10,2,3404,wrist_extension,mendeley-S010-wrist_extension-R03,mendeley-S010-R03-G01-wrist_extension,mendeley-S010-wrist_extension-R03,0,validation
mendeley-S10-K2-seed3404,10,2,3404,wrist_extension,mendeley-S010-wrist_extension-R04,mendeley-S010-R04-G01-wrist_extension,mendeley-S010-wrist_extension-R04,0,validation
mendeley-S10-K2-seed3404,10,2,3404,wrist_flexion,mendeley-S010-wrist_flexion-R03,mendeley-S010-R03-G02-wrist_flexion,mendeley-S010-wrist_flexion-R03,0,validation
mendeley-S10-K2-seed3404,10,2,3404,wrist_flexion,mendeley-S010-wrist_flexion-R04,mendeley-S010-R04-G02-wrist_flexion,mendeley-S010-wrist_flexion-R04,0,validation
mendeley-S15-K2-seed3404,15,2,3404,hand_close,mendeley-S015-grip-R02,mendeley-S015-R02-G05-grip,mendeley-S015-grip-R02,0,validation
mendeley-S15-K2-seed3404,15,2,3404,hand_close,mendeley-S015-grip-R04,mendeley-S015-R04-G05-grip,mendeley-S015-grip-R04,0,validation
mendeley-S15-K2-seed3404,15,2,3404,rest,mendeley-S015-rest-R02,mendeley-S015-R02-G00-rest,mendeley-S015-rest-R02,0,validation
mendeley-S15-K2-seed3404,15,2,3404,rest,mendeley-S015-rest-R04,mendeley-S015-R04-G00-rest,mendeley-S015-rest-R04,0,validation
mendeley-S15-K2-seed3404,15,2,3404,wrist_extension,mendeley-S015-wrist_extension-R01,mendeley-S015-R01-G01-wrist_extension,mendeley-S015-wrist_extension-R01,0,validation
mendeley-S15-K2-seed3404,15,2,3404,wrist_extension,mendeley-S015-wrist_extension-R02,mendeley-S015-R02-G01-wrist_extension,mendeley-S015-wrist_extension-R02,0,validation
mendeley-S15-K2-seed3404,15,2,3404,wrist_flexion,mendeley-S015-wrist_flexion-R03,mendeley-S015-R03-G02-wrist_flexion,mendeley-S015-wrist_flexion-R03,0,validation
mendeley-S15-K2-seed3404,15,2,3404,wrist_flexion,mendeley-S015-wrist_flexion-R05,mendeley-S015-R05-G02-wrist_flexion,mendeley-S015-wrist_flexion-R05,0,validation
mendeley-S21-K2-seed3404,21,2,3404,hand_close,mendeley-S021-grip-R04,mendeley-S021-R04-G05-grip,mendeley-S021-grip-R04,0,validation
mendeley-S21-K2-seed3404,21,2,3404,hand_close,mendeley-S021-grip-R05,mendeley-S021-R05-G05-grip,mendeley-S021-grip-R05,0,validation
mendeley-S21-K2-seed3404,21,2,3404,rest,mendeley-S021-rest-R04,mendeley-S021-R04-G00-rest,mendeley-S021-rest-R04,0,validation
mendeley-S21-K2-seed3404,21,2,3404,rest,mendeley-S021-rest-R05,mendeley-S021-R05-G00-rest,mendeley-S021-rest-R05,0,validation
mendeley-S21-K2-seed3404,21,2,3404,wrist_extension,mendeley-S021-wrist_extension-R02,mendeley-S021-R02-G01-wrist_extension,mendeley-S021-wrist_extension-R02,0,validation
mendeley-S21-K2-seed3404,21,2,3404,wrist_extension,mendeley-S021-wrist_extension-R04,mendeley-S021-R04-G01-wrist_extension,mendeley-S021-wrist_extension-R04,0,validation
mendeley-S21-K2-seed3404,21,2,3404,wrist_flexion,mendeley-S021-wrist_flexion-R01,mendeley-S021-R01-G02-wrist_flexion,mendeley-S021-wrist_flexion-R01,0,validation
mendeley-S21-K2-seed3404,21,2,3404,wrist_flexion,mendeley-S021-wrist_flexion-R05,mendeley-S021-R05-G02-wrist_flexion,mendeley-S021-wrist_flexion-R05,0,validation
mendeley-S23-K2-seed3404,23,2,3404,hand_close,mendeley-S023-grip-R01,mendeley-S023-R01-G05-grip,mendeley-S023-grip-R01,0,validation
mendeley-S23-K2-seed3404,23,2,3404,hand_close,mendeley-S023-grip-R03,mendeley-S023-R03-G05-grip,mendeley-S023-grip-R03,0,validation
mendeley-S23-K2-seed3404,23,2,3404,rest,mendeley-S023-rest-R01,mendeley-S023-R01-G00-rest,mendeley-S023-rest-R01,0,validation
mendeley-S23-K2-seed3404,23,2,3404,rest,mendeley-S023-rest-R03,mendeley-S023-R03-G00-rest,mendeley-S023-rest-R03,0,validation
mendeley-S23-K2-seed3404,23,2,3404,wrist_extension,mendeley-S023-wrist_extension-R04,mendeley-S023-R04-G01-wrist_extension,mendeley-S023-wrist_extension-R04,0,validation
mendeley-S23-K2-seed3404,23,2,3404,wrist_extension,mendeley-S023-wrist_extension-R05,mendeley-S023-R05-G01-wrist_extension,mendeley-S023-wrist_extension-R05,0,validation
mendeley-S23-K2-seed3404,23,2,3404,wrist_flexion,mendeley-S023-wrist_flexion-R02,mendeley-S023-R02-G02-wrist_flexion,mendeley-S023-wrist_flexion-R02,0,validation
mendeley-S23-K2-seed3404,23,2,3404,wrist_flexion,mendeley-S023-wrist_flexion-R04,mendeley-S023-R04-G02-wrist_flexion,mendeley-S023-wrist_flexion-R04,0,validation
mendeley-S25-K2-seed3404,25,2,3404,hand_close,mendeley-S025-grip-R02,mendeley-S025-R02-G05-grip,mendeley-S025-grip-R02,0,validation
mendeley-S25-K2-seed3404,25,2,3404,hand_close,mendeley-S025-grip-R03,mendeley-S025-R03-G05-grip,mendeley-S025-grip-R03,0,validation
mendeley-S25-K2-seed3404,25,2,3404,rest,mendeley-S025-rest-R03,mendeley-S025-R03-G00-rest,mendeley-S025-rest-R03,0,validation
mendeley-S25-K2-seed3404,25,2,3404,rest,mendeley-S025-rest-R04,mendeley-S025-R04-G00-rest,mendeley-S025-rest-R04,0,validation
mendeley-S25-K2-seed3404,25,2,3404,wrist_extension,mendeley-S025-wrist_extension-R01,mendeley-S025-R01-G01-wrist_extension,mendeley-S025-wrist_extension-R01,0,validation
mendeley-S25-K2-seed3404,25,2,3404,wrist_extension,mendeley-S025-wrist_extension-R05,mendeley-S025-R05-G01-wrist_extension,mendeley-S025-wrist_extension-R05,0,validation
mendeley-S25-K2-seed3404,25,2,3404,wrist_flexion,mendeley-S025-wrist_flexion-R02,mendeley-S025-R02-G02-wrist_flexion,mendeley-S025-wrist_flexion-R02,0,validation
mendeley-S25-K2-seed3404,25,2,3404,wrist_flexion,mendeley-S025-wrist_flexion-R05,mendeley-S025-R05-G02-wrist_flexion,mendeley-S025-wrist_flexion-R05,0,validation
mendeley-S35-K2-seed3404,35,2,3404,hand_close,mendeley-S035-grip-R04,mendeley-S035-R04-G05-grip,mendeley-S035-grip-R04,0,validation
mendeley-S35-K2-seed3404,35,2,3404,hand_close,mendeley-S035-grip-R05,mendeley-S035-R05-G05-grip,mendeley-S035-grip-R05,0,validation
mendeley-S35-K2-seed3404,35,2,3404,rest,mendeley-S035-rest-R01,mendeley-S035-R01-G00-rest,mendeley-S035-rest-R01,0,validation
mendeley-S35-K2-seed3404,35,2,3404,rest,mendeley-S035-rest-R05,mendeley-S035-R05-G00-rest,mendeley-S035-rest-R05,0,validation
mendeley-S35-K2-seed3404,35,2,3404,wrist_extension,mendeley-S035-wrist_extension-R01,mendeley-S035-R01-G01-wrist_extension,mendeley-S035-wrist_extension-R01,0,validation
mendeley-S35-K2-seed3404,35,2,3404,wrist_extension,mendeley-S035-wrist_extension-R04,mendeley-S035-R04-G01-wrist_extension,mendeley-S035-wrist_extension-R04,0,validation
mendeley-S35-K2-seed3404,35,2,3404,wrist_flexion,mendeley-S035-wrist_flexion-R03,mendeley-S035-R03-G02-wrist_flexion,mendeley-S035-wrist_flexion-R03,0,validation
mendeley-S35-K2-seed3404,35,2,3404,wrist_flexion,mendeley-S035-wrist_flexion-R05,mendeley-S035-R05-G02-wrist_flexion,mendeley-S035-wrist_flexion-R05,0,validation
mendeley-S40-K2-seed3404,40,2,3404,hand_close,mendeley-S040-grip-R02,mendeley-S040-R02-G05-grip,mendeley-S040-grip-R02,0,validation
mendeley-S40-K2-seed3404,40,2,3404,hand_close,mendeley-S040-grip-R04,mendeley-S040-R04-G05-grip,mendeley-S040-grip-R04,0,validation
mendeley-S40-K2-seed3404,40,2,3404,rest,mendeley-S040-rest-R02,mendeley-S040-R02-G00-rest,mendeley-S040-rest-R02,0,validation
mendeley-S40-K2-seed3404,40,2,3404,rest,mendeley-S040-rest-R04,mendeley-S040-R04-G00-rest,mendeley-S040-rest-R04,0,validation
mendeley-S40-K2-seed3404,40,2,3404,wrist_extension,mendeley-S040-wrist_extension-R04,mendeley-S040-R04-G01-wrist_extension,mendeley-S040-wrist_extension-R04,0,validation
mendeley-S40-K2-seed3404,40,2,3404,wrist_extension,mendeley-S040-wrist_extension-R05,mendeley-S040-R05-G01-wrist_extension,mendeley-S040-wrist_extension-R05,0,validation
mendeley-S40-K2-seed3404,40,2,3404,wrist_flexion,mendeley-S040-wrist_flexion-R03,mendeley-S040-R03-G02-wrist_flexion,mendeley-S040-wrist_flexion-R03,0,validation
mendeley-S40-K2-seed3404,40,2,3404,wrist_flexion,mendeley-S040-wrist_flexion-R05,mendeley-S040-R05-G02-wrist_flexion,mendeley-S040-wrist_flexion-R05,0,validation
mendeley-S6-K2-seed3404,6,2,3404,hand_close,mendeley-S006-grip-R04,mendeley-S006-R04-G05-grip,mendeley-S006-grip-R04,0,validation
mendeley-S6-K2-seed3404,6,2,3404,hand_close,mendeley-S006-grip-R05,mendeley-S006-R05-G05-grip,mendeley-S006-grip-R05,0,validation
mendeley-S6-K2-seed3404,6,2,3404,rest,mendeley-S006-rest-R03,mendeley-S006-R03-G00-rest,mendeley-S006-rest-R03,0,validation
mendeley-S6-K2-seed3404,6,2,3404,rest,mendeley-S006-rest-R05,mendeley-S006-R05-G00-rest,mendeley-S006-rest-R05,0,validation
mendeley-S6-K2-seed3404,6,2,3404,wrist_extension,mendeley-S006-wrist_extension-R03,mendeley-S006-R03-G01-wrist_extension,mendeley-S006-wrist_extension-R03,0,validation
mendeley-S6-K2-seed3404,6,2,3404,wrist_extension,mendeley-S006-wrist_extension-R05,mendeley-S006-R05-G01-wrist_extension,mendeley-S006-wrist_extension-R05,0,validation
mendeley-S6-K2-seed3404,6,2,3404,wrist_flexion,mendeley-S006-wrist_flexion-R02,mendeley-S006-R02-G02-wrist_flexion,mendeley-S006-wrist_flexion-R02,0,validation
mendeley-S6-K2-seed3404,6,2,3404,wrist_flexion,mendeley-S006-wrist_flexion-R03,mendeley-S006-R03-G02-wrist_flexion,mendeley-S006-wrist_flexion-R03,0,validation
mendeley-S10-K2-seed3405,10,2,3405,hand_close,mendeley-S010-grip-R02,mendeley-S010-R02-G05-grip,mendeley-S010-grip-R02,0,validation
mendeley-S10-K2-seed3405,10,2,3405,hand_close,mendeley-S010-grip-R03,mendeley-S010-R03-G05-grip,mendeley-S010-grip-R03,0,validation
mendeley-S10-K2-seed3405,10,2,3405,rest,mendeley-S010-rest-R01,mendeley-S010-R01-G00-rest,mendeley-S010-rest-R01,0,validation
mendeley-S10-K2-seed3405,10,2,3405,rest,mendeley-S010-rest-R05,mendeley-S010-R05-G00-rest,mendeley-S010-rest-R05,0,validation
mendeley-S10-K2-seed3405,10,2,3405,wrist_extension,mendeley-S010-wrist_extension-R02,mendeley-S010-R02-G01-wrist_extension,mendeley-S010-wrist_extension-R02,0,validation
mendeley-S10-K2-seed3405,10,2,3405,wrist_extension,mendeley-S010-wrist_extension-R05,mendeley-S010-R05-G01-wrist_extension,mendeley-S010-wrist_extension-R05,0,validation
mendeley-S10-K2-seed3405,10,2,3405,wrist_flexion,mendeley-S010-wrist_flexion-R02,mendeley-S010-R02-G02-wrist_flexion,mendeley-S010-wrist_flexion-R02,0,validation
mendeley-S10-K2-seed3405,10,2,3405,wrist_flexion,mendeley-S010-wrist_flexion-R05,mendeley-S010-R05-G02-wrist_flexion,mendeley-S010-wrist_flexion-R05,0,validation
mendeley-S15-K2-seed3405,15,2,3405,hand_close,mendeley-S015-grip-R02,mendeley-S015-R02-G05-grip,mendeley-S015-grip-R02,0,validation
mendeley-S15-K2-seed3405,15,2,3405,hand_close,mendeley-S015-grip-R03,mendeley-S015-R03-G05-grip,mendeley-S015-grip-R03,0,validation
mendeley-S15-K2-seed3405,15,2,3405,rest,mendeley-S015-rest-R01,mendeley-S015-R01-G00-rest,mendeley-S015-rest-R01,0,validation
mendeley-S15-K2-seed3405,15,2,3405,rest,mendeley-S015-rest-R04,mendeley-S015-R04-G00-rest,mendeley-S015-rest-R04,0,validation
mendeley-S15-K2-seed3405,15,2,3405,wrist_extension,mendeley-S015-wrist_extension-R03,mendeley-S015-R03-G01-wrist_extension,mendeley-S015-wrist_extension-R03,0,validation
mendeley-S15-K2-seed3405,15,2,3405,wrist_extension,mendeley-S015-wrist_extension-R04,mendeley-S015-R04-G01-wrist_extension,mendeley-S015-wrist_extension-R04,0,validation
mendeley-S15-K2-seed3405,15,2,3405,wrist_flexion,mendeley-S015-wrist_flexion-R01,mendeley-S015-R01-G02-wrist_flexion,mendeley-S015-wrist_flexion-R01,0,validation
mendeley-S15-K2-seed3405,15,2,3405,wrist_flexion,mendeley-S015-wrist_flexion-R05,mendeley-S015-R05-G02-wrist_flexion,mendeley-S015-wrist_flexion-R05,0,validation
mendeley-S21-K2-seed3405,21,2,3405,hand_close,mendeley-S021-grip-R02,mendeley-S021-R02-G05-grip,mendeley-S021-grip-R02,0,validation
mendeley-S21-K2-seed3405,21,2,3405,hand_close,mendeley-S021-grip-R05,mendeley-S021-R05-G05-grip,mendeley-S021-grip-R05,0,validation
mendeley-S21-K2-seed3405,21,2,3405,rest,mendeley-S021-rest-R01,mendeley-S021-R01-G00-rest,mendeley-S021-rest-R01,0,validation
mendeley-S21-K2-seed3405,21,2,3405,rest,mendeley-S021-rest-R02,mendeley-S021-R02-G00-rest,mendeley-S021-rest-R02,0,validation
mendeley-S21-K2-seed3405,21,2,3405,wrist_extension,mendeley-S021-wrist_extension-R03,mendeley-S021-R03-G01-wrist_extension,mendeley-S021-wrist_extension-R03,0,validation
mendeley-S21-K2-seed3405,21,2,3405,wrist_extension,mendeley-S021-wrist_extension-R04,mendeley-S021-R04-G01-wrist_extension,mendeley-S021-wrist_extension-R04,0,validation
mendeley-S21-K2-seed3405,21,2,3405,wrist_flexion,mendeley-S021-wrist_flexion-R02,mendeley-S021-R02-G02-wrist_flexion,mendeley-S021-wrist_flexion-R02,0,validation
mendeley-S21-K2-seed3405,21,2,3405,wrist_flexion,mendeley-S021-wrist_flexion-R05,mendeley-S021-R05-G02-wrist_flexion,mendeley-S021-wrist_flexion-R05,0,validation
mendeley-S23-K2-seed3405,23,2,3405,hand_close,mendeley-S023-grip-R03,mendeley-S023-R03-G05-grip,mendeley-S023-grip-R03,0,validation
mendeley-S23-K2-seed3405,23,2,3405,hand_close,mendeley-S023-grip-R04,mendeley-S023-R04-G05-grip,mendeley-S023-grip-R04,0,validation
mendeley-S23-K2-seed3405,23,2,3405,rest,mendeley-S023-rest-R02,mendeley-S023-R02-G00-rest,mendeley-S023-rest-R02,0,validation
mendeley-S23-K2-seed3405,23,2,3405,rest,mendeley-S023-rest-R04,mendeley-S023-R04-G00-rest,mendeley-S023-rest-R04,0,validation
mendeley-S23-K2-seed3405,23,2,3405,wrist_extension,mendeley-S023-wrist_extension-R01,mendeley-S023-R01-G01-wrist_extension,mendeley-S023-wrist_extension-R01,0,validation
mendeley-S23-K2-seed3405,23,2,3405,wrist_extension,mendeley-S023-wrist_extension-R04,mendeley-S023-R04-G01-wrist_extension,mendeley-S023-wrist_extension-R04,0,validation
mendeley-S23-K2-seed3405,23,2,3405,wrist_flexion,mendeley-S023-wrist_flexion-R02,mendeley-S023-R02-G02-wrist_flexion,mendeley-S023-wrist_flexion-R02,0,validation
mendeley-S23-K2-seed3405,23,2,3405,wrist_flexion,mendeley-S023-wrist_flexion-R05,mendeley-S023-R05-G02-wrist_flexion,mendeley-S023-wrist_flexion-R05,0,validation
mendeley-S25-K2-seed3405,25,2,3405,hand_close,mendeley-S025-grip-R01,mendeley-S025-R01-G05-grip,mendeley-S025-grip-R01,0,validation
mendeley-S25-K2-seed3405,25,2,3405,hand_close,mendeley-S025-grip-R03,mendeley-S025-R03-G05-grip,mendeley-S025-grip-R03,0,validation
mendeley-S25-K2-seed3405,25,2,3405,rest,mendeley-S025-rest-R04,mendeley-S025-R04-G00-rest,mendeley-S025-rest-R04,0,validation
mendeley-S25-K2-seed3405,25,2,3405,rest,mendeley-S025-rest-R05,mendeley-S025-R05-G00-rest,mendeley-S025-rest-R05,0,validation
mendeley-S25-K2-seed3405,25,2,3405,wrist_extension,mendeley-S025-wrist_extension-R02,mendeley-S025-R02-G01-wrist_extension,mendeley-S025-wrist_extension-R02,0,validation
mendeley-S25-K2-seed3405,25,2,3405,wrist_extension,mendeley-S025-wrist_extension-R05,mendeley-S025-R05-G01-wrist_extension,mendeley-S025-wrist_extension-R05,0,validation
mendeley-S25-K2-seed3405,25,2,3405,wrist_flexion,mendeley-S025-wrist_flexion-R03,mendeley-S025-R03-G02-wrist_flexion,mendeley-S025-wrist_flexion-R03,0,validation
mendeley-S25-K2-seed3405,25,2,3405,wrist_flexion,mendeley-S025-wrist_flexion-R05,mendeley-S025-R05-G02-wrist_flexion,mendeley-S025-wrist_flexion-R05,0,validation
mendeley-S35-K2-seed3405,35,2,3405,hand_close,mendeley-S035-grip-R01,mendeley-S035-R01-G05-grip,mendeley-S035-grip-R01,0,validation
mendeley-S35-K2-seed3405,35,2,3405,hand_close,mendeley-S035-grip-R03,mendeley-S035-R03-G05-grip,mendeley-S035-grip-R03,0,validation
mendeley-S35-K2-seed3405,35,2,3405,rest,mendeley-S035-rest-R04,mendeley-S035-R04-G00-rest,mendeley-S035-rest-R04,0,validation
mendeley-S35-K2-seed3405,35,2,3405,rest,mendeley-S035-rest-R05,mendeley-S035-R05-G00-rest,mendeley-S035-rest-R05,0,validation
mendeley-S35-K2-seed3405,35,2,3405,wrist_extension,mendeley-S035-wrist_extension-R02,mendeley-S035-R02-G01-wrist_extension,mendeley-S035-wrist_extension-R02,0,validation
mendeley-S35-K2-seed3405,35,2,3405,wrist_extension,mendeley-S035-wrist_extension-R03,mendeley-S035-R03-G01-wrist_extension,mendeley-S035-wrist_extension-R03,0,validation
mendeley-S35-K2-seed3405,35,2,3405,wrist_flexion,mendeley-S035-wrist_flexion-R01,mendeley-S035-R01-G02-wrist_flexion,mendeley-S035-wrist_flexion-R01,0,validation
mendeley-S35-K2-seed3405,35,2,3405,wrist_flexion,mendeley-S035-wrist_flexion-R03,mendeley-S035-R03-G02-wrist_flexion,mendeley-S035-wrist_flexion-R03,0,validation
mendeley-S40-K2-seed3405,40,2,3405,hand_close,mendeley-S040-grip-R01,mendeley-S040-R01-G05-grip,mendeley-S040-grip-R01,0,validation
mendeley-S40-K2-seed3405,40,2,3405,hand_close,mendeley-S040-grip-R04,mendeley-S040-R04-G05-grip,mendeley-S040-grip-R04,0,validation
mendeley-S40-K2-seed3405,40,2,3405,rest,mendeley-S040-rest-R02,mendeley-S040-R02-G00-rest,mendeley-S040-rest-R02,0,validation
mendeley-S40-K2-seed3405,40,2,3405,rest,mendeley-S040-rest-R05,mendeley-S040-R05-G00-rest,mendeley-S040-rest-R05,0,validation
mendeley-S40-K2-seed3405,40,2,3405,wrist_extension,mendeley-S040-wrist_extension-R01,mendeley-S040-R01-G01-wrist_extension,mendeley-S040-wrist_extension-R01,0,validation
mendeley-S40-K2-seed3405,40,2,3405,wrist_extension,mendeley-S040-wrist_extension-R02,mendeley-S040-R02-G01-wrist_extension,mendeley-S040-wrist_extension-R02,0,validation
mendeley-S40-K2-seed3405,40,2,3405,wrist_flexion,mendeley-S040-wrist_flexion-R03,mendeley-S040-R03-G02-wrist_flexion,mendeley-S040-wrist_flexion-R03,0,validation
mendeley-S40-K2-seed3405,40,2,3405,wrist_flexion,mendeley-S040-wrist_flexion-R05,mendeley-S040-R05-G02-wrist_flexion,mendeley-S040-wrist_flexion-R05,0,validation
mendeley-S6-K2-seed3405,6,2,3405,hand_close,mendeley-S006-grip-R02,mendeley-S006-R02-G05-grip,mendeley-S006-grip-R02,0,validation
mendeley-S6-K2-seed3405,6,2,3405,hand_close,mendeley-S006-grip-R05,mendeley-S006-R05-G05-grip,mendeley-S006-grip-R05,0,validation
mendeley-S6-K2-seed3405,6,2,3405,rest,mendeley-S006-rest-R01,mendeley-S006-R01-G00-rest,mendeley-S006-rest-R01,0,validation
mendeley-S6-K2-seed3405,6,2,3405,rest,mendeley-S006-rest-R02,mendeley-S006-R02-G00-rest,mendeley-S006-rest-R02,0,validation
mendeley-S6-K2-seed3405,6,2,3405,wrist_extension,mendeley-S006-wrist_extension-R03,mendeley-S006-R03-G01-wrist_extension,mendeley-S006-wrist_extension-R03,0,validation
mendeley-S6-K2-seed3405,6,2,3405,wrist_extension,mendeley-S006-wrist_extension-R05,mendeley-S006-R05-G01-wrist_extension,mendeley-S006-wrist_extension-R05,0,validation
mendeley-S6-K2-seed3405,6,2,3405,wrist_flexion,mendeley-S006-wrist_flexion-R01,mendeley-S006-R01-G02-wrist_flexion,mendeley-S006-wrist_flexion-R01,0,validation
mendeley-S6-K2-seed3405,6,2,3405,wrist_flexion,mendeley-S006-wrist_flexion-R04,mendeley-S006-R04-G02-wrist_flexion,mendeley-S006-wrist_flexion-R04,0,validation
mendeley-S10-K2-seed3406,10,2,3406,hand_close,mendeley-S010-grip-R02,mendeley-S010-R02-G05-grip,mendeley-S010-grip-R02,0,validation
mendeley-S10-K2-seed3406,10,2,3406,hand_close,mendeley-S010-grip-R05,mendeley-S010-R05-G05-grip,mendeley-S010-grip-R05,0,validation
mendeley-S10-K2-seed3406,10,2,3406,rest,mendeley-S010-rest-R04,mendeley-S010-R04-G00-rest,mendeley-S010-rest-R04,0,validation
mendeley-S10-K2-seed3406,10,2,3406,rest,mendeley-S010-rest-R05,mendeley-S010-R05-G00-rest,mendeley-S010-rest-R05,0,validation
mendeley-S10-K2-seed3406,10,2,3406,wrist_extension,mendeley-S010-wrist_extension-R04,mendeley-S010-R04-G01-wrist_extension,mendeley-S010-wrist_extension-R04,0,validation
mendeley-S10-K2-seed3406,10,2,3406,wrist_extension,mendeley-S010-wrist_extension-R05,mendeley-S010-R05-G01-wrist_extension,mendeley-S010-wrist_extension-R05,0,validation
mendeley-S10-K2-seed3406,10,2,3406,wrist_flexion,mendeley-S010-wrist_flexion-R03,mendeley-S010-R03-G02-wrist_flexion,mendeley-S010-wrist_flexion-R03,0,validation
mendeley-S10-K2-seed3406,10,2,3406,wrist_flexion,mendeley-S010-wrist_flexion-R05,mendeley-S010-R05-G02-wrist_flexion,mendeley-S010-wrist_flexion-R05,0,validation
mendeley-S15-K2-seed3406,15,2,3406,hand_close,mendeley-S015-grip-R01,mendeley-S015-R01-G05-grip,mendeley-S015-grip-R01,0,validation
mendeley-S15-K2-seed3406,15,2,3406,hand_close,mendeley-S015-grip-R04,mendeley-S015-R04-G05-grip,mendeley-S015-grip-R04,0,validation
mendeley-S15-K2-seed3406,15,2,3406,rest,mendeley-S015-rest-R01,mendeley-S015-R01-G00-rest,mendeley-S015-rest-R01,0,validation
mendeley-S15-K2-seed3406,15,2,3406,rest,mendeley-S015-rest-R03,mendeley-S015-R03-G00-rest,mendeley-S015-rest-R03,0,validation
mendeley-S15-K2-seed3406,15,2,3406,wrist_extension,mendeley-S015-wrist_extension-R03,mendeley-S015-R03-G01-wrist_extension,mendeley-S015-wrist_extension-R03,0,validation
mendeley-S15-K2-seed3406,15,2,3406,wrist_extension,mendeley-S015-wrist_extension-R05,mendeley-S015-R05-G01-wrist_extension,mendeley-S015-wrist_extension-R05,0,validation
mendeley-S15-K2-seed3406,15,2,3406,wrist_flexion,mendeley-S015-wrist_flexion-R02,mendeley-S015-R02-G02-wrist_flexion,mendeley-S015-wrist_flexion-R02,0,validation
mendeley-S15-K2-seed3406,15,2,3406,wrist_flexion,mendeley-S015-wrist_flexion-R05,mendeley-S015-R05-G02-wrist_flexion,mendeley-S015-wrist_flexion-R05,0,validation
mendeley-S21-K2-seed3406,21,2,3406,hand_close,mendeley-S021-grip-R01,mendeley-S021-R01-G05-grip,mendeley-S021-grip-R01,0,validation
mendeley-S21-K2-seed3406,21,2,3406,hand_close,mendeley-S021-grip-R05,mendeley-S021-R05-G05-grip,mendeley-S021-grip-R05,0,validation
mendeley-S21-K2-seed3406,21,2,3406,rest,mendeley-S021-rest-R03,mendeley-S021-R03-G00-rest,mendeley-S021-rest-R03,0,validation
mendeley-S21-K2-seed3406,21,2,3406,rest,mendeley-S021-rest-R04,mendeley-S021-R04-G00-rest,mendeley-S021-rest-R04,0,validation
mendeley-S21-K2-seed3406,21,2,3406,wrist_extension,mendeley-S021-wrist_extension-R01,mendeley-S021-R01-G01-wrist_extension,mendeley-S021-wrist_extension-R01,0,validation
mendeley-S21-K2-seed3406,21,2,3406,wrist_extension,mendeley-S021-wrist_extension-R05,mendeley-S021-R05-G01-wrist_extension,mendeley-S021-wrist_extension-R05,0,validation
mendeley-S21-K2-seed3406,21,2,3406,wrist_flexion,mendeley-S021-wrist_flexion-R02,mendeley-S021-R02-G02-wrist_flexion,mendeley-S021-wrist_flexion-R02,0,validation
mendeley-S21-K2-seed3406,21,2,3406,wrist_flexion,mendeley-S021-wrist_flexion-R03,mendeley-S021-R03-G02-wrist_flexion,mendeley-S021-wrist_flexion-R03,0,validation
mendeley-S23-K2-seed3406,23,2,3406,hand_close,mendeley-S023-grip-R03,mendeley-S023-R03-G05-grip,mendeley-S023-grip-R03,0,validation
mendeley-S23-K2-seed3406,23,2,3406,hand_close,mendeley-S023-grip-R04,mendeley-S023-R04-G05-grip,mendeley-S023-grip-R04,0,validation
mendeley-S23-K2-seed3406,23,2,3406,rest,mendeley-S023-rest-R01,mendeley-S023-R01-G00-rest,mendeley-S023-rest-R01,0,validation
mendeley-S23-K2-seed3406,23,2,3406,rest,mendeley-S023-rest-R04,mendeley-S023-R04-G00-rest,mendeley-S023-rest-R04,0,validation
mendeley-S23-K2-seed3406,23,2,3406,wrist_extension,mendeley-S023-wrist_extension-R03,mendeley-S023-R03-G01-wrist_extension,mendeley-S023-wrist_extension-R03,0,validation
mendeley-S23-K2-seed3406,23,2,3406,wrist_extension,mendeley-S023-wrist_extension-R05,mendeley-S023-R05-G01-wrist_extension,mendeley-S023-wrist_extension-R05,0,validation
mendeley-S23-K2-seed3406,23,2,3406,wrist_flexion,mendeley-S023-wrist_flexion-R01,mendeley-S023-R01-G02-wrist_flexion,mendeley-S023-wrist_flexion-R01,0,validation
mendeley-S23-K2-seed3406,23,2,3406,wrist_flexion,mendeley-S023-wrist_flexion-R02,mendeley-S023-R02-G02-wrist_flexion,mendeley-S023-wrist_flexion-R02,0,validation
mendeley-S25-K2-seed3406,25,2,3406,hand_close,mendeley-S025-grip-R04,mendeley-S025-R04-G05-grip,mendeley-S025-grip-R04,0,validation
mendeley-S25-K2-seed3406,25,2,3406,hand_close,mendeley-S025-grip-R05,mendeley-S025-R05-G05-grip,mendeley-S025-grip-R05,0,validation
mendeley-S25-K2-seed3406,25,2,3406,rest,mendeley-S025-rest-R01,mendeley-S025-R01-G00-rest,mendeley-S025-rest-R01,0,validation
mendeley-S25-K2-seed3406,25,2,3406,rest,mendeley-S025-rest-R03,mendeley-S025-R03-G00-rest,mendeley-S025-rest-R03,0,validation
mendeley-S25-K2-seed3406,25,2,3406,wrist_extension,mendeley-S025-wrist_extension-R03,mendeley-S025-R03-G01-wrist_extension,mendeley-S025-wrist_extension-R03,0,validation
mendeley-S25-K2-seed3406,25,2,3406,wrist_extension,mendeley-S025-wrist_extension-R05,mendeley-S025-R05-G01-wrist_extension,mendeley-S025-wrist_extension-R05,0,validation
mendeley-S25-K2-seed3406,25,2,3406,wrist_flexion,mendeley-S025-wrist_flexion-R02,mendeley-S025-R02-G02-wrist_flexion,mendeley-S025-wrist_flexion-R02,0,validation
mendeley-S25-K2-seed3406,25,2,3406,wrist_flexion,mendeley-S025-wrist_flexion-R03,mendeley-S025-R03-G02-wrist_flexion,mendeley-S025-wrist_flexion-R03,0,validation
mendeley-S35-K2-seed3406,35,2,3406,hand_close,mendeley-S035-grip-R02,mendeley-S035-R02-G05-grip,mendeley-S035-grip-R02,0,validation
mendeley-S35-K2-seed3406,35,2,3406,hand_close,mendeley-S035-grip-R03,mendeley-S035-R03-G05-grip,mendeley-S035-grip-R03,0,validation
mendeley-S35-K2-seed3406,35,2,3406,rest,mendeley-S035-rest-R03,mendeley-S035-R03-G00-rest,mendeley-S035-rest-R03,0,validation
mendeley-S35-K2-seed3406,35,2,3406,rest,mendeley-S035-rest-R04,mendeley-S035-R04-G00-rest,mendeley-S035-rest-R04,0,validation
mendeley-S35-K2-seed3406,35,2,3406,wrist_extension,mendeley-S035-wrist_extension-R03,mendeley-S035-R03-G01-wrist_extension,mendeley-S035-wrist_extension-R03,0,validation
mendeley-S35-K2-seed3406,35,2,3406,wrist_extension,mendeley-S035-wrist_extension-R05,mendeley-S035-R05-G01-wrist_extension,mendeley-S035-wrist_extension-R05,0,validation
mendeley-S35-K2-seed3406,35,2,3406,wrist_flexion,mendeley-S035-wrist_flexion-R03,mendeley-S035-R03-G02-wrist_flexion,mendeley-S035-wrist_flexion-R03,0,validation
mendeley-S35-K2-seed3406,35,2,3406,wrist_flexion,mendeley-S035-wrist_flexion-R04,mendeley-S035-R04-G02-wrist_flexion,mendeley-S035-wrist_flexion-R04,0,validation
mendeley-S40-K2-seed3406,40,2,3406,hand_close,mendeley-S040-grip-R04,mendeley-S040-R04-G05-grip,mendeley-S040-grip-R04,0,validation
mendeley-S40-K2-seed3406,40,2,3406,hand_close,mendeley-S040-grip-R05,mendeley-S040-R05-G05-grip,mendeley-S040-grip-R05,0,validation
mendeley-S40-K2-seed3406,40,2,3406,rest,mendeley-S040-rest-R02,mendeley-S040-R02-G00-rest,mendeley-S040-rest-R02,0,validation
mendeley-S40-K2-seed3406,40,2,3406,rest,mendeley-S040-rest-R03,mendeley-S040-R03-G00-rest,mendeley-S040-rest-R03,0,validation
mendeley-S40-K2-seed3406,40,2,3406,wrist_extension,mendeley-S040-wrist_extension-R03,mendeley-S040-R03-G01-wrist_extension,mendeley-S040-wrist_extension-R03,0,validation
mendeley-S40-K2-seed3406,40,2,3406,wrist_extension,mendeley-S040-wrist_extension-R04,mendeley-S040-R04-G01-wrist_extension,mendeley-S040-wrist_extension-R04,0,validation
mendeley-S40-K2-seed3406,40,2,3406,wrist_flexion,mendeley-S040-wrist_flexion-R01,mendeley-S040-R01-G02-wrist_flexion,mendeley-S040-wrist_flexion-R01,0,validation
mendeley-S40-K2-seed3406,40,2,3406,wrist_flexion,mendeley-S040-wrist_flexion-R03,mendeley-S040-R03-G02-wrist_flexion,mendeley-S040-wrist_flexion-R03,0,validation
mendeley-S6-K2-seed3406,6,2,3406,hand_close,mendeley-S006-grip-R02,mendeley-S006-R02-G05-grip,mendeley-S006-grip-R02,0,validation
mendeley-S6-K2-seed3406,6,2,3406,hand_close,mendeley-S006-grip-R05,mendeley-S006-R05-G05-grip,mendeley-S006-grip-R05,0,validation
mendeley-S6-K2-seed3406,6,2,3406,rest,mendeley-S006-rest-R01,mendeley-S006-R01-G00-rest,mendeley-S006-rest-R01,0,validation
mendeley-S6-K2-seed3406,6,2,3406,rest,mendeley-S006-rest-R04,mendeley-S006-R04-G00-rest,mendeley-S006-rest-R04,0,validation
mendeley-S6-K2-seed3406,6,2,3406,wrist_extension,mendeley-S006-wrist_extension-R02,mendeley-S006-R02-G01-wrist_extension,mendeley-S006-wrist_extension-R02,0,validation
mendeley-S6-K2-seed3406,6,2,3406,wrist_extension,mendeley-S006-wrist_extension-R04,mendeley-S006-R04-G01-wrist_extension,mendeley-S006-wrist_extension-R04,0,validation
mendeley-S6-K2-seed3406,6,2,3406,wrist_flexion,mendeley-S006-wrist_flexion-R01,mendeley-S006-R01-G02-wrist_flexion,mendeley-S006-wrist_flexion-R01,0,validation
mendeley-S6-K2-seed3406,6,2,3406,wrist_flexion,mendeley-S006-wrist_flexion-R04,mendeley-S006-R04-G02-wrist_flexion,mendeley-S006-wrist_flexion-R04,0,validation
mendeley-S10-K2-seed3407,10,2,3407,hand_close,mendeley-S010-grip-R03,mendeley-S010-R03-G05-grip,mendeley-S010-grip-R03,0,validation
mendeley-S10-K2-seed3407,10,2,3407,hand_close,mendeley-S010-grip-R05,mendeley-S010-R05-G05-grip,mendeley-S010-grip-R05,0,validation
mendeley-S10-K2-seed3407,10,2,3407,rest,mendeley-S010-rest-R01,mendeley-S010-R01-G00-rest,mendeley-S010-rest-R01,0,validation
mendeley-S10-K2-seed3407,10,2,3407,rest,mendeley-S010-rest-R02,mendeley-S010-R02-G00-rest,mendeley-S010-rest-R02,0,validation
mendeley-S10-K2-seed3407,10,2,3407,wrist_extension,mendeley-S010-wrist_extension-R02,mendeley-S010-R02-G01-wrist_extension,mendeley-S010-wrist_extension-R02,0,validation
mendeley-S10-K2-seed3407,10,2,3407,wrist_extension,mendeley-S010-wrist_extension-R04,mendeley-S010-R04-G01-wrist_extension,mendeley-S010-wrist_extension-R04,0,validation
mendeley-S10-K2-seed3407,10,2,3407,wrist_flexion,mendeley-S010-wrist_flexion-R01,mendeley-S010-R01-G02-wrist_flexion,mendeley-S010-wrist_flexion-R01,0,validation
mendeley-S10-K2-seed3407,10,2,3407,wrist_flexion,mendeley-S010-wrist_flexion-R05,mendeley-S010-R05-G02-wrist_flexion,mendeley-S010-wrist_flexion-R05,0,validation
mendeley-S15-K2-seed3407,15,2,3407,hand_close,mendeley-S015-grip-R04,mendeley-S015-R04-G05-grip,mendeley-S015-grip-R04,0,validation
mendeley-S15-K2-seed3407,15,2,3407,hand_close,mendeley-S015-grip-R05,mendeley-S015-R05-G05-grip,mendeley-S015-grip-R05,0,validation
mendeley-S15-K2-seed3407,15,2,3407,rest,mendeley-S015-rest-R01,mendeley-S015-R01-G00-rest,mendeley-S015-rest-R01,0,validation
mendeley-S15-K2-seed3407,15,2,3407,rest,mendeley-S015-rest-R02,mendeley-S015-R02-G00-rest,mendeley-S015-rest-R02,0,validation
mendeley-S15-K2-seed3407,15,2,3407,wrist_extension,mendeley-S015-wrist_extension-R01,mendeley-S015-R01-G01-wrist_extension,mendeley-S015-wrist_extension-R01,0,validation
mendeley-S15-K2-seed3407,15,2,3407,wrist_extension,mendeley-S015-wrist_extension-R02,mendeley-S015-R02-G01-wrist_extension,mendeley-S015-wrist_extension-R02,0,validation
mendeley-S15-K2-seed3407,15,2,3407,wrist_flexion,mendeley-S015-wrist_flexion-R01,mendeley-S015-R01-G02-wrist_flexion,mendeley-S015-wrist_flexion-R01,0,validation
mendeley-S15-K2-seed3407,15,2,3407,wrist_flexion,mendeley-S015-wrist_flexion-R04,mendeley-S015-R04-G02-wrist_flexion,mendeley-S015-wrist_flexion-R04,0,validation
mendeley-S21-K2-seed3407,21,2,3407,hand_close,mendeley-S021-grip-R03,mendeley-S021-R03-G05-grip,mendeley-S021-grip-R03,0,validation
mendeley-S21-K2-seed3407,21,2,3407,hand_close,mendeley-S021-grip-R04,mendeley-S021-R04-G05-grip,mendeley-S021-grip-R04,0,validation
mendeley-S21-K2-seed3407,21,2,3407,rest,mendeley-S021-rest-R03,mendeley-S021-R03-G00-rest,mendeley-S021-rest-R03,0,validation
mendeley-S21-K2-seed3407,21,2,3407,rest,mendeley-S021-rest-R05,mendeley-S021-R05-G00-rest,mendeley-S021-rest-R05,0,validation
mendeley-S21-K2-seed3407,21,2,3407,wrist_extension,mendeley-S021-wrist_extension-R02,mendeley-S021-R02-G01-wrist_extension,mendeley-S021-wrist_extension-R02,0,validation
mendeley-S21-K2-seed3407,21,2,3407,wrist_extension,mendeley-S021-wrist_extension-R03,mendeley-S021-R03-G01-wrist_extension,mendeley-S021-wrist_extension-R03,0,validation
mendeley-S21-K2-seed3407,21,2,3407,wrist_flexion,mendeley-S021-wrist_flexion-R01,mendeley-S021-R01-G02-wrist_flexion,mendeley-S021-wrist_flexion-R01,0,validation
mendeley-S21-K2-seed3407,21,2,3407,wrist_flexion,mendeley-S021-wrist_flexion-R02,mendeley-S021-R02-G02-wrist_flexion,mendeley-S021-wrist_flexion-R02,0,validation
mendeley-S23-K2-seed3407,23,2,3407,hand_close,mendeley-S023-grip-R01,mendeley-S023-R01-G05-grip,mendeley-S023-grip-R01,0,validation
mendeley-S23-K2-seed3407,23,2,3407,hand_close,mendeley-S023-grip-R04,mendeley-S023-R04-G05-grip,mendeley-S023-grip-R04,0,validation
mendeley-S23-K2-seed3407,23,2,3407,rest,mendeley-S023-rest-R03,mendeley-S023-R03-G00-rest,mendeley-S023-rest-R03,0,validation
mendeley-S23-K2-seed3407,23,2,3407,rest,mendeley-S023-rest-R04,mendeley-S023-R04-G00-rest,mendeley-S023-rest-R04,0,validation
mendeley-S23-K2-seed3407,23,2,3407,wrist_extension,mendeley-S023-wrist_extension-R02,mendeley-S023-R02-G01-wrist_extension,mendeley-S023-wrist_extension-R02,0,validation
mendeley-S23-K2-seed3407,23,2,3407,wrist_extension,mendeley-S023-wrist_extension-R05,mendeley-S023-R05-G01-wrist_extension,mendeley-S023-wrist_extension-R05,0,validation
mendeley-S23-K2-seed3407,23,2,3407,wrist_flexion,mendeley-S023-wrist_flexion-R01,mendeley-S023-R01-G02-wrist_flexion,mendeley-S023-wrist_flexion-R01,0,validation
mendeley-S23-K2-seed3407,23,2,3407,wrist_flexion,mendeley-S023-wrist_flexion-R03,mendeley-S023-R03-G02-wrist_flexion,mendeley-S023-wrist_flexion-R03,0,validation
mendeley-S25-K2-seed3407,25,2,3407,hand_close,mendeley-S025-grip-R01,mendeley-S025-R01-G05-grip,mendeley-S025-grip-R01,0,validation
mendeley-S25-K2-seed3407,25,2,3407,hand_close,mendeley-S025-grip-R03,mendeley-S025-R03-G05-grip,mendeley-S025-grip-R03,0,validation
mendeley-S25-K2-seed3407,25,2,3407,rest,mendeley-S025-rest-R01,mendeley-S025-R01-G00-rest,mendeley-S025-rest-R01,0,validation
mendeley-S25-K2-seed3407,25,2,3407,rest,mendeley-S025-rest-R05,mendeley-S025-R05-G00-rest,mendeley-S025-rest-R05,0,validation
mendeley-S25-K2-seed3407,25,2,3407,wrist_extension,mendeley-S025-wrist_extension-R03,mendeley-S025-R03-G01-wrist_extension,mendeley-S025-wrist_extension-R03,0,validation
mendeley-S25-K2-seed3407,25,2,3407,wrist_extension,mendeley-S025-wrist_extension-R04,mendeley-S025-R04-G01-wrist_extension,mendeley-S025-wrist_extension-R04,0,validation
mendeley-S25-K2-seed3407,25,2,3407,wrist_flexion,mendeley-S025-wrist_flexion-R01,mendeley-S025-R01-G02-wrist_flexion,mendeley-S025-wrist_flexion-R01,0,validation
mendeley-S25-K2-seed3407,25,2,3407,wrist_flexion,mendeley-S025-wrist_flexion-R05,mendeley-S025-R05-G02-wrist_flexion,mendeley-S025-wrist_flexion-R05,0,validation
mendeley-S35-K2-seed3407,35,2,3407,hand_close,mendeley-S035-grip-R03,mendeley-S035-R03-G05-grip,mendeley-S035-grip-R03,0,validation
mendeley-S35-K2-seed3407,35,2,3407,hand_close,mendeley-S035-grip-R05,mendeley-S035-R05-G05-grip,mendeley-S035-grip-R05,0,validation
mendeley-S35-K2-seed3407,35,2,3407,rest,mendeley-S035-rest-R03,mendeley-S035-R03-G00-rest,mendeley-S035-rest-R03,0,validation
mendeley-S35-K2-seed3407,35,2,3407,rest,mendeley-S035-rest-R04,mendeley-S035-R04-G00-rest,mendeley-S035-rest-R04,0,validation
mendeley-S35-K2-seed3407,35,2,3407,wrist_extension,mendeley-S035-wrist_extension-R01,mendeley-S035-R01-G01-wrist_extension,mendeley-S035-wrist_extension-R01,0,validation
mendeley-S35-K2-seed3407,35,2,3407,wrist_extension,mendeley-S035-wrist_extension-R02,mendeley-S035-R02-G01-wrist_extension,mendeley-S035-wrist_extension-R02,0,validation
mendeley-S35-K2-seed3407,35,2,3407,wrist_flexion,mendeley-S035-wrist_flexion-R02,mendeley-S035-R02-G02-wrist_flexion,mendeley-S035-wrist_flexion-R02,0,validation
mendeley-S35-K2-seed3407,35,2,3407,wrist_flexion,mendeley-S035-wrist_flexion-R04,mendeley-S035-R04-G02-wrist_flexion,mendeley-S035-wrist_flexion-R04,0,validation
mendeley-S40-K2-seed3407,40,2,3407,hand_close,mendeley-S040-grip-R01,mendeley-S040-R01-G05-grip,mendeley-S040-grip-R01,0,validation
mendeley-S40-K2-seed3407,40,2,3407,hand_close,mendeley-S040-grip-R02,mendeley-S040-R02-G05-grip,mendeley-S040-grip-R02,0,validation
mendeley-S40-K2-seed3407,40,2,3407,rest,mendeley-S040-rest-R03,mendeley-S040-R03-G00-rest,mendeley-S040-rest-R03,0,validation
mendeley-S40-K2-seed3407,40,2,3407,rest,mendeley-S040-rest-R05,mendeley-S040-R05-G00-rest,mendeley-S040-rest-R05,0,validation
mendeley-S40-K2-seed3407,40,2,3407,wrist_extension,mendeley-S040-wrist_extension-R02,mendeley-S040-R02-G01-wrist_extension,mendeley-S040-wrist_extension-R02,0,validation
mendeley-S40-K2-seed3407,40,2,3407,wrist_extension,mendeley-S040-wrist_extension-R03,mendeley-S040-R03-G01-wrist_extension,mendeley-S040-wrist_extension-R03,0,validation
mendeley-S40-K2-seed3407,40,2,3407,wrist_flexion,mendeley-S040-wrist_flexion-R02,mendeley-S040-R02-G02-wrist_flexion,mendeley-S040-wrist_flexion-R02,0,validation
mendeley-S40-K2-seed3407,40,2,3407,wrist_flexion,mendeley-S040-wrist_flexion-R04,mendeley-S040-R04-G02-wrist_flexion,mendeley-S040-wrist_flexion-R04,0,validation
mendeley-S6-K2-seed3407,6,2,3407,hand_close,mendeley-S006-grip-R02,mendeley-S006-R02-G05-grip,mendeley-S006-grip-R02,0,validation
mendeley-S6-K2-seed3407,6,2,3407,hand_close,mendeley-S006-grip-R04,mendeley-S006-R04-G05-grip,mendeley-S006-grip-R04,0,validation
mendeley-S6-K2-seed3407,6,2,3407,rest,mendeley-S006-rest-R03,mendeley-S006-R03-G00-rest,mendeley-S006-rest-R03,0,validation
mendeley-S6-K2-seed3407,6,2,3407,rest,mendeley-S006-rest-R04,mendeley-S006-R04-G00-rest,mendeley-S006-rest-R04,0,validation
mendeley-S6-K2-seed3407,6,2,3407,wrist_extension,mendeley-S006-wrist_extension-R01,mendeley-S006-R01-G01-wrist_extension,mendeley-S006-wrist_extension-R01,0,validation
mendeley-S6-K2-seed3407,6,2,3407,wrist_extension,mendeley-S006-wrist_extension-R02,mendeley-S006-R02-G01-wrist_extension,mendeley-S006-wrist_extension-R02,0,validation
mendeley-S6-K2-seed3407,6,2,3407,wrist_flexion,mendeley-S006-wrist_flexion-R01,mendeley-S006-R01-G02-wrist_flexion,mendeley-S006-wrist_flexion-R01,0,validation
mendeley-S6-K2-seed3407,6,2,3407,wrist_flexion,mendeley-S006-wrist_flexion-R03,mendeley-S006-R03-G02-wrist_flexion,mendeley-S006-wrist_flexion-R03,0,validation
mendeley-S10-K2-seed3408,10,2,3408,hand_close,mendeley-S010-grip-R01,mendeley-S010-R01-G05-grip,mendeley-S010-grip-R01,0,validation
mendeley-S10-K2-seed3408,10,2,3408,hand_close,mendeley-S010-grip-R02,mendeley-S010-R02-G05-grip,mendeley-S010-grip-R02,0,validation
mendeley-S10-K2-seed3408,10,2,3408,rest,mendeley-S010-rest-R03,mendeley-S010-R03-G00-rest,mendeley-S010-rest-R03,0,validation
mendeley-S10-K2-seed3408,10,2,3408,rest,mendeley-S010-rest-R04,mendeley-S010-R04-G00-rest,mendeley-S010-rest-R04,0,validation
mendeley-S10-K2-seed3408,10,2,3408,wrist_extension,mendeley-S010-wrist_extension-R02,mendeley-S010-R02-G01-wrist_extension,mendeley-S010-wrist_extension-R02,0,validation
mendeley-S10-K2-seed3408,10,2,3408,wrist_extension,mendeley-S010-wrist_extension-R04,mendeley-S010-R04-G01-wrist_extension,mendeley-S010-wrist_extension-R04,0,validation
mendeley-S10-K2-seed3408,10,2,3408,wrist_flexion,mendeley-S010-wrist_flexion-R02,mendeley-S010-R02-G02-wrist_flexion,mendeley-S010-wrist_flexion-R02,0,validation
mendeley-S10-K2-seed3408,10,2,3408,wrist_flexion,mendeley-S010-wrist_flexion-R03,mendeley-S010-R03-G02-wrist_flexion,mendeley-S010-wrist_flexion-R03,0,validation
mendeley-S15-K2-seed3408,15,2,3408,hand_close,mendeley-S015-grip-R02,mendeley-S015-R02-G05-grip,mendeley-S015-grip-R02,0,validation
mendeley-S15-K2-seed3408,15,2,3408,hand_close,mendeley-S015-grip-R04,mendeley-S015-R04-G05-grip,mendeley-S015-grip-R04,0,validation
mendeley-S15-K2-seed3408,15,2,3408,rest,mendeley-S015-rest-R01,mendeley-S015-R01-G00-rest,mendeley-S015-rest-R01,0,validation
mendeley-S15-K2-seed3408,15,2,3408,rest,mendeley-S015-rest-R03,mendeley-S015-R03-G00-rest,mendeley-S015-rest-R03,0,validation
mendeley-S15-K2-seed3408,15,2,3408,wrist_extension,mendeley-S015-wrist_extension-R01,mendeley-S015-R01-G01-wrist_extension,mendeley-S015-wrist_extension-R01,0,validation
mendeley-S15-K2-seed3408,15,2,3408,wrist_extension,mendeley-S015-wrist_extension-R03,mendeley-S015-R03-G01-wrist_extension,mendeley-S015-wrist_extension-R03,0,validation
mendeley-S15-K2-seed3408,15,2,3408,wrist_flexion,mendeley-S015-wrist_flexion-R02,mendeley-S015-R02-G02-wrist_flexion,mendeley-S015-wrist_flexion-R02,0,validation
mendeley-S15-K2-seed3408,15,2,3408,wrist_flexion,mendeley-S015-wrist_flexion-R04,mendeley-S015-R04-G02-wrist_flexion,mendeley-S015-wrist_flexion-R04,0,validation
mendeley-S21-K2-seed3408,21,2,3408,hand_close,mendeley-S021-grip-R01,mendeley-S021-R01-G05-grip,mendeley-S021-grip-R01,0,validation
mendeley-S21-K2-seed3408,21,2,3408,hand_close,mendeley-S021-grip-R05,mendeley-S021-R05-G05-grip,mendeley-S021-grip-R05,0,validation
mendeley-S21-K2-seed3408,21,2,3408,rest,mendeley-S021-rest-R02,mendeley-S021-R02-G00-rest,mendeley-S021-rest-R02,0,validation
mendeley-S21-K2-seed3408,21,2,3408,rest,mendeley-S021-rest-R03,mendeley-S021-R03-G00-rest,mendeley-S021-rest-R03,0,validation
mendeley-S21-K2-seed3408,21,2,3408,wrist_extension,mendeley-S021-wrist_extension-R01,mendeley-S021-R01-G01-wrist_extension,mendeley-S021-wrist_extension-R01,0,validation
mendeley-S21-K2-seed3408,21,2,3408,wrist_extension,mendeley-S021-wrist_extension-R04,mendeley-S021-R04-G01-wrist_extension,mendeley-S021-wrist_extension-R04,0,validation
mendeley-S21-K2-seed3408,21,2,3408,wrist_flexion,mendeley-S021-wrist_flexion-R01,mendeley-S021-R01-G02-wrist_flexion,mendeley-S021-wrist_flexion-R01,0,validation
mendeley-S21-K2-seed3408,21,2,3408,wrist_flexion,mendeley-S021-wrist_flexion-R04,mendeley-S021-R04-G02-wrist_flexion,mendeley-S021-wrist_flexion-R04,0,validation
mendeley-S23-K2-seed3408,23,2,3408,hand_close,mendeley-S023-grip-R03,mendeley-S023-R03-G05-grip,mendeley-S023-grip-R03,0,validation
mendeley-S23-K2-seed3408,23,2,3408,hand_close,mendeley-S023-grip-R05,mendeley-S023-R05-G05-grip,mendeley-S023-grip-R05,0,validation
mendeley-S23-K2-seed3408,23,2,3408,rest,mendeley-S023-rest-R01,mendeley-S023-R01-G00-rest,mendeley-S023-rest-R01,0,validation
mendeley-S23-K2-seed3408,23,2,3408,rest,mendeley-S023-rest-R02,mendeley-S023-R02-G00-rest,mendeley-S023-rest-R02,0,validation
mendeley-S23-K2-seed3408,23,2,3408,wrist_extension,mendeley-S023-wrist_extension-R02,mendeley-S023-R02-G01-wrist_extension,mendeley-S023-wrist_extension-R02,0,validation
mendeley-S23-K2-seed3408,23,2,3408,wrist_extension,mendeley-S023-wrist_extension-R05,mendeley-S023-R05-G01-wrist_extension,mendeley-S023-wrist_extension-R05,0,validation
mendeley-S23-K2-seed3408,23,2,3408,wrist_flexion,mendeley-S023-wrist_flexion-R01,mendeley-S023-R01-G02-wrist_flexion,mendeley-S023-wrist_flexion-R01,0,validation
mendeley-S23-K2-seed3408,23,2,3408,wrist_flexion,mendeley-S023-wrist_flexion-R04,mendeley-S023-R04-G02-wrist_flexion,mendeley-S023-wrist_flexion-R04,0,validation
mendeley-S25-K2-seed3408,25,2,3408,hand_close,mendeley-S025-grip-R02,mendeley-S025-R02-G05-grip,mendeley-S025-grip-R02,0,validation
mendeley-S25-K2-seed3408,25,2,3408,hand_close,mendeley-S025-grip-R05,mendeley-S025-R05-G05-grip,mendeley-S025-grip-R05,0,validation
mendeley-S25-K2-seed3408,25,2,3408,rest,mendeley-S025-rest-R02,mendeley-S025-R02-G00-rest,mendeley-S025-rest-R02,0,validation
mendeley-S25-K2-seed3408,25,2,3408,rest,mendeley-S025-rest-R05,mendeley-S025-R05-G00-rest,mendeley-S025-rest-R05,0,validation
mendeley-S25-K2-seed3408,25,2,3408,wrist_extension,mendeley-S025-wrist_extension-R01,mendeley-S025-R01-G01-wrist_extension,mendeley-S025-wrist_extension-R01,0,validation
mendeley-S25-K2-seed3408,25,2,3408,wrist_extension,mendeley-S025-wrist_extension-R03,mendeley-S025-R03-G01-wrist_extension,mendeley-S025-wrist_extension-R03,0,validation
mendeley-S25-K2-seed3408,25,2,3408,wrist_flexion,mendeley-S025-wrist_flexion-R03,mendeley-S025-R03-G02-wrist_flexion,mendeley-S025-wrist_flexion-R03,0,validation
mendeley-S25-K2-seed3408,25,2,3408,wrist_flexion,mendeley-S025-wrist_flexion-R05,mendeley-S025-R05-G02-wrist_flexion,mendeley-S025-wrist_flexion-R05,0,validation
mendeley-S35-K2-seed3408,35,2,3408,hand_close,mendeley-S035-grip-R04,mendeley-S035-R04-G05-grip,mendeley-S035-grip-R04,0,validation
mendeley-S35-K2-seed3408,35,2,3408,hand_close,mendeley-S035-grip-R05,mendeley-S035-R05-G05-grip,mendeley-S035-grip-R05,0,validation
mendeley-S35-K2-seed3408,35,2,3408,rest,mendeley-S035-rest-R03,mendeley-S035-R03-G00-rest,mendeley-S035-rest-R03,0,validation
mendeley-S35-K2-seed3408,35,2,3408,rest,mendeley-S035-rest-R05,mendeley-S035-R05-G00-rest,mendeley-S035-rest-R05,0,validation
mendeley-S35-K2-seed3408,35,2,3408,wrist_extension,mendeley-S035-wrist_extension-R04,mendeley-S035-R04-G01-wrist_extension,mendeley-S035-wrist_extension-R04,0,validation
mendeley-S35-K2-seed3408,35,2,3408,wrist_extension,mendeley-S035-wrist_extension-R05,mendeley-S035-R05-G01-wrist_extension,mendeley-S035-wrist_extension-R05,0,validation
mendeley-S35-K2-seed3408,35,2,3408,wrist_flexion,mendeley-S035-wrist_flexion-R01,mendeley-S035-R01-G02-wrist_flexion,mendeley-S035-wrist_flexion-R01,0,validation
mendeley-S35-K2-seed3408,35,2,3408,wrist_flexion,mendeley-S035-wrist_flexion-R02,mendeley-S035-R02-G02-wrist_flexion,mendeley-S035-wrist_flexion-R02,0,validation
mendeley-S40-K2-seed3408,40,2,3408,hand_close,mendeley-S040-grip-R02,mendeley-S040-R02-G05-grip,mendeley-S040-grip-R02,0,validation
mendeley-S40-K2-seed3408,40,2,3408,hand_close,mendeley-S040-grip-R05,mendeley-S040-R05-G05-grip,mendeley-S040-grip-R05,0,validation
mendeley-S40-K2-seed3408,40,2,3408,rest,mendeley-S040-rest-R01,mendeley-S040-R01-G00-rest,mendeley-S040-rest-R01,0,validation
mendeley-S40-K2-seed3408,40,2,3408,rest,mendeley-S040-rest-R03,mendeley-S040-R03-G00-rest,mendeley-S040-rest-R03,0,validation
mendeley-S40-K2-seed3408,40,2,3408,wrist_extension,mendeley-S040-wrist_extension-R02,mendeley-S040-R02-G01-wrist_extension,mendeley-S040-wrist_extension-R02,0,validation
mendeley-S40-K2-seed3408,40,2,3408,wrist_extension,mendeley-S040-wrist_extension-R04,mendeley-S040-R04-G01-wrist_extension,mendeley-S040-wrist_extension-R04,0,validation
mendeley-S40-K2-seed3408,40,2,3408,wrist_flexion,mendeley-S040-wrist_flexion-R01,mendeley-S040-R01-G02-wrist_flexion,mendeley-S040-wrist_flexion-R01,0,validation
mendeley-S40-K2-seed3408,40,2,3408,wrist_flexion,mendeley-S040-wrist_flexion-R05,mendeley-S040-R05-G02-wrist_flexion,mendeley-S040-wrist_flexion-R05,0,validation
mendeley-S6-K2-seed3408,6,2,3408,hand_close,mendeley-S006-grip-R02,mendeley-S006-R02-G05-grip,mendeley-S006-grip-R02,0,validation
mendeley-S6-K2-seed3408,6,2,3408,hand_close,mendeley-S006-grip-R05,mendeley-S006-R05-G05-grip,mendeley-S006-grip-R05,0,validation
mendeley-S6-K2-seed3408,6,2,3408,rest,mendeley-S006-rest-R02,mendeley-S006-R02-G00-rest,mendeley-S006-rest-R02,0,validation
mendeley-S6-K2-seed3408,6,2,3408,rest,mendeley-S006-rest-R05,mendeley-S006-R05-G00-rest,mendeley-S006-rest-R05,0,validation
mendeley-S6-K2-seed3408,6,2,3408,wrist_extension,mendeley-S006-wrist_extension-R03,mendeley-S006-R03-G01-wrist_extension,mendeley-S006-wrist_extension-R03,0,validation
mendeley-S6-K2-seed3408,6,2,3408,wrist_extension,mendeley-S006-wrist_extension-R04,mendeley-S006-R04-G01-wrist_extension,mendeley-S006-wrist_extension-R04,0,validation
mendeley-S6-K2-seed3408,6,2,3408,wrist_flexion,mendeley-S006-wrist_flexion-R03,mendeley-S006-R03-G02-wrist_flexion,mendeley-S006-wrist_flexion-R03,0,validation
mendeley-S6-K2-seed3408,6,2,3408,wrist_flexion,mendeley-S006-wrist_flexion-R04,mendeley-S006-R04-G02-wrist_flexion,mendeley-S006-wrist_flexion-R04,0,validation
mendeley-S10-K2-seed3409,10,2,3409,hand_close,mendeley-S010-grip-R01,mendeley-S010-R01-G05-grip,mendeley-S010-grip-R01,0,validation
mendeley-S10-K2-seed3409,10,2,3409,hand_close,mendeley-S010-grip-R02,mendeley-S010-R02-G05-grip,mendeley-S010-grip-R02,0,validation
mendeley-S10-K2-seed3409,10,2,3409,rest,mendeley-S010-rest-R03,mendeley-S010-R03-G00-rest,mendeley-S010-rest-R03,0,validation
mendeley-S10-K2-seed3409,10,2,3409,rest,mendeley-S010-rest-R04,mendeley-S010-R04-G00-rest,mendeley-S010-rest-R04,0,validation
mendeley-S10-K2-seed3409,10,2,3409,wrist_extension,mendeley-S010-wrist_extension-R01,mendeley-S010-R01-G01-wrist_extension,mendeley-S010-wrist_extension-R01,0,validation
mendeley-S10-K2-seed3409,10,2,3409,wrist_extension,mendeley-S010-wrist_extension-R03,mendeley-S010-R03-G01-wrist_extension,mendeley-S010-wrist_extension-R03,0,validation
mendeley-S10-K2-seed3409,10,2,3409,wrist_flexion,mendeley-S010-wrist_flexion-R03,mendeley-S010-R03-G02-wrist_flexion,mendeley-S010-wrist_flexion-R03,0,validation
mendeley-S10-K2-seed3409,10,2,3409,wrist_flexion,mendeley-S010-wrist_flexion-R04,mendeley-S010-R04-G02-wrist_flexion,mendeley-S010-wrist_flexion-R04,0,validation
mendeley-S15-K2-seed3409,15,2,3409,hand_close,mendeley-S015-grip-R02,mendeley-S015-R02-G05-grip,mendeley-S015-grip-R02,0,validation
mendeley-S15-K2-seed3409,15,2,3409,hand_close,mendeley-S015-grip-R05,mendeley-S015-R05-G05-grip,mendeley-S015-grip-R05,0,validation
mendeley-S15-K2-seed3409,15,2,3409,rest,mendeley-S015-rest-R01,mendeley-S015-R01-G00-rest,mendeley-S015-rest-R01,0,validation
mendeley-S15-K2-seed3409,15,2,3409,rest,mendeley-S015-rest-R03,mendeley-S015-R03-G00-rest,mendeley-S015-rest-R03,0,validation
mendeley-S15-K2-seed3409,15,2,3409,wrist_extension,mendeley-S015-wrist_extension-R01,mendeley-S015-R01-G01-wrist_extension,mendeley-S015-wrist_extension-R01,0,validation
mendeley-S15-K2-seed3409,15,2,3409,wrist_extension,mendeley-S015-wrist_extension-R04,mendeley-S015-R04-G01-wrist_extension,mendeley-S015-wrist_extension-R04,0,validation
mendeley-S15-K2-seed3409,15,2,3409,wrist_flexion,mendeley-S015-wrist_flexion-R01,mendeley-S015-R01-G02-wrist_flexion,mendeley-S015-wrist_flexion-R01,0,validation
mendeley-S15-K2-seed3409,15,2,3409,wrist_flexion,mendeley-S015-wrist_flexion-R05,mendeley-S015-R05-G02-wrist_flexion,mendeley-S015-wrist_flexion-R05,0,validation
mendeley-S21-K2-seed3409,21,2,3409,hand_close,mendeley-S021-grip-R02,mendeley-S021-R02-G05-grip,mendeley-S021-grip-R02,0,validation
mendeley-S21-K2-seed3409,21,2,3409,hand_close,mendeley-S021-grip-R05,mendeley-S021-R05-G05-grip,mendeley-S021-grip-R05,0,validation
mendeley-S21-K2-seed3409,21,2,3409,rest,mendeley-S021-rest-R01,mendeley-S021-R01-G00-rest,mendeley-S021-rest-R01,0,validation
mendeley-S21-K2-seed3409,21,2,3409,rest,mendeley-S021-rest-R03,mendeley-S021-R03-G00-rest,mendeley-S021-rest-R03,0,validation
mendeley-S21-K2-seed3409,21,2,3409,wrist_extension,mendeley-S021-wrist_extension-R01,mendeley-S021-R01-G01-wrist_extension,mendeley-S021-wrist_extension-R01,0,validation
mendeley-S21-K2-seed3409,21,2,3409,wrist_extension,mendeley-S021-wrist_extension-R05,mendeley-S021-R05-G01-wrist_extension,mendeley-S021-wrist_extension-R05,0,validation
mendeley-S21-K2-seed3409,21,2,3409,wrist_flexion,mendeley-S021-wrist_flexion-R02,mendeley-S021-R02-G02-wrist_flexion,mendeley-S021-wrist_flexion-R02,0,validation
mendeley-S21-K2-seed3409,21,2,3409,wrist_flexion,mendeley-S021-wrist_flexion-R04,mendeley-S021-R04-G02-wrist_flexion,mendeley-S021-wrist_flexion-R04,0,validation
mendeley-S23-K2-seed3409,23,2,3409,hand_close,mendeley-S023-grip-R01,mendeley-S023-R01-G05-grip,mendeley-S023-grip-R01,0,validation
mendeley-S23-K2-seed3409,23,2,3409,hand_close,mendeley-S023-grip-R05,mendeley-S023-R05-G05-grip,mendeley-S023-grip-R05,0,validation
mendeley-S23-K2-seed3409,23,2,3409,rest,mendeley-S023-rest-R02,mendeley-S023-R02-G00-rest,mendeley-S023-rest-R02,0,validation
mendeley-S23-K2-seed3409,23,2,3409,rest,mendeley-S023-rest-R05,mendeley-S023-R05-G00-rest,mendeley-S023-rest-R05,0,validation
mendeley-S23-K2-seed3409,23,2,3409,wrist_extension,mendeley-S023-wrist_extension-R04,mendeley-S023-R04-G01-wrist_extension,mendeley-S023-wrist_extension-R04,0,validation
mendeley-S23-K2-seed3409,23,2,3409,wrist_extension,mendeley-S023-wrist_extension-R05,mendeley-S023-R05-G01-wrist_extension,mendeley-S023-wrist_extension-R05,0,validation
mendeley-S23-K2-seed3409,23,2,3409,wrist_flexion,mendeley-S023-wrist_flexion-R01,mendeley-S023-R01-G02-wrist_flexion,mendeley-S023-wrist_flexion-R01,0,validation
mendeley-S23-K2-seed3409,23,2,3409,wrist_flexion,mendeley-S023-wrist_flexion-R02,mendeley-S023-R02-G02-wrist_flexion,mendeley-S023-wrist_flexion-R02,0,validation
mendeley-S25-K2-seed3409,25,2,3409,hand_close,mendeley-S025-grip-R01,mendeley-S025-R01-G05-grip,mendeley-S025-grip-R01,0,validation
mendeley-S25-K2-seed3409,25,2,3409,hand_close,mendeley-S025-grip-R04,mendeley-S025-R04-G05-grip,mendeley-S025-grip-R04,0,validation
mendeley-S25-K2-seed3409,25,2,3409,rest,mendeley-S025-rest-R04,mendeley-S025-R04-G00-rest,mendeley-S025-rest-R04,0,validation
mendeley-S25-K2-seed3409,25,2,3409,rest,mendeley-S025-rest-R05,mendeley-S025-R05-G00-rest,mendeley-S025-rest-R05,0,validation
mendeley-S25-K2-seed3409,25,2,3409,wrist_extension,mendeley-S025-wrist_extension-R04,mendeley-S025-R04-G01-wrist_extension,mendeley-S025-wrist_extension-R04,0,validation
mendeley-S25-K2-seed3409,25,2,3409,wrist_extension,mendeley-S025-wrist_extension-R05,mendeley-S025-R05-G01-wrist_extension,mendeley-S025-wrist_extension-R05,0,validation
mendeley-S25-K2-seed3409,25,2,3409,wrist_flexion,mendeley-S025-wrist_flexion-R01,mendeley-S025-R01-G02-wrist_flexion,mendeley-S025-wrist_flexion-R01,0,validation
mendeley-S25-K2-seed3409,25,2,3409,wrist_flexion,mendeley-S025-wrist_flexion-R04,mendeley-S025-R04-G02-wrist_flexion,mendeley-S025-wrist_flexion-R04,0,validation
mendeley-S35-K2-seed3409,35,2,3409,hand_close,mendeley-S035-grip-R04,mendeley-S035-R04-G05-grip,mendeley-S035-grip-R04,0,validation
mendeley-S35-K2-seed3409,35,2,3409,hand_close,mendeley-S035-grip-R05,mendeley-S035-R05-G05-grip,mendeley-S035-grip-R05,0,validation
mendeley-S35-K2-seed3409,35,2,3409,rest,mendeley-S035-rest-R02,mendeley-S035-R02-G00-rest,mendeley-S035-rest-R02,0,validation
mendeley-S35-K2-seed3409,35,2,3409,rest,mendeley-S035-rest-R04,mendeley-S035-R04-G00-rest,mendeley-S035-rest-R04,0,validation
mendeley-S35-K2-seed3409,35,2,3409,wrist_extension,mendeley-S035-wrist_extension-R02,mendeley-S035-R02-G01-wrist_extension,mendeley-S035-wrist_extension-R02,0,validation
mendeley-S35-K2-seed3409,35,2,3409,wrist_extension,mendeley-S035-wrist_extension-R03,mendeley-S035-R03-G01-wrist_extension,mendeley-S035-wrist_extension-R03,0,validation
mendeley-S35-K2-seed3409,35,2,3409,wrist_flexion,mendeley-S035-wrist_flexion-R02,mendeley-S035-R02-G02-wrist_flexion,mendeley-S035-wrist_flexion-R02,0,validation
mendeley-S35-K2-seed3409,35,2,3409,wrist_flexion,mendeley-S035-wrist_flexion-R05,mendeley-S035-R05-G02-wrist_flexion,mendeley-S035-wrist_flexion-R05,0,validation
mendeley-S40-K2-seed3409,40,2,3409,hand_close,mendeley-S040-grip-R03,mendeley-S040-R03-G05-grip,mendeley-S040-grip-R03,0,validation
mendeley-S40-K2-seed3409,40,2,3409,hand_close,mendeley-S040-grip-R04,mendeley-S040-R04-G05-grip,mendeley-S040-grip-R04,0,validation
mendeley-S40-K2-seed3409,40,2,3409,rest,mendeley-S040-rest-R01,mendeley-S040-R01-G00-rest,mendeley-S040-rest-R01,0,validation
mendeley-S40-K2-seed3409,40,2,3409,rest,mendeley-S040-rest-R05,mendeley-S040-R05-G00-rest,mendeley-S040-rest-R05,0,validation
mendeley-S40-K2-seed3409,40,2,3409,wrist_extension,mendeley-S040-wrist_extension-R03,mendeley-S040-R03-G01-wrist_extension,mendeley-S040-wrist_extension-R03,0,validation
mendeley-S40-K2-seed3409,40,2,3409,wrist_extension,mendeley-S040-wrist_extension-R05,mendeley-S040-R05-G01-wrist_extension,mendeley-S040-wrist_extension-R05,0,validation
mendeley-S40-K2-seed3409,40,2,3409,wrist_flexion,mendeley-S040-wrist_flexion-R04,mendeley-S040-R04-G02-wrist_flexion,mendeley-S040-wrist_flexion-R04,0,validation
mendeley-S40-K2-seed3409,40,2,3409,wrist_flexion,mendeley-S040-wrist_flexion-R05,mendeley-S040-R05-G02-wrist_flexion,mendeley-S040-wrist_flexion-R05,0,validation
mendeley-S6-K2-seed3409,6,2,3409,hand_close,mendeley-S006-grip-R02,mendeley-S006-R02-G05-grip,mendeley-S006-grip-R02,0,validation
mendeley-S6-K2-seed3409,6,2,3409,hand_close,mendeley-S006-grip-R04,mendeley-S006-R04-G05-grip,mendeley-S006-grip-R04,0,validation
mendeley-S6-K2-seed3409,6,2,3409,rest,mendeley-S006-rest-R01,mendeley-S006-R01-G00-rest,mendeley-S006-rest-R01,0,validation
mendeley-S6-K2-seed3409,6,2,3409,rest,mendeley-S006-rest-R02,mendeley-S006-R02-G00-rest,mendeley-S006-rest-R02,0,validation
mendeley-S6-K2-seed3409,6,2,3409,wrist_extension,mendeley-S006-wrist_extension-R03,mendeley-S006-R03-G01-wrist_extension,mendeley-S006-wrist_extension-R03,0,validation
mendeley-S6-K2-seed3409,6,2,3409,wrist_extension,mendeley-S006-wrist_extension-R05,mendeley-S006-R05-G01-wrist_extension,mendeley-S006-wrist_extension-R05,0,validation
mendeley-S6-K2-seed3409,6,2,3409,wrist_flexion,mendeley-S006-wrist_flexion-R02,mendeley-S006-R02-G02-wrist_flexion,mendeley-S006-wrist_flexion-R02,0,validation
mendeley-S6-K2-seed3409,6,2,3409,wrist_flexion,mendeley-S006-wrist_flexion-R05,mendeley-S006-R05-G02-wrist_flexion,mendeley-S006-wrist_flexion-R05,0,validation
mendeley-S10-K2-seed3410,10,2,3410,hand_close,mendeley-S010-grip-R01,mendeley-S010-R01-G05-grip,mendeley-S010-grip-R01,0,validation
mendeley-S10-K2-seed3410,10,2,3410,hand_close,mendeley-S010-grip-R05,mendeley-S010-R05-G05-grip,mendeley-S010-grip-R05,0,validation
mendeley-S10-K2-seed3410,10,2,3410,rest,mendeley-S010-rest-R02,mendeley-S010-R02-G00-rest,mendeley-S010-rest-R02,0,validation
mendeley-S10-K2-seed3410,10,2,3410,rest,mendeley-S010-rest-R03,mendeley-S010-R03-G00-rest,mendeley-S010-rest-R03,0,validation
mendeley-S10-K2-seed3410,10,2,3410,wrist_extension,mendeley-S010-wrist_extension-R01,mendeley-S010-R01-G01-wrist_extension,mendeley-S010-wrist_extension-R01,0,validation
mendeley-S10-K2-seed3410,10,2,3410,wrist_extension,mendeley-S010-wrist_extension-R04,mendeley-S010-R04-G01-wrist_extension,mendeley-S010-wrist_extension-R04,0,validation
mendeley-S10-K2-seed3410,10,2,3410,wrist_flexion,mendeley-S010-wrist_flexion-R03,mendeley-S010-R03-G02-wrist_flexion,mendeley-S010-wrist_flexion-R03,0,validation
mendeley-S10-K2-seed3410,10,2,3410,wrist_flexion,mendeley-S010-wrist_flexion-R05,mendeley-S010-R05-G02-wrist_flexion,mendeley-S010-wrist_flexion-R05,0,validation
mendeley-S15-K2-seed3410,15,2,3410,hand_close,mendeley-S015-grip-R01,mendeley-S015-R01-G05-grip,mendeley-S015-grip-R01,0,validation
mendeley-S15-K2-seed3410,15,2,3410,hand_close,mendeley-S015-grip-R02,mendeley-S015-R02-G05-grip,mendeley-S015-grip-R02,0,validation
mendeley-S15-K2-seed3410,15,2,3410,rest,mendeley-S015-rest-R01,mendeley-S015-R01-G00-rest,mendeley-S015-rest-R01,0,validation
mendeley-S15-K2-seed3410,15,2,3410,rest,mendeley-S015-rest-R05,mendeley-S015-R05-G00-rest,mendeley-S015-rest-R05,0,validation
mendeley-S15-K2-seed3410,15,2,3410,wrist_extension,mendeley-S015-wrist_extension-R01,mendeley-S015-R01-G01-wrist_extension,mendeley-S015-wrist_extension-R01,0,validation
mendeley-S15-K2-seed3410,15,2,3410,wrist_extension,mendeley-S015-wrist_extension-R03,mendeley-S015-R03-G01-wrist_extension,mendeley-S015-wrist_extension-R03,0,validation
mendeley-S15-K2-seed3410,15,2,3410,wrist_flexion,mendeley-S015-wrist_flexion-R04,mendeley-S015-R04-G02-wrist_flexion,mendeley-S015-wrist_flexion-R04,0,validation
mendeley-S15-K2-seed3410,15,2,3410,wrist_flexion,mendeley-S015-wrist_flexion-R05,mendeley-S015-R05-G02-wrist_flexion,mendeley-S015-wrist_flexion-R05,0,validation
mendeley-S21-K2-seed3410,21,2,3410,hand_close,mendeley-S021-grip-R01,mendeley-S021-R01-G05-grip,mendeley-S021-grip-R01,0,validation
mendeley-S21-K2-seed3410,21,2,3410,hand_close,mendeley-S021-grip-R04,mendeley-S021-R04-G05-grip,mendeley-S021-grip-R04,0,validation
mendeley-S21-K2-seed3410,21,2,3410,rest,mendeley-S021-rest-R03,mendeley-S021-R03-G00-rest,mendeley-S021-rest-R03,0,validation
mendeley-S21-K2-seed3410,21,2,3410,rest,mendeley-S021-rest-R05,mendeley-S021-R05-G00-rest,mendeley-S021-rest-R05,0,validation
mendeley-S21-K2-seed3410,21,2,3410,wrist_extension,mendeley-S021-wrist_extension-R04,mendeley-S021-R04-G01-wrist_extension,mendeley-S021-wrist_extension-R04,0,validation
mendeley-S21-K2-seed3410,21,2,3410,wrist_extension,mendeley-S021-wrist_extension-R05,mendeley-S021-R05-G01-wrist_extension,mendeley-S021-wrist_extension-R05,0,validation
mendeley-S21-K2-seed3410,21,2,3410,wrist_flexion,mendeley-S021-wrist_flexion-R04,mendeley-S021-R04-G02-wrist_flexion,mendeley-S021-wrist_flexion-R04,0,validation
mendeley-S21-K2-seed3410,21,2,3410,wrist_flexion,mendeley-S021-wrist_flexion-R05,mendeley-S021-R05-G02-wrist_flexion,mendeley-S021-wrist_flexion-R05,0,validation
mendeley-S23-K2-seed3410,23,2,3410,hand_close,mendeley-S023-grip-R04,mendeley-S023-R04-G05-grip,mendeley-S023-grip-R04,0,validation
mendeley-S23-K2-seed3410,23,2,3410,hand_close,mendeley-S023-grip-R05,mendeley-S023-R05-G05-grip,mendeley-S023-grip-R05,0,validation
mendeley-S23-K2-seed3410,23,2,3410,rest,mendeley-S023-rest-R02,mendeley-S023-R02-G00-rest,mendeley-S023-rest-R02,0,validation
mendeley-S23-K2-seed3410,23,2,3410,rest,mendeley-S023-rest-R04,mendeley-S023-R04-G00-rest,mendeley-S023-rest-R04,0,validation
mendeley-S23-K2-seed3410,23,2,3410,wrist_extension,mendeley-S023-wrist_extension-R01,mendeley-S023-R01-G01-wrist_extension,mendeley-S023-wrist_extension-R01,0,validation
mendeley-S23-K2-seed3410,23,2,3410,wrist_extension,mendeley-S023-wrist_extension-R02,mendeley-S023-R02-G01-wrist_extension,mendeley-S023-wrist_extension-R02,0,validation
mendeley-S23-K2-seed3410,23,2,3410,wrist_flexion,mendeley-S023-wrist_flexion-R01,mendeley-S023-R01-G02-wrist_flexion,mendeley-S023-wrist_flexion-R01,0,validation
mendeley-S23-K2-seed3410,23,2,3410,wrist_flexion,mendeley-S023-wrist_flexion-R05,mendeley-S023-R05-G02-wrist_flexion,mendeley-S023-wrist_flexion-R05,0,validation
mendeley-S25-K2-seed3410,25,2,3410,hand_close,mendeley-S025-grip-R01,mendeley-S025-R01-G05-grip,mendeley-S025-grip-R01,0,validation
mendeley-S25-K2-seed3410,25,2,3410,hand_close,mendeley-S025-grip-R05,mendeley-S025-R05-G05-grip,mendeley-S025-grip-R05,0,validation
mendeley-S25-K2-seed3410,25,2,3410,rest,mendeley-S025-rest-R01,mendeley-S025-R01-G00-rest,mendeley-S025-rest-R01,0,validation
mendeley-S25-K2-seed3410,25,2,3410,rest,mendeley-S025-rest-R03,mendeley-S025-R03-G00-rest,mendeley-S025-rest-R03,0,validation
mendeley-S25-K2-seed3410,25,2,3410,wrist_extension,mendeley-S025-wrist_extension-R03,mendeley-S025-R03-G01-wrist_extension,mendeley-S025-wrist_extension-R03,0,validation
mendeley-S25-K2-seed3410,25,2,3410,wrist_extension,mendeley-S025-wrist_extension-R05,mendeley-S025-R05-G01-wrist_extension,mendeley-S025-wrist_extension-R05,0,validation
mendeley-S25-K2-seed3410,25,2,3410,wrist_flexion,mendeley-S025-wrist_flexion-R03,mendeley-S025-R03-G02-wrist_flexion,mendeley-S025-wrist_flexion-R03,0,validation
mendeley-S25-K2-seed3410,25,2,3410,wrist_flexion,mendeley-S025-wrist_flexion-R05,mendeley-S025-R05-G02-wrist_flexion,mendeley-S025-wrist_flexion-R05,0,validation
mendeley-S35-K2-seed3410,35,2,3410,hand_close,mendeley-S035-grip-R01,mendeley-S035-R01-G05-grip,mendeley-S035-grip-R01,0,validation
mendeley-S35-K2-seed3410,35,2,3410,hand_close,mendeley-S035-grip-R04,mendeley-S035-R04-G05-grip,mendeley-S035-grip-R04,0,validation
mendeley-S35-K2-seed3410,35,2,3410,rest,mendeley-S035-rest-R02,mendeley-S035-R02-G00-rest,mendeley-S035-rest-R02,0,validation
mendeley-S35-K2-seed3410,35,2,3410,rest,mendeley-S035-rest-R05,mendeley-S035-R05-G00-rest,mendeley-S035-rest-R05,0,validation
mendeley-S35-K2-seed3410,35,2,3410,wrist_extension,mendeley-S035-wrist_extension-R01,mendeley-S035-R01-G01-wrist_extension,mendeley-S035-wrist_extension-R01,0,validation
mendeley-S35-K2-seed3410,35,2,3410,wrist_extension,mendeley-S035-wrist_extension-R02,mendeley-S035-R02-G01-wrist_extension,mendeley-S035-wrist_extension-R02,0,validation
mendeley-S35-K2-seed3410,35,2,3410,wrist_flexion,mendeley-S035-wrist_flexion-R04,mendeley-S035-R04-G02-wrist_flexion,mendeley-S035-wrist_flexion-R04,0,validation
mendeley-S35-K2-seed3410,35,2,3410,wrist_flexion,mendeley-S035-wrist_flexion-R05,mendeley-S035-R05-G02-wrist_flexion,mendeley-S035-wrist_flexion-R05,0,validation
mendeley-S40-K2-seed3410,40,2,3410,hand_close,mendeley-S040-grip-R03,mendeley-S040-R03-G05-grip,mendeley-S040-grip-R03,0,validation
mendeley-S40-K2-seed3410,40,2,3410,hand_close,mendeley-S040-grip-R05,mendeley-S040-R05-G05-grip,mendeley-S040-grip-R05,0,validation
mendeley-S40-K2-seed3410,40,2,3410,rest,mendeley-S040-rest-R01,mendeley-S040-R01-G00-rest,mendeley-S040-rest-R01,0,validation
mendeley-S40-K2-seed3410,40,2,3410,rest,mendeley-S040-rest-R04,mendeley-S040-R04-G00-rest,mendeley-S040-rest-R04,0,validation
mendeley-S40-K2-seed3410,40,2,3410,wrist_extension,mendeley-S040-wrist_extension-R02,mendeley-S040-R02-G01-wrist_extension,mendeley-S040-wrist_extension-R02,0,validation
mendeley-S40-K2-seed3410,40,2,3410,wrist_extension,mendeley-S040-wrist_extension-R03,mendeley-S040-R03-G01-wrist_extension,mendeley-S040-wrist_extension-R03,0,validation
mendeley-S40-K2-seed3410,40,2,3410,wrist_flexion,mendeley-S040-wrist_flexion-R03,mendeley-S040-R03-G02-wrist_flexion,mendeley-S040-wrist_flexion-R03,0,validation
mendeley-S40-K2-seed3410,40,2,3410,wrist_flexion,mendeley-S040-wrist_flexion-R05,mendeley-S040-R05-G02-wrist_flexion,mendeley-S040-wrist_flexion-R05,0,validation
mendeley-S6-K2-seed3410,6,2,3410,hand_close,mendeley-S006-grip-R03,mendeley-S006-R03-G05-grip,mendeley-S006-grip-R03,0,validation
mendeley-S6-K2-seed3410,6,2,3410,hand_close,mendeley-S006-grip-R05,mendeley-S006-R05-G05-grip,mendeley-S006-grip-R05,0,validation
mendeley-S6-K2-seed3410,6,2,3410,rest,mendeley-S006-rest-R01,mendeley-S006-R01-G00-rest,mendeley-S006-rest-R01,0,validation
mendeley-S6-K2-seed3410,6,2,3410,rest,mendeley-S006-rest-R03,mendeley-S006-R03-G00-rest,mendeley-S006-rest-R03,0,validation
mendeley-S6-K2-seed3410,6,2,3410,wrist_extension,mendeley-S006-wrist_extension-R03,mendeley-S006-R03-G01-wrist_extension,mendeley-S006-wrist_extension-R03,0,validation
mendeley-S6-K2-seed3410,6,2,3410,wrist_extension,mendeley-S006-wrist_extension-R04,mendeley-S006-R04-G01-wrist_extension,mendeley-S006-wrist_extension-R04,0,validation
mendeley-S6-K2-seed3410,6,2,3410,wrist_flexion,mendeley-S006-wrist_flexion-R01,mendeley-S006-R01-G02-wrist_flexion,mendeley-S006-wrist_flexion-R01,0,validation
mendeley-S6-K2-seed3410,6,2,3410,wrist_flexion,mendeley-S006-wrist_flexion-R03,mendeley-S006-R03-G02-wrist_flexion,mendeley-S006-wrist_flexion-R03,0,validation
mendeley-S10-K2-seed3411,10,2,3411,hand_close,mendeley-S010-grip-R01,mendeley-S010-R01-G05-grip,mendeley-S010-grip-R01,0,validation
mendeley-S10-K2-seed3411,10,2,3411,hand_close,mendeley-S010-grip-R03,mendeley-S010-R03-G05-grip,mendeley-S010-grip-R03,0,validation
mendeley-S10-K2-seed3411,10,2,3411,rest,mendeley-S010-rest-R04,mendeley-S010-R04-G00-rest,mendeley-S010-rest-R04,0,validation
mendeley-S10-K2-seed3411,10,2,3411,rest,mendeley-S010-rest-R05,mendeley-S010-R05-G00-rest,mendeley-S010-rest-R05,0,validation
mendeley-S10-K2-seed3411,10,2,3411,wrist_extension,mendeley-S010-wrist_extension-R04,mendeley-S010-R04-G01-wrist_extension,mendeley-S010-wrist_extension-R04,0,validation
mendeley-S10-K2-seed3411,10,2,3411,wrist_extension,mendeley-S010-wrist_extension-R05,mendeley-S010-R05-G01-wrist_extension,mendeley-S010-wrist_extension-R05,0,validation
mendeley-S10-K2-seed3411,10,2,3411,wrist_flexion,mendeley-S010-wrist_flexion-R01,mendeley-S010-R01-G02-wrist_flexion,mendeley-S010-wrist_flexion-R01,0,validation
mendeley-S10-K2-seed3411,10,2,3411,wrist_flexion,mendeley-S010-wrist_flexion-R03,mendeley-S010-R03-G02-wrist_flexion,mendeley-S010-wrist_flexion-R03,0,validation
mendeley-S15-K2-seed3411,15,2,3411,hand_close,mendeley-S015-grip-R02,mendeley-S015-R02-G05-grip,mendeley-S015-grip-R02,0,validation
mendeley-S15-K2-seed3411,15,2,3411,hand_close,mendeley-S015-grip-R05,mendeley-S015-R05-G05-grip,mendeley-S015-grip-R05,0,validation
mendeley-S15-K2-seed3411,15,2,3411,rest,mendeley-S015-rest-R01,mendeley-S015-R01-G00-rest,mendeley-S015-rest-R01,0,validation
mendeley-S15-K2-seed3411,15,2,3411,rest,mendeley-S015-rest-R05,mendeley-S015-R05-G00-rest,mendeley-S015-rest-R05,0,validation
mendeley-S15-K2-seed3411,15,2,3411,wrist_extension,mendeley-S015-wrist_extension-R01,mendeley-S015-R01-G01-wrist_extension,mendeley-S015-wrist_extension-R01,0,validation
mendeley-S15-K2-seed3411,15,2,3411,wrist_extension,mendeley-S015-wrist_extension-R05,mendeley-S015-R05-G01-wrist_extension,mendeley-S015-wrist_extension-R05,0,validation
mendeley-S15-K2-seed3411,15,2,3411,wrist_flexion,mendeley-S015-wrist_flexion-R04,mendeley-S015-R04-G02-wrist_flexion,mendeley-S015-wrist_flexion-R04,0,validation
mendeley-S15-K2-seed3411,15,2,3411,wrist_flexion,mendeley-S015-wrist_flexion-R05,mendeley-S015-R05-G02-wrist_flexion,mendeley-S015-wrist_flexion-R05,0,validation
mendeley-S21-K2-seed3411,21,2,3411,hand_close,mendeley-S021-grip-R01,mendeley-S021-R01-G05-grip,mendeley-S021-grip-R01,0,validation
mendeley-S21-K2-seed3411,21,2,3411,hand_close,mendeley-S021-grip-R05,mendeley-S021-R05-G05-grip,mendeley-S021-grip-R05,0,validation
mendeley-S21-K2-seed3411,21,2,3411,rest,mendeley-S021-rest-R02,mendeley-S021-R02-G00-rest,mendeley-S021-rest-R02,0,validation
mendeley-S21-K2-seed3411,21,2,3411,rest,mendeley-S021-rest-R05,mendeley-S021-R05-G00-rest,mendeley-S021-rest-R05,0,validation
mendeley-S21-K2-seed3411,21,2,3411,wrist_extension,mendeley-S021-wrist_extension-R01,mendeley-S021-R01-G01-wrist_extension,mendeley-S021-wrist_extension-R01,0,validation
mendeley-S21-K2-seed3411,21,2,3411,wrist_extension,mendeley-S021-wrist_extension-R05,mendeley-S021-R05-G01-wrist_extension,mendeley-S021-wrist_extension-R05,0,validation
mendeley-S21-K2-seed3411,21,2,3411,wrist_flexion,mendeley-S021-wrist_flexion-R01,mendeley-S021-R01-G02-wrist_flexion,mendeley-S021-wrist_flexion-R01,0,validation
mendeley-S21-K2-seed3411,21,2,3411,wrist_flexion,mendeley-S021-wrist_flexion-R02,mendeley-S021-R02-G02-wrist_flexion,mendeley-S021-wrist_flexion-R02,0,validation
mendeley-S23-K2-seed3411,23,2,3411,hand_close,mendeley-S023-grip-R01,mendeley-S023-R01-G05-grip,mendeley-S023-grip-R01,0,validation
mendeley-S23-K2-seed3411,23,2,3411,hand_close,mendeley-S023-grip-R05,mendeley-S023-R05-G05-grip,mendeley-S023-grip-R05,0,validation
mendeley-S23-K2-seed3411,23,2,3411,rest,mendeley-S023-rest-R04,mendeley-S023-R04-G00-rest,mendeley-S023-rest-R04,0,validation
mendeley-S23-K2-seed3411,23,2,3411,rest,mendeley-S023-rest-R05,mendeley-S023-R05-G00-rest,mendeley-S023-rest-R05,0,validation
mendeley-S23-K2-seed3411,23,2,3411,wrist_extension,mendeley-S023-wrist_extension-R02,mendeley-S023-R02-G01-wrist_extension,mendeley-S023-wrist_extension-R02,0,validation
mendeley-S23-K2-seed3411,23,2,3411,wrist_extension,mendeley-S023-wrist_extension-R05,mendeley-S023-R05-G01-wrist_extension,mendeley-S023-wrist_extension-R05,0,validation
mendeley-S23-K2-seed3411,23,2,3411,wrist_flexion,mendeley-S023-wrist_flexion-R02,mendeley-S023-R02-G02-wrist_flexion,mendeley-S023-wrist_flexion-R02,0,validation
mendeley-S23-K2-seed3411,23,2,3411,wrist_flexion,mendeley-S023-wrist_flexion-R05,mendeley-S023-R05-G02-wrist_flexion,mendeley-S023-wrist_flexion-R05,0,validation
mendeley-S25-K2-seed3411,25,2,3411,hand_close,mendeley-S025-grip-R01,mendeley-S025-R01-G05-grip,mendeley-S025-grip-R01,0,validation
mendeley-S25-K2-seed3411,25,2,3411,hand_close,mendeley-S025-grip-R04,mendeley-S025-R04-G05-grip,mendeley-S025-grip-R04,0,validation
mendeley-S25-K2-seed3411,25,2,3411,rest,mendeley-S025-rest-R01,mendeley-S025-R01-G00-rest,mendeley-S025-rest-R01,0,validation
mendeley-S25-K2-seed3411,25,2,3411,rest,mendeley-S025-rest-R02,mendeley-S025-R02-G00-rest,mendeley-S025-rest-R02,0,validation
mendeley-S25-K2-seed3411,25,2,3411,wrist_extension,mendeley-S025-wrist_extension-R03,mendeley-S025-R03-G01-wrist_extension,mendeley-S025-wrist_extension-R03,0,validation
mendeley-S25-K2-seed3411,25,2,3411,wrist_extension,mendeley-S025-wrist_extension-R04,mendeley-S025-R04-G01-wrist_extension,mendeley-S025-wrist_extension-R04,0,validation
mendeley-S25-K2-seed3411,25,2,3411,wrist_flexion,mendeley-S025-wrist_flexion-R03,mendeley-S025-R03-G02-wrist_flexion,mendeley-S025-wrist_flexion-R03,0,validation
mendeley-S25-K2-seed3411,25,2,3411,wrist_flexion,mendeley-S025-wrist_flexion-R05,mendeley-S025-R05-G02-wrist_flexion,mendeley-S025-wrist_flexion-R05,0,validation
mendeley-S35-K2-seed3411,35,2,3411,hand_close,mendeley-S035-grip-R01,mendeley-S035-R01-G05-grip,mendeley-S035-grip-R01,0,validation
mendeley-S35-K2-seed3411,35,2,3411,hand_close,mendeley-S035-grip-R02,mendeley-S035-R02-G05-grip,mendeley-S035-grip-R02,0,validation
mendeley-S35-K2-seed3411,35,2,3411,rest,mendeley-S035-rest-R01,mendeley-S035-R01-G00-rest,mendeley-S035-rest-R01,0,validation
mendeley-S35-K2-seed3411,35,2,3411,rest,mendeley-S035-rest-R03,mendeley-S035-R03-G00-rest,mendeley-S035-rest-R03,0,validation
mendeley-S35-K2-seed3411,35,2,3411,wrist_extension,mendeley-S035-wrist_extension-R01,mendeley-S035-R01-G01-wrist_extension,mendeley-S035-wrist_extension-R01,0,validation
mendeley-S35-K2-seed3411,35,2,3411,wrist_extension,mendeley-S035-wrist_extension-R03,mendeley-S035-R03-G01-wrist_extension,mendeley-S035-wrist_extension-R03,0,validation
mendeley-S35-K2-seed3411,35,2,3411,wrist_flexion,mendeley-S035-wrist_flexion-R02,mendeley-S035-R02-G02-wrist_flexion,mendeley-S035-wrist_flexion-R02,0,validation
mendeley-S35-K2-seed3411,35,2,3411,wrist_flexion,mendeley-S035-wrist_flexion-R04,mendeley-S035-R04-G02-wrist_flexion,mendeley-S035-wrist_flexion-R04,0,validation
mendeley-S40-K2-seed3411,40,2,3411,hand_close,mendeley-S040-grip-R03,mendeley-S040-R03-G05-grip,mendeley-S040-grip-R03,0,validation
mendeley-S40-K2-seed3411,40,2,3411,hand_close,mendeley-S040-grip-R04,mendeley-S040-R04-G05-grip,mendeley-S040-grip-R04,0,validation
mendeley-S40-K2-seed3411,40,2,3411,rest,mendeley-S040-rest-R04,mendeley-S040-R04-G00-rest,mendeley-S040-rest-R04,0,validation
mendeley-S40-K2-seed3411,40,2,3411,rest,mendeley-S040-rest-R05,mendeley-S040-R05-G00-rest,mendeley-S040-rest-R05,0,validation
mendeley-S40-K2-seed3411,40,2,3411,wrist_extension,mendeley-S040-wrist_extension-R01,mendeley-S040-R01-G01-wrist_extension,mendeley-S040-wrist_extension-R01,0,validation
mendeley-S40-K2-seed3411,40,2,3411,wrist_extension,mendeley-S040-wrist_extension-R05,mendeley-S040-R05-G01-wrist_extension,mendeley-S040-wrist_extension-R05,0,validation
mendeley-S40-K2-seed3411,40,2,3411,wrist_flexion,mendeley-S040-wrist_flexion-R03,mendeley-S040-R03-G02-wrist_flexion,mendeley-S040-wrist_flexion-R03,0,validation
mendeley-S40-K2-seed3411,40,2,3411,wrist_flexion,mendeley-S040-wrist_flexion-R04,mendeley-S040-R04-G02-wrist_flexion,mendeley-S040-wrist_flexion-R04,0,validation
mendeley-S6-K2-seed3411,6,2,3411,hand_close,mendeley-S006-grip-R02,mendeley-S006-R02-G05-grip,mendeley-S006-grip-R02,0,validation
mendeley-S6-K2-seed3411,6,2,3411,hand_close,mendeley-S006-grip-R05,mendeley-S006-R05-G05-grip,mendeley-S006-grip-R05,0,validation
mendeley-S6-K2-seed3411,6,2,3411,rest,mendeley-S006-rest-R03,mendeley-S006-R03-G00-rest,mendeley-S006-rest-R03,0,validation
mendeley-S6-K2-seed3411,6,2,3411,rest,mendeley-S006-rest-R05,mendeley-S006-R05-G00-rest,mendeley-S006-rest-R05,0,validation
mendeley-S6-K2-seed3411,6,2,3411,wrist_extension,mendeley-S006-wrist_extension-R02,mendeley-S006-R02-G01-wrist_extension,mendeley-S006-wrist_extension-R02,0,validation
mendeley-S6-K2-seed3411,6,2,3411,wrist_extension,mendeley-S006-wrist_extension-R04,mendeley-S006-R04-G01-wrist_extension,mendeley-S006-wrist_extension-R04,0,validation
mendeley-S6-K2-seed3411,6,2,3411,wrist_flexion,mendeley-S006-wrist_flexion-R01,mendeley-S006-R01-G02-wrist_flexion,mendeley-S006-wrist_flexion-R01,0,validation
mendeley-S6-K2-seed3411,6,2,3411,wrist_flexion,mendeley-S006-wrist_flexion-R03,mendeley-S006-R03-G02-wrist_flexion,mendeley-S006-wrist_flexion-R03,0,validation
mendeley-S10-K2-seed3412,10,2,3412,hand_close,mendeley-S010-grip-R01,mendeley-S010-R01-G05-grip,mendeley-S010-grip-R01,0,validation
mendeley-S10-K2-seed3412,10,2,3412,hand_close,mendeley-S010-grip-R04,mendeley-S010-R04-G05-grip,mendeley-S010-grip-R04,0,validation
mendeley-S10-K2-seed3412,10,2,3412,rest,mendeley-S010-rest-R01,mendeley-S010-R01-G00-rest,mendeley-S010-rest-R01,0,validation
mendeley-S10-K2-seed3412,10,2,3412,rest,mendeley-S010-rest-R02,mendeley-S010-R02-G00-rest,mendeley-S010-rest-R02,0,validation
mendeley-S10-K2-seed3412,10,2,3412,wrist_extension,mendeley-S010-wrist_extension-R02,mendeley-S010-R02-G01-wrist_extension,mendeley-S010-wrist_extension-R02,0,validation
mendeley-S10-K2-seed3412,10,2,3412,wrist_extension,mendeley-S010-wrist_extension-R05,mendeley-S010-R05-G01-wrist_extension,mendeley-S010-wrist_extension-R05,0,validation
mendeley-S10-K2-seed3412,10,2,3412,wrist_flexion,mendeley-S010-wrist_flexion-R01,mendeley-S010-R01-G02-wrist_flexion,mendeley-S010-wrist_flexion-R01,0,validation
mendeley-S10-K2-seed3412,10,2,3412,wrist_flexion,mendeley-S010-wrist_flexion-R03,mendeley-S010-R03-G02-wrist_flexion,mendeley-S010-wrist_flexion-R03,0,validation
mendeley-S15-K2-seed3412,15,2,3412,hand_close,mendeley-S015-grip-R01,mendeley-S015-R01-G05-grip,mendeley-S015-grip-R01,0,validation
mendeley-S15-K2-seed3412,15,2,3412,hand_close,mendeley-S015-grip-R05,mendeley-S015-R05-G05-grip,mendeley-S015-grip-R05,0,validation
mendeley-S15-K2-seed3412,15,2,3412,rest,mendeley-S015-rest-R02,mendeley-S015-R02-G00-rest,mendeley-S015-rest-R02,0,validation
mendeley-S15-K2-seed3412,15,2,3412,rest,mendeley-S015-rest-R05,mendeley-S015-R05-G00-rest,mendeley-S015-rest-R05,0,validation
mendeley-S15-K2-seed3412,15,2,3412,wrist_extension,mendeley-S015-wrist_extension-R03,mendeley-S015-R03-G01-wrist_extension,mendeley-S015-wrist_extension-R03,0,validation
mendeley-S15-K2-seed3412,15,2,3412,wrist_extension,mendeley-S015-wrist_extension-R05,mendeley-S015-R05-G01-wrist_extension,mendeley-S015-wrist_extension-R05,0,validation
mendeley-S15-K2-seed3412,15,2,3412,wrist_flexion,mendeley-S015-wrist_flexion-R02,mendeley-S015-R02-G02-wrist_flexion,mendeley-S015-wrist_flexion-R02,0,validation
mendeley-S15-K2-seed3412,15,2,3412,wrist_flexion,mendeley-S015-wrist_flexion-R04,mendeley-S015-R04-G02-wrist_flexion,mendeley-S015-wrist_flexion-R04,0,validation
mendeley-S21-K2-seed3412,21,2,3412,hand_close,mendeley-S021-grip-R02,mendeley-S021-R02-G05-grip,mendeley-S021-grip-R02,0,validation
mendeley-S21-K2-seed3412,21,2,3412,hand_close,mendeley-S021-grip-R04,mendeley-S021-R04-G05-grip,mendeley-S021-grip-R04,0,validation
mendeley-S21-K2-seed3412,21,2,3412,rest,mendeley-S021-rest-R03,mendeley-S021-R03-G00-rest,mendeley-S021-rest-R03,0,validation
mendeley-S21-K2-seed3412,21,2,3412,rest,mendeley-S021-rest-R04,mendeley-S021-R04-G00-rest,mendeley-S021-rest-R04,0,validation
mendeley-S21-K2-seed3412,21,2,3412,wrist_extension,mendeley-S021-wrist_extension-R01,mendeley-S021-R01-G01-wrist_extension,mendeley-S021-wrist_extension-R01,0,validation
mendeley-S21-K2-seed3412,21,2,3412,wrist_extension,mendeley-S021-wrist_extension-R03,mendeley-S021-R03-G01-wrist_extension,mendeley-S021-wrist_extension-R03,0,validation
mendeley-S21-K2-seed3412,21,2,3412,wrist_flexion,mendeley-S021-wrist_flexion-R01,mendeley-S021-R01-G02-wrist_flexion,mendeley-S021-wrist_flexion-R01,0,validation
mendeley-S21-K2-seed3412,21,2,3412,wrist_flexion,mendeley-S021-wrist_flexion-R05,mendeley-S021-R05-G02-wrist_flexion,mendeley-S021-wrist_flexion-R05,0,validation
mendeley-S23-K2-seed3412,23,2,3412,hand_close,mendeley-S023-grip-R01,mendeley-S023-R01-G05-grip,mendeley-S023-grip-R01,0,validation
mendeley-S23-K2-seed3412,23,2,3412,hand_close,mendeley-S023-grip-R03,mendeley-S023-R03-G05-grip,mendeley-S023-grip-R03,0,validation
mendeley-S23-K2-seed3412,23,2,3412,rest,mendeley-S023-rest-R01,mendeley-S023-R01-G00-rest,mendeley-S023-rest-R01,0,validation
mendeley-S23-K2-seed3412,23,2,3412,rest,mendeley-S023-rest-R05,mendeley-S023-R05-G00-rest,mendeley-S023-rest-R05,0,validation
mendeley-S23-K2-seed3412,23,2,3412,wrist_extension,mendeley-S023-wrist_extension-R01,mendeley-S023-R01-G01-wrist_extension,mendeley-S023-wrist_extension-R01,0,validation
mendeley-S23-K2-seed3412,23,2,3412,wrist_extension,mendeley-S023-wrist_extension-R05,mendeley-S023-R05-G01-wrist_extension,mendeley-S023-wrist_extension-R05,0,validation
mendeley-S23-K2-seed3412,23,2,3412,wrist_flexion,mendeley-S023-wrist_flexion-R01,mendeley-S023-R01-G02-wrist_flexion,mendeley-S023-wrist_flexion-R01,0,validation
mendeley-S23-K2-seed3412,23,2,3412,wrist_flexion,mendeley-S023-wrist_flexion-R05,mendeley-S023-R05-G02-wrist_flexion,mendeley-S023-wrist_flexion-R05,0,validation
mendeley-S25-K2-seed3412,25,2,3412,hand_close,mendeley-S025-grip-R03,mendeley-S025-R03-G05-grip,mendeley-S025-grip-R03,0,validation
mendeley-S25-K2-seed3412,25,2,3412,hand_close,mendeley-S025-grip-R04,mendeley-S025-R04-G05-grip,mendeley-S025-grip-R04,0,validation
mendeley-S25-K2-seed3412,25,2,3412,rest,mendeley-S025-rest-R03,mendeley-S025-R03-G00-rest,mendeley-S025-rest-R03,0,validation
mendeley-S25-K2-seed3412,25,2,3412,rest,mendeley-S025-rest-R04,mendeley-S025-R04-G00-rest,mendeley-S025-rest-R04,0,validation
mendeley-S25-K2-seed3412,25,2,3412,wrist_extension,mendeley-S025-wrist_extension-R01,mendeley-S025-R01-G01-wrist_extension,mendeley-S025-wrist_extension-R01,0,validation
mendeley-S25-K2-seed3412,25,2,3412,wrist_extension,mendeley-S025-wrist_extension-R02,mendeley-S025-R02-G01-wrist_extension,mendeley-S025-wrist_extension-R02,0,validation
mendeley-S25-K2-seed3412,25,2,3412,wrist_flexion,mendeley-S025-wrist_flexion-R02,mendeley-S025-R02-G02-wrist_flexion,mendeley-S025-wrist_flexion-R02,0,validation
mendeley-S25-K2-seed3412,25,2,3412,wrist_flexion,mendeley-S025-wrist_flexion-R04,mendeley-S025-R04-G02-wrist_flexion,mendeley-S025-wrist_flexion-R04,0,validation
mendeley-S35-K2-seed3412,35,2,3412,hand_close,mendeley-S035-grip-R02,mendeley-S035-R02-G05-grip,mendeley-S035-grip-R02,0,validation
mendeley-S35-K2-seed3412,35,2,3412,hand_close,mendeley-S035-grip-R04,mendeley-S035-R04-G05-grip,mendeley-S035-grip-R04,0,validation
mendeley-S35-K2-seed3412,35,2,3412,rest,mendeley-S035-rest-R03,mendeley-S035-R03-G00-rest,mendeley-S035-rest-R03,0,validation
mendeley-S35-K2-seed3412,35,2,3412,rest,mendeley-S035-rest-R05,mendeley-S035-R05-G00-rest,mendeley-S035-rest-R05,0,validation
mendeley-S35-K2-seed3412,35,2,3412,wrist_extension,mendeley-S035-wrist_extension-R01,mendeley-S035-R01-G01-wrist_extension,mendeley-S035-wrist_extension-R01,0,validation
mendeley-S35-K2-seed3412,35,2,3412,wrist_extension,mendeley-S035-wrist_extension-R02,mendeley-S035-R02-G01-wrist_extension,mendeley-S035-wrist_extension-R02,0,validation
mendeley-S35-K2-seed3412,35,2,3412,wrist_flexion,mendeley-S035-wrist_flexion-R03,mendeley-S035-R03-G02-wrist_flexion,mendeley-S035-wrist_flexion-R03,0,validation
mendeley-S35-K2-seed3412,35,2,3412,wrist_flexion,mendeley-S035-wrist_flexion-R04,mendeley-S035-R04-G02-wrist_flexion,mendeley-S035-wrist_flexion-R04,0,validation
mendeley-S40-K2-seed3412,40,2,3412,hand_close,mendeley-S040-grip-R01,mendeley-S040-R01-G05-grip,mendeley-S040-grip-R01,0,validation
mendeley-S40-K2-seed3412,40,2,3412,hand_close,mendeley-S040-grip-R02,mendeley-S040-R02-G05-grip,mendeley-S040-grip-R02,0,validation
mendeley-S40-K2-seed3412,40,2,3412,rest,mendeley-S040-rest-R02,mendeley-S040-R02-G00-rest,mendeley-S040-rest-R02,0,validation
mendeley-S40-K2-seed3412,40,2,3412,rest,mendeley-S040-rest-R05,mendeley-S040-R05-G00-rest,mendeley-S040-rest-R05,0,validation
mendeley-S40-K2-seed3412,40,2,3412,wrist_extension,mendeley-S040-wrist_extension-R01,mendeley-S040-R01-G01-wrist_extension,mendeley-S040-wrist_extension-R01,0,validation
mendeley-S40-K2-seed3412,40,2,3412,wrist_extension,mendeley-S040-wrist_extension-R02,mendeley-S040-R02-G01-wrist_extension,mendeley-S040-wrist_extension-R02,0,validation
mendeley-S40-K2-seed3412,40,2,3412,wrist_flexion,mendeley-S040-wrist_flexion-R01,mendeley-S040-R01-G02-wrist_flexion,mendeley-S040-wrist_flexion-R01,0,validation
mendeley-S40-K2-seed3412,40,2,3412,wrist_flexion,mendeley-S040-wrist_flexion-R02,mendeley-S040-R02-G02-wrist_flexion,mendeley-S040-wrist_flexion-R02,0,validation
mendeley-S6-K2-seed3412,6,2,3412,hand_close,mendeley-S006-grip-R01,mendeley-S006-R01-G05-grip,mendeley-S006-grip-R01,0,validation
mendeley-S6-K2-seed3412,6,2,3412,hand_close,mendeley-S006-grip-R03,mendeley-S006-R03-G05-grip,mendeley-S006-grip-R03,0,validation
mendeley-S6-K2-seed3412,6,2,3412,rest,mendeley-S006-rest-R03,mendeley-S006-R03-G00-rest,mendeley-S006-rest-R03,0,validation
mendeley-S6-K2-seed3412,6,2,3412,rest,mendeley-S006-rest-R05,mendeley-S006-R05-G00-rest,mendeley-S006-rest-R05,0,validation
mendeley-S6-K2-seed3412,6,2,3412,wrist_extension,mendeley-S006-wrist_extension-R01,mendeley-S006-R01-G01-wrist_extension,mendeley-S006-wrist_extension-R01,0,validation
mendeley-S6-K2-seed3412,6,2,3412,wrist_extension,mendeley-S006-wrist_extension-R03,mendeley-S006-R03-G01-wrist_extension,mendeley-S006-wrist_extension-R03,0,validation
mendeley-S6-K2-seed3412,6,2,3412,wrist_flexion,mendeley-S006-wrist_flexion-R03,mendeley-S006-R03-G02-wrist_flexion,mendeley-S006-wrist_flexion-R03,0,validation
mendeley-S6-K2-seed3412,6,2,3412,wrist_flexion,mendeley-S006-wrist_flexion-R05,mendeley-S006-R05-G02-wrist_flexion,mendeley-S006-wrist_flexion-R05,0,validation
mendeley-S10-K2-seed3413,10,2,3413,hand_close,mendeley-S010-grip-R01,mendeley-S010-R01-G05-grip,mendeley-S010-grip-R01,0,validation
mendeley-S10-K2-seed3413,10,2,3413,hand_close,mendeley-S010-grip-R03,mendeley-S010-R03-G05-grip,mendeley-S010-grip-R03,0,validation
mendeley-S10-K2-seed3413,10,2,3413,rest,mendeley-S010-rest-R02,mendeley-S010-R02-G00-rest,mendeley-S010-rest-R02,0,validation
mendeley-S10-K2-seed3413,10,2,3413,rest,mendeley-S010-rest-R03,mendeley-S010-R03-G00-rest,mendeley-S010-rest-R03,0,validation
mendeley-S10-K2-seed3413,10,2,3413,wrist_extension,mendeley-S010-wrist_extension-R03,mendeley-S010-R03-G01-wrist_extension,mendeley-S010-wrist_extension-R03,0,validation
mendeley-S10-K2-seed3413,10,2,3413,wrist_extension,mendeley-S010-wrist_extension-R04,mendeley-S010-R04-G01-wrist_extension,mendeley-S010-wrist_extension-R04,0,validation
mendeley-S10-K2-seed3413,10,2,3413,wrist_flexion,mendeley-S010-wrist_flexion-R01,mendeley-S010-R01-G02-wrist_flexion,mendeley-S010-wrist_flexion-R01,0,validation
mendeley-S10-K2-seed3413,10,2,3413,wrist_flexion,mendeley-S010-wrist_flexion-R04,mendeley-S010-R04-G02-wrist_flexion,mendeley-S010-wrist_flexion-R04,0,validation
mendeley-S15-K2-seed3413,15,2,3413,hand_close,mendeley-S015-grip-R02,mendeley-S015-R02-G05-grip,mendeley-S015-grip-R02,0,validation
mendeley-S15-K2-seed3413,15,2,3413,hand_close,mendeley-S015-grip-R05,mendeley-S015-R05-G05-grip,mendeley-S015-grip-R05,0,validation
mendeley-S15-K2-seed3413,15,2,3413,rest,mendeley-S015-rest-R03,mendeley-S015-R03-G00-rest,mendeley-S015-rest-R03,0,validation
mendeley-S15-K2-seed3413,15,2,3413,rest,mendeley-S015-rest-R04,mendeley-S015-R04-G00-rest,mendeley-S015-rest-R04,0,validation
mendeley-S15-K2-seed3413,15,2,3413,wrist_extension,mendeley-S015-wrist_extension-R03,mendeley-S015-R03-G01-wrist_extension,mendeley-S015-wrist_extension-R03,0,validation
mendeley-S15-K2-seed3413,15,2,3413,wrist_extension,mendeley-S015-wrist_extension-R04,mendeley-S015-R04-G01-wrist_extension,mendeley-S015-wrist_extension-R04,0,validation
mendeley-S15-K2-seed3413,15,2,3413,wrist_flexion,mendeley-S015-wrist_flexion-R01,mendeley-S015-R01-G02-wrist_flexion,mendeley-S015-wrist_flexion-R01,0,validation
mendeley-S15-K2-seed3413,15,2,3413,wrist_flexion,mendeley-S015-wrist_flexion-R03,mendeley-S015-R03-G02-wrist_flexion,mendeley-S015-wrist_flexion-R03,0,validation
mendeley-S21-K2-seed3413,21,2,3413,hand_close,mendeley-S021-grip-R02,mendeley-S021-R02-G05-grip,mendeley-S021-grip-R02,0,validation
mendeley-S21-K2-seed3413,21,2,3413,hand_close,mendeley-S021-grip-R04,mendeley-S021-R04-G05-grip,mendeley-S021-grip-R04,0,validation
mendeley-S21-K2-seed3413,21,2,3413,rest,mendeley-S021-rest-R01,mendeley-S021-R01-G00-rest,mendeley-S021-rest-R01,0,validation
mendeley-S21-K2-seed3413,21,2,3413,rest,mendeley-S021-rest-R05,mendeley-S021-R05-G00-rest,mendeley-S021-rest-R05,0,validation
mendeley-S21-K2-seed3413,21,2,3413,wrist_extension,mendeley-S021-wrist_extension-R01,mendeley-S021-R01-G01-wrist_extension,mendeley-S021-wrist_extension-R01,0,validation
mendeley-S21-K2-seed3413,21,2,3413,wrist_extension,mendeley-S021-wrist_extension-R02,mendeley-S021-R02-G01-wrist_extension,mendeley-S021-wrist_extension-R02,0,validation
mendeley-S21-K2-seed3413,21,2,3413,wrist_flexion,mendeley-S021-wrist_flexion-R03,mendeley-S021-R03-G02-wrist_flexion,mendeley-S021-wrist_flexion-R03,0,validation
mendeley-S21-K2-seed3413,21,2,3413,wrist_flexion,mendeley-S021-wrist_flexion-R05,mendeley-S021-R05-G02-wrist_flexion,mendeley-S021-wrist_flexion-R05,0,validation
mendeley-S23-K2-seed3413,23,2,3413,hand_close,mendeley-S023-grip-R03,mendeley-S023-R03-G05-grip,mendeley-S023-grip-R03,0,validation
mendeley-S23-K2-seed3413,23,2,3413,hand_close,mendeley-S023-grip-R05,mendeley-S023-R05-G05-grip,mendeley-S023-grip-R05,0,validation
mendeley-S23-K2-seed3413,23,2,3413,rest,mendeley-S023-rest-R02,mendeley-S023-R02-G00-rest,mendeley-S023-rest-R02,0,validation
mendeley-S23-K2-seed3413,23,2,3413,rest,mendeley-S023-rest-R04,mendeley-S023-R04-G00-rest,mendeley-S023-rest-R04,0,validation
mendeley-S23-K2-seed3413,23,2,3413,wrist_extension,mendeley-S023-wrist_extension-R01,mendeley-S023-R01-G01-wrist_extension,mendeley-S023-wrist_extension-R01,0,validation
mendeley-S23-K2-seed3413,23,2,3413,wrist_extension,mendeley-S023-wrist_extension-R02,mendeley-S023-R02-G01-wrist_extension,mendeley-S023-wrist_extension-R02,0,validation
mendeley-S23-K2-seed3413,23,2,3413,wrist_flexion,mendeley-S023-wrist_flexion-R02,mendeley-S023-R02-G02-wrist_flexion,mendeley-S023-wrist_flexion-R02,0,validation
mendeley-S23-K2-seed3413,23,2,3413,wrist_flexion,mendeley-S023-wrist_flexion-R05,mendeley-S023-R05-G02-wrist_flexion,mendeley-S023-wrist_flexion-R05,0,validation
mendeley-S25-K2-seed3413,25,2,3413,hand_close,mendeley-S025-grip-R02,mendeley-S025-R02-G05-grip,mendeley-S025-grip-R02,0,validation
mendeley-S25-K2-seed3413,25,2,3413,hand_close,mendeley-S025-grip-R04,mendeley-S025-R04-G05-grip,mendeley-S025-grip-R04,0,validation
mendeley-S25-K2-seed3413,25,2,3413,rest,mendeley-S025-rest-R01,mendeley-S025-R01-G00-rest,mendeley-S025-rest-R01,0,validation
mendeley-S25-K2-seed3413,25,2,3413,rest,mendeley-S025-rest-R02,mendeley-S025-R02-G00-rest,mendeley-S025-rest-R02,0,validation
mendeley-S25-K2-seed3413,25,2,3413,wrist_extension,mendeley-S025-wrist_extension-R03,mendeley-S025-R03-G01-wrist_extension,mendeley-S025-wrist_extension-R03,0,validation
mendeley-S25-K2-seed3413,25,2,3413,wrist_extension,mendeley-S025-wrist_extension-R05,mendeley-S025-R05-G01-wrist_extension,mendeley-S025-wrist_extension-R05,0,validation
mendeley-S25-K2-seed3413,25,2,3413,wrist_flexion,mendeley-S025-wrist_flexion-R02,mendeley-S025-R02-G02-wrist_flexion,mendeley-S025-wrist_flexion-R02,0,validation
mendeley-S25-K2-seed3413,25,2,3413,wrist_flexion,mendeley-S025-wrist_flexion-R05,mendeley-S025-R05-G02-wrist_flexion,mendeley-S025-wrist_flexion-R05,0,validation
mendeley-S35-K2-seed3413,35,2,3413,hand_close,mendeley-S035-grip-R03,mendeley-S035-R03-G05-grip,mendeley-S035-grip-R03,0,validation
mendeley-S35-K2-seed3413,35,2,3413,hand_close,mendeley-S035-grip-R04,mendeley-S035-R04-G05-grip,mendeley-S035-grip-R04,0,validation
mendeley-S35-K2-seed3413,35,2,3413,rest,mendeley-S035-rest-R01,mendeley-S035-R01-G00-rest,mendeley-S035-rest-R01,0,validation
mendeley-S35-K2-seed3413,35,2,3413,rest,mendeley-S035-rest-R03,mendeley-S035-R03-G00-rest,mendeley-S035-rest-R03,0,validation
mendeley-S35-K2-seed3413,35,2,3413,wrist_extension,mendeley-S035-wrist_extension-R04,mendeley-S035-R04-G01-wrist_extension,mendeley-S035-wrist_extension-R04,0,validation
mendeley-S35-K2-seed3413,35,2,3413,wrist_extension,mendeley-S035-wrist_extension-R05,mendeley-S035-R05-G01-wrist_extension,mendeley-S035-wrist_extension-R05,0,validation
mendeley-S35-K2-seed3413,35,2,3413,wrist_flexion,mendeley-S035-wrist_flexion-R02,mendeley-S035-R02-G02-wrist_flexion,mendeley-S035-wrist_flexion-R02,0,validation
mendeley-S35-K2-seed3413,35,2,3413,wrist_flexion,mendeley-S035-wrist_flexion-R03,mendeley-S035-R03-G02-wrist_flexion,mendeley-S035-wrist_flexion-R03,0,validation
mendeley-S40-K2-seed3413,40,2,3413,hand_close,mendeley-S040-grip-R01,mendeley-S040-R01-G05-grip,mendeley-S040-grip-R01,0,validation
mendeley-S40-K2-seed3413,40,2,3413,hand_close,mendeley-S040-grip-R03,mendeley-S040-R03-G05-grip,mendeley-S040-grip-R03,0,validation
mendeley-S40-K2-seed3413,40,2,3413,rest,mendeley-S040-rest-R04,mendeley-S040-R04-G00-rest,mendeley-S040-rest-R04,0,validation
mendeley-S40-K2-seed3413,40,2,3413,rest,mendeley-S040-rest-R05,mendeley-S040-R05-G00-rest,mendeley-S040-rest-R05,0,validation
mendeley-S40-K2-seed3413,40,2,3413,wrist_extension,mendeley-S040-wrist_extension-R01,mendeley-S040-R01-G01-wrist_extension,mendeley-S040-wrist_extension-R01,0,validation
mendeley-S40-K2-seed3413,40,2,3413,wrist_extension,mendeley-S040-wrist_extension-R03,mendeley-S040-R03-G01-wrist_extension,mendeley-S040-wrist_extension-R03,0,validation
mendeley-S40-K2-seed3413,40,2,3413,wrist_flexion,mendeley-S040-wrist_flexion-R02,mendeley-S040-R02-G02-wrist_flexion,mendeley-S040-wrist_flexion-R02,0,validation
mendeley-S40-K2-seed3413,40,2,3413,wrist_flexion,mendeley-S040-wrist_flexion-R05,mendeley-S040-R05-G02-wrist_flexion,mendeley-S040-wrist_flexion-R05,0,validation
mendeley-S6-K2-seed3413,6,2,3413,hand_close,mendeley-S006-grip-R01,mendeley-S006-R01-G05-grip,mendeley-S006-grip-R01,0,validation
mendeley-S6-K2-seed3413,6,2,3413,hand_close,mendeley-S006-grip-R03,mendeley-S006-R03-G05-grip,mendeley-S006-grip-R03,0,validation
mendeley-S6-K2-seed3413,6,2,3413,rest,mendeley-S006-rest-R01,mendeley-S006-R01-G00-rest,mendeley-S006-rest-R01,0,validation
mendeley-S6-K2-seed3413,6,2,3413,rest,mendeley-S006-rest-R04,mendeley-S006-R04-G00-rest,mendeley-S006-rest-R04,0,validation
mendeley-S6-K2-seed3413,6,2,3413,wrist_extension,mendeley-S006-wrist_extension-R02,mendeley-S006-R02-G01-wrist_extension,mendeley-S006-wrist_extension-R02,0,validation
mendeley-S6-K2-seed3413,6,2,3413,wrist_extension,mendeley-S006-wrist_extension-R04,mendeley-S006-R04-G01-wrist_extension,mendeley-S006-wrist_extension-R04,0,validation
mendeley-S6-K2-seed3413,6,2,3413,wrist_flexion,mendeley-S006-wrist_flexion-R01,mendeley-S006-R01-G02-wrist_flexion,mendeley-S006-wrist_flexion-R01,0,validation
mendeley-S6-K2-seed3413,6,2,3413,wrist_flexion,mendeley-S006-wrist_flexion-R03,mendeley-S006-R03-G02-wrist_flexion,mendeley-S006-wrist_flexion-R03,0,validation
mendeley-S10-K2-seed3414,10,2,3414,hand_close,mendeley-S010-grip-R01,mendeley-S010-R01-G05-grip,mendeley-S010-grip-R01,0,validation
mendeley-S10-K2-seed3414,10,2,3414,hand_close,mendeley-S010-grip-R04,mendeley-S010-R04-G05-grip,mendeley-S010-grip-R04,0,validation
mendeley-S10-K2-seed3414,10,2,3414,rest,mendeley-S010-rest-R02,mendeley-S010-R02-G00-rest,mendeley-S010-rest-R02,0,validation
mendeley-S10-K2-seed3414,10,2,3414,rest,mendeley-S010-rest-R03,mendeley-S010-R03-G00-rest,mendeley-S010-rest-R03,0,validation
mendeley-S10-K2-seed3414,10,2,3414,wrist_extension,mendeley-S010-wrist_extension-R03,mendeley-S010-R03-G01-wrist_extension,mendeley-S010-wrist_extension-R03,0,validation
mendeley-S10-K2-seed3414,10,2,3414,wrist_extension,mendeley-S010-wrist_extension-R04,mendeley-S010-R04-G01-wrist_extension,mendeley-S010-wrist_extension-R04,0,validation
mendeley-S10-K2-seed3414,10,2,3414,wrist_flexion,mendeley-S010-wrist_flexion-R01,mendeley-S010-R01-G02-wrist_flexion,mendeley-S010-wrist_flexion-R01,0,validation
mendeley-S10-K2-seed3414,10,2,3414,wrist_flexion,mendeley-S010-wrist_flexion-R04,mendeley-S010-R04-G02-wrist_flexion,mendeley-S010-wrist_flexion-R04,0,validation
mendeley-S15-K2-seed3414,15,2,3414,hand_close,mendeley-S015-grip-R01,mendeley-S015-R01-G05-grip,mendeley-S015-grip-R01,0,validation
mendeley-S15-K2-seed3414,15,2,3414,hand_close,mendeley-S015-grip-R05,mendeley-S015-R05-G05-grip,mendeley-S015-grip-R05,0,validation
mendeley-S15-K2-seed3414,15,2,3414,rest,mendeley-S015-rest-R01,mendeley-S015-R01-G00-rest,mendeley-S015-rest-R01,0,validation
mendeley-S15-K2-seed3414,15,2,3414,rest,mendeley-S015-rest-R03,mendeley-S015-R03-G00-rest,mendeley-S015-rest-R03,0,validation
mendeley-S15-K2-seed3414,15,2,3414,wrist_extension,mendeley-S015-wrist_extension-R02,mendeley-S015-R02-G01-wrist_extension,mendeley-S015-wrist_extension-R02,0,validation
mendeley-S15-K2-seed3414,15,2,3414,wrist_extension,mendeley-S015-wrist_extension-R04,mendeley-S015-R04-G01-wrist_extension,mendeley-S015-wrist_extension-R04,0,validation
mendeley-S15-K2-seed3414,15,2,3414,wrist_flexion,mendeley-S015-wrist_flexion-R03,mendeley-S015-R03-G02-wrist_flexion,mendeley-S015-wrist_flexion-R03,0,validation
mendeley-S15-K2-seed3414,15,2,3414,wrist_flexion,mendeley-S015-wrist_flexion-R05,mendeley-S015-R05-G02-wrist_flexion,mendeley-S015-wrist_flexion-R05,0,validation
mendeley-S21-K2-seed3414,21,2,3414,hand_close,mendeley-S021-grip-R01,mendeley-S021-R01-G05-grip,mendeley-S021-grip-R01,0,validation
mendeley-S21-K2-seed3414,21,2,3414,hand_close,mendeley-S021-grip-R03,mendeley-S021-R03-G05-grip,mendeley-S021-grip-R03,0,validation
mendeley-S21-K2-seed3414,21,2,3414,rest,mendeley-S021-rest-R03,mendeley-S021-R03-G00-rest,mendeley-S021-rest-R03,0,validation
mendeley-S21-K2-seed3414,21,2,3414,rest,mendeley-S021-rest-R05,mendeley-S021-R05-G00-rest,mendeley-S021-rest-R05,0,validation
mendeley-S21-K2-seed3414,21,2,3414,wrist_extension,mendeley-S021-wrist_extension-R01,mendeley-S021-R01-G01-wrist_extension,mendeley-S021-wrist_extension-R01,0,validation
mendeley-S21-K2-seed3414,21,2,3414,wrist_extension,mendeley-S021-wrist_extension-R05,mendeley-S021-R05-G01-wrist_extension,mendeley-S021-wrist_extension-R05,0,validation
mendeley-S21-K2-seed3414,21,2,3414,wrist_flexion,mendeley-S021-wrist_flexion-R01,mendeley-S021-R01-G02-wrist_flexion,mendeley-S021-wrist_flexion-R01,0,validation
mendeley-S21-K2-seed3414,21,2,3414,wrist_flexion,mendeley-S021-wrist_flexion-R02,mendeley-S021-R02-G02-wrist_flexion,mendeley-S021-wrist_flexion-R02,0,validation
mendeley-S23-K2-seed3414,23,2,3414,hand_close,mendeley-S023-grip-R01,mendeley-S023-R01-G05-grip,mendeley-S023-grip-R01,0,validation
mendeley-S23-K2-seed3414,23,2,3414,hand_close,mendeley-S023-grip-R03,mendeley-S023-R03-G05-grip,mendeley-S023-grip-R03,0,validation
mendeley-S23-K2-seed3414,23,2,3414,rest,mendeley-S023-rest-R01,mendeley-S023-R01-G00-rest,mendeley-S023-rest-R01,0,validation
mendeley-S23-K2-seed3414,23,2,3414,rest,mendeley-S023-rest-R04,mendeley-S023-R04-G00-rest,mendeley-S023-rest-R04,0,validation
mendeley-S23-K2-seed3414,23,2,3414,wrist_extension,mendeley-S023-wrist_extension-R02,mendeley-S023-R02-G01-wrist_extension,mendeley-S023-wrist_extension-R02,0,validation
mendeley-S23-K2-seed3414,23,2,3414,wrist_extension,mendeley-S023-wrist_extension-R03,mendeley-S023-R03-G01-wrist_extension,mendeley-S023-wrist_extension-R03,0,validation
mendeley-S23-K2-seed3414,23,2,3414,wrist_flexion,mendeley-S023-wrist_flexion-R01,mendeley-S023-R01-G02-wrist_flexion,mendeley-S023-wrist_flexion-R01,0,validation
mendeley-S23-K2-seed3414,23,2,3414,wrist_flexion,mendeley-S023-wrist_flexion-R03,mendeley-S023-R03-G02-wrist_flexion,mendeley-S023-wrist_flexion-R03,0,validation
mendeley-S25-K2-seed3414,25,2,3414,hand_close,mendeley-S025-grip-R03,mendeley-S025-R03-G05-grip,mendeley-S025-grip-R03,0,validation
mendeley-S25-K2-seed3414,25,2,3414,hand_close,mendeley-S025-grip-R04,mendeley-S025-R04-G05-grip,mendeley-S025-grip-R04,0,validation
mendeley-S25-K2-seed3414,25,2,3414,rest,mendeley-S025-rest-R01,mendeley-S025-R01-G00-rest,mendeley-S025-rest-R01,0,validation
mendeley-S25-K2-seed3414,25,2,3414,rest,mendeley-S025-rest-R05,mendeley-S025-R05-G00-rest,mendeley-S025-rest-R05,0,validation
mendeley-S25-K2-seed3414,25,2,3414,wrist_extension,mendeley-S025-wrist_extension-R02,mendeley-S025-R02-G01-wrist_extension,mendeley-S025-wrist_extension-R02,0,validation
mendeley-S25-K2-seed3414,25,2,3414,wrist_extension,mendeley-S025-wrist_extension-R03,mendeley-S025-R03-G01-wrist_extension,mendeley-S025-wrist_extension-R03,0,validation
mendeley-S25-K2-seed3414,25,2,3414,wrist_flexion,mendeley-S025-wrist_flexion-R01,mendeley-S025-R01-G02-wrist_flexion,mendeley-S025-wrist_flexion-R01,0,validation
mendeley-S25-K2-seed3414,25,2,3414,wrist_flexion,mendeley-S025-wrist_flexion-R03,mendeley-S025-R03-G02-wrist_flexion,mendeley-S025-wrist_flexion-R03,0,validation
mendeley-S35-K2-seed3414,35,2,3414,hand_close,mendeley-S035-grip-R01,mendeley-S035-R01-G05-grip,mendeley-S035-grip-R01,0,validation
mendeley-S35-K2-seed3414,35,2,3414,hand_close,mendeley-S035-grip-R03,mendeley-S035-R03-G05-grip,mendeley-S035-grip-R03,0,validation
mendeley-S35-K2-seed3414,35,2,3414,rest,mendeley-S035-rest-R01,mendeley-S035-R01-G00-rest,mendeley-S035-rest-R01,0,validation
mendeley-S35-K2-seed3414,35,2,3414,rest,mendeley-S035-rest-R03,mendeley-S035-R03-G00-rest,mendeley-S035-rest-R03,0,validation
mendeley-S35-K2-seed3414,35,2,3414,wrist_extension,mendeley-S035-wrist_extension-R01,mendeley-S035-R01-G01-wrist_extension,mendeley-S035-wrist_extension-R01,0,validation
mendeley-S35-K2-seed3414,35,2,3414,wrist_extension,mendeley-S035-wrist_extension-R04,mendeley-S035-R04-G01-wrist_extension,mendeley-S035-wrist_extension-R04,0,validation
mendeley-S35-K2-seed3414,35,2,3414,wrist_flexion,mendeley-S035-wrist_flexion-R01,mendeley-S035-R01-G02-wrist_flexion,mendeley-S035-wrist_flexion-R01,0,validation
mendeley-S35-K2-seed3414,35,2,3414,wrist_flexion,mendeley-S035-wrist_flexion-R03,mendeley-S035-R03-G02-wrist_flexion,mendeley-S035-wrist_flexion-R03,0,validation
mendeley-S40-K2-seed3414,40,2,3414,hand_close,mendeley-S040-grip-R02,mendeley-S040-R02-G05-grip,mendeley-S040-grip-R02,0,validation
mendeley-S40-K2-seed3414,40,2,3414,hand_close,mendeley-S040-grip-R04,mendeley-S040-R04-G05-grip,mendeley-S040-grip-R04,0,validation
mendeley-S40-K2-seed3414,40,2,3414,rest,mendeley-S040-rest-R03,mendeley-S040-R03-G00-rest,mendeley-S040-rest-R03,0,validation
mendeley-S40-K2-seed3414,40,2,3414,rest,mendeley-S040-rest-R05,mendeley-S040-R05-G00-rest,mendeley-S040-rest-R05,0,validation
mendeley-S40-K2-seed3414,40,2,3414,wrist_extension,mendeley-S040-wrist_extension-R01,mendeley-S040-R01-G01-wrist_extension,mendeley-S040-wrist_extension-R01,0,validation
mendeley-S40-K2-seed3414,40,2,3414,wrist_extension,mendeley-S040-wrist_extension-R02,mendeley-S040-R02-G01-wrist_extension,mendeley-S040-wrist_extension-R02,0,validation
mendeley-S40-K2-seed3414,40,2,3414,wrist_flexion,mendeley-S040-wrist_flexion-R01,mendeley-S040-R01-G02-wrist_flexion,mendeley-S040-wrist_flexion-R01,0,validation
mendeley-S40-K2-seed3414,40,2,3414,wrist_flexion,mendeley-S040-wrist_flexion-R03,mendeley-S040-R03-G02-wrist_flexion,mendeley-S040-wrist_flexion-R03,0,validation
mendeley-S6-K2-seed3414,6,2,3414,hand_close,mendeley-S006-grip-R02,mendeley-S006-R02-G05-grip,mendeley-S006-grip-R02,0,validation
mendeley-S6-K2-seed3414,6,2,3414,hand_close,mendeley-S006-grip-R05,mendeley-S006-R05-G05-grip,mendeley-S006-grip-R05,0,validation
mendeley-S6-K2-seed3414,6,2,3414,rest,mendeley-S006-rest-R01,mendeley-S006-R01-G00-rest,mendeley-S006-rest-R01,0,validation
mendeley-S6-K2-seed3414,6,2,3414,rest,mendeley-S006-rest-R03,mendeley-S006-R03-G00-rest,mendeley-S006-rest-R03,0,validation
mendeley-S6-K2-seed3414,6,2,3414,wrist_extension,mendeley-S006-wrist_extension-R01,mendeley-S006-R01-G01-wrist_extension,mendeley-S006-wrist_extension-R01,0,validation
mendeley-S6-K2-seed3414,6,2,3414,wrist_extension,mendeley-S006-wrist_extension-R05,mendeley-S006-R05-G01-wrist_extension,mendeley-S006-wrist_extension-R05,0,validation
mendeley-S6-K2-seed3414,6,2,3414,wrist_flexion,mendeley-S006-wrist_flexion-R01,mendeley-S006-R01-G02-wrist_flexion,mendeley-S006-wrist_flexion-R01,0,validation
mendeley-S6-K2-seed3414,6,2,3414,wrist_flexion,mendeley-S006-wrist_flexion-R05,mendeley-S006-R05-G02-wrist_flexion,mendeley-S006-wrist_flexion-R05,0,validation
mendeley-S10-K2-seed3415,10,2,3415,hand_close,mendeley-S010-grip-R01,mendeley-S010-R01-G05-grip,mendeley-S010-grip-R01,0,validation
mendeley-S10-K2-seed3415,10,2,3415,hand_close,mendeley-S010-grip-R02,mendeley-S010-R02-G05-grip,mendeley-S010-grip-R02,0,validation
mendeley-S10-K2-seed3415,10,2,3415,rest,mendeley-S010-rest-R01,mendeley-S010-R01-G00-rest,mendeley-S010-rest-R01,0,validation
mendeley-S10-K2-seed3415,10,2,3415,rest,mendeley-S010-rest-R03,mendeley-S010-R03-G00-rest,mendeley-S010-rest-R03,0,validation
mendeley-S10-K2-seed3415,10,2,3415,wrist_extension,mendeley-S010-wrist_extension-R01,mendeley-S010-R01-G01-wrist_extension,mendeley-S010-wrist_extension-R01,0,validation
mendeley-S10-K2-seed3415,10,2,3415,wrist_extension,mendeley-S010-wrist_extension-R04,mendeley-S010-R04-G01-wrist_extension,mendeley-S010-wrist_extension-R04,0,validation
mendeley-S10-K2-seed3415,10,2,3415,wrist_flexion,mendeley-S010-wrist_flexion-R01,mendeley-S010-R01-G02-wrist_flexion,mendeley-S010-wrist_flexion-R01,0,validation
mendeley-S10-K2-seed3415,10,2,3415,wrist_flexion,mendeley-S010-wrist_flexion-R02,mendeley-S010-R02-G02-wrist_flexion,mendeley-S010-wrist_flexion-R02,0,validation
mendeley-S15-K2-seed3415,15,2,3415,hand_close,mendeley-S015-grip-R03,mendeley-S015-R03-G05-grip,mendeley-S015-grip-R03,0,validation
mendeley-S15-K2-seed3415,15,2,3415,hand_close,mendeley-S015-grip-R04,mendeley-S015-R04-G05-grip,mendeley-S015-grip-R04,0,validation
mendeley-S15-K2-seed3415,15,2,3415,rest,mendeley-S015-rest-R03,mendeley-S015-R03-G00-rest,mendeley-S015-rest-R03,0,validation
mendeley-S15-K2-seed3415,15,2,3415,rest,mendeley-S015-rest-R05,mendeley-S015-R05-G00-rest,mendeley-S015-rest-R05,0,validation
mendeley-S15-K2-seed3415,15,2,3415,wrist_extension,mendeley-S015-wrist_extension-R03,mendeley-S015-R03-G01-wrist_extension,mendeley-S015-wrist_extension-R03,0,validation
mendeley-S15-K2-seed3415,15,2,3415,wrist_extension,mendeley-S015-wrist_extension-R05,mendeley-S015-R05-G01-wrist_extension,mendeley-S015-wrist_extension-R05,0,validation
mendeley-S15-K2-seed3415,15,2,3415,wrist_flexion,mendeley-S015-wrist_flexion-R01,mendeley-S015-R01-G02-wrist_flexion,mendeley-S015-wrist_flexion-R01,0,validation
mendeley-S15-K2-seed3415,15,2,3415,wrist_flexion,mendeley-S015-wrist_flexion-R02,mendeley-S015-R02-G02-wrist_flexion,mendeley-S015-wrist_flexion-R02,0,validation
mendeley-S21-K2-seed3415,21,2,3415,hand_close,mendeley-S021-grip-R01,mendeley-S021-R01-G05-grip,mendeley-S021-grip-R01,0,validation
mendeley-S21-K2-seed3415,21,2,3415,hand_close,mendeley-S021-grip-R05,mendeley-S021-R05-G05-grip,mendeley-S021-grip-R05,0,validation
mendeley-S21-K2-seed3415,21,2,3415,rest,mendeley-S021-rest-R01,mendeley-S021-R01-G00-rest,mendeley-S021-rest-R01,0,validation
mendeley-S21-K2-seed3415,21,2,3415,rest,mendeley-S021-rest-R05,mendeley-S021-R05-G00-rest,mendeley-S021-rest-R05,0,validation
mendeley-S21-K2-seed3415,21,2,3415,wrist_extension,mendeley-S021-wrist_extension-R02,mendeley-S021-R02-G01-wrist_extension,mendeley-S021-wrist_extension-R02,0,validation
mendeley-S21-K2-seed3415,21,2,3415,wrist_extension,mendeley-S021-wrist_extension-R03,mendeley-S021-R03-G01-wrist_extension,mendeley-S021-wrist_extension-R03,0,validation
mendeley-S21-K2-seed3415,21,2,3415,wrist_flexion,mendeley-S021-wrist_flexion-R02,mendeley-S021-R02-G02-wrist_flexion,mendeley-S021-wrist_flexion-R02,0,validation
mendeley-S21-K2-seed3415,21,2,3415,wrist_flexion,mendeley-S021-wrist_flexion-R03,mendeley-S021-R03-G02-wrist_flexion,mendeley-S021-wrist_flexion-R03,0,validation
mendeley-S23-K2-seed3415,23,2,3415,hand_close,mendeley-S023-grip-R04,mendeley-S023-R04-G05-grip,mendeley-S023-grip-R04,0,validation
mendeley-S23-K2-seed3415,23,2,3415,hand_close,mendeley-S023-grip-R05,mendeley-S023-R05-G05-grip,mendeley-S023-grip-R05,0,validation
mendeley-S23-K2-seed3415,23,2,3415,rest,mendeley-S023-rest-R01,mendeley-S023-R01-G00-rest,mendeley-S023-rest-R01,0,validation
mendeley-S23-K2-seed3415,23,2,3415,rest,mendeley-S023-rest-R03,mendeley-S023-R03-G00-rest,mendeley-S023-rest-R03,0,validation
mendeley-S23-K2-seed3415,23,2,3415,wrist_extension,mendeley-S023-wrist_extension-R02,mendeley-S023-R02-G01-wrist_extension,mendeley-S023-wrist_extension-R02,0,validation
mendeley-S23-K2-seed3415,23,2,3415,wrist_extension,mendeley-S023-wrist_extension-R03,mendeley-S023-R03-G01-wrist_extension,mendeley-S023-wrist_extension-R03,0,validation
mendeley-S23-K2-seed3415,23,2,3415,wrist_flexion,mendeley-S023-wrist_flexion-R01,mendeley-S023-R01-G02-wrist_flexion,mendeley-S023-wrist_flexion-R01,0,validation
mendeley-S23-K2-seed3415,23,2,3415,wrist_flexion,mendeley-S023-wrist_flexion-R04,mendeley-S023-R04-G02-wrist_flexion,mendeley-S023-wrist_flexion-R04,0,validation
mendeley-S25-K2-seed3415,25,2,3415,hand_close,mendeley-S025-grip-R02,mendeley-S025-R02-G05-grip,mendeley-S025-grip-R02,0,validation
mendeley-S25-K2-seed3415,25,2,3415,hand_close,mendeley-S025-grip-R03,mendeley-S025-R03-G05-grip,mendeley-S025-grip-R03,0,validation
mendeley-S25-K2-seed3415,25,2,3415,rest,mendeley-S025-rest-R01,mendeley-S025-R01-G00-rest,mendeley-S025-rest-R01,0,validation
mendeley-S25-K2-seed3415,25,2,3415,rest,mendeley-S025-rest-R05,mendeley-S025-R05-G00-rest,mendeley-S025-rest-R05,0,validation
mendeley-S25-K2-seed3415,25,2,3415,wrist_extension,mendeley-S025-wrist_extension-R01,mendeley-S025-R01-G01-wrist_extension,mendeley-S025-wrist_extension-R01,0,validation
mendeley-S25-K2-seed3415,25,2,3415,wrist_extension,mendeley-S025-wrist_extension-R05,mendeley-S025-R05-G01-wrist_extension,mendeley-S025-wrist_extension-R05,0,validation
mendeley-S25-K2-seed3415,25,2,3415,wrist_flexion,mendeley-S025-wrist_flexion-R03,mendeley-S025-R03-G02-wrist_flexion,mendeley-S025-wrist_flexion-R03,0,validation
mendeley-S25-K2-seed3415,25,2,3415,wrist_flexion,mendeley-S025-wrist_flexion-R04,mendeley-S025-R04-G02-wrist_flexion,mendeley-S025-wrist_flexion-R04,0,validation
mendeley-S35-K2-seed3415,35,2,3415,hand_close,mendeley-S035-grip-R04,mendeley-S035-R04-G05-grip,mendeley-S035-grip-R04,0,validation
mendeley-S35-K2-seed3415,35,2,3415,hand_close,mendeley-S035-grip-R05,mendeley-S035-R05-G05-grip,mendeley-S035-grip-R05,0,validation
mendeley-S35-K2-seed3415,35,2,3415,rest,mendeley-S035-rest-R02,mendeley-S035-R02-G00-rest,mendeley-S035-rest-R02,0,validation
mendeley-S35-K2-seed3415,35,2,3415,rest,mendeley-S035-rest-R04,mendeley-S035-R04-G00-rest,mendeley-S035-rest-R04,0,validation
mendeley-S35-K2-seed3415,35,2,3415,wrist_extension,mendeley-S035-wrist_extension-R03,mendeley-S035-R03-G01-wrist_extension,mendeley-S035-wrist_extension-R03,0,validation
mendeley-S35-K2-seed3415,35,2,3415,wrist_extension,mendeley-S035-wrist_extension-R04,mendeley-S035-R04-G01-wrist_extension,mendeley-S035-wrist_extension-R04,0,validation
mendeley-S35-K2-seed3415,35,2,3415,wrist_flexion,mendeley-S035-wrist_flexion-R01,mendeley-S035-R01-G02-wrist_flexion,mendeley-S035-wrist_flexion-R01,0,validation
mendeley-S35-K2-seed3415,35,2,3415,wrist_flexion,mendeley-S035-wrist_flexion-R02,mendeley-S035-R02-G02-wrist_flexion,mendeley-S035-wrist_flexion-R02,0,validation
mendeley-S40-K2-seed3415,40,2,3415,hand_close,mendeley-S040-grip-R01,mendeley-S040-R01-G05-grip,mendeley-S040-grip-R01,0,validation
mendeley-S40-K2-seed3415,40,2,3415,hand_close,mendeley-S040-grip-R04,mendeley-S040-R04-G05-grip,mendeley-S040-grip-R04,0,validation
mendeley-S40-K2-seed3415,40,2,3415,rest,mendeley-S040-rest-R03,mendeley-S040-R03-G00-rest,mendeley-S040-rest-R03,0,validation
mendeley-S40-K2-seed3415,40,2,3415,rest,mendeley-S040-rest-R05,mendeley-S040-R05-G00-rest,mendeley-S040-rest-R05,0,validation
mendeley-S40-K2-seed3415,40,2,3415,wrist_extension,mendeley-S040-wrist_extension-R03,mendeley-S040-R03-G01-wrist_extension,mendeley-S040-wrist_extension-R03,0,validation
mendeley-S40-K2-seed3415,40,2,3415,wrist_extension,mendeley-S040-wrist_extension-R04,mendeley-S040-R04-G01-wrist_extension,mendeley-S040-wrist_extension-R04,0,validation
mendeley-S40-K2-seed3415,40,2,3415,wrist_flexion,mendeley-S040-wrist_flexion-R01,mendeley-S040-R01-G02-wrist_flexion,mendeley-S040-wrist_flexion-R01,0,validation
mendeley-S40-K2-seed3415,40,2,3415,wrist_flexion,mendeley-S040-wrist_flexion-R02,mendeley-S040-R02-G02-wrist_flexion,mendeley-S040-wrist_flexion-R02,0,validation
mendeley-S6-K2-seed3415,6,2,3415,hand_close,mendeley-S006-grip-R04,mendeley-S006-R04-G05-grip,mendeley-S006-grip-R04,0,validation
mendeley-S6-K2-seed3415,6,2,3415,hand_close,mendeley-S006-grip-R05,mendeley-S006-R05-G05-grip,mendeley-S006-grip-R05,0,validation
mendeley-S6-K2-seed3415,6,2,3415,rest,mendeley-S006-rest-R01,mendeley-S006-R01-G00-rest,mendeley-S006-rest-R01,0,validation
mendeley-S6-K2-seed3415,6,2,3415,rest,mendeley-S006-rest-R04,mendeley-S006-R04-G00-rest,mendeley-S006-rest-R04,0,validation
mendeley-S6-K2-seed3415,6,2,3415,wrist_extension,mendeley-S006-wrist_extension-R03,mendeley-S006-R03-G01-wrist_extension,mendeley-S006-wrist_extension-R03,0,validation
mendeley-S6-K2-seed3415,6,2,3415,wrist_extension,mendeley-S006-wrist_extension-R04,mendeley-S006-R04-G01-wrist_extension,mendeley-S006-wrist_extension-R04,0,validation
mendeley-S6-K2-seed3415,6,2,3415,wrist_flexion,mendeley-S006-wrist_flexion-R03,mendeley-S006-R03-G02-wrist_flexion,mendeley-S006-wrist_flexion-R03,0,validation
mendeley-S6-K2-seed3415,6,2,3415,wrist_flexion,mendeley-S006-wrist_flexion-R04,mendeley-S006-R04-G02-wrist_flexion,mendeley-S006-wrist_flexion-R04,0,validation
mendeley-S10-K2-seed3416,10,2,3416,hand_close,mendeley-S010-grip-R01,mendeley-S010-R01-G05-grip,mendeley-S010-grip-R01,0,validation
mendeley-S10-K2-seed3416,10,2,3416,hand_close,mendeley-S010-grip-R02,mendeley-S010-R02-G05-grip,mendeley-S010-grip-R02,0,validation
mendeley-S10-K2-seed3416,10,2,3416,rest,mendeley-S010-rest-R01,mendeley-S010-R01-G00-rest,mendeley-S010-rest-R01,0,validation
mendeley-S10-K2-seed3416,10,2,3416,rest,mendeley-S010-rest-R02,mendeley-S010-R02-G00-rest,mendeley-S010-rest-R02,0,validation
mendeley-S10-K2-seed3416,10,2,3416,wrist_extension,mendeley-S010-wrist_extension-R01,mendeley-S010-R01-G01-wrist_extension,mendeley-S010-wrist_extension-R01,0,validation
mendeley-S10-K2-seed3416,10,2,3416,wrist_extension,mendeley-S010-wrist_extension-R02,mendeley-S010-R02-G01-wrist_extension,mendeley-S010-wrist_extension-R02,0,validation
mendeley-S10-K2-seed3416,10,2,3416,wrist_flexion,mendeley-S010-wrist_flexion-R01,mendeley-S010-R01-G02-wrist_flexion,mendeley-S010-wrist_flexion-R01,0,validation
mendeley-S10-K2-seed3416,10,2,3416,wrist_flexion,mendeley-S010-wrist_flexion-R04,mendeley-S010-R04-G02-wrist_flexion,mendeley-S010-wrist_flexion-R04,0,validation
mendeley-S15-K2-seed3416,15,2,3416,hand_close,mendeley-S015-grip-R03,mendeley-S015-R03-G05-grip,mendeley-S015-grip-R03,0,validation
mendeley-S15-K2-seed3416,15,2,3416,hand_close,mendeley-S015-grip-R05,mendeley-S015-R05-G05-grip,mendeley-S015-grip-R05,0,validation
mendeley-S15-K2-seed3416,15,2,3416,rest,mendeley-S015-rest-R03,mendeley-S015-R03-G00-rest,mendeley-S015-rest-R03,0,validation
mendeley-S15-K2-seed3416,15,2,3416,rest,mendeley-S015-rest-R05,mendeley-S015-R05-G00-rest,mendeley-S015-rest-R05,0,validation
mendeley-S15-K2-seed3416,15,2,3416,wrist_extension,mendeley-S015-wrist_extension-R02,mendeley-S015-R02-G01-wrist_extension,mendeley-S015-wrist_extension-R02,0,validation
mendeley-S15-K2-seed3416,15,2,3416,wrist_extension,mendeley-S015-wrist_extension-R05,mendeley-S015-R05-G01-wrist_extension,mendeley-S015-wrist_extension-R05,0,validation
mendeley-S15-K2-seed3416,15,2,3416,wrist_flexion,mendeley-S015-wrist_flexion-R02,mendeley-S015-R02-G02-wrist_flexion,mendeley-S015-wrist_flexion-R02,0,validation
mendeley-S15-K2-seed3416,15,2,3416,wrist_flexion,mendeley-S015-wrist_flexion-R03,mendeley-S015-R03-G02-wrist_flexion,mendeley-S015-wrist_flexion-R03,0,validation
mendeley-S21-K2-seed3416,21,2,3416,hand_close,mendeley-S021-grip-R02,mendeley-S021-R02-G05-grip,mendeley-S021-grip-R02,0,validation
mendeley-S21-K2-seed3416,21,2,3416,hand_close,mendeley-S021-grip-R05,mendeley-S021-R05-G05-grip,mendeley-S021-grip-R05,0,validation
mendeley-S21-K2-seed3416,21,2,3416,rest,mendeley-S021-rest-R01,mendeley-S021-R01-G00-rest,mendeley-S021-rest-R01,0,validation
mendeley-S21-K2-seed3416,21,2,3416,rest,mendeley-S021-rest-R04,mendeley-S021-R04-G00-rest,mendeley-S021-rest-R04,0,validation
mendeley-S21-K2-seed3416,21,2,3416,wrist_extension,mendeley-S021-wrist_extension-R03,mendeley-S021-R03-G01-wrist_extension,mendeley-S021-wrist_extension-R03,0,validation
mendeley-S21-K2-seed3416,21,2,3416,wrist_extension,mendeley-S021-wrist_extension-R04,mendeley-S021-R04-G01-wrist_extension,mendeley-S021-wrist_extension-R04,0,validation
mendeley-S21-K2-seed3416,21,2,3416,wrist_flexion,mendeley-S021-wrist_flexion-R01,mendeley-S021-R01-G02-wrist_flexion,mendeley-S021-wrist_flexion-R01,0,validation
mendeley-S21-K2-seed3416,21,2,3416,wrist_flexion,mendeley-S021-wrist_flexion-R04,mendeley-S021-R04-G02-wrist_flexion,mendeley-S021-wrist_flexion-R04,0,validation
mendeley-S23-K2-seed3416,23,2,3416,hand_close,mendeley-S023-grip-R01,mendeley-S023-R01-G05-grip,mendeley-S023-grip-R01,0,validation
mendeley-S23-K2-seed3416,23,2,3416,hand_close,mendeley-S023-grip-R04,mendeley-S023-R04-G05-grip,mendeley-S023-grip-R04,0,validation
mendeley-S23-K2-seed3416,23,2,3416,rest,mendeley-S023-rest-R03,mendeley-S023-R03-G00-rest,mendeley-S023-rest-R03,0,validation
mendeley-S23-K2-seed3416,23,2,3416,rest,mendeley-S023-rest-R05,mendeley-S023-R05-G00-rest,mendeley-S023-rest-R05,0,validation
mendeley-S23-K2-seed3416,23,2,3416,wrist_extension,mendeley-S023-wrist_extension-R01,mendeley-S023-R01-G01-wrist_extension,mendeley-S023-wrist_extension-R01,0,validation
mendeley-S23-K2-seed3416,23,2,3416,wrist_extension,mendeley-S023-wrist_extension-R02,mendeley-S023-R02-G01-wrist_extension,mendeley-S023-wrist_extension-R02,0,validation
mendeley-S23-K2-seed3416,23,2,3416,wrist_flexion,mendeley-S023-wrist_flexion-R01,mendeley-S023-R01-G02-wrist_flexion,mendeley-S023-wrist_flexion-R01,0,validation
mendeley-S23-K2-seed3416,23,2,3416,wrist_flexion,mendeley-S023-wrist_flexion-R02,mendeley-S023-R02-G02-wrist_flexion,mendeley-S023-wrist_flexion-R02,0,validation
mendeley-S25-K2-seed3416,25,2,3416,hand_close,mendeley-S025-grip-R02,mendeley-S025-R02-G05-grip,mendeley-S025-grip-R02,0,validation
mendeley-S25-K2-seed3416,25,2,3416,hand_close,mendeley-S025-grip-R04,mendeley-S025-R04-G05-grip,mendeley-S025-grip-R04,0,validation
mendeley-S25-K2-seed3416,25,2,3416,rest,mendeley-S025-rest-R02,mendeley-S025-R02-G00-rest,mendeley-S025-rest-R02,0,validation
mendeley-S25-K2-seed3416,25,2,3416,rest,mendeley-S025-rest-R03,mendeley-S025-R03-G00-rest,mendeley-S025-rest-R03,0,validation
mendeley-S25-K2-seed3416,25,2,3416,wrist_extension,mendeley-S025-wrist_extension-R02,mendeley-S025-R02-G01-wrist_extension,mendeley-S025-wrist_extension-R02,0,validation
mendeley-S25-K2-seed3416,25,2,3416,wrist_extension,mendeley-S025-wrist_extension-R04,mendeley-S025-R04-G01-wrist_extension,mendeley-S025-wrist_extension-R04,0,validation
mendeley-S25-K2-seed3416,25,2,3416,wrist_flexion,mendeley-S025-wrist_flexion-R01,mendeley-S025-R01-G02-wrist_flexion,mendeley-S025-wrist_flexion-R01,0,validation
mendeley-S25-K2-seed3416,25,2,3416,wrist_flexion,mendeley-S025-wrist_flexion-R03,mendeley-S025-R03-G02-wrist_flexion,mendeley-S025-wrist_flexion-R03,0,validation
mendeley-S35-K2-seed3416,35,2,3416,hand_close,mendeley-S035-grip-R03,mendeley-S035-R03-G05-grip,mendeley-S035-grip-R03,0,validation
mendeley-S35-K2-seed3416,35,2,3416,hand_close,mendeley-S035-grip-R05,mendeley-S035-R05-G05-grip,mendeley-S035-grip-R05,0,validation
mendeley-S35-K2-seed3416,35,2,3416,rest,mendeley-S035-rest-R02,mendeley-S035-R02-G00-rest,mendeley-S035-rest-R02,0,validation
mendeley-S35-K2-seed3416,35,2,3416,rest,mendeley-S035-rest-R05,mendeley-S035-R05-G00-rest,mendeley-S035-rest-R05,0,validation
mendeley-S35-K2-seed3416,35,2,3416,wrist_extension,mendeley-S035-wrist_extension-R01,mendeley-S035-R01-G01-wrist_extension,mendeley-S035-wrist_extension-R01,0,validation
mendeley-S35-K2-seed3416,35,2,3416,wrist_extension,mendeley-S035-wrist_extension-R05,mendeley-S035-R05-G01-wrist_extension,mendeley-S035-wrist_extension-R05,0,validation
mendeley-S35-K2-seed3416,35,2,3416,wrist_flexion,mendeley-S035-wrist_flexion-R03,mendeley-S035-R03-G02-wrist_flexion,mendeley-S035-wrist_flexion-R03,0,validation
mendeley-S35-K2-seed3416,35,2,3416,wrist_flexion,mendeley-S035-wrist_flexion-R05,mendeley-S035-R05-G02-wrist_flexion,mendeley-S035-wrist_flexion-R05,0,validation
mendeley-S40-K2-seed3416,40,2,3416,hand_close,mendeley-S040-grip-R01,mendeley-S040-R01-G05-grip,mendeley-S040-grip-R01,0,validation
mendeley-S40-K2-seed3416,40,2,3416,hand_close,mendeley-S040-grip-R03,mendeley-S040-R03-G05-grip,mendeley-S040-grip-R03,0,validation
mendeley-S40-K2-seed3416,40,2,3416,rest,mendeley-S040-rest-R01,mendeley-S040-R01-G00-rest,mendeley-S040-rest-R01,0,validation
mendeley-S40-K2-seed3416,40,2,3416,rest,mendeley-S040-rest-R02,mendeley-S040-R02-G00-rest,mendeley-S040-rest-R02,0,validation
mendeley-S40-K2-seed3416,40,2,3416,wrist_extension,mendeley-S040-wrist_extension-R02,mendeley-S040-R02-G01-wrist_extension,mendeley-S040-wrist_extension-R02,0,validation
mendeley-S40-K2-seed3416,40,2,3416,wrist_extension,mendeley-S040-wrist_extension-R04,mendeley-S040-R04-G01-wrist_extension,mendeley-S040-wrist_extension-R04,0,validation
mendeley-S40-K2-seed3416,40,2,3416,wrist_flexion,mendeley-S040-wrist_flexion-R03,mendeley-S040-R03-G02-wrist_flexion,mendeley-S040-wrist_flexion-R03,0,validation
mendeley-S40-K2-seed3416,40,2,3416,wrist_flexion,mendeley-S040-wrist_flexion-R04,mendeley-S040-R04-G02-wrist_flexion,mendeley-S040-wrist_flexion-R04,0,validation
mendeley-S6-K2-seed3416,6,2,3416,hand_close,mendeley-S006-grip-R03,mendeley-S006-R03-G05-grip,mendeley-S006-grip-R03,0,validation
mendeley-S6-K2-seed3416,6,2,3416,hand_close,mendeley-S006-grip-R05,mendeley-S006-R05-G05-grip,mendeley-S006-grip-R05,0,validation
mendeley-S6-K2-seed3416,6,2,3416,rest,mendeley-S006-rest-R03,mendeley-S006-R03-G00-rest,mendeley-S006-rest-R03,0,validation
mendeley-S6-K2-seed3416,6,2,3416,rest,mendeley-S006-rest-R04,mendeley-S006-R04-G00-rest,mendeley-S006-rest-R04,0,validation
mendeley-S6-K2-seed3416,6,2,3416,wrist_extension,mendeley-S006-wrist_extension-R04,mendeley-S006-R04-G01-wrist_extension,mendeley-S006-wrist_extension-R04,0,validation
mendeley-S6-K2-seed3416,6,2,3416,wrist_extension,mendeley-S006-wrist_extension-R05,mendeley-S006-R05-G01-wrist_extension,mendeley-S006-wrist_extension-R05,0,validation
mendeley-S6-K2-seed3416,6,2,3416,wrist_flexion,mendeley-S006-wrist_flexion-R01,mendeley-S006-R01-G02-wrist_flexion,mendeley-S006-wrist_flexion-R01,0,validation
mendeley-S6-K2-seed3416,6,2,3416,wrist_flexion,mendeley-S006-wrist_flexion-R02,mendeley-S006-R02-G02-wrist_flexion,mendeley-S006-wrist_flexion-R02,0,validation
mendeley-S10-K2-seed3417,10,2,3417,hand_close,mendeley-S010-grip-R04,mendeley-S010-R04-G05-grip,mendeley-S010-grip-R04,0,validation
mendeley-S10-K2-seed3417,10,2,3417,hand_close,mendeley-S010-grip-R05,mendeley-S010-R05-G05-grip,mendeley-S010-grip-R05,0,validation
mendeley-S10-K2-seed3417,10,2,3417,rest,mendeley-S010-rest-R01,mendeley-S010-R01-G00-rest,mendeley-S010-rest-R01,0,validation
mendeley-S10-K2-seed3417,10,2,3417,rest,mendeley-S010-rest-R03,mendeley-S010-R03-G00-rest,mendeley-S010-rest-R03,0,validation
mendeley-S10-K2-seed3417,10,2,3417,wrist_extension,mendeley-S010-wrist_extension-R01,mendeley-S010-R01-G01-wrist_extension,mendeley-S010-wrist_extension-R01,0,validation
mendeley-S10-K2-seed3417,10,2,3417,wrist_extension,mendeley-S010-wrist_extension-R03,mendeley-S010-R03-G01-wrist_extension,mendeley-S010-wrist_extension-R03,0,validation
mendeley-S10-K2-seed3417,10,2,3417,wrist_flexion,mendeley-S010-wrist_flexion-R03,mendeley-S010-R03-G02-wrist_flexion,mendeley-S010-wrist_flexion-R03,0,validation
mendeley-S10-K2-seed3417,10,2,3417,wrist_flexion,mendeley-S010-wrist_flexion-R04,mendeley-S010-R04-G02-wrist_flexion,mendeley-S010-wrist_flexion-R04,0,validation
mendeley-S15-K2-seed3417,15,2,3417,hand_close,mendeley-S015-grip-R02,mendeley-S015-R02-G05-grip,mendeley-S015-grip-R02,0,validation
mendeley-S15-K2-seed3417,15,2,3417,hand_close,mendeley-S015-grip-R03,mendeley-S015-R03-G05-grip,mendeley-S015-grip-R03,0,validation
mendeley-S15-K2-seed3417,15,2,3417,rest,mendeley-S015-rest-R03,mendeley-S015-R03-G00-rest,mendeley-S015-rest-R03,0,validation
mendeley-S15-K2-seed3417,15,2,3417,rest,mendeley-S015-rest-R05,mendeley-S015-R05-G00-rest,mendeley-S015-rest-R05,0,validation
mendeley-S15-K2-seed3417,15,2,3417,wrist_extension,mendeley-S015-wrist_extension-R02,mendeley-S015-R02-G01-wrist_extension,mendeley-S015-wrist_extension-R02,0,validation
mendeley-S15-K2-seed3417,15,2,3417,wrist_extension,mendeley-S015-wrist_extension-R03,mendeley-S015-R03-G01-wrist_extension,mendeley-S015-wrist_extension-R03,0,validation
mendeley-S15-K2-seed3417,15,2,3417,wrist_flexion,mendeley-S015-wrist_flexion-R02,mendeley-S015-R02-G02-wrist_flexion,mendeley-S015-wrist_flexion-R02,0,validation
mendeley-S15-K2-seed3417,15,2,3417,wrist_flexion,mendeley-S015-wrist_flexion-R03,mendeley-S015-R03-G02-wrist_flexion,mendeley-S015-wrist_flexion-R03,0,validation
mendeley-S21-K2-seed3417,21,2,3417,hand_close,mendeley-S021-grip-R01,mendeley-S021-R01-G05-grip,mendeley-S021-grip-R01,0,validation
mendeley-S21-K2-seed3417,21,2,3417,hand_close,mendeley-S021-grip-R03,mendeley-S021-R03-G05-grip,mendeley-S021-grip-R03,0,validation
mendeley-S21-K2-seed3417,21,2,3417,rest,mendeley-S021-rest-R02,mendeley-S021-R02-G00-rest,mendeley-S021-rest-R02,0,validation
mendeley-S21-K2-seed3417,21,2,3417,rest,mendeley-S021-rest-R03,mendeley-S021-R03-G00-rest,mendeley-S021-rest-R03,0,validation
mendeley-S21-K2-seed3417,21,2,3417,wrist_extension,mendeley-S021-wrist_extension-R02,mendeley-S021-R02-G01-wrist_extension,mendeley-S021-wrist_extension-R02,0,validation
mendeley-S21-K2-seed3417,21,2,3417,wrist_extension,mendeley-S021-wrist_extension-R04,mendeley-S021-R04-G01-wrist_extension,mendeley-S021-wrist_extension-R04,0,validation
mendeley-S21-K2-seed3417,21,2,3417,wrist_flexion,mendeley-S021-wrist_flexion-R04,mendeley-S021-R04-G02-wrist_flexion,mendeley-S021-wrist_flexion-R04,0,validation
mendeley-S21-K2-seed3417,21,2,3417,wrist_flexion,mendeley-S021-wrist_flexion-R05,mendeley-S021-R05-G02-wrist_flexion,mendeley-S021-wrist_flexion-R05,0,validation
mendeley-S23-K2-seed3417,23,2,3417,hand_close,mendeley-S023-grip-R01,mendeley-S023-R01-G05-grip,mendeley-S023-grip-R01,0,validation
mendeley-S23-K2-seed3417,23,2,3417,hand_close,mendeley-S023-grip-R05,mendeley-S023-R05-G05-grip,mendeley-S023-grip-R05,0,validation
mendeley-S23-K2-seed3417,23,2,3417,rest,mendeley-S023-rest-R03,mendeley-S023-R03-G00-rest,mendeley-S023-rest-R03,0,validation
mendeley-S23-K2-seed3417,23,2,3417,rest,mendeley-S023-rest-R05,mendeley-S023-R05-G00-rest,mendeley-S023-rest-R05,0,validation
mendeley-S23-K2-seed3417,23,2,3417,wrist_extension,mendeley-S023-wrist_extension-R04,mendeley-S023-R04-G01-wrist_extension,mendeley-S023-wrist_extension-R04,0,validation
mendeley-S23-K2-seed3417,23,2,3417,wrist_extension,mendeley-S023-wrist_extension-R05,mendeley-S023-R05-G01-wrist_extension,mendeley-S023-wrist_extension-R05,0,validation
mendeley-S23-K2-seed3417,23,2,3417,wrist_flexion,mendeley-S023-wrist_flexion-R01,mendeley-S023-R01-G02-wrist_flexion,mendeley-S023-wrist_flexion-R01,0,validation
mendeley-S23-K2-seed3417,23,2,3417,wrist_flexion,mendeley-S023-wrist_flexion-R05,mendeley-S023-R05-G02-wrist_flexion,mendeley-S023-wrist_flexion-R05,0,validation
mendeley-S25-K2-seed3417,25,2,3417,hand_close,mendeley-S025-grip-R01,mendeley-S025-R01-G05-grip,mendeley-S025-grip-R01,0,validation
mendeley-S25-K2-seed3417,25,2,3417,hand_close,mendeley-S025-grip-R03,mendeley-S025-R03-G05-grip,mendeley-S025-grip-R03,0,validation
mendeley-S25-K2-seed3417,25,2,3417,rest,mendeley-S025-rest-R01,mendeley-S025-R01-G00-rest,mendeley-S025-rest-R01,0,validation
mendeley-S25-K2-seed3417,25,2,3417,rest,mendeley-S025-rest-R03,mendeley-S025-R03-G00-rest,mendeley-S025-rest-R03,0,validation
mendeley-S25-K2-seed3417,25,2,3417,wrist_extension,mendeley-S025-wrist_extension-R01,mendeley-S025-R01-G01-wrist_extension,mendeley-S025-wrist_extension-R01,0,validation
mendeley-S25-K2-seed3417,25,2,3417,wrist_extension,mendeley-S025-wrist_extension-R05,mendeley-S025-R05-G01-wrist_extension,mendeley-S025-wrist_extension-R05,0,validation
mendeley-S25-K2-seed3417,25,2,3417,wrist_flexion,mendeley-S025-wrist_flexion-R03,mendeley-S025-R03-G02-wrist_flexion,mendeley-S025-wrist_flexion-R03,0,validation
mendeley-S25-K2-seed3417,25,2,3417,wrist_flexion,mendeley-S025-wrist_flexion-R05,mendeley-S025-R05-G02-wrist_flexion,mendeley-S025-wrist_flexion-R05,0,validation
mendeley-S35-K2-seed3417,35,2,3417,hand_close,mendeley-S035-grip-R01,mendeley-S035-R01-G05-grip,mendeley-S035-grip-R01,0,validation
mendeley-S35-K2-seed3417,35,2,3417,hand_close,mendeley-S035-grip-R05,mendeley-S035-R05-G05-grip,mendeley-S035-grip-R05,0,validation
mendeley-S35-K2-seed3417,35,2,3417,rest,mendeley-S035-rest-R01,mendeley-S035-R01-G00-rest,mendeley-S035-rest-R01,0,validation
mendeley-S35-K2-seed3417,35,2,3417,rest,mendeley-S035-rest-R04,mendeley-S035-R04-G00-rest,mendeley-S035-rest-R04,0,validation
mendeley-S35-K2-seed3417,35,2,3417,wrist_extension,mendeley-S035-wrist_extension-R01,mendeley-S035-R01-G01-wrist_extension,mendeley-S035-wrist_extension-R01,0,validation
mendeley-S35-K2-seed3417,35,2,3417,wrist_extension,mendeley-S035-wrist_extension-R05,mendeley-S035-R05-G01-wrist_extension,mendeley-S035-wrist_extension-R05,0,validation
mendeley-S35-K2-seed3417,35,2,3417,wrist_flexion,mendeley-S035-wrist_flexion-R03,mendeley-S035-R03-G02-wrist_flexion,mendeley-S035-wrist_flexion-R03,0,validation
mendeley-S35-K2-seed3417,35,2,3417,wrist_flexion,mendeley-S035-wrist_flexion-R04,mendeley-S035-R04-G02-wrist_flexion,mendeley-S035-wrist_flexion-R04,0,validation
mendeley-S40-K2-seed3417,40,2,3417,hand_close,mendeley-S040-grip-R03,mendeley-S040-R03-G05-grip,mendeley-S040-grip-R03,0,validation
mendeley-S40-K2-seed3417,40,2,3417,hand_close,mendeley-S040-grip-R05,mendeley-S040-R05-G05-grip,mendeley-S040-grip-R05,0,validation
mendeley-S40-K2-seed3417,40,2,3417,rest,mendeley-S040-rest-R01,mendeley-S040-R01-G00-rest,mendeley-S040-rest-R01,0,validation
mendeley-S40-K2-seed3417,40,2,3417,rest,mendeley-S040-rest-R02,mendeley-S040-R02-G00-rest,mendeley-S040-rest-R02,0,validation
mendeley-S40-K2-seed3417,40,2,3417,wrist_extension,mendeley-S040-wrist_extension-R04,mendeley-S040-R04-G01-wrist_extension,mendeley-S040-wrist_extension-R04,0,validation
mendeley-S40-K2-seed3417,40,2,3417,wrist_extension,mendeley-S040-wrist_extension-R05,mendeley-S040-R05-G01-wrist_extension,mendeley-S040-wrist_extension-R05,0,validation
mendeley-S40-K2-seed3417,40,2,3417,wrist_flexion,mendeley-S040-wrist_flexion-R01,mendeley-S040-R01-G02-wrist_flexion,mendeley-S040-wrist_flexion-R01,0,validation
mendeley-S40-K2-seed3417,40,2,3417,wrist_flexion,mendeley-S040-wrist_flexion-R05,mendeley-S040-R05-G02-wrist_flexion,mendeley-S040-wrist_flexion-R05,0,validation
mendeley-S6-K2-seed3417,6,2,3417,hand_close,mendeley-S006-grip-R04,mendeley-S006-R04-G05-grip,mendeley-S006-grip-R04,0,validation
mendeley-S6-K2-seed3417,6,2,3417,hand_close,mendeley-S006-grip-R05,mendeley-S006-R05-G05-grip,mendeley-S006-grip-R05,0,validation
mendeley-S6-K2-seed3417,6,2,3417,rest,mendeley-S006-rest-R02,mendeley-S006-R02-G00-rest,mendeley-S006-rest-R02,0,validation
mendeley-S6-K2-seed3417,6,2,3417,rest,mendeley-S006-rest-R05,mendeley-S006-R05-G00-rest,mendeley-S006-rest-R05,0,validation
mendeley-S6-K2-seed3417,6,2,3417,wrist_extension,mendeley-S006-wrist_extension-R01,mendeley-S006-R01-G01-wrist_extension,mendeley-S006-wrist_extension-R01,0,validation
mendeley-S6-K2-seed3417,6,2,3417,wrist_extension,mendeley-S006-wrist_extension-R05,mendeley-S006-R05-G01-wrist_extension,mendeley-S006-wrist_extension-R05,0,validation
mendeley-S6-K2-seed3417,6,2,3417,wrist_flexion,mendeley-S006-wrist_flexion-R03,mendeley-S006-R03-G02-wrist_flexion,mendeley-S006-wrist_flexion-R03,0,validation
mendeley-S6-K2-seed3417,6,2,3417,wrist_flexion,mendeley-S006-wrist_flexion-R05,mendeley-S006-R05-G02-wrist_flexion,mendeley-S006-wrist_flexion-R05,0,validation
mendeley-S10-K2-seed3418,10,2,3418,hand_close,mendeley-S010-grip-R01,mendeley-S010-R01-G05-grip,mendeley-S010-grip-R01,0,validation
mendeley-S10-K2-seed3418,10,2,3418,hand_close,mendeley-S010-grip-R03,mendeley-S010-R03-G05-grip,mendeley-S010-grip-R03,0,validation
mendeley-S10-K2-seed3418,10,2,3418,rest,mendeley-S010-rest-R02,mendeley-S010-R02-G00-rest,mendeley-S010-rest-R02,0,validation
mendeley-S10-K2-seed3418,10,2,3418,rest,mendeley-S010-rest-R04,mendeley-S010-R04-G00-rest,mendeley-S010-rest-R04,0,validation
mendeley-S10-K2-seed3418,10,2,3418,wrist_extension,mendeley-S010-wrist_extension-R01,mendeley-S010-R01-G01-wrist_extension,mendeley-S010-wrist_extension-R01,0,validation
mendeley-S10-K2-seed3418,10,2,3418,wrist_extension,mendeley-S010-wrist_extension-R05,mendeley-S010-R05-G01-wrist_extension,mendeley-S010-wrist_extension-R05,0,validation
mendeley-S10-K2-seed3418,10,2,3418,wrist_flexion,mendeley-S010-wrist_flexion-R03,mendeley-S010-R03-G02-wrist_flexion,mendeley-S010-wrist_flexion-R03,0,validation
mendeley-S10-K2-seed3418,10,2,3418,wrist_flexion,mendeley-S010-wrist_flexion-R04,mendeley-S010-R04-G02-wrist_flexion,mendeley-S010-wrist_flexion-R04,0,validation
mendeley-S15-K2-seed3418,15,2,3418,hand_close,mendeley-S015-grip-R01,mendeley-S015-R01-G05-grip,mendeley-S015-grip-R01,0,validation
mendeley-S15-K2-seed3418,15,2,3418,hand_close,mendeley-S015-grip-R04,mendeley-S015-R04-G05-grip,mendeley-S015-grip-R04,0,validation
mendeley-S15-K2-seed3418,15,2,3418,rest,mendeley-S015-rest-R04,mendeley-S015-R04-G00-rest,mendeley-S015-rest-R04,0,validation
mendeley-S15-K2-seed3418,15,2,3418,rest,mendeley-S015-rest-R05,mendeley-S015-R05-G00-rest,mendeley-S015-rest-R05,0,validation
mendeley-S15-K2-seed3418,15,2,3418,wrist_extension,mendeley-S015-wrist_extension-R01,mendeley-S015-R01-G01-wrist_extension,mendeley-S015-wrist_extension-R01,0,validation
mendeley-S15-K2-seed3418,15,2,3418,wrist_extension,mendeley-S015-wrist_extension-R04,mendeley-S015-R04-G01-wrist_extension,mendeley-S015-wrist_extension-R04,0,validation
mendeley-S15-K2-seed3418,15,2,3418,wrist_flexion,mendeley-S015-wrist_flexion-R03,mendeley-S015-R03-G02-wrist_flexion,mendeley-S015-wrist_flexion-R03,0,validation
mendeley-S15-K2-seed3418,15,2,3418,wrist_flexion,mendeley-S015-wrist_flexion-R04,mendeley-S015-R04-G02-wrist_flexion,mendeley-S015-wrist_flexion-R04,0,validation
mendeley-S21-K2-seed3418,21,2,3418,hand_close,mendeley-S021-grip-R03,mendeley-S021-R03-G05-grip,mendeley-S021-grip-R03,0,validation
mendeley-S21-K2-seed3418,21,2,3418,hand_close,mendeley-S021-grip-R05,mendeley-S021-R05-G05-grip,mendeley-S021-grip-R05,0,validation
mendeley-S21-K2-seed3418,21,2,3418,rest,mendeley-S021-rest-R01,mendeley-S021-R01-G00-rest,mendeley-S021-rest-R01,0,validation
mendeley-S21-K2-seed3418,21,2,3418,rest,mendeley-S021-rest-R03,mendeley-S021-R03-G00-rest,mendeley-S021-rest-R03,0,validation
mendeley-S21-K2-seed3418,21,2,3418,wrist_extension,mendeley-S021-wrist_extension-R02,mendeley-S021-R02-G01-wrist_extension,mendeley-S021-wrist_extension-R02,0,validation
mendeley-S21-K2-seed3418,21,2,3418,wrist_extension,mendeley-S021-wrist_extension-R03,mendeley-S021-R03-G01-wrist_extension,mendeley-S021-wrist_extension-R03,0,validation
mendeley-S21-K2-seed3418,21,2,3418,wrist_flexion,mendeley-S021-wrist_flexion-R01,mendeley-S021-R01-G02-wrist_flexion,mendeley-S021-wrist_flexion-R01,0,validation
mendeley-S21-K2-seed3418,21,2,3418,wrist_flexion,mendeley-S021-wrist_flexion-R04,mendeley-S021-R04-G02-wrist_flexion,mendeley-S021-wrist_flexion-R04,0,validation
mendeley-S23-K2-seed3418,23,2,3418,hand_close,mendeley-S023-grip-R03,mendeley-S023-R03-G05-grip,mendeley-S023-grip-R03,0,validation
mendeley-S23-K2-seed3418,23,2,3418,hand_close,mendeley-S023-grip-R05,mendeley-S023-R05-G05-grip,mendeley-S023-grip-R05,0,validation
mendeley-S23-K2-seed3418,23,2,3418,rest,mendeley-S023-rest-R03,mendeley-S023-R03-G00-rest,mendeley-S023-rest-R03,0,validation
mendeley-S23-K2-seed3418,23,2,3418,rest,mendeley-S023-rest-R05,mendeley-S023-R05-G00-rest,mendeley-S023-rest-R05,0,validation
mendeley-S23-K2-seed3418,23,2,3418,wrist_extension,mendeley-S023-wrist_extension-R02,mendeley-S023-R02-G01-wrist_extension,mendeley-S023-wrist_extension-R02,0,validation
mendeley-S23-K2-seed3418,23,2,3418,wrist_extension,mendeley-S023-wrist_extension-R05,mendeley-S023-R05-G01-wrist_extension,mendeley-S023-wrist_extension-R05,0,validation
mendeley-S23-K2-seed3418,23,2,3418,wrist_flexion,mendeley-S023-wrist_flexion-R01,mendeley-S023-R01-G02-wrist_flexion,mendeley-S023-wrist_flexion-R01,0,validation
mendeley-S23-K2-seed3418,23,2,3418,wrist_flexion,mendeley-S023-wrist_flexion-R04,mendeley-S023-R04-G02-wrist_flexion,mendeley-S023-wrist_flexion-R04,0,validation
mendeley-S25-K2-seed3418,25,2,3418,hand_close,mendeley-S025-grip-R01,mendeley-S025-R01-G05-grip,mendeley-S025-grip-R01,0,validation
mendeley-S25-K2-seed3418,25,2,3418,hand_close,mendeley-S025-grip-R04,mendeley-S025-R04-G05-grip,mendeley-S025-grip-R04,0,validation
mendeley-S25-K2-seed3418,25,2,3418,rest,mendeley-S025-rest-R02,mendeley-S025-R02-G00-rest,mendeley-S025-rest-R02,0,validation
mendeley-S25-K2-seed3418,25,2,3418,rest,mendeley-S025-rest-R05,mendeley-S025-R05-G00-rest,mendeley-S025-rest-R05,0,validation
mendeley-S25-K2-seed3418,25,2,3418,wrist_extension,mendeley-S025-wrist_extension-R02,mendeley-S025-R02-G01-wrist_extension,mendeley-S025-wrist_extension-R02,0,validation
mendeley-S25-K2-seed3418,25,2,3418,wrist_extension,mendeley-S025-wrist_extension-R04,mendeley-S025-R04-G01-wrist_extension,mendeley-S025-wrist_extension-R04,0,validation
mendeley-S25-K2-seed3418,25,2,3418,wrist_flexion,mendeley-S025-wrist_flexion-R02,mendeley-S025-R02-G02-wrist_flexion,mendeley-S025-wrist_flexion-R02,0,validation
mendeley-S25-K2-seed3418,25,2,3418,wrist_flexion,mendeley-S025-wrist_flexion-R05,mendeley-S025-R05-G02-wrist_flexion,mendeley-S025-wrist_flexion-R05,0,validation
mendeley-S35-K2-seed3418,35,2,3418,hand_close,mendeley-S035-grip-R01,mendeley-S035-R01-G05-grip,mendeley-S035-grip-R01,0,validation
mendeley-S35-K2-seed3418,35,2,3418,hand_close,mendeley-S035-grip-R03,mendeley-S035-R03-G05-grip,mendeley-S035-grip-R03,0,validation
mendeley-S35-K2-seed3418,35,2,3418,rest,mendeley-S035-rest-R01,mendeley-S035-R01-G00-rest,mendeley-S035-rest-R01,0,validation
mendeley-S35-K2-seed3418,35,2,3418,rest,mendeley-S035-rest-R05,mendeley-S035-R05-G00-rest,mendeley-S035-rest-R05,0,validation
mendeley-S35-K2-seed3418,35,2,3418,wrist_extension,mendeley-S035-wrist_extension-R01,mendeley-S035-R01-G01-wrist_extension,mendeley-S035-wrist_extension-R01,0,validation
mendeley-S35-K2-seed3418,35,2,3418,wrist_extension,mendeley-S035-wrist_extension-R05,mendeley-S035-R05-G01-wrist_extension,mendeley-S035-wrist_extension-R05,0,validation
mendeley-S35-K2-seed3418,35,2,3418,wrist_flexion,mendeley-S035-wrist_flexion-R01,mendeley-S035-R01-G02-wrist_flexion,mendeley-S035-wrist_flexion-R01,0,validation
mendeley-S35-K2-seed3418,35,2,3418,wrist_flexion,mendeley-S035-wrist_flexion-R05,mendeley-S035-R05-G02-wrist_flexion,mendeley-S035-wrist_flexion-R05,0,validation
mendeley-S40-K2-seed3418,40,2,3418,hand_close,mendeley-S040-grip-R01,mendeley-S040-R01-G05-grip,mendeley-S040-grip-R01,0,validation
mendeley-S40-K2-seed3418,40,2,3418,hand_close,mendeley-S040-grip-R04,mendeley-S040-R04-G05-grip,mendeley-S040-grip-R04,0,validation
mendeley-S40-K2-seed3418,40,2,3418,rest,mendeley-S040-rest-R03,mendeley-S040-R03-G00-rest,mendeley-S040-rest-R03,0,validation
mendeley-S40-K2-seed3418,40,2,3418,rest,mendeley-S040-rest-R05,mendeley-S040-R05-G00-rest,mendeley-S040-rest-R05,0,validation
mendeley-S40-K2-seed3418,40,2,3418,wrist_extension,mendeley-S040-wrist_extension-R01,mendeley-S040-R01-G01-wrist_extension,mendeley-S040-wrist_extension-R01,0,validation
mendeley-S40-K2-seed3418,40,2,3418,wrist_extension,mendeley-S040-wrist_extension-R02,mendeley-S040-R02-G01-wrist_extension,mendeley-S040-wrist_extension-R02,0,validation
mendeley-S40-K2-seed3418,40,2,3418,wrist_flexion,mendeley-S040-wrist_flexion-R02,mendeley-S040-R02-G02-wrist_flexion,mendeley-S040-wrist_flexion-R02,0,validation
mendeley-S40-K2-seed3418,40,2,3418,wrist_flexion,mendeley-S040-wrist_flexion-R04,mendeley-S040-R04-G02-wrist_flexion,mendeley-S040-wrist_flexion-R04,0,validation
mendeley-S6-K2-seed3418,6,2,3418,hand_close,mendeley-S006-grip-R01,mendeley-S006-R01-G05-grip,mendeley-S006-grip-R01,0,validation
mendeley-S6-K2-seed3418,6,2,3418,hand_close,mendeley-S006-grip-R02,mendeley-S006-R02-G05-grip,mendeley-S006-grip-R02,0,validation
mendeley-S6-K2-seed3418,6,2,3418,rest,mendeley-S006-rest-R02,mendeley-S006-R02-G00-rest,mendeley-S006-rest-R02,0,validation
mendeley-S6-K2-seed3418,6,2,3418,rest,mendeley-S006-rest-R04,mendeley-S006-R04-G00-rest,mendeley-S006-rest-R04,0,validation
mendeley-S6-K2-seed3418,6,2,3418,wrist_extension,mendeley-S006-wrist_extension-R02,mendeley-S006-R02-G01-wrist_extension,mendeley-S006-wrist_extension-R02,0,validation
mendeley-S6-K2-seed3418,6,2,3418,wrist_extension,mendeley-S006-wrist_extension-R03,mendeley-S006-R03-G01-wrist_extension,mendeley-S006-wrist_extension-R03,0,validation
mendeley-S6-K2-seed3418,6,2,3418,wrist_flexion,mendeley-S006-wrist_flexion-R01,mendeley-S006-R01-G02-wrist_flexion,mendeley-S006-wrist_flexion-R01,0,validation
mendeley-S6-K2-seed3418,6,2,3418,wrist_flexion,mendeley-S006-wrist_flexion-R04,mendeley-S006-R04-G02-wrist_flexion,mendeley-S006-wrist_flexion-R04,0,validation
mendeley-S10-K2-seed3419,10,2,3419,hand_close,mendeley-S010-grip-R03,mendeley-S010-R03-G05-grip,mendeley-S010-grip-R03,0,validation
mendeley-S10-K2-seed3419,10,2,3419,hand_close,mendeley-S010-grip-R05,mendeley-S010-R05-G05-grip,mendeley-S010-grip-R05,0,validation
mendeley-S10-K2-seed3419,10,2,3419,rest,mendeley-S010-rest-R03,mendeley-S010-R03-G00-rest,mendeley-S010-rest-R03,0,validation
mendeley-S10-K2-seed3419,10,2,3419,rest,mendeley-S010-rest-R04,mendeley-S010-R04-G00-rest,mendeley-S010-rest-R04,0,validation
mendeley-S10-K2-seed3419,10,2,3419,wrist_extension,mendeley-S010-wrist_extension-R02,mendeley-S010-R02-G01-wrist_extension,mendeley-S010-wrist_extension-R02,0,validation
mendeley-S10-K2-seed3419,10,2,3419,wrist_extension,mendeley-S010-wrist_extension-R05,mendeley-S010-R05-G01-wrist_extension,mendeley-S010-wrist_extension-R05,0,validation
mendeley-S10-K2-seed3419,10,2,3419,wrist_flexion,mendeley-S010-wrist_flexion-R02,mendeley-S010-R02-G02-wrist_flexion,mendeley-S010-wrist_flexion-R02,0,validation
mendeley-S10-K2-seed3419,10,2,3419,wrist_flexion,mendeley-S010-wrist_flexion-R04,mendeley-S010-R04-G02-wrist_flexion,mendeley-S010-wrist_flexion-R04,0,validation
mendeley-S15-K2-seed3419,15,2,3419,hand_close,mendeley-S015-grip-R03,mendeley-S015-R03-G05-grip,mendeley-S015-grip-R03,0,validation
mendeley-S15-K2-seed3419,15,2,3419,hand_close,mendeley-S015-grip-R04,mendeley-S015-R04-G05-grip,mendeley-S015-grip-R04,0,validation
mendeley-S15-K2-seed3419,15,2,3419,rest,mendeley-S015-rest-R02,mendeley-S015-R02-G00-rest,mendeley-S015-rest-R02,0,validation
mendeley-S15-K2-seed3419,15,2,3419,rest,mendeley-S015-rest-R05,mendeley-S015-R05-G00-rest,mendeley-S015-rest-R05,0,validation
mendeley-S15-K2-seed3419,15,2,3419,wrist_extension,mendeley-S015-wrist_extension-R02,mendeley-S015-R02-G01-wrist_extension,mendeley-S015-wrist_extension-R02,0,validation
mendeley-S15-K2-seed3419,15,2,3419,wrist_extension,mendeley-S015-wrist_extension-R04,mendeley-S015-R04-G01-wrist_extension,mendeley-S015-wrist_extension-R04,0,validation
mendeley-S15-K2-seed3419,15,2,3419,wrist_flexion,mendeley-S015-wrist_flexion-R01,mendeley-S015-R01-G02-wrist_flexion,mendeley-S015-wrist_flexion-R01,0,validation
mendeley-S15-K2-seed3419,15,2,3419,wrist_flexion,mendeley-S015-wrist_flexion-R04,mendeley-S015-R04-G02-wrist_flexion,mendeley-S015-wrist_flexion-R04,0,validation
mendeley-S21-K2-seed3419,21,2,3419,hand_close,mendeley-S021-grip-R02,mendeley-S021-R02-G05-grip,mendeley-S021-grip-R02,0,validation
mendeley-S21-K2-seed3419,21,2,3419,hand_close,mendeley-S021-grip-R04,mendeley-S021-R04-G05-grip,mendeley-S021-grip-R04,0,validation
mendeley-S21-K2-seed3419,21,2,3419,rest,mendeley-S021-rest-R01,mendeley-S021-R01-G00-rest,mendeley-S021-rest-R01,0,validation
mendeley-S21-K2-seed3419,21,2,3419,rest,mendeley-S021-rest-R02,mendeley-S021-R02-G00-rest,mendeley-S021-rest-R02,0,validation
mendeley-S21-K2-seed3419,21,2,3419,wrist_extension,mendeley-S021-wrist_extension-R03,mendeley-S021-R03-G01-wrist_extension,mendeley-S021-wrist_extension-R03,0,validation
mendeley-S21-K2-seed3419,21,2,3419,wrist_extension,mendeley-S021-wrist_extension-R04,mendeley-S021-R04-G01-wrist_extension,mendeley-S021-wrist_extension-R04,0,validation
mendeley-S21-K2-seed3419,21,2,3419,wrist_flexion,mendeley-S021-wrist_flexion-R04,mendeley-S021-R04-G02-wrist_flexion,mendeley-S021-wrist_flexion-R04,0,validation
mendeley-S21-K2-seed3419,21,2,3419,wrist_flexion,mendeley-S021-wrist_flexion-R05,mendeley-S021-R05-G02-wrist_flexion,mendeley-S021-wrist_flexion-R05,0,validation
mendeley-S23-K2-seed3419,23,2,3419,hand_close,mendeley-S023-grip-R01,mendeley-S023-R01-G05-grip,mendeley-S023-grip-R01,0,validation
mendeley-S23-K2-seed3419,23,2,3419,hand_close,mendeley-S023-grip-R05,mendeley-S023-R05-G05-grip,mendeley-S023-grip-R05,0,validation
mendeley-S23-K2-seed3419,23,2,3419,rest,mendeley-S023-rest-R01,mendeley-S023-R01-G00-rest,mendeley-S023-rest-R01,0,validation
mendeley-S23-K2-seed3419,23,2,3419,rest,mendeley-S023-rest-R03,mendeley-S023-R03-G00-rest,mendeley-S023-rest-R03,0,validation
mendeley-S23-K2-seed3419,23,2,3419,wrist_extension,mendeley-S023-wrist_extension-R01,mendeley-S023-R01-G01-wrist_extension,mendeley-S023-wrist_extension-R01,0,validation
mendeley-S23-K2-seed3419,23,2,3419,wrist_extension,mendeley-S023-wrist_extension-R03,mendeley-S023-R03-G01-wrist_extension,mendeley-S023-wrist_extension-R03,0,validation
mendeley-S23-K2-seed3419,23,2,3419,wrist_flexion,mendeley-S023-wrist_flexion-R01,mendeley-S023-R01-G02-wrist_flexion,mendeley-S023-wrist_flexion-R01,0,validation
mendeley-S23-K2-seed3419,23,2,3419,wrist_flexion,mendeley-S023-wrist_flexion-R03,mendeley-S023-R03-G02-wrist_flexion,mendeley-S023-wrist_flexion-R03,0,validation
mendeley-S25-K2-seed3419,25,2,3419,hand_close,mendeley-S025-grip-R01,mendeley-S025-R01-G05-grip,mendeley-S025-grip-R01,0,validation
mendeley-S25-K2-seed3419,25,2,3419,hand_close,mendeley-S025-grip-R05,mendeley-S025-R05-G05-grip,mendeley-S025-grip-R05,0,validation
mendeley-S25-K2-seed3419,25,2,3419,rest,mendeley-S025-rest-R03,mendeley-S025-R03-G00-rest,mendeley-S025-rest-R03,0,validation
mendeley-S25-K2-seed3419,25,2,3419,rest,mendeley-S025-rest-R04,mendeley-S025-R04-G00-rest,mendeley-S025-rest-R04,0,validation
mendeley-S25-K2-seed3419,25,2,3419,wrist_extension,mendeley-S025-wrist_extension-R04,mendeley-S025-R04-G01-wrist_extension,mendeley-S025-wrist_extension-R04,0,validation
mendeley-S25-K2-seed3419,25,2,3419,wrist_extension,mendeley-S025-wrist_extension-R05,mendeley-S025-R05-G01-wrist_extension,mendeley-S025-wrist_extension-R05,0,validation
mendeley-S25-K2-seed3419,25,2,3419,wrist_flexion,mendeley-S025-wrist_flexion-R02,mendeley-S025-R02-G02-wrist_flexion,mendeley-S025-wrist_flexion-R02,0,validation
mendeley-S25-K2-seed3419,25,2,3419,wrist_flexion,mendeley-S025-wrist_flexion-R04,mendeley-S025-R04-G02-wrist_flexion,mendeley-S025-wrist_flexion-R04,0,validation
mendeley-S35-K2-seed3419,35,2,3419,hand_close,mendeley-S035-grip-R03,mendeley-S035-R03-G05-grip,mendeley-S035-grip-R03,0,validation
mendeley-S35-K2-seed3419,35,2,3419,hand_close,mendeley-S035-grip-R04,mendeley-S035-R04-G05-grip,mendeley-S035-grip-R04,0,validation
mendeley-S35-K2-seed3419,35,2,3419,rest,mendeley-S035-rest-R01,mendeley-S035-R01-G00-rest,mendeley-S035-rest-R01,0,validation
mendeley-S35-K2-seed3419,35,2,3419,rest,mendeley-S035-rest-R02,mendeley-S035-R02-G00-rest,mendeley-S035-rest-R02,0,validation
mendeley-S35-K2-seed3419,35,2,3419,wrist_extension,mendeley-S035-wrist_extension-R02,mendeley-S035-R02-G01-wrist_extension,mendeley-S035-wrist_extension-R02,0,validation
mendeley-S35-K2-seed3419,35,2,3419,wrist_extension,mendeley-S035-wrist_extension-R04,mendeley-S035-R04-G01-wrist_extension,mendeley-S035-wrist_extension-R04,0,validation
mendeley-S35-K2-seed3419,35,2,3419,wrist_flexion,mendeley-S035-wrist_flexion-R04,mendeley-S035-R04-G02-wrist_flexion,mendeley-S035-wrist_flexion-R04,0,validation
mendeley-S35-K2-seed3419,35,2,3419,wrist_flexion,mendeley-S035-wrist_flexion-R05,mendeley-S035-R05-G02-wrist_flexion,mendeley-S035-wrist_flexion-R05,0,validation
mendeley-S40-K2-seed3419,40,2,3419,hand_close,mendeley-S040-grip-R02,mendeley-S040-R02-G05-grip,mendeley-S040-grip-R02,0,validation
mendeley-S40-K2-seed3419,40,2,3419,hand_close,mendeley-S040-grip-R04,mendeley-S040-R04-G05-grip,mendeley-S040-grip-R04,0,validation
mendeley-S40-K2-seed3419,40,2,3419,rest,mendeley-S040-rest-R04,mendeley-S040-R04-G00-rest,mendeley-S040-rest-R04,0,validation
mendeley-S40-K2-seed3419,40,2,3419,rest,mendeley-S040-rest-R05,mendeley-S040-R05-G00-rest,mendeley-S040-rest-R05,0,validation
mendeley-S40-K2-seed3419,40,2,3419,wrist_extension,mendeley-S040-wrist_extension-R01,mendeley-S040-R01-G01-wrist_extension,mendeley-S040-wrist_extension-R01,0,validation
mendeley-S40-K2-seed3419,40,2,3419,wrist_extension,mendeley-S040-wrist_extension-R03,mendeley-S040-R03-G01-wrist_extension,mendeley-S040-wrist_extension-R03,0,validation
mendeley-S40-K2-seed3419,40,2,3419,wrist_flexion,mendeley-S040-wrist_flexion-R01,mendeley-S040-R01-G02-wrist_flexion,mendeley-S040-wrist_flexion-R01,0,validation
mendeley-S40-K2-seed3419,40,2,3419,wrist_flexion,mendeley-S040-wrist_flexion-R02,mendeley-S040-R02-G02-wrist_flexion,mendeley-S040-wrist_flexion-R02,0,validation
mendeley-S6-K2-seed3419,6,2,3419,hand_close,mendeley-S006-grip-R03,mendeley-S006-R03-G05-grip,mendeley-S006-grip-R03,0,validation
mendeley-S6-K2-seed3419,6,2,3419,hand_close,mendeley-S006-grip-R04,mendeley-S006-R04-G05-grip,mendeley-S006-grip-R04,0,validation
mendeley-S6-K2-seed3419,6,2,3419,rest,mendeley-S006-rest-R04,mendeley-S006-R04-G00-rest,mendeley-S006-rest-R04,0,validation
mendeley-S6-K2-seed3419,6,2,3419,rest,mendeley-S006-rest-R05,mendeley-S006-R05-G00-rest,mendeley-S006-rest-R05,0,validation
mendeley-S6-K2-seed3419,6,2,3419,wrist_extension,mendeley-S006-wrist_extension-R02,mendeley-S006-R02-G01-wrist_extension,mendeley-S006-wrist_extension-R02,0,validation
mendeley-S6-K2-seed3419,6,2,3419,wrist_extension,mendeley-S006-wrist_extension-R05,mendeley-S006-R05-G01-wrist_extension,mendeley-S006-wrist_extension-R05,0,validation
mendeley-S6-K2-seed3419,6,2,3419,wrist_flexion,mendeley-S006-wrist_flexion-R01,mendeley-S006-R01-G02-wrist_flexion,mendeley-S006-wrist_flexion-R01,0,validation
mendeley-S6-K2-seed3419,6,2,3419,wrist_flexion,mendeley-S006-wrist_flexion-R03,mendeley-S006-R03-G02-wrist_flexion,mendeley-S006-wrist_flexion-R03,0,validation
mendeley-S10-K2-seed3420,10,2,3420,hand_close,mendeley-S010-grip-R02,mendeley-S010-R02-G05-grip,mendeley-S010-grip-R02,0,validation
mendeley-S10-K2-seed3420,10,2,3420,hand_close,mendeley-S010-grip-R05,mendeley-S010-R05-G05-grip,mendeley-S010-grip-R05,0,validation
mendeley-S10-K2-seed3420,10,2,3420,rest,mendeley-S010-rest-R04,mendeley-S010-R04-G00-rest,mendeley-S010-rest-R04,0,validation
mendeley-S10-K2-seed3420,10,2,3420,rest,mendeley-S010-rest-R05,mendeley-S010-R05-G00-rest,mendeley-S010-rest-R05,0,validation
mendeley-S10-K2-seed3420,10,2,3420,wrist_extension,mendeley-S010-wrist_extension-R01,mendeley-S010-R01-G01-wrist_extension,mendeley-S010-wrist_extension-R01,0,validation
mendeley-S10-K2-seed3420,10,2,3420,wrist_extension,mendeley-S010-wrist_extension-R03,mendeley-S010-R03-G01-wrist_extension,mendeley-S010-wrist_extension-R03,0,validation
mendeley-S10-K2-seed3420,10,2,3420,wrist_flexion,mendeley-S010-wrist_flexion-R01,mendeley-S010-R01-G02-wrist_flexion,mendeley-S010-wrist_flexion-R01,0,validation
mendeley-S10-K2-seed3420,10,2,3420,wrist_flexion,mendeley-S010-wrist_flexion-R04,mendeley-S010-R04-G02-wrist_flexion,mendeley-S010-wrist_flexion-R04,0,validation
mendeley-S15-K2-seed3420,15,2,3420,hand_close,mendeley-S015-grip-R04,mendeley-S015-R04-G05-grip,mendeley-S015-grip-R04,0,validation
mendeley-S15-K2-seed3420,15,2,3420,hand_close,mendeley-S015-grip-R05,mendeley-S015-R05-G05-grip,mendeley-S015-grip-R05,0,validation
mendeley-S15-K2-seed3420,15,2,3420,rest,mendeley-S015-rest-R01,mendeley-S015-R01-G00-rest,mendeley-S015-rest-R01,0,validation
mendeley-S15-K2-seed3420,15,2,3420,rest,mendeley-S015-rest-R05,mendeley-S015-R05-G00-rest,mendeley-S015-rest-R05,0,validation
mendeley-S15-K2-seed3420,15,2,3420,wrist_extension,mendeley-S015-wrist_extension-R02,mendeley-S015-R02-G01-wrist_extension,mendeley-S015-wrist_extension-R02,0,validation
mendeley-S15-K2-seed3420,15,2,3420,wrist_extension,mendeley-S015-wrist_extension-R03,mendeley-S015-R03-G01-wrist_extension,mendeley-S015-wrist_extension-R03,0,validation
mendeley-S15-K2-seed3420,15,2,3420,wrist_flexion,mendeley-S015-wrist_flexion-R01,mendeley-S015-R01-G02-wrist_flexion,mendeley-S015-wrist_flexion-R01,0,validation
mendeley-S15-K2-seed3420,15,2,3420,wrist_flexion,mendeley-S015-wrist_flexion-R05,mendeley-S015-R05-G02-wrist_flexion,mendeley-S015-wrist_flexion-R05,0,validation
mendeley-S21-K2-seed3420,21,2,3420,hand_close,mendeley-S021-grip-R03,mendeley-S021-R03-G05-grip,mendeley-S021-grip-R03,0,validation
mendeley-S21-K2-seed3420,21,2,3420,hand_close,mendeley-S021-grip-R05,mendeley-S021-R05-G05-grip,mendeley-S021-grip-R05,0,validation
mendeley-S21-K2-seed3420,21,2,3420,rest,mendeley-S021-rest-R01,mendeley-S021-R01-G00-rest,mendeley-S021-rest-R01,0,validation
mendeley-S21-K2-seed3420,21,2,3420,rest,mendeley-S021-rest-R03,mendeley-S021-R03-G00-rest,mendeley-S021-rest-R03,0,validation
mendeley-S21-K2-seed3420,21,2,3420,wrist_extension,mendeley-S021-wrist_extension-R02,mendeley-S021-R02-G01-wrist_extension,mendeley-S021-wrist_extension-R02,0,validation
mendeley-S21-K2-seed3420,21,2,3420,wrist_extension,mendeley-S021-wrist_extension-R04,mendeley-S021-R04-G01-wrist_extension,mendeley-S021-wrist_extension-R04,0,validation
mendeley-S21-K2-seed3420,21,2,3420,wrist_flexion,mendeley-S021-wrist_flexion-R01,mendeley-S021-R01-G02-wrist_flexion,mendeley-S021-wrist_flexion-R01,0,validation
mendeley-S21-K2-seed3420,21,2,3420,wrist_flexion,mendeley-S021-wrist_flexion-R03,mendeley-S021-R03-G02-wrist_flexion,mendeley-S021-wrist_flexion-R03,0,validation
mendeley-S23-K2-seed3420,23,2,3420,hand_close,mendeley-S023-grip-R01,mendeley-S023-R01-G05-grip,mendeley-S023-grip-R01,0,validation
mendeley-S23-K2-seed3420,23,2,3420,hand_close,mendeley-S023-grip-R02,mendeley-S023-R02-G05-grip,mendeley-S023-grip-R02,0,validation
mendeley-S23-K2-seed3420,23,2,3420,rest,mendeley-S023-rest-R01,mendeley-S023-R01-G00-rest,mendeley-S023-rest-R01,0,validation
mendeley-S23-K2-seed3420,23,2,3420,rest,mendeley-S023-rest-R05,mendeley-S023-R05-G00-rest,mendeley-S023-rest-R05,0,validation
mendeley-S23-K2-seed3420,23,2,3420,wrist_extension,mendeley-S023-wrist_extension-R01,mendeley-S023-R01-G01-wrist_extension,mendeley-S023-wrist_extension-R01,0,validation
mendeley-S23-K2-seed3420,23,2,3420,wrist_extension,mendeley-S023-wrist_extension-R03,mendeley-S023-R03-G01-wrist_extension,mendeley-S023-wrist_extension-R03,0,validation
mendeley-S23-K2-seed3420,23,2,3420,wrist_flexion,mendeley-S023-wrist_flexion-R01,mendeley-S023-R01-G02-wrist_flexion,mendeley-S023-wrist_flexion-R01,0,validation
mendeley-S23-K2-seed3420,23,2,3420,wrist_flexion,mendeley-S023-wrist_flexion-R05,mendeley-S023-R05-G02-wrist_flexion,mendeley-S023-wrist_flexion-R05,0,validation
mendeley-S25-K2-seed3420,25,2,3420,hand_close,mendeley-S025-grip-R01,mendeley-S025-R01-G05-grip,mendeley-S025-grip-R01,0,validation
mendeley-S25-K2-seed3420,25,2,3420,hand_close,mendeley-S025-grip-R05,mendeley-S025-R05-G05-grip,mendeley-S025-grip-R05,0,validation
mendeley-S25-K2-seed3420,25,2,3420,rest,mendeley-S025-rest-R03,mendeley-S025-R03-G00-rest,mendeley-S025-rest-R03,0,validation
mendeley-S25-K2-seed3420,25,2,3420,rest,mendeley-S025-rest-R04,mendeley-S025-R04-G00-rest,mendeley-S025-rest-R04,0,validation
mendeley-S25-K2-seed3420,25,2,3420,wrist_extension,mendeley-S025-wrist_extension-R03,mendeley-S025-R03-G01-wrist_extension,mendeley-S025-wrist_extension-R03,0,validation
mendeley-S25-K2-seed3420,25,2,3420,wrist_extension,mendeley-S025-wrist_extension-R05,mendeley-S025-R05-G01-wrist_extension,mendeley-S025-wrist_extension-R05,0,validation
mendeley-S25-K2-seed3420,25,2,3420,wrist_flexion,mendeley-S025-wrist_flexion-R04,mendeley-S025-R04-G02-wrist_flexion,mendeley-S025-wrist_flexion-R04,0,validation
mendeley-S25-K2-seed3420,25,2,3420,wrist_flexion,mendeley-S025-wrist_flexion-R05,mendeley-S025-R05-G02-wrist_flexion,mendeley-S025-wrist_flexion-R05,0,validation
mendeley-S35-K2-seed3420,35,2,3420,hand_close,mendeley-S035-grip-R02,mendeley-S035-R02-G05-grip,mendeley-S035-grip-R02,0,validation
mendeley-S35-K2-seed3420,35,2,3420,hand_close,mendeley-S035-grip-R04,mendeley-S035-R04-G05-grip,mendeley-S035-grip-R04,0,validation
mendeley-S35-K2-seed3420,35,2,3420,rest,mendeley-S035-rest-R03,mendeley-S035-R03-G00-rest,mendeley-S035-rest-R03,0,validation
mendeley-S35-K2-seed3420,35,2,3420,rest,mendeley-S035-rest-R04,mendeley-S035-R04-G00-rest,mendeley-S035-rest-R04,0,validation
mendeley-S35-K2-seed3420,35,2,3420,wrist_extension,mendeley-S035-wrist_extension-R03,mendeley-S035-R03-G01-wrist_extension,mendeley-S035-wrist_extension-R03,0,validation
mendeley-S35-K2-seed3420,35,2,3420,wrist_extension,mendeley-S035-wrist_extension-R04,mendeley-S035-R04-G01-wrist_extension,mendeley-S035-wrist_extension-R04,0,validation
mendeley-S35-K2-seed3420,35,2,3420,wrist_flexion,mendeley-S035-wrist_flexion-R01,mendeley-S035-R01-G02-wrist_flexion,mendeley-S035-wrist_flexion-R01,0,validation
mendeley-S35-K2-seed3420,35,2,3420,wrist_flexion,mendeley-S035-wrist_flexion-R02,mendeley-S035-R02-G02-wrist_flexion,mendeley-S035-wrist_flexion-R02,0,validation
mendeley-S40-K2-seed3420,40,2,3420,hand_close,mendeley-S040-grip-R01,mendeley-S040-R01-G05-grip,mendeley-S040-grip-R01,0,validation
mendeley-S40-K2-seed3420,40,2,3420,hand_close,mendeley-S040-grip-R04,mendeley-S040-R04-G05-grip,mendeley-S040-grip-R04,0,validation
mendeley-S40-K2-seed3420,40,2,3420,rest,mendeley-S040-rest-R01,mendeley-S040-R01-G00-rest,mendeley-S040-rest-R01,0,validation
mendeley-S40-K2-seed3420,40,2,3420,rest,mendeley-S040-rest-R04,mendeley-S040-R04-G00-rest,mendeley-S040-rest-R04,0,validation
mendeley-S40-K2-seed3420,40,2,3420,wrist_extension,mendeley-S040-wrist_extension-R01,mendeley-S040-R01-G01-wrist_extension,mendeley-S040-wrist_extension-R01,0,validation
mendeley-S40-K2-seed3420,40,2,3420,wrist_extension,mendeley-S040-wrist_extension-R05,mendeley-S040-R05-G01-wrist_extension,mendeley-S040-wrist_extension-R05,0,validation
mendeley-S40-K2-seed3420,40,2,3420,wrist_flexion,mendeley-S040-wrist_flexion-R03,mendeley-S040-R03-G02-wrist_flexion,mendeley-S040-wrist_flexion-R03,0,validation
mendeley-S40-K2-seed3420,40,2,3420,wrist_flexion,mendeley-S040-wrist_flexion-R04,mendeley-S040-R04-G02-wrist_flexion,mendeley-S040-wrist_flexion-R04,0,validation
mendeley-S6-K2-seed3420,6,2,3420,hand_close,mendeley-S006-grip-R03,mendeley-S006-R03-G05-grip,mendeley-S006-grip-R03,0,validation
mendeley-S6-K2-seed3420,6,2,3420,hand_close,mendeley-S006-grip-R04,mendeley-S006-R04-G05-grip,mendeley-S006-grip-R04,0,validation
mendeley-S6-K2-seed3420,6,2,3420,rest,mendeley-S006-rest-R03,mendeley-S006-R03-G00-rest,mendeley-S006-rest-R03,0,validation
mendeley-S6-K2-seed3420,6,2,3420,rest,mendeley-S006-rest-R05,mendeley-S006-R05-G00-rest,mendeley-S006-rest-R05,0,validation
mendeley-S6-K2-seed3420,6,2,3420,wrist_extension,mendeley-S006-wrist_extension-R01,mendeley-S006-R01-G01-wrist_extension,mendeley-S006-wrist_extension-R01,0,validation
mendeley-S6-K2-seed3420,6,2,3420,wrist_extension,mendeley-S006-wrist_extension-R05,mendeley-S006-R05-G01-wrist_extension,mendeley-S006-wrist_extension-R05,0,validation
mendeley-S6-K2-seed3420,6,2,3420,wrist_flexion,mendeley-S006-wrist_flexion-R03,mendeley-S006-R03-G02-wrist_flexion,mendeley-S006-wrist_flexion-R03,0,validation
mendeley-S6-K2-seed3420,6,2,3420,wrist_flexion,mendeley-S006-wrist_flexion-R05,mendeley-S006-R05-G02-wrist_flexion,mendeley-S006-wrist_flexion-R05,0,validation
mendeley-S10-K3-seed3401,10,3,3401,hand_close,mendeley-S010-grip-R01,mendeley-S010-R01-G05-grip,mendeley-S010-grip-R01,0,validation
mendeley-S10-K3-seed3401,10,3,3401,hand_close,mendeley-S010-grip-R03,mendeley-S010-R03-G05-grip,mendeley-S010-grip-R03,0,validation
mendeley-S10-K3-seed3401,10,3,3401,hand_close,mendeley-S010-grip-R05,mendeley-S010-R05-G05-grip,mendeley-S010-grip-R05,0,validation
mendeley-S10-K3-seed3401,10,3,3401,rest,mendeley-S010-rest-R01,mendeley-S010-R01-G00-rest,mendeley-S010-rest-R01,0,validation
mendeley-S10-K3-seed3401,10,3,3401,rest,mendeley-S010-rest-R02,mendeley-S010-R02-G00-rest,mendeley-S010-rest-R02,0,validation
mendeley-S10-K3-seed3401,10,3,3401,rest,mendeley-S010-rest-R03,mendeley-S010-R03-G00-rest,mendeley-S010-rest-R03,0,validation
mendeley-S10-K3-seed3401,10,3,3401,wrist_extension,mendeley-S010-wrist_extension-R02,mendeley-S010-R02-G01-wrist_extension,mendeley-S010-wrist_extension-R02,0,validation
mendeley-S10-K3-seed3401,10,3,3401,wrist_extension,mendeley-S010-wrist_extension-R03,mendeley-S010-R03-G01-wrist_extension,mendeley-S010-wrist_extension-R03,0,validation
mendeley-S10-K3-seed3401,10,3,3401,wrist_extension,mendeley-S010-wrist_extension-R05,mendeley-S010-R05-G01-wrist_extension,mendeley-S010-wrist_extension-R05,0,validation
mendeley-S10-K3-seed3401,10,3,3401,wrist_flexion,mendeley-S010-wrist_flexion-R01,mendeley-S010-R01-G02-wrist_flexion,mendeley-S010-wrist_flexion-R01,0,validation
mendeley-S10-K3-seed3401,10,3,3401,wrist_flexion,mendeley-S010-wrist_flexion-R02,mendeley-S010-R02-G02-wrist_flexion,mendeley-S010-wrist_flexion-R02,0,validation
mendeley-S10-K3-seed3401,10,3,3401,wrist_flexion,mendeley-S010-wrist_flexion-R04,mendeley-S010-R04-G02-wrist_flexion,mendeley-S010-wrist_flexion-R04,0,validation
mendeley-S15-K3-seed3401,15,3,3401,hand_close,mendeley-S015-grip-R01,mendeley-S015-R01-G05-grip,mendeley-S015-grip-R01,0,validation
mendeley-S15-K3-seed3401,15,3,3401,hand_close,mendeley-S015-grip-R02,mendeley-S015-R02-G05-grip,mendeley-S015-grip-R02,0,validation
mendeley-S15-K3-seed3401,15,3,3401,hand_close,mendeley-S015-grip-R03,mendeley-S015-R03-G05-grip,mendeley-S015-grip-R03,0,validation
mendeley-S15-K3-seed3401,15,3,3401,rest,mendeley-S015-rest-R01,mendeley-S015-R01-G00-rest,mendeley-S015-rest-R01,0,validation
mendeley-S15-K3-seed3401,15,3,3401,rest,mendeley-S015-rest-R04,mendeley-S015-R04-G00-rest,mendeley-S015-rest-R04,0,validation
mendeley-S15-K3-seed3401,15,3,3401,rest,mendeley-S015-rest-R05,mendeley-S015-R05-G00-rest,mendeley-S015-rest-R05,0,validation
mendeley-S15-K3-seed3401,15,3,3401,wrist_extension,mendeley-S015-wrist_extension-R01,mendeley-S015-R01-G01-wrist_extension,mendeley-S015-wrist_extension-R01,0,validation
mendeley-S15-K3-seed3401,15,3,3401,wrist_extension,mendeley-S015-wrist_extension-R02,mendeley-S015-R02-G01-wrist_extension,mendeley-S015-wrist_extension-R02,0,validation
mendeley-S15-K3-seed3401,15,3,3401,wrist_extension,mendeley-S015-wrist_extension-R05,mendeley-S015-R05-G01-wrist_extension,mendeley-S015-wrist_extension-R05,0,validation
mendeley-S15-K3-seed3401,15,3,3401,wrist_flexion,mendeley-S015-wrist_flexion-R01,mendeley-S015-R01-G02-wrist_flexion,mendeley-S015-wrist_flexion-R01,0,validation
mendeley-S15-K3-seed3401,15,3,3401,wrist_flexion,mendeley-S015-wrist_flexion-R02,mendeley-S015-R02-G02-wrist_flexion,mendeley-S015-wrist_flexion-R02,0,validation
mendeley-S15-K3-seed3401,15,3,3401,wrist_flexion,mendeley-S015-wrist_flexion-R04,mendeley-S015-R04-G02-wrist_flexion,mendeley-S015-wrist_flexion-R04,0,validation
mendeley-S21-K3-seed3401,21,3,3401,hand_close,mendeley-S021-grip-R01,mendeley-S021-R01-G05-grip,mendeley-S021-grip-R01,0,validation
mendeley-S21-K3-seed3401,21,3,3401,hand_close,mendeley-S021-grip-R04,mendeley-S021-R04-G05-grip,mendeley-S021-grip-R04,0,validation
mendeley-S21-K3-seed3401,21,3,3401,hand_close,mendeley-S021-grip-R05,mendeley-S021-R05-G05-grip,mendeley-S021-grip-R05,0,validation
mendeley-S21-K3-seed3401,21,3,3401,rest,mendeley-S021-rest-R01,mendeley-S021-R01-G00-rest,mendeley-S021-rest-R01,0,validation
mendeley-S21-K3-seed3401,21,3,3401,rest,mendeley-S021-rest-R02,mendeley-S021-R02-G00-rest,mendeley-S021-rest-R02,0,validation
mendeley-S21-K3-seed3401,21,3,3401,rest,mendeley-S021-rest-R04,mendeley-S021-R04-G00-rest,mendeley-S021-rest-R04,0,validation
mendeley-S21-K3-seed3401,21,3,3401,wrist_extension,mendeley-S021-wrist_extension-R01,mendeley-S021-R01-G01-wrist_extension,mendeley-S021-wrist_extension-R01,0,validation
mendeley-S21-K3-seed3401,21,3,3401,wrist_extension,mendeley-S021-wrist_extension-R03,mendeley-S021-R03-G01-wrist_extension,mendeley-S021-wrist_extension-R03,0,validation
mendeley-S21-K3-seed3401,21,3,3401,wrist_extension,mendeley-S021-wrist_extension-R05,mendeley-S021-R05-G01-wrist_extension,mendeley-S021-wrist_extension-R05,0,validation
mendeley-S21-K3-seed3401,21,3,3401,wrist_flexion,mendeley-S021-wrist_flexion-R01,mendeley-S021-R01-G02-wrist_flexion,mendeley-S021-wrist_flexion-R01,0,validation
mendeley-S21-K3-seed3401,21,3,3401,wrist_flexion,mendeley-S021-wrist_flexion-R03,mendeley-S021-R03-G02-wrist_flexion,mendeley-S021-wrist_flexion-R03,0,validation
mendeley-S21-K3-seed3401,21,3,3401,wrist_flexion,mendeley-S021-wrist_flexion-R04,mendeley-S021-R04-G02-wrist_flexion,mendeley-S021-wrist_flexion-R04,0,validation
mendeley-S23-K3-seed3401,23,3,3401,hand_close,mendeley-S023-grip-R01,mendeley-S023-R01-G05-grip,mendeley-S023-grip-R01,0,validation
mendeley-S23-K3-seed3401,23,3,3401,hand_close,mendeley-S023-grip-R03,mendeley-S023-R03-G05-grip,mendeley-S023-grip-R03,0,validation
mendeley-S23-K3-seed3401,23,3,3401,hand_close,mendeley-S023-grip-R04,mendeley-S023-R04-G05-grip,mendeley-S023-grip-R04,0,validation
mendeley-S23-K3-seed3401,23,3,3401,rest,mendeley-S023-rest-R01,mendeley-S023-R01-G00-rest,mendeley-S023-rest-R01,0,validation
mendeley-S23-K3-seed3401,23,3,3401,rest,mendeley-S023-rest-R03,mendeley-S023-R03-G00-rest,mendeley-S023-rest-R03,0,validation
mendeley-S23-K3-seed3401,23,3,3401,rest,mendeley-S023-rest-R04,mendeley-S023-R04-G00-rest,mendeley-S023-rest-R04,0,validation
mendeley-S23-K3-seed3401,23,3,3401,wrist_extension,mendeley-S023-wrist_extension-R02,mendeley-S023-R02-G01-wrist_extension,mendeley-S023-wrist_extension-R02,0,validation
mendeley-S23-K3-seed3401,23,3,3401,wrist_extension,mendeley-S023-wrist_extension-R04,mendeley-S023-R04-G01-wrist_extension,mendeley-S023-wrist_extension-R04,0,validation
mendeley-S23-K3-seed3401,23,3,3401,wrist_extension,mendeley-S023-wrist_extension-R05,mendeley-S023-R05-G01-wrist_extension,mendeley-S023-wrist_extension-R05,0,validation
mendeley-S23-K3-seed3401,23,3,3401,wrist_flexion,mendeley-S023-wrist_flexion-R02,mendeley-S023-R02-G02-wrist_flexion,mendeley-S023-wrist_flexion-R02,0,validation
mendeley-S23-K3-seed3401,23,3,3401,wrist_flexion,mendeley-S023-wrist_flexion-R03,mendeley-S023-R03-G02-wrist_flexion,mendeley-S023-wrist_flexion-R03,0,validation
mendeley-S23-K3-seed3401,23,3,3401,wrist_flexion,mendeley-S023-wrist_flexion-R05,mendeley-S023-R05-G02-wrist_flexion,mendeley-S023-wrist_flexion-R05,0,validation
mendeley-S25-K3-seed3401,25,3,3401,hand_close,mendeley-S025-grip-R02,mendeley-S025-R02-G05-grip,mendeley-S025-grip-R02,0,validation
mendeley-S25-K3-seed3401,25,3,3401,hand_close,mendeley-S025-grip-R03,mendeley-S025-R03-G05-grip,mendeley-S025-grip-R03,0,validation
mendeley-S25-K3-seed3401,25,3,3401,hand_close,mendeley-S025-grip-R04,mendeley-S025-R04-G05-grip,mendeley-S025-grip-R04,0,validation
mendeley-S25-K3-seed3401,25,3,3401,rest,mendeley-S025-rest-R02,mendeley-S025-R02-G00-rest,mendeley-S025-rest-R02,0,validation
mendeley-S25-K3-seed3401,25,3,3401,rest,mendeley-S025-rest-R03,mendeley-S025-R03-G00-rest,mendeley-S025-rest-R03,0,validation
mendeley-S25-K3-seed3401,25,3,3401,rest,mendeley-S025-rest-R04,mendeley-S025-R04-G00-rest,mendeley-S025-rest-R04,0,validation
mendeley-S25-K3-seed3401,25,3,3401,wrist_extension,mendeley-S025-wrist_extension-R01,mendeley-S025-R01-G01-wrist_extension,mendeley-S025-wrist_extension-R01,0,validation
mendeley-S25-K3-seed3401,25,3,3401,wrist_extension,mendeley-S025-wrist_extension-R04,mendeley-S025-R04-G01-wrist_extension,mendeley-S025-wrist_extension-R04,0,validation
mendeley-S25-K3-seed3401,25,3,3401,wrist_extension,mendeley-S025-wrist_extension-R05,mendeley-S025-R05-G01-wrist_extension,mendeley-S025-wrist_extension-R05,0,validation
mendeley-S25-K3-seed3401,25,3,3401,wrist_flexion,mendeley-S025-wrist_flexion-R01,mendeley-S025-R01-G02-wrist_flexion,mendeley-S025-wrist_flexion-R01,0,validation
mendeley-S25-K3-seed3401,25,3,3401,wrist_flexion,mendeley-S025-wrist_flexion-R03,mendeley-S025-R03-G02-wrist_flexion,mendeley-S025-wrist_flexion-R03,0,validation
mendeley-S25-K3-seed3401,25,3,3401,wrist_flexion,mendeley-S025-wrist_flexion-R05,mendeley-S025-R05-G02-wrist_flexion,mendeley-S025-wrist_flexion-R05,0,validation
mendeley-S35-K3-seed3401,35,3,3401,hand_close,mendeley-S035-grip-R01,mendeley-S035-R01-G05-grip,mendeley-S035-grip-R01,0,validation
mendeley-S35-K3-seed3401,35,3,3401,hand_close,mendeley-S035-grip-R03,mendeley-S035-R03-G05-grip,mendeley-S035-grip-R03,0,validation
mendeley-S35-K3-seed3401,35,3,3401,hand_close,mendeley-S035-grip-R04,mendeley-S035-R04-G05-grip,mendeley-S035-grip-R04,0,validation
mendeley-S35-K3-seed3401,35,3,3401,rest,mendeley-S035-rest-R02,mendeley-S035-R02-G00-rest,mendeley-S035-rest-R02,0,validation
mendeley-S35-K3-seed3401,35,3,3401,rest,mendeley-S035-rest-R04,mendeley-S035-R04-G00-rest,mendeley-S035-rest-R04,0,validation
mendeley-S35-K3-seed3401,35,3,3401,rest,mendeley-S035-rest-R05,mendeley-S035-R05-G00-rest,mendeley-S035-rest-R05,0,validation
mendeley-S35-K3-seed3401,35,3,3401,wrist_extension,mendeley-S035-wrist_extension-R03,mendeley-S035-R03-G01-wrist_extension,mendeley-S035-wrist_extension-R03,0,validation
mendeley-S35-K3-seed3401,35,3,3401,wrist_extension,mendeley-S035-wrist_extension-R04,mendeley-S035-R04-G01-wrist_extension,mendeley-S035-wrist_extension-R04,0,validation
mendeley-S35-K3-seed3401,35,3,3401,wrist_extension,mendeley-S035-wrist_extension-R05,mendeley-S035-R05-G01-wrist_extension,mendeley-S035-wrist_extension-R05,0,validation
mendeley-S35-K3-seed3401,35,3,3401,wrist_flexion,mendeley-S035-wrist_flexion-R01,mendeley-S035-R01-G02-wrist_flexion,mendeley-S035-wrist_flexion-R01,0,validation
mendeley-S35-K3-seed3401,35,3,3401,wrist_flexion,mendeley-S035-wrist_flexion-R02,mendeley-S035-R02-G02-wrist_flexion,mendeley-S035-wrist_flexion-R02,0,validation
mendeley-S35-K3-seed3401,35,3,3401,wrist_flexion,mendeley-S035-wrist_flexion-R05,mendeley-S035-R05-G02-wrist_flexion,mendeley-S035-wrist_flexion-R05,0,validation
mendeley-S40-K3-seed3401,40,3,3401,hand_close,mendeley-S040-grip-R01,mendeley-S040-R01-G05-grip,mendeley-S040-grip-R01,0,validation
mendeley-S40-K3-seed3401,40,3,3401,hand_close,mendeley-S040-grip-R03,mendeley-S040-R03-G05-grip,mendeley-S040-grip-R03,0,validation
mendeley-S40-K3-seed3401,40,3,3401,hand_close,mendeley-S040-grip-R04,mendeley-S040-R04-G05-grip,mendeley-S040-grip-R04,0,validation
mendeley-S40-K3-seed3401,40,3,3401,rest,mendeley-S040-rest-R02,mendeley-S040-R02-G00-rest,mendeley-S040-rest-R02,0,validation
mendeley-S40-K3-seed3401,40,3,3401,rest,mendeley-S040-rest-R03,mendeley-S040-R03-G00-rest,mendeley-S040-rest-R03,0,validation
mendeley-S40-K3-seed3401,40,3,3401,rest,mendeley-S040-rest-R05,mendeley-S040-R05-G00-rest,mendeley-S040-rest-R05,0,validation
mendeley-S40-K3-seed3401,40,3,3401,wrist_extension,mendeley-S040-wrist_extension-R03,mendeley-S040-R03-G01-wrist_extension,mendeley-S040-wrist_extension-R03,0,validation
mendeley-S40-K3-seed3401,40,3,3401,wrist_extension,mendeley-S040-wrist_extension-R04,mendeley-S040-R04-G01-wrist_extension,mendeley-S040-wrist_extension-R04,0,validation
mendeley-S40-K3-seed3401,40,3,3401,wrist_extension,mendeley-S040-wrist_extension-R05,mendeley-S040-R05-G01-wrist_extension,mendeley-S040-wrist_extension-R05,0,validation
mendeley-S40-K3-seed3401,40,3,3401,wrist_flexion,mendeley-S040-wrist_flexion-R01,mendeley-S040-R01-G02-wrist_flexion,mendeley-S040-wrist_flexion-R01,0,validation
mendeley-S40-K3-seed3401,40,3,3401,wrist_flexion,mendeley-S040-wrist_flexion-R03,mendeley-S040-R03-G02-wrist_flexion,mendeley-S040-wrist_flexion-R03,0,validation
mendeley-S40-K3-seed3401,40,3,3401,wrist_flexion,mendeley-S040-wrist_flexion-R05,mendeley-S040-R05-G02-wrist_flexion,mendeley-S040-wrist_flexion-R05,0,validation
mendeley-S6-K3-seed3401,6,3,3401,hand_close,mendeley-S006-grip-R01,mendeley-S006-R01-G05-grip,mendeley-S006-grip-R01,0,validation
mendeley-S6-K3-seed3401,6,3,3401,hand_close,mendeley-S006-grip-R02,mendeley-S006-R02-G05-grip,mendeley-S006-grip-R02,0,validation
mendeley-S6-K3-seed3401,6,3,3401,hand_close,mendeley-S006-grip-R03,mendeley-S006-R03-G05-grip,mendeley-S006-grip-R03,0,validation
mendeley-S6-K3-seed3401,6,3,3401,rest,mendeley-S006-rest-R01,mendeley-S006-R01-G00-rest,mendeley-S006-rest-R01,0,validation
mendeley-S6-K3-seed3401,6,3,3401,rest,mendeley-S006-rest-R02,mendeley-S006-R02-G00-rest,mendeley-S006-rest-R02,0,validation
mendeley-S6-K3-seed3401,6,3,3401,rest,mendeley-S006-rest-R03,mendeley-S006-R03-G00-rest,mendeley-S006-rest-R03,0,validation
mendeley-S6-K3-seed3401,6,3,3401,wrist_extension,mendeley-S006-wrist_extension-R01,mendeley-S006-R01-G01-wrist_extension,mendeley-S006-wrist_extension-R01,0,validation
mendeley-S6-K3-seed3401,6,3,3401,wrist_extension,mendeley-S006-wrist_extension-R02,mendeley-S006-R02-G01-wrist_extension,mendeley-S006-wrist_extension-R02,0,validation
mendeley-S6-K3-seed3401,6,3,3401,wrist_extension,mendeley-S006-wrist_extension-R05,mendeley-S006-R05-G01-wrist_extension,mendeley-S006-wrist_extension-R05,0,validation
mendeley-S6-K3-seed3401,6,3,3401,wrist_flexion,mendeley-S006-wrist_flexion-R02,mendeley-S006-R02-G02-wrist_flexion,mendeley-S006-wrist_flexion-R02,0,validation
mendeley-S6-K3-seed3401,6,3,3401,wrist_flexion,mendeley-S006-wrist_flexion-R03,mendeley-S006-R03-G02-wrist_flexion,mendeley-S006-wrist_flexion-R03,0,validation
mendeley-S6-K3-seed3401,6,3,3401,wrist_flexion,mendeley-S006-wrist_flexion-R04,mendeley-S006-R04-G02-wrist_flexion,mendeley-S006-wrist_flexion-R04,0,validation
mendeley-S10-K3-seed3402,10,3,3402,hand_close,mendeley-S010-grip-R02,mendeley-S010-R02-G05-grip,mendeley-S010-grip-R02,0,validation
mendeley-S10-K3-seed3402,10,3,3402,hand_close,mendeley-S010-grip-R03,mendeley-S010-R03-G05-grip,mendeley-S010-grip-R03,0,validation
mendeley-S10-K3-seed3402,10,3,3402,hand_close,mendeley-S010-grip-R04,mendeley-S010-R04-G05-grip,mendeley-S010-grip-R04,0,validation
mendeley-S10-K3-seed3402,10,3,3402,rest,mendeley-S010-rest-R03,mendeley-S010-R03-G00-rest,mendeley-S010-rest-R03,0,validation
mendeley-S10-K3-seed3402,10,3,3402,rest,mendeley-S010-rest-R04,mendeley-S010-R04-G00-rest,mendeley-S010-rest-R04,0,validation
mendeley-S10-K3-seed3402,10,3,3402,rest,mendeley-S010-rest-R05,mendeley-S010-R05-G00-rest,mendeley-S010-rest-R05,0,validation
mendeley-S10-K3-seed3402,10,3,3402,wrist_extension,mendeley-S010-wrist_extension-R01,mendeley-S010-R01-G01-wrist_extension,mendeley-S010-wrist_extension-R01,0,validation
mendeley-S10-K3-seed3402,10,3,3402,wrist_extension,mendeley-S010-wrist_extension-R02,mendeley-S010-R02-G01-wrist_extension,mendeley-S010-wrist_extension-R02,0,validation
mendeley-S10-K3-seed3402,10,3,3402,wrist_extension,mendeley-S010-wrist_extension-R03,mendeley-S010-R03-G01-wrist_extension,mendeley-S010-wrist_extension-R03,0,validation
mendeley-S10-K3-seed3402,10,3,3402,wrist_flexion,mendeley-S010-wrist_flexion-R02,mendeley-S010-R02-G02-wrist_flexion,mendeley-S010-wrist_flexion-R02,0,validation
mendeley-S10-K3-seed3402,10,3,3402,wrist_flexion,mendeley-S010-wrist_flexion-R04,mendeley-S010-R04-G02-wrist_flexion,mendeley-S010-wrist_flexion-R04,0,validation
mendeley-S10-K3-seed3402,10,3,3402,wrist_flexion,mendeley-S010-wrist_flexion-R05,mendeley-S010-R05-G02-wrist_flexion,mendeley-S010-wrist_flexion-R05,0,validation
mendeley-S15-K3-seed3402,15,3,3402,hand_close,mendeley-S015-grip-R01,mendeley-S015-R01-G05-grip,mendeley-S015-grip-R01,0,validation
mendeley-S15-K3-seed3402,15,3,3402,hand_close,mendeley-S015-grip-R02,mendeley-S015-R02-G05-grip,mendeley-S015-grip-R02,0,validation
mendeley-S15-K3-seed3402,15,3,3402,hand_close,mendeley-S015-grip-R03,mendeley-S015-R03-G05-grip,mendeley-S015-grip-R03,0,validation
mendeley-S15-K3-seed3402,15,3,3402,rest,mendeley-S015-rest-R02,mendeley-S015-R02-G00-rest,mendeley-S015-rest-R02,0,validation
mendeley-S15-K3-seed3402,15,3,3402,rest,mendeley-S015-rest-R03,mendeley-S015-R03-G00-rest,mendeley-S015-rest-R03,0,validation
mendeley-S15-K3-seed3402,15,3,3402,rest,mendeley-S015-rest-R04,mendeley-S015-R04-G00-rest,mendeley-S015-rest-R04,0,validation
mendeley-S15-K3-seed3402,15,3,3402,wrist_extension,mendeley-S015-wrist_extension-R01,mendeley-S015-R01-G01-wrist_extension,mendeley-S015-wrist_extension-R01,0,validation
mendeley-S15-K3-seed3402,15,3,3402,wrist_extension,mendeley-S015-wrist_extension-R03,mendeley-S015-R03-G01-wrist_extension,mendeley-S015-wrist_extension-R03,0,validation
mendeley-S15-K3-seed3402,15,3,3402,wrist_extension,mendeley-S015-wrist_extension-R04,mendeley-S015-R04-G01-wrist_extension,mendeley-S015-wrist_extension-R04,0,validation
mendeley-S15-K3-seed3402,15,3,3402,wrist_flexion,mendeley-S015-wrist_flexion-R01,mendeley-S015-R01-G02-wrist_flexion,mendeley-S015-wrist_flexion-R01,0,validation
mendeley-S15-K3-seed3402,15,3,3402,wrist_flexion,mendeley-S015-wrist_flexion-R03,mendeley-S015-R03-G02-wrist_flexion,mendeley-S015-wrist_flexion-R03,0,validation
mendeley-S15-K3-seed3402,15,3,3402,wrist_flexion,mendeley-S015-wrist_flexion-R04,mendeley-S015-R04-G02-wrist_flexion,mendeley-S015-wrist_flexion-R04,0,validation
mendeley-S21-K3-seed3402,21,3,3402,hand_close,mendeley-S021-grip-R01,mendeley-S021-R01-G05-grip,mendeley-S021-grip-R01,0,validation
mendeley-S21-K3-seed3402,21,3,3402,hand_close,mendeley-S021-grip-R03,mendeley-S021-R03-G05-grip,mendeley-S021-grip-R03,0,validation
mendeley-S21-K3-seed3402,21,3,3402,hand_close,mendeley-S021-grip-R04,mendeley-S021-R04-G05-grip,mendeley-S021-grip-R04,0,validation
mendeley-S21-K3-seed3402,21,3,3402,rest,mendeley-S021-rest-R01,mendeley-S021-R01-G00-rest,mendeley-S021-rest-R01,0,validation
mendeley-S21-K3-seed3402,21,3,3402,rest,mendeley-S021-rest-R04,mendeley-S021-R04-G00-rest,mendeley-S021-rest-R04,0,validation
mendeley-S21-K3-seed3402,21,3,3402,rest,mendeley-S021-rest-R05,mendeley-S021-R05-G00-rest,mendeley-S021-rest-R05,0,validation
mendeley-S21-K3-seed3402,21,3,3402,wrist_extension,mendeley-S021-wrist_extension-R02,mendeley-S021-R02-G01-wrist_extension,mendeley-S021-wrist_extension-R02,0,validation
mendeley-S21-K3-seed3402,21,3,3402,wrist_extension,mendeley-S021-wrist_extension-R03,mendeley-S021-R03-G01-wrist_extension,mendeley-S021-wrist_extension-R03,0,validation
mendeley-S21-K3-seed3402,21,3,3402,wrist_extension,mendeley-S021-wrist_extension-R04,mendeley-S021-R04-G01-wrist_extension,mendeley-S021-wrist_extension-R04,0,validation
mendeley-S21-K3-seed3402,21,3,3402,wrist_flexion,mendeley-S021-wrist_flexion-R02,mendeley-S021-R02-G02-wrist_flexion,mendeley-S021-wrist_flexion-R02,0,validation
mendeley-S21-K3-seed3402,21,3,3402,wrist_flexion,mendeley-S021-wrist_flexion-R03,mendeley-S021-R03-G02-wrist_flexion,mendeley-S021-wrist_flexion-R03,0,validation
mendeley-S21-K3-seed3402,21,3,3402,wrist_flexion,mendeley-S021-wrist_flexion-R05,mendeley-S021-R05-G02-wrist_flexion,mendeley-S021-wrist_flexion-R05,0,validation
mendeley-S23-K3-seed3402,23,3,3402,hand_close,mendeley-S023-grip-R01,mendeley-S023-R01-G05-grip,mendeley-S023-grip-R01,0,validation
mendeley-S23-K3-seed3402,23,3,3402,hand_close,mendeley-S023-grip-R02,mendeley-S023-R02-G05-grip,mendeley-S023-grip-R02,0,validation
mendeley-S23-K3-seed3402,23,3,3402,hand_close,mendeley-S023-grip-R04,mendeley-S023-R04-G05-grip,mendeley-S023-grip-R04,0,validation
mendeley-S23-K3-seed3402,23,3,3402,rest,mendeley-S023-rest-R01,mendeley-S023-R01-G00-rest,mendeley-S023-rest-R01,0,validation
mendeley-S23-K3-seed3402,23,3,3402,rest,mendeley-S023-rest-R02,mendeley-S023-R02-G00-rest,mendeley-S023-rest-R02,0,validation
mendeley-S23-K3-seed3402,23,3,3402,rest,mendeley-S023-rest-R05,mendeley-S023-R05-G00-rest,mendeley-S023-rest-R05,0,validation
mendeley-S23-K3-seed3402,23,3,3402,wrist_extension,mendeley-S023-wrist_extension-R02,mendeley-S023-R02-G01-wrist_extension,mendeley-S023-wrist_extension-R02,0,validation
mendeley-S23-K3-seed3402,23,3,3402,wrist_extension,mendeley-S023-wrist_extension-R03,mendeley-S023-R03-G01-wrist_extension,mendeley-S023-wrist_extension-R03,0,validation
mendeley-S23-K3-seed3402,23,3,3402,wrist_extension,mendeley-S023-wrist_extension-R05,mendeley-S023-R05-G01-wrist_extension,mendeley-S023-wrist_extension-R05,0,validation
mendeley-S23-K3-seed3402,23,3,3402,wrist_flexion,mendeley-S023-wrist_flexion-R01,mendeley-S023-R01-G02-wrist_flexion,mendeley-S023-wrist_flexion-R01,0,validation
mendeley-S23-K3-seed3402,23,3,3402,wrist_flexion,mendeley-S023-wrist_flexion-R04,mendeley-S023-R04-G02-wrist_flexion,mendeley-S023-wrist_flexion-R04,0,validation
mendeley-S23-K3-seed3402,23,3,3402,wrist_flexion,mendeley-S023-wrist_flexion-R05,mendeley-S023-R05-G02-wrist_flexion,mendeley-S023-wrist_flexion-R05,0,validation
mendeley-S25-K3-seed3402,25,3,3402,hand_close,mendeley-S025-grip-R01,mendeley-S025-R01-G05-grip,mendeley-S025-grip-R01,0,validation
mendeley-S25-K3-seed3402,25,3,3402,hand_close,mendeley-S025-grip-R03,mendeley-S025-R03-G05-grip,mendeley-S025-grip-R03,0,validation
mendeley-S25-K3-seed3402,25,3,3402,hand_close,mendeley-S025-grip-R04,mendeley-S025-R04-G05-grip,mendeley-S025-grip-R04,0,validation
mendeley-S25-K3-seed3402,25,3,3402,rest,mendeley-S025-rest-R01,mendeley-S025-R01-G00-rest,mendeley-S025-rest-R01,0,validation
mendeley-S25-K3-seed3402,25,3,3402,rest,mendeley-S025-rest-R02,mendeley-S025-R02-G00-rest,mendeley-S025-rest-R02,0,validation
mendeley-S25-K3-seed3402,25,3,3402,rest,mendeley-S025-rest-R03,mendeley-S025-R03-G00-rest,mendeley-S025-rest-R03,0,validation
mendeley-S25-K3-seed3402,25,3,3402,wrist_extension,mendeley-S025-wrist_extension-R01,mendeley-S025-R01-G01-wrist_extension,mendeley-S025-wrist_extension-R01,0,validation
mendeley-S25-K3-seed3402,25,3,3402,wrist_extension,mendeley-S025-wrist_extension-R02,mendeley-S025-R02-G01-wrist_extension,mendeley-S025-wrist_extension-R02,0,validation
mendeley-S25-K3-seed3402,25,3,3402,wrist_extension,mendeley-S025-wrist_extension-R03,mendeley-S025-R03-G01-wrist_extension,mendeley-S025-wrist_extension-R03,0,validation
mendeley-S25-K3-seed3402,25,3,3402,wrist_flexion,mendeley-S025-wrist_flexion-R03,mendeley-S025-R03-G02-wrist_flexion,mendeley-S025-wrist_flexion-R03,0,validation
mendeley-S25-K3-seed3402,25,3,3402,wrist_flexion,mendeley-S025-wrist_flexion-R04,mendeley-S025-R04-G02-wrist_flexion,mendeley-S025-wrist_flexion-R04,0,validation
mendeley-S25-K3-seed3402,25,3,3402,wrist_flexion,mendeley-S025-wrist_flexion-R05,mendeley-S025-R05-G02-wrist_flexion,mendeley-S025-wrist_flexion-R05,0,validation
mendeley-S35-K3-seed3402,35,3,3402,hand_close,mendeley-S035-grip-R02,mendeley-S035-R02-G05-grip,mendeley-S035-grip-R02,0,validation
mendeley-S35-K3-seed3402,35,3,3402,hand_close,mendeley-S035-grip-R03,mendeley-S035-R03-G05-grip,mendeley-S035-grip-R03,0,validation
mendeley-S35-K3-seed3402,35,3,3402,hand_close,mendeley-S035-grip-R05,mendeley-S035-R05-G05-grip,mendeley-S035-grip-R05,0,validation
mendeley-S35-K3-seed3402,35,3,3402,rest,mendeley-S035-rest-R01,mendeley-S035-R01-G00-rest,mendeley-S035-rest-R01,0,validation
mendeley-S35-K3-seed3402,35,3,3402,rest,mendeley-S035-rest-R02,mendeley-S035-R02-G00-rest,mendeley-S035-rest-R02,0,validation
mendeley-S35-K3-seed3402,35,3,3402,rest,mendeley-S035-rest-R03,mendeley-S035-R03-G00-rest,mendeley-S035-rest-R03,0,validation
mendeley-S35-K3-seed3402,35,3,3402,wrist_extension,mendeley-S035-wrist_extension-R02,mendeley-S035-R02-G01-wrist_extension,mendeley-S035-wrist_extension-R02,0,validation
mendeley-S35-K3-seed3402,35,3,3402,wrist_extension,mendeley-S035-wrist_extension-R04,mendeley-S035-R04-G01-wrist_extension,mendeley-S035-wrist_extension-R04,0,validation
mendeley-S35-K3-seed3402,35,3,3402,wrist_extension,mendeley-S035-wrist_extension-R05,mendeley-S035-R05-G01-wrist_extension,mendeley-S035-wrist_extension-R05,0,validation
mendeley-S35-K3-seed3402,35,3,3402,wrist_flexion,mendeley-S035-wrist_flexion-R02,mendeley-S035-R02-G02-wrist_flexion,mendeley-S035-wrist_flexion-R02,0,validation
mendeley-S35-K3-seed3402,35,3,3402,wrist_flexion,mendeley-S035-wrist_flexion-R04,mendeley-S035-R04-G02-wrist_flexion,mendeley-S035-wrist_flexion-R04,0,validation
mendeley-S35-K3-seed3402,35,3,3402,wrist_flexion,mendeley-S035-wrist_flexion-R05,mendeley-S035-R05-G02-wrist_flexion,mendeley-S035-wrist_flexion-R05,0,validation
mendeley-S40-K3-seed3402,40,3,3402,hand_close,mendeley-S040-grip-R01,mendeley-S040-R01-G05-grip,mendeley-S040-grip-R01,0,validation
mendeley-S40-K3-seed3402,40,3,3402,hand_close,mendeley-S040-grip-R02,mendeley-S040-R02-G05-grip,mendeley-S040-grip-R02,0,validation
mendeley-S40-K3-seed3402,40,3,3402,hand_close,mendeley-S040-grip-R04,mendeley-S040-R04-G05-grip,mendeley-S040-grip-R04,0,validation
mendeley-S40-K3-seed3402,40,3,3402,rest,mendeley-S040-rest-R01,mendeley-S040-R01-G00-rest,mendeley-S040-rest-R01,0,validation
mendeley-S40-K3-seed3402,40,3,3402,rest,mendeley-S040-rest-R04,mendeley-S040-R04-G00-rest,mendeley-S040-rest-R04,0,validation
mendeley-S40-K3-seed3402,40,3,3402,rest,mendeley-S040-rest-R05,mendeley-S040-R05-G00-rest,mendeley-S040-rest-R05,0,validation
mendeley-S40-K3-seed3402,40,3,3402,wrist_extension,mendeley-S040-wrist_extension-R02,mendeley-S040-R02-G01-wrist_extension,mendeley-S040-wrist_extension-R02,0,validation
mendeley-S40-K3-seed3402,40,3,3402,wrist_extension,mendeley-S040-wrist_extension-R04,mendeley-S040-R04-G01-wrist_extension,mendeley-S040-wrist_extension-R04,0,validation
mendeley-S40-K3-seed3402,40,3,3402,wrist_extension,mendeley-S040-wrist_extension-R05,mendeley-S040-R05-G01-wrist_extension,mendeley-S040-wrist_extension-R05,0,validation
mendeley-S40-K3-seed3402,40,3,3402,wrist_flexion,mendeley-S040-wrist_flexion-R01,mendeley-S040-R01-G02-wrist_flexion,mendeley-S040-wrist_flexion-R01,0,validation
mendeley-S40-K3-seed3402,40,3,3402,wrist_flexion,mendeley-S040-wrist_flexion-R03,mendeley-S040-R03-G02-wrist_flexion,mendeley-S040-wrist_flexion-R03,0,validation
mendeley-S40-K3-seed3402,40,3,3402,wrist_flexion,mendeley-S040-wrist_flexion-R05,mendeley-S040-R05-G02-wrist_flexion,mendeley-S040-wrist_flexion-R05,0,validation
mendeley-S6-K3-seed3402,6,3,3402,hand_close,mendeley-S006-grip-R01,mendeley-S006-R01-G05-grip,mendeley-S006-grip-R01,0,validation
mendeley-S6-K3-seed3402,6,3,3402,hand_close,mendeley-S006-grip-R03,mendeley-S006-R03-G05-grip,mendeley-S006-grip-R03,0,validation
mendeley-S6-K3-seed3402,6,3,3402,hand_close,mendeley-S006-grip-R05,mendeley-S006-R05-G05-grip,mendeley-S006-grip-R05,0,validation
mendeley-S6-K3-seed3402,6,3,3402,rest,mendeley-S006-rest-R02,mendeley-S006-R02-G00-rest,mendeley-S006-rest-R02,0,validation
mendeley-S6-K3-seed3402,6,3,3402,rest,mendeley-S006-rest-R04,mendeley-S006-R04-G00-rest,mendeley-S006-rest-R04,0,validation
mendeley-S6-K3-seed3402,6,3,3402,rest,mendeley-S006-rest-R05,mendeley-S006-R05-G00-rest,mendeley-S006-rest-R05,0,validation
mendeley-S6-K3-seed3402,6,3,3402,wrist_extension,mendeley-S006-wrist_extension-R01,mendeley-S006-R01-G01-wrist_extension,mendeley-S006-wrist_extension-R01,0,validation
mendeley-S6-K3-seed3402,6,3,3402,wrist_extension,mendeley-S006-wrist_extension-R04,mendeley-S006-R04-G01-wrist_extension,mendeley-S006-wrist_extension-R04,0,validation
mendeley-S6-K3-seed3402,6,3,3402,wrist_extension,mendeley-S006-wrist_extension-R05,mendeley-S006-R05-G01-wrist_extension,mendeley-S006-wrist_extension-R05,0,validation
mendeley-S6-K3-seed3402,6,3,3402,wrist_flexion,mendeley-S006-wrist_flexion-R01,mendeley-S006-R01-G02-wrist_flexion,mendeley-S006-wrist_flexion-R01,0,validation
mendeley-S6-K3-seed3402,6,3,3402,wrist_flexion,mendeley-S006-wrist_flexion-R02,mendeley-S006-R02-G02-wrist_flexion,mendeley-S006-wrist_flexion-R02,0,validation
mendeley-S6-K3-seed3402,6,3,3402,wrist_flexion,mendeley-S006-wrist_flexion-R04,mendeley-S006-R04-G02-wrist_flexion,mendeley-S006-wrist_flexion-R04,0,validation
mendeley-S10-K3-seed3403,10,3,3403,hand_close,mendeley-S010-grip-R03,mendeley-S010-R03-G05-grip,mendeley-S010-grip-R03,0,validation
mendeley-S10-K3-seed3403,10,3,3403,hand_close,mendeley-S010-grip-R04,mendeley-S010-R04-G05-grip,mendeley-S010-grip-R04,0,validation
mendeley-S10-K3-seed3403,10,3,3403,hand_close,mendeley-S010-grip-R05,mendeley-S010-R05-G05-grip,mendeley-S010-grip-R05,0,validation
mendeley-S10-K3-seed3403,10,3,3403,rest,mendeley-S010-rest-R01,mendeley-S010-R01-G00-rest,mendeley-S010-rest-R01,0,validation
mendeley-S10-K3-seed3403,10,3,3403,rest,mendeley-S010-rest-R03,mendeley-S010-R03-G00-rest,mendeley-S010-rest-R03,0,validation
mendeley-S10-K3-seed3403,10,3,3403,rest,mendeley-S010-rest-R04,mendeley-S010-R04-G00-rest,mendeley-S010-rest-R04,0,validation
mendeley-S10-K3-seed3403,10,3,3403,wrist_extension,mendeley-S010-wrist_extension-R01,mendeley-S010-R01-G01-wrist_extension,mendeley-S010-wrist_extension-R01,0,validation
mendeley-S10-K3-seed3403,10,3,3403,wrist_extension,mendeley-S010-wrist_extension-R03,mendeley-S010-R03-G01-wrist_extension,mendeley-S010-wrist_extension-R03,0,validation
mendeley-S10-K3-seed3403,10,3,3403,wrist_extension,mendeley-S010-wrist_extension-R04,mendeley-S010-R04-G01-wrist_extension,mendeley-S010-wrist_extension-R04,0,validation
mendeley-S10-K3-seed3403,10,3,3403,wrist_flexion,mendeley-S010-wrist_flexion-R03,mendeley-S010-R03-G02-wrist_flexion,mendeley-S010-wrist_flexion-R03,0,validation
mendeley-S10-K3-seed3403,10,3,3403,wrist_flexion,mendeley-S010-wrist_flexion-R04,mendeley-S010-R04-G02-wrist_flexion,mendeley-S010-wrist_flexion-R04,0,validation
mendeley-S10-K3-seed3403,10,3,3403,wrist_flexion,mendeley-S010-wrist_flexion-R05,mendeley-S010-R05-G02-wrist_flexion,mendeley-S010-wrist_flexion-R05,0,validation
mendeley-S15-K3-seed3403,15,3,3403,hand_close,mendeley-S015-grip-R01,mendeley-S015-R01-G05-grip,mendeley-S015-grip-R01,0,validation
mendeley-S15-K3-seed3403,15,3,3403,hand_close,mendeley-S015-grip-R03,mendeley-S015-R03-G05-grip,mendeley-S015-grip-R03,0,validation
mendeley-S15-K3-seed3403,15,3,3403,hand_close,mendeley-S015-grip-R04,mendeley-S015-R04-G05-grip,mendeley-S015-grip-R04,0,validation
mendeley-S15-K3-seed3403,15,3,3403,rest,mendeley-S015-rest-R01,mendeley-S015-R01-G00-rest,mendeley-S015-rest-R01,0,validation
mendeley-S15-K3-seed3403,15,3,3403,rest,mendeley-S015-rest-R03,mendeley-S015-R03-G00-rest,mendeley-S015-rest-R03,0,validation
mendeley-S15-K3-seed3403,15,3,3403,rest,mendeley-S015-rest-R04,mendeley-S015-R04-G00-rest,mendeley-S015-rest-R04,0,validation
mendeley-S15-K3-seed3403,15,3,3403,wrist_extension,mendeley-S015-wrist_extension-R03,mendeley-S015-R03-G01-wrist_extension,mendeley-S015-wrist_extension-R03,0,validation
mendeley-S15-K3-seed3403,15,3,3403,wrist_extension,mendeley-S015-wrist_extension-R04,mendeley-S015-R04-G01-wrist_extension,mendeley-S015-wrist_extension-R04,0,validation
mendeley-S15-K3-seed3403,15,3,3403,wrist_extension,mendeley-S015-wrist_extension-R05,mendeley-S015-R05-G01-wrist_extension,mendeley-S015-wrist_extension-R05,0,validation
mendeley-S15-K3-seed3403,15,3,3403,wrist_flexion,mendeley-S015-wrist_flexion-R03,mendeley-S015-R03-G02-wrist_flexion,mendeley-S015-wrist_flexion-R03,0,validation
mendeley-S15-K3-seed3403,15,3,3403,wrist_flexion,mendeley-S015-wrist_flexion-R04,mendeley-S015-R04-G02-wrist_flexion,mendeley-S015-wrist_flexion-R04,0,validation
mendeley-S15-K3-seed3403,15,3,3403,wrist_flexion,mendeley-S015-wrist_flexion-R05,mendeley-S015-R05-G02-wrist_flexion,mendeley-S015-wrist_flexion-R05,0,validation
mendeley-S21-K3-seed3403,21,3,3403,hand_close,mendeley-S021-grip-R01,mendeley-S021-R01-G05-grip,mendeley-S021-grip-R01,0,validation
mendeley-S21-K3-seed3403,21,3,3403,hand_close,mendeley-S021-grip-R04,mendeley-S021-R04-G05-grip,mendeley-S021-grip-R04,0,validation
mendeley-S21-K3-seed3403,21,3,3403,hand_close,mendeley-S021-grip-R05,mendeley-S021-R05-G05-grip,mendeley-S021-grip-R05,0,validation
mendeley-S21-K3-seed3403,21,3,3403,rest,mendeley-S021-rest-R01,mendeley-S021-R01-G00-rest,mendeley-S021-rest-R01,0,validation
mendeley-S21-K3-seed3403,21,3,3403,rest,mendeley-S021-rest-R02,mendeley-S021-R02-G00-rest,mendeley-S021-rest-R02,0,validation
mendeley-S21-K3-seed3403,21,3,3403,rest,mendeley-S021-rest-R05,mendeley-S021-R05-G00-rest,mendeley-S021-rest-R05,0,validation
mendeley-S21-K3-seed3403,21,3,3403,wrist_extension,mendeley-S021-wrist_extension-R01,mendeley-S021-R01-G01-wrist_extension,mendeley-S021-wrist_extension-R01,0,validation
mendeley-S21-K3-seed3403,21,3,3403,wrist_extension,mendeley-S021-wrist_extension-R02,mendeley-S021-R02-G01-wrist_extension,mendeley-S021-wrist_extension-R02,0,validation
mendeley-S21-K3-seed3403,21,3,3403,wrist_extension,mendeley-S021-wrist_extension-R03,mendeley-S021-R03-G01-wrist_extension,mendeley-S021-wrist_extension-R03,0,validation
mendeley-S21-K3-seed3403,21,3,3403,wrist_flexion,mendeley-S021-wrist_flexion-R01,mendeley-S021-R01-G02-wrist_flexion,mendeley-S021-wrist_flexion-R01,0,validation
mendeley-S21-K3-seed3403,21,3,3403,wrist_flexion,mendeley-S021-wrist_flexion-R03,mendeley-S021-R03-G02-wrist_flexion,mendeley-S021-wrist_flexion-R03,0,validation
mendeley-S21-K3-seed3403,21,3,3403,wrist_flexion,mendeley-S021-wrist_flexion-R04,mendeley-S021-R04-G02-wrist_flexion,mendeley-S021-wrist_flexion-R04,0,validation
mendeley-S23-K3-seed3403,23,3,3403,hand_close,mendeley-S023-grip-R01,mendeley-S023-R01-G05-grip,mendeley-S023-grip-R01,0,validation
mendeley-S23-K3-seed3403,23,3,3403,hand_close,mendeley-S023-grip-R03,mendeley-S023-R03-G05-grip,mendeley-S023-grip-R03,0,validation
mendeley-S23-K3-seed3403,23,3,3403,hand_close,mendeley-S023-grip-R05,mendeley-S023-R05-G05-grip,mendeley-S023-grip-R05,0,validation
mendeley-S23-K3-seed3403,23,3,3403,rest,mendeley-S023-rest-R02,mendeley-S023-R02-G00-rest,mendeley-S023-rest-R02,0,validation
mendeley-S23-K3-seed3403,23,3,3403,rest,mendeley-S023-rest-R03,mendeley-S023-R03-G00-rest,mendeley-S023-rest-R03,0,validation
mendeley-S23-K3-seed3403,23,3,3403,rest,mendeley-S023-rest-R04,mendeley-S023-R04-G00-rest,mendeley-S023-rest-R04,0,validation
mendeley-S23-K3-seed3403,23,3,3403,wrist_extension,mendeley-S023-wrist_extension-R01,mendeley-S023-R01-G01-wrist_extension,mendeley-S023-wrist_extension-R01,0,validation
mendeley-S23-K3-seed3403,23,3,3403,wrist_extension,mendeley-S023-wrist_extension-R03,mendeley-S023-R03-G01-wrist_extension,mendeley-S023-wrist_extension-R03,0,validation
mendeley-S23-K3-seed3403,23,3,3403,wrist_extension,mendeley-S023-wrist_extension-R05,mendeley-S023-R05-G01-wrist_extension,mendeley-S023-wrist_extension-R05,0,validation
mendeley-S23-K3-seed3403,23,3,3403,wrist_flexion,mendeley-S023-wrist_flexion-R01,mendeley-S023-R01-G02-wrist_flexion,mendeley-S023-wrist_flexion-R01,0,validation
mendeley-S23-K3-seed3403,23,3,3403,wrist_flexion,mendeley-S023-wrist_flexion-R03,mendeley-S023-R03-G02-wrist_flexion,mendeley-S023-wrist_flexion-R03,0,validation
mendeley-S23-K3-seed3403,23,3,3403,wrist_flexion,mendeley-S023-wrist_flexion-R04,mendeley-S023-R04-G02-wrist_flexion,mendeley-S023-wrist_flexion-R04,0,validation
mendeley-S25-K3-seed3403,25,3,3403,hand_close,mendeley-S025-grip-R01,mendeley-S025-R01-G05-grip,mendeley-S025-grip-R01,0,validation
mendeley-S25-K3-seed3403,25,3,3403,hand_close,mendeley-S025-grip-R03,mendeley-S025-R03-G05-grip,mendeley-S025-grip-R03,0,validation
mendeley-S25-K3-seed3403,25,3,3403,hand_close,mendeley-S025-grip-R04,mendeley-S025-R04-G05-grip,mendeley-S025-grip-R04,0,validation
mendeley-S25-K3-seed3403,25,3,3403,rest,mendeley-S025-rest-R02,mendeley-S025-R02-G00-rest,mendeley-S025-rest-R02,0,validation
mendeley-S25-K3-seed3403,25,3,3403,rest,mendeley-S025-rest-R04,mendeley-S025-R04-G00-rest,mendeley-S025-rest-R04,0,validation
mendeley-S25-K3-seed3403,25,3,3403,rest,mendeley-S025-rest-R05,mendeley-S025-R05-G00-rest,mendeley-S025-rest-R05,0,validation
mendeley-S25-K3-seed3403,25,3,3403,wrist_extension,mendeley-S025-wrist_extension-R01,mendeley-S025-R01-G01-wrist_extension,mendeley-S025-wrist_extension-R01,0,validation
mendeley-S25-K3-seed3403,25,3,3403,wrist_extension,mendeley-S025-wrist_extension-R03,mendeley-S025-R03-G01-wrist_extension,mendeley-S025-wrist_extension-R03,0,validation
mendeley-S25-K3-seed3403,25,3,3403,wrist_extension,mendeley-S025-wrist_extension-R04,mendeley-S025-R04-G01-wrist_extension,mendeley-S025-wrist_extension-R04,0,validation
mendeley-S25-K3-seed3403,25,3,3403,wrist_flexion,mendeley-S025-wrist_flexion-R02,mendeley-S025-R02-G02-wrist_flexion,mendeley-S025-wrist_flexion-R02,0,validation
mendeley-S25-K3-seed3403,25,3,3403,wrist_flexion,mendeley-S025-wrist_flexion-R03,mendeley-S025-R03-G02-wrist_flexion,mendeley-S025-wrist_flexion-R03,0,validation
mendeley-S25-K3-seed3403,25,3,3403,wrist_flexion,mendeley-S025-wrist_flexion-R05,mendeley-S025-R05-G02-wrist_flexion,mendeley-S025-wrist_flexion-R05,0,validation
mendeley-S35-K3-seed3403,35,3,3403,hand_close,mendeley-S035-grip-R01,mendeley-S035-R01-G05-grip,mendeley-S035-grip-R01,0,validation
mendeley-S35-K3-seed3403,35,3,3403,hand_close,mendeley-S035-grip-R02,mendeley-S035-R02-G05-grip,mendeley-S035-grip-R02,0,validation
mendeley-S35-K3-seed3403,35,3,3403,hand_close,mendeley-S035-grip-R05,mendeley-S035-R05-G05-grip,mendeley-S035-grip-R05,0,validation
mendeley-S35-K3-seed3403,35,3,3403,rest,mendeley-S035-rest-R01,mendeley-S035-R01-G00-rest,mendeley-S035-rest-R01,0,validation
mendeley-S35-K3-seed3403,35,3,3403,rest,mendeley-S035-rest-R03,mendeley-S035-R03-G00-rest,mendeley-S035-rest-R03,0,validation
mendeley-S35-K3-seed3403,35,3,3403,rest,mendeley-S035-rest-R05,mendeley-S035-R05-G00-rest,mendeley-S035-rest-R05,0,validation
mendeley-S35-K3-seed3403,35,3,3403,wrist_extension,mendeley-S035-wrist_extension-R02,mendeley-S035-R02-G01-wrist_extension,mendeley-S035-wrist_extension-R02,0,validation
mendeley-S35-K3-seed3403,35,3,3403,wrist_extension,mendeley-S035-wrist_extension-R04,mendeley-S035-R04-G01-wrist_extension,mendeley-S035-wrist_extension-R04,0,validation
mendeley-S35-K3-seed3403,35,3,3403,wrist_extension,mendeley-S035-wrist_extension-R05,mendeley-S035-R05-G01-wrist_extension,mendeley-S035-wrist_extension-R05,0,validation
mendeley-S35-K3-seed3403,35,3,3403,wrist_flexion,mendeley-S035-wrist_flexion-R01,mendeley-S035-R01-G02-wrist_flexion,mendeley-S035-wrist_flexion-R01,0,validation
mendeley-S35-K3-seed3403,35,3,3403,wrist_flexion,mendeley-S035-wrist_flexion-R03,mendeley-S035-R03-G02-wrist_flexion,mendeley-S035-wrist_flexion-R03,0,validation
mendeley-S35-K3-seed3403,35,3,3403,wrist_flexion,mendeley-S035-wrist_flexion-R04,mendeley-S035-R04-G02-wrist_flexion,mendeley-S035-wrist_flexion-R04,0,validation
mendeley-S40-K3-seed3403,40,3,3403,hand_close,mendeley-S040-grip-R01,mendeley-S040-R01-G05-grip,mendeley-S040-grip-R01,0,validation
mendeley-S40-K3-seed3403,40,3,3403,hand_close,mendeley-S040-grip-R02,mendeley-S040-R02-G05-grip,mendeley-S040-grip-R02,0,validation
mendeley-S40-K3-seed3403,40,3,3403,hand_close,mendeley-S040-grip-R04,mendeley-S040-R04-G05-grip,mendeley-S040-grip-R04,0,validation
mendeley-S40-K3-seed3403,40,3,3403,rest,mendeley-S040-rest-R01,mendeley-S040-R01-G00-rest,mendeley-S040-rest-R01,0,validation
mendeley-S40-K3-seed3403,40,3,3403,rest,mendeley-S040-rest-R02,mendeley-S040-R02-G00-rest,mendeley-S040-rest-R02,0,validation
mendeley-S40-K3-seed3403,40,3,3403,rest,mendeley-S040-rest-R03,mendeley-S040-R03-G00-rest,mendeley-S040-rest-R03,0,validation
mendeley-S40-K3-seed3403,40,3,3403,wrist_extension,mendeley-S040-wrist_extension-R01,mendeley-S040-R01-G01-wrist_extension,mendeley-S040-wrist_extension-R01,0,validation
mendeley-S40-K3-seed3403,40,3,3403,wrist_extension,mendeley-S040-wrist_extension-R02,mendeley-S040-R02-G01-wrist_extension,mendeley-S040-wrist_extension-R02,0,validation
mendeley-S40-K3-seed3403,40,3,3403,wrist_extension,mendeley-S040-wrist_extension-R03,mendeley-S040-R03-G01-wrist_extension,mendeley-S040-wrist_extension-R03,0,validation
mendeley-S40-K3-seed3403,40,3,3403,wrist_flexion,mendeley-S040-wrist_flexion-R01,mendeley-S040-R01-G02-wrist_flexion,mendeley-S040-wrist_flexion-R01,0,validation
mendeley-S40-K3-seed3403,40,3,3403,wrist_flexion,mendeley-S040-wrist_flexion-R02,mendeley-S040-R02-G02-wrist_flexion,mendeley-S040-wrist_flexion-R02,0,validation
mendeley-S40-K3-seed3403,40,3,3403,wrist_flexion,mendeley-S040-wrist_flexion-R03,mendeley-S040-R03-G02-wrist_flexion,mendeley-S040-wrist_flexion-R03,0,validation
mendeley-S6-K3-seed3403,6,3,3403,hand_close,mendeley-S006-grip-R01,mendeley-S006-R01-G05-grip,mendeley-S006-grip-R01,0,validation
mendeley-S6-K3-seed3403,6,3,3403,hand_close,mendeley-S006-grip-R04,mendeley-S006-R04-G05-grip,mendeley-S006-grip-R04,0,validation
mendeley-S6-K3-seed3403,6,3,3403,hand_close,mendeley-S006-grip-R05,mendeley-S006-R05-G05-grip,mendeley-S006-grip-R05,0,validation
mendeley-S6-K3-seed3403,6,3,3403,rest,mendeley-S006-rest-R01,mendeley-S006-R01-G00-rest,mendeley-S006-rest-R01,0,validation
mendeley-S6-K3-seed3403,6,3,3403,rest,mendeley-S006-rest-R03,mendeley-S006-R03-G00-rest,mendeley-S006-rest-R03,0,validation
mendeley-S6-K3-seed3403,6,3,3403,rest,mendeley-S006-rest-R04,mendeley-S006-R04-G00-rest,mendeley-S006-rest-R04,0,validation
mendeley-S6-K3-seed3403,6,3,3403,wrist_extension,mendeley-S006-wrist_extension-R01,mendeley-S006-R01-G01-wrist_extension,mendeley-S006-wrist_extension-R01,0,validation
mendeley-S6-K3-seed3403,6,3,3403,wrist_extension,mendeley-S006-wrist_extension-R03,mendeley-S006-R03-G01-wrist_extension,mendeley-S006-wrist_extension-R03,0,validation
mendeley-S6-K3-seed3403,6,3,3403,wrist_extension,mendeley-S006-wrist_extension-R04,mendeley-S006-R04-G01-wrist_extension,mendeley-S006-wrist_extension-R04,0,validation
mendeley-S6-K3-seed3403,6,3,3403,wrist_flexion,mendeley-S006-wrist_flexion-R02,mendeley-S006-R02-G02-wrist_flexion,mendeley-S006-wrist_flexion-R02,0,validation
mendeley-S6-K3-seed3403,6,3,3403,wrist_flexion,mendeley-S006-wrist_flexion-R03,mendeley-S006-R03-G02-wrist_flexion,mendeley-S006-wrist_flexion-R03,0,validation
mendeley-S6-K3-seed3403,6,3,3403,wrist_flexion,mendeley-S006-wrist_flexion-R05,mendeley-S006-R05-G02-wrist_flexion,mendeley-S006-wrist_flexion-R05,0,validation
mendeley-S10-K3-seed3404,10,3,3404,hand_close,mendeley-S010-grip-R01,mendeley-S010-R01-G05-grip,mendeley-S010-grip-R01,0,validation
mendeley-S10-K3-seed3404,10,3,3404,hand_close,mendeley-S010-grip-R03,mendeley-S010-R03-G05-grip,mendeley-S010-grip-R03,0,validation
mendeley-S10-K3-seed3404,10,3,3404,hand_close,mendeley-S010-grip-R05,mendeley-S010-R05-G05-grip,mendeley-S010-grip-R05,0,validation
mendeley-S10-K3-seed3404,10,3,3404,rest,mendeley-S010-rest-R01,mendeley-S010-R01-G00-rest,mendeley-S010-rest-R01,0,validation
mendeley-S10-K3-seed3404,10,3,3404,rest,mendeley-S010-rest-R03,mendeley-S010-R03-G00-rest,mendeley-S010-rest-R03,0,validation
mendeley-S10-K3-seed3404,10,3,3404,rest,mendeley-S010-rest-R05,mendeley-S010-R05-G00-rest,mendeley-S010-rest-R05,0,validation
mendeley-S10-K3-seed3404,10,3,3404,wrist_extension,mendeley-S010-wrist_extension-R01,mendeley-S010-R01-G01-wrist_extension,mendeley-S010-wrist_extension-R01,0,validation
mendeley-S10-K3-seed3404,10,3,3404,wrist_extension,mendeley-S010-wrist_extension-R04,mendeley-S010-R04-G01-wrist_extension,mendeley-S010-wrist_extension-R04,0,validation
mendeley-S10-K3-seed3404,10,3,3404,wrist_extension,mendeley-S010-wrist_extension-R05,mendeley-S010-R05-G01-wrist_extension,mendeley-S010-wrist_extension-R05,0,validation
mendeley-S10-K3-seed3404,10,3,3404,wrist_flexion,mendeley-S010-wrist_flexion-R01,mendeley-S010-R01-G02-wrist_flexion,mendeley-S010-wrist_flexion-R01,0,validation
mendeley-S10-K3-seed3404,10,3,3404,wrist_flexion,mendeley-S010-wrist_flexion-R03,mendeley-S010-R03-G02-wrist_flexion,mendeley-S010-wrist_flexion-R03,0,validation
mendeley-S10-K3-seed3404,10,3,3404,wrist_flexion,mendeley-S010-wrist_flexion-R04,mendeley-S010-R04-G02-wrist_flexion,mendeley-S010-wrist_flexion-R04,0,validation
mendeley-S15-K3-seed3404,15,3,3404,hand_close,mendeley-S015-grip-R01,mendeley-S015-R01-G05-grip,mendeley-S015-grip-R01,0,validation
mendeley-S15-K3-seed3404,15,3,3404,hand_close,mendeley-S015-grip-R03,mendeley-S015-R03-G05-grip,mendeley-S015-grip-R03,0,validation
mendeley-S15-K3-seed3404,15,3,3404,hand_close,mendeley-S015-grip-R05,mendeley-S015-R05-G05-grip,mendeley-S015-grip-R05,0,validation
mendeley-S15-K3-seed3404,15,3,3404,rest,mendeley-S015-rest-R01,mendeley-S015-R01-G00-rest,mendeley-S015-rest-R01,0,validation
mendeley-S15-K3-seed3404,15,3,3404,rest,mendeley-S015-rest-R03,mendeley-S015-R03-G00-rest,mendeley-S015-rest-R03,0,validation
mendeley-S15-K3-seed3404,15,3,3404,rest,mendeley-S015-rest-R04,mendeley-S015-R04-G00-rest,mendeley-S015-rest-R04,0,validation
mendeley-S15-K3-seed3404,15,3,3404,wrist_extension,mendeley-S015-wrist_extension-R02,mendeley-S015-R02-G01-wrist_extension,mendeley-S015-wrist_extension-R02,0,validation
mendeley-S15-K3-seed3404,15,3,3404,wrist_extension,mendeley-S015-wrist_extension-R04,mendeley-S015-R04-G01-wrist_extension,mendeley-S015-wrist_extension-R04,0,validation
mendeley-S15-K3-seed3404,15,3,3404,wrist_extension,mendeley-S015-wrist_extension-R05,mendeley-S015-R05-G01-wrist_extension,mendeley-S015-wrist_extension-R05,0,validation
mendeley-S15-K3-seed3404,15,3,3404,wrist_flexion,mendeley-S015-wrist_flexion-R02,mendeley-S015-R02-G02-wrist_flexion,mendeley-S015-wrist_flexion-R02,0,validation
mendeley-S15-K3-seed3404,15,3,3404,wrist_flexion,mendeley-S015-wrist_flexion-R03,mendeley-S015-R03-G02-wrist_flexion,mendeley-S015-wrist_flexion-R03,0,validation
mendeley-S15-K3-seed3404,15,3,3404,wrist_flexion,mendeley-S015-wrist_flexion-R04,mendeley-S015-R04-G02-wrist_flexion,mendeley-S015-wrist_flexion-R04,0,validation
mendeley-S21-K3-seed3404,21,3,3404,hand_close,mendeley-S021-grip-R01,mendeley-S021-R01-G05-grip,mendeley-S021-grip-R01,0,validation
mendeley-S21-K3-seed3404,21,3,3404,hand_close,mendeley-S021-grip-R03,mendeley-S021-R03-G05-grip,mendeley-S021-grip-R03,0,validation
mendeley-S21-K3-seed3404,21,3,3404,hand_close,mendeley-S021-grip-R04,mendeley-S021-R04-G05-grip,mendeley-S021-grip-R04,0,validation
mendeley-S21-K3-seed3404,21,3,3404,rest,mendeley-S021-rest-R01,mendeley-S021-R01-G00-rest,mendeley-S021-rest-R01,0,validation
mendeley-S21-K3-seed3404,21,3,3404,rest,mendeley-S021-rest-R02,mendeley-S021-R02-G00-rest,mendeley-S021-rest-R02,0,validation
mendeley-S21-K3-seed3404,21,3,3404,rest,mendeley-S021-rest-R04,mendeley-S021-R04-G00-rest,mendeley-S021-rest-R04,0,validation
mendeley-S21-K3-seed3404,21,3,3404,wrist_extension,mendeley-S021-wrist_extension-R01,mendeley-S021-R01-G01-wrist_extension,mendeley-S021-wrist_extension-R01,0,validation
mendeley-S21-K3-seed3404,21,3,3404,wrist_extension,mendeley-S021-wrist_extension-R02,mendeley-S021-R02-G01-wrist_extension,mendeley-S021-wrist_extension-R02,0,validation
mendeley-S21-K3-seed3404,21,3,3404,wrist_extension,mendeley-S021-wrist_extension-R05,mendeley-S021-R05-G01-wrist_extension,mendeley-S021-wrist_extension-R05,0,validation
mendeley-S21-K3-seed3404,21,3,3404,wrist_flexion,mendeley-S021-wrist_flexion-R01,mendeley-S021-R01-G02-wrist_flexion,mendeley-S021-wrist_flexion-R01,0,validation
mendeley-S21-K3-seed3404,21,3,3404,wrist_flexion,mendeley-S021-wrist_flexion-R02,mendeley-S021-R02-G02-wrist_flexion,mendeley-S021-wrist_flexion-R02,0,validation
mendeley-S21-K3-seed3404,21,3,3404,wrist_flexion,mendeley-S021-wrist_flexion-R05,mendeley-S021-R05-G02-wrist_flexion,mendeley-S021-wrist_flexion-R05,0,validation
mendeley-S23-K3-seed3404,23,3,3404,hand_close,mendeley-S023-grip-R01,mendeley-S023-R01-G05-grip,mendeley-S023-grip-R01,0,validation
mendeley-S23-K3-seed3404,23,3,3404,hand_close,mendeley-S023-grip-R02,mendeley-S023-R02-G05-grip,mendeley-S023-grip-R02,0,validation
mendeley-S23-K3-seed3404,23,3,3404,hand_close,mendeley-S023-grip-R05,mendeley-S023-R05-G05-grip,mendeley-S023-grip-R05,0,validation
mendeley-S23-K3-seed3404,23,3,3404,rest,mendeley-S023-rest-R03,mendeley-S023-R03-G00-rest,mendeley-S023-rest-R03,0,validation
mendeley-S23-K3-seed3404,23,3,3404,rest,mendeley-S023-rest-R04,mendeley-S023-R04-G00-rest,mendeley-S023-rest-R04,0,validation
mendeley-S23-K3-seed3404,23,3,3404,rest,mendeley-S023-rest-R05,mendeley-S023-R05-G00-rest,mendeley-S023-rest-R05,0,validation
mendeley-S23-K3-seed3404,23,3,3404,wrist_extension,mendeley-S023-wrist_extension-R01,mendeley-S023-R01-G01-wrist_extension,mendeley-S023-wrist_extension-R01,0,validation
mendeley-S23-K3-seed3404,23,3,3404,wrist_extension,mendeley-S023-wrist_extension-R02,mendeley-S023-R02-G01-wrist_extension,mendeley-S023-wrist_extension-R02,0,validation
mendeley-S23-K3-seed3404,23,3,3404,wrist_extension,mendeley-S023-wrist_extension-R05,mendeley-S023-R05-G01-wrist_extension,mendeley-S023-wrist_extension-R05,0,validation
mendeley-S23-K3-seed3404,23,3,3404,wrist_flexion,mendeley-S023-wrist_flexion-R02,mendeley-S023-R02-G02-wrist_flexion,mendeley-S023-wrist_flexion-R02,0,validation
mendeley-S23-K3-seed3404,23,3,3404,wrist_flexion,mendeley-S023-wrist_flexion-R03,mendeley-S023-R03-G02-wrist_flexion,mendeley-S023-wrist_flexion-R03,0,validation
mendeley-S23-K3-seed3404,23,3,3404,wrist_flexion,mendeley-S023-wrist_flexion-R04,mendeley-S023-R04-G02-wrist_flexion,mendeley-S023-wrist_flexion-R04,0,validation
mendeley-S25-K3-seed3404,25,3,3404,hand_close,mendeley-S025-grip-R03,mendeley-S025-R03-G05-grip,mendeley-S025-grip-R03,0,validation
mendeley-S25-K3-seed3404,25,3,3404,hand_close,mendeley-S025-grip-R04,mendeley-S025-R04-G05-grip,mendeley-S025-grip-R04,0,validation
mendeley-S25-K3-seed3404,25,3,3404,hand_close,mendeley-S025-grip-R05,mendeley-S025-R05-G05-grip,mendeley-S025-grip-R05,0,validation
mendeley-S25-K3-seed3404,25,3,3404,rest,mendeley-S025-rest-R03,mendeley-S025-R03-G00-rest,mendeley-S025-rest-R03,0,validation
mendeley-S25-K3-seed3404,25,3,3404,rest,mendeley-S025-rest-R04,mendeley-S025-R04-G00-rest,mendeley-S025-rest-R04,0,validation
mendeley-S25-K3-seed3404,25,3,3404,rest,mendeley-S025-rest-R05,mendeley-S025-R05-G00-rest,mendeley-S025-rest-R05,0,validation
mendeley-S25-K3-seed3404,25,3,3404,wrist_extension,mendeley-S025-wrist_extension-R02,mendeley-S025-R02-G01-wrist_extension,mendeley-S025-wrist_extension-R02,0,validation
mendeley-S25-K3-seed3404,25,3,3404,wrist_extension,mendeley-S025-wrist_extension-R03,mendeley-S025-R03-G01-wrist_extension,mendeley-S025-wrist_extension-R03,0,validation
mendeley-S25-K3-seed3404,25,3,3404,wrist_extension,mendeley-S025-wrist_extension-R04,mendeley-S025-R04-G01-wrist_extension,mendeley-S025-wrist_extension-R04,0,validation
mendeley-S25-K3-seed3404,25,3,3404,wrist_flexion,mendeley-S025-wrist_flexion-R01,mendeley-S025-R01-G02-wrist_flexion,mendeley-S025-wrist_flexion-R01,0,validation
mendeley-S25-K3-seed3404,25,3,3404,wrist_flexion,mendeley-S025-wrist_flexion-R03,mendeley-S025-R03-G02-wrist_flexion,mendeley-S025-wrist_flexion-R03,0,validation
mendeley-S25-K3-seed3404,25,3,3404,wrist_flexion,mendeley-S025-wrist_flexion-R04,mendeley-S025-R04-G02-wrist_flexion,mendeley-S025-wrist_flexion-R04,0,validation
mendeley-S35-K3-seed3404,35,3,3404,hand_close,mendeley-S035-grip-R02,mendeley-S035-R02-G05-grip,mendeley-S035-grip-R02,0,validation
mendeley-S35-K3-seed3404,35,3,3404,hand_close,mendeley-S035-grip-R04,mendeley-S035-R04-G05-grip,mendeley-S035-grip-R04,0,validation
mendeley-S35-K3-seed3404,35,3,3404,hand_close,mendeley-S035-grip-R05,mendeley-S035-R05-G05-grip,mendeley-S035-grip-R05,0,validation
mendeley-S35-K3-seed3404,35,3,3404,rest,mendeley-S035-rest-R02,mendeley-S035-R02-G00-rest,mendeley-S035-rest-R02,0,validation
mendeley-S35-K3-seed3404,35,3,3404,rest,mendeley-S035-rest-R03,mendeley-S035-R03-G00-rest,mendeley-S035-rest-R03,0,validation
mendeley-S35-K3-seed3404,35,3,3404,rest,mendeley-S035-rest-R04,mendeley-S035-R04-G00-rest,mendeley-S035-rest-R04,0,validation
mendeley-S35-K3-seed3404,35,3,3404,wrist_extension,mendeley-S035-wrist_extension-R02,mendeley-S035-R02-G01-wrist_extension,mendeley-S035-wrist_extension-R02,0,validation
mendeley-S35-K3-seed3404,35,3,3404,wrist_extension,mendeley-S035-wrist_extension-R03,mendeley-S035-R03-G01-wrist_extension,mendeley-S035-wrist_extension-R03,0,validation
mendeley-S35-K3-seed3404,35,3,3404,wrist_extension,mendeley-S035-wrist_extension-R04,mendeley-S035-R04-G01-wrist_extension,mendeley-S035-wrist_extension-R04,0,validation
mendeley-S35-K3-seed3404,35,3,3404,wrist_flexion,mendeley-S035-wrist_flexion-R01,mendeley-S035-R01-G02-wrist_flexion,mendeley-S035-wrist_flexion-R01,0,validation
mendeley-S35-K3-seed3404,35,3,3404,wrist_flexion,mendeley-S035-wrist_flexion-R02,mendeley-S035-R02-G02-wrist_flexion,mendeley-S035-wrist_flexion-R02,0,validation
mendeley-S35-K3-seed3404,35,3,3404,wrist_flexion,mendeley-S035-wrist_flexion-R05,mendeley-S035-R05-G02-wrist_flexion,mendeley-S035-wrist_flexion-R05,0,validation
mendeley-S40-K3-seed3404,40,3,3404,hand_close,mendeley-S040-grip-R02,mendeley-S040-R02-G05-grip,mendeley-S040-grip-R02,0,validation
mendeley-S40-K3-seed3404,40,3,3404,hand_close,mendeley-S040-grip-R04,mendeley-S040-R04-G05-grip,mendeley-S040-grip-R04,0,validation
mendeley-S40-K3-seed3404,40,3,3404,hand_close,mendeley-S040-grip-R05,mendeley-S040-R05-G05-grip,mendeley-S040-grip-R05,0,validation
mendeley-S40-K3-seed3404,40,3,3404,rest,mendeley-S040-rest-R01,mendeley-S040-R01-G00-rest,mendeley-S040-rest-R01,0,validation
mendeley-S40-K3-seed3404,40,3,3404,rest,mendeley-S040-rest-R02,mendeley-S040-R02-G00-rest,mendeley-S040-rest-R02,0,validation
mendeley-S40-K3-seed3404,40,3,3404,rest,mendeley-S040-rest-R05,mendeley-S040-R05-G00-rest,mendeley-S040-rest-R05,0,validation
mendeley-S40-K3-seed3404,40,3,3404,wrist_extension,mendeley-S040-wrist_extension-R01,mendeley-S040-R01-G01-wrist_extension,mendeley-S040-wrist_extension-R01,0,validation
mendeley-S40-K3-seed3404,40,3,3404,wrist_extension,mendeley-S040-wrist_extension-R02,mendeley-S040-R02-G01-wrist_extension,mendeley-S040-wrist_extension-R02,0,validation
mendeley-S40-K3-seed3404,40,3,3404,wrist_extension,mendeley-S040-wrist_extension-R05,mendeley-S040-R05-G01-wrist_extension,mendeley-S040-wrist_extension-R05,0,validation
mendeley-S40-K3-seed3404,40,3,3404,wrist_flexion,mendeley-S040-wrist_flexion-R01,mendeley-S040-R01-G02-wrist_flexion,mendeley-S040-wrist_flexion-R01,0,validation
mendeley-S40-K3-seed3404,40,3,3404,wrist_flexion,mendeley-S040-wrist_flexion-R02,mendeley-S040-R02-G02-wrist_flexion,mendeley-S040-wrist_flexion-R02,0,validation
mendeley-S40-K3-seed3404,40,3,3404,wrist_flexion,mendeley-S040-wrist_flexion-R05,mendeley-S040-R05-G02-wrist_flexion,mendeley-S040-wrist_flexion-R05,0,validation
mendeley-S6-K3-seed3404,6,3,3404,hand_close,mendeley-S006-grip-R02,mendeley-S006-R02-G05-grip,mendeley-S006-grip-R02,0,validation
mendeley-S6-K3-seed3404,6,3,3404,hand_close,mendeley-S006-grip-R04,mendeley-S006-R04-G05-grip,mendeley-S006-grip-R04,0,validation
mendeley-S6-K3-seed3404,6,3,3404,hand_close,mendeley-S006-grip-R05,mendeley-S006-R05-G05-grip,mendeley-S006-grip-R05,0,validation
mendeley-S6-K3-seed3404,6,3,3404,rest,mendeley-S006-rest-R01,mendeley-S006-R01-G00-rest,mendeley-S006-rest-R01,0,validation
mendeley-S6-K3-seed3404,6,3,3404,rest,mendeley-S006-rest-R03,mendeley-S006-R03-G00-rest,mendeley-S006-rest-R03,0,validation
mendeley-S6-K3-seed3404,6,3,3404,rest,mendeley-S006-rest-R05,mendeley-S006-R05-G00-rest,mendeley-S006-rest-R05,0,validation
mendeley-S6-K3-seed3404,6,3,3404,wrist_extension,mendeley-S006-wrist_extension-R01,mendeley-S006-R01-G01-wrist_extension,mendeley-S006-wrist_extension-R01,0,validation
mendeley-S6-K3-seed3404,6,3,3404,wrist_extension,mendeley-S006-wrist_extension-R04,mendeley-S006-R04-G01-wrist_extension,mendeley-S006-wrist_extension-R04,0,validation
mendeley-S6-K3-seed3404,6,3,3404,wrist_extension,mendeley-S006-wrist_extension-R05,mendeley-S006-R05-G01-wrist_extension,mendeley-S006-wrist_extension-R05,0,validation
mendeley-S6-K3-seed3404,6,3,3404,wrist_flexion,mendeley-S006-wrist_flexion-R01,mendeley-S006-R01-G02-wrist_flexion,mendeley-S006-wrist_flexion-R01,0,validation
mendeley-S6-K3-seed3404,6,3,3404,wrist_flexion,mendeley-S006-wrist_flexion-R02,mendeley-S006-R02-G02-wrist_flexion,mendeley-S006-wrist_flexion-R02,0,validation
mendeley-S6-K3-seed3404,6,3,3404,wrist_flexion,mendeley-S006-wrist_flexion-R04,mendeley-S006-R04-G02-wrist_flexion,mendeley-S006-wrist_flexion-R04,0,validation
mendeley-S10-K3-seed3405,10,3,3405,hand_close,mendeley-S010-grip-R01,mendeley-S010-R01-G05-grip,mendeley-S010-grip-R01,0,validation
mendeley-S10-K3-seed3405,10,3,3405,hand_close,mendeley-S010-grip-R03,mendeley-S010-R03-G05-grip,mendeley-S010-grip-R03,0,validation
mendeley-S10-K3-seed3405,10,3,3405,hand_close,mendeley-S010-grip-R05,mendeley-S010-R05-G05-grip,mendeley-S010-grip-R05,0,validation
mendeley-S10-K3-seed3405,10,3,3405,rest,mendeley-S010-rest-R01,mendeley-S010-R01-G00-rest,mendeley-S010-rest-R01,0,validation
mendeley-S10-K3-seed3405,10,3,3405,rest,mendeley-S010-rest-R03,mendeley-S010-R03-G00-rest,mendeley-S010-rest-R03,0,validation
mendeley-S10-K3-seed3405,10,3,3405,rest,mendeley-S010-rest-R04,mendeley-S010-R04-G00-rest,mendeley-S010-rest-R04,0,validation
mendeley-S10-K3-seed3405,10,3,3405,wrist_extension,mendeley-S010-wrist_extension-R02,mendeley-S010-R02-G01-wrist_extension,mendeley-S010-wrist_extension-R02,0,validation
mendeley-S10-K3-seed3405,10,3,3405,wrist_extension,mendeley-S010-wrist_extension-R03,mendeley-S010-R03-G01-wrist_extension,mendeley-S010-wrist_extension-R03,0,validation
mendeley-S10-K3-seed3405,10,3,3405,wrist_extension,mendeley-S010-wrist_extension-R05,mendeley-S010-R05-G01-wrist_extension,mendeley-S010-wrist_extension-R05,0,validation
mendeley-S10-K3-seed3405,10,3,3405,wrist_flexion,mendeley-S010-wrist_flexion-R01,mendeley-S010-R01-G02-wrist_flexion,mendeley-S010-wrist_flexion-R01,0,validation
mendeley-S10-K3-seed3405,10,3,3405,wrist_flexion,mendeley-S010-wrist_flexion-R04,mendeley-S010-R04-G02-wrist_flexion,mendeley-S010-wrist_flexion-R04,0,validation
mendeley-S10-K3-seed3405,10,3,3405,wrist_flexion,mendeley-S010-wrist_flexion-R05,mendeley-S010-R05-G02-wrist_flexion,mendeley-S010-wrist_flexion-R05,0,validation
mendeley-S15-K3-seed3405,15,3,3405,hand_close,mendeley-S015-grip-R03,mendeley-S015-R03-G05-grip,mendeley-S015-grip-R03,0,validation
mendeley-S15-K3-seed3405,15,3,3405,hand_close,mendeley-S015-grip-R04,mendeley-S015-R04-G05-grip,mendeley-S015-grip-R04,0,validation
mendeley-S15-K3-seed3405,15,3,3405,hand_close,mendeley-S015-grip-R05,mendeley-S015-R05-G05-grip,mendeley-S015-grip-R05,0,validation
mendeley-S15-K3-seed3405,15,3,3405,rest,mendeley-S015-rest-R01,mendeley-S015-R01-G00-rest,mendeley-S015-rest-R01,0,validation
mendeley-S15-K3-seed3405,15,3,3405,rest,mendeley-S015-rest-R02,mendeley-S015-R02-G00-rest,mendeley-S015-rest-R02,0,validation
mendeley-S15-K3-seed3405,15,3,3405,rest,mendeley-S015-rest-R05,mendeley-S015-R05-G00-rest,mendeley-S015-rest-R05,0,validation
mendeley-S15-K3-seed3405,15,3,3405,wrist_extension,mendeley-S015-wrist_extension-R03,mendeley-S015-R03-G01-wrist_extension,mendeley-S015-wrist_extension-R03,0,validation
mendeley-S15-K3-seed3405,15,3,3405,wrist_extension,mendeley-S015-wrist_extension-R04,mendeley-S015-R04-G01-wrist_extension,mendeley-S015-wrist_extension-R04,0,validation
mendeley-S15-K3-seed3405,15,3,3405,wrist_extension,mendeley-S015-wrist_extension-R05,mendeley-S015-R05-G01-wrist_extension,mendeley-S015-wrist_extension-R05,0,validation
mendeley-S15-K3-seed3405,15,3,3405,wrist_flexion,mendeley-S015-wrist_flexion-R01,mendeley-S015-R01-G02-wrist_flexion,mendeley-S015-wrist_flexion-R01,0,validation
mendeley-S15-K3-seed3405,15,3,3405,wrist_flexion,mendeley-S015-wrist_flexion-R02,mendeley-S015-R02-G02-wrist_flexion,mendeley-S015-wrist_flexion-R02,0,validation
mendeley-S15-K3-seed3405,15,3,3405,wrist_flexion,mendeley-S015-wrist_flexion-R04,mendeley-S015-R04-G02-wrist_flexion,mendeley-S015-wrist_flexion-R04,0,validation
mendeley-S21-K3-seed3405,21,3,3405,hand_close,mendeley-S021-grip-R02,mendeley-S021-R02-G05-grip,mendeley-S021-grip-R02,0,validation
mendeley-S21-K3-seed3405,21,3,3405,hand_close,mendeley-S021-grip-R03,mendeley-S021-R03-G05-grip,mendeley-S021-grip-R03,0,validation
mendeley-S21-K3-seed3405,21,3,3405,hand_close,mendeley-S021-grip-R05,mendeley-S021-R05-G05-grip,mendeley-S021-grip-R05,0,validation
mendeley-S21-K3-seed3405,21,3,3405,rest,mendeley-S021-rest-R01,mendeley-S021-R01-G00-rest,mendeley-S021-rest-R01,0,validation
mendeley-S21-K3-seed3405,21,3,3405,rest,mendeley-S021-rest-R03,mendeley-S021-R03-G00-rest,mendeley-S021-rest-R03,0,validation
mendeley-S21-K3-seed3405,21,3,3405,rest,mendeley-S021-rest-R04,mendeley-S021-R04-G00-rest,mendeley-S021-rest-R04,0,validation
mendeley-S21-K3-seed3405,21,3,3405,wrist_extension,mendeley-S021-wrist_extension-R01,mendeley-S021-R01-G01-wrist_extension,mendeley-S021-wrist_extension-R01,0,validation
mendeley-S21-K3-seed3405,21,3,3405,wrist_extension,mendeley-S021-wrist_extension-R02,mendeley-S021-R02-G01-wrist_extension,mendeley-S021-wrist_extension-R02,0,validation
mendeley-S21-K3-seed3405,21,3,3405,wrist_extension,mendeley-S021-wrist_extension-R04,mendeley-S021-R04-G01-wrist_extension,mendeley-S021-wrist_extension-R04,0,validation
mendeley-S21-K3-seed3405,21,3,3405,wrist_flexion,mendeley-S021-wrist_flexion-R01,mendeley-S021-R01-G02-wrist_flexion,mendeley-S021-wrist_flexion-R01,0,validation
mendeley-S21-K3-seed3405,21,3,3405,wrist_flexion,mendeley-S021-wrist_flexion-R02,mendeley-S021-R02-G02-wrist_flexion,mendeley-S021-wrist_flexion-R02,0,validation
mendeley-S21-K3-seed3405,21,3,3405,wrist_flexion,mendeley-S021-wrist_flexion-R04,mendeley-S021-R04-G02-wrist_flexion,mendeley-S021-wrist_flexion-R04,0,validation
mendeley-S23-K3-seed3405,23,3,3405,hand_close,mendeley-S023-grip-R01,mendeley-S023-R01-G05-grip,mendeley-S023-grip-R01,0,validation
mendeley-S23-K3-seed3405,23,3,3405,hand_close,mendeley-S023-grip-R02,mendeley-S023-R02-G05-grip,mendeley-S023-grip-R02,0,validation
mendeley-S23-K3-seed3405,23,3,3405,hand_close,mendeley-S023-grip-R05,mendeley-S023-R05-G05-grip,mendeley-S023-grip-R05,0,validation
mendeley-S23-K3-seed3405,23,3,3405,rest,mendeley-S023-rest-R01,mendeley-S023-R01-G00-rest,mendeley-S023-rest-R01,0,validation
mendeley-S23-K3-seed3405,23,3,3405,rest,mendeley-S023-rest-R03,mendeley-S023-R03-G00-rest,mendeley-S023-rest-R03,0,validation
mendeley-S23-K3-seed3405,23,3,3405,rest,mendeley-S023-rest-R05,mendeley-S023-R05-G00-rest,mendeley-S023-rest-R05,0,validation
mendeley-S23-K3-seed3405,23,3,3405,wrist_extension,mendeley-S023-wrist_extension-R01,mendeley-S023-R01-G01-wrist_extension,mendeley-S023-wrist_extension-R01,0,validation
mendeley-S23-K3-seed3405,23,3,3405,wrist_extension,mendeley-S023-wrist_extension-R02,mendeley-S023-R02-G01-wrist_extension,mendeley-S023-wrist_extension-R02,0,validation
mendeley-S23-K3-seed3405,23,3,3405,wrist_extension,mendeley-S023-wrist_extension-R03,mendeley-S023-R03-G01-wrist_extension,mendeley-S023-wrist_extension-R03,0,validation
mendeley-S23-K3-seed3405,23,3,3405,wrist_flexion,mendeley-S023-wrist_flexion-R01,mendeley-S023-R01-G02-wrist_flexion,mendeley-S023-wrist_flexion-R01,0,validation
mendeley-S23-K3-seed3405,23,3,3405,wrist_flexion,mendeley-S023-wrist_flexion-R02,mendeley-S023-R02-G02-wrist_flexion,mendeley-S023-wrist_flexion-R02,0,validation
mendeley-S23-K3-seed3405,23,3,3405,wrist_flexion,mendeley-S023-wrist_flexion-R03,mendeley-S023-R03-G02-wrist_flexion,mendeley-S023-wrist_flexion-R03,0,validation
mendeley-S25-K3-seed3405,25,3,3405,hand_close,mendeley-S025-grip-R02,mendeley-S025-R02-G05-grip,mendeley-S025-grip-R02,0,validation
mendeley-S25-K3-seed3405,25,3,3405,hand_close,mendeley-S025-grip-R04,mendeley-S025-R04-G05-grip,mendeley-S025-grip-R04,0,validation
mendeley-S25-K3-seed3405,25,3,3405,hand_close,mendeley-S025-grip-R05,mendeley-S025-R05-G05-grip,mendeley-S025-grip-R05,0,validation
mendeley-S25-K3-seed3405,25,3,3405,rest,mendeley-S025-rest-R01,mendeley-S025-R01-G00-rest,mendeley-S025-rest-R01,0,validation
mendeley-S25-K3-seed3405,25,3,3405,rest,mendeley-S025-rest-R04,mendeley-S025-R04-G00-rest,mendeley-S025-rest-R04,0,validation
mendeley-S25-K3-seed3405,25,3,3405,rest,mendeley-S025-rest-R05,mendeley-S025-R05-G00-rest,mendeley-S025-rest-R05,0,validation
mendeley-S25-K3-seed3405,25,3,3405,wrist_extension,mendeley-S025-wrist_extension-R01,mendeley-S025-R01-G01-wrist_extension,mendeley-S025-wrist_extension-R01,0,validation
mendeley-S25-K3-seed3405,25,3,3405,wrist_extension,mendeley-S025-wrist_extension-R03,mendeley-S025-R03-G01-wrist_extension,mendeley-S025-wrist_extension-R03,0,validation
mendeley-S25-K3-seed3405,25,3,3405,wrist_extension,mendeley-S025-wrist_extension-R04,mendeley-S025-R04-G01-wrist_extension,mendeley-S025-wrist_extension-R04,0,validation
mendeley-S25-K3-seed3405,25,3,3405,wrist_flexion,mendeley-S025-wrist_flexion-R02,mendeley-S025-R02-G02-wrist_flexion,mendeley-S025-wrist_flexion-R02,0,validation
mendeley-S25-K3-seed3405,25,3,3405,wrist_flexion,mendeley-S025-wrist_flexion-R03,mendeley-S025-R03-G02-wrist_flexion,mendeley-S025-wrist_flexion-R03,0,validation
mendeley-S25-K3-seed3405,25,3,3405,wrist_flexion,mendeley-S025-wrist_flexion-R05,mendeley-S025-R05-G02-wrist_flexion,mendeley-S025-wrist_flexion-R05,0,validation
mendeley-S35-K3-seed3405,35,3,3405,hand_close,mendeley-S035-grip-R02,mendeley-S035-R02-G05-grip,mendeley-S035-grip-R02,0,validation
mendeley-S35-K3-seed3405,35,3,3405,hand_close,mendeley-S035-grip-R03,mendeley-S035-R03-G05-grip,mendeley-S035-grip-R03,0,validation
mendeley-S35-K3-seed3405,35,3,3405,hand_close,mendeley-S035-grip-R04,mendeley-S035-R04-G05-grip,mendeley-S035-grip-R04,0,validation
mendeley-S35-K3-seed3405,35,3,3405,rest,mendeley-S035-rest-R01,mendeley-S035-R01-G00-rest,mendeley-S035-rest-R01,0,validation
mendeley-S35-K3-seed3405,35,3,3405,rest,mendeley-S035-rest-R04,mendeley-S035-R04-G00-rest,mendeley-S035-rest-R04,0,validation
mendeley-S35-K3-seed3405,35,3,3405,rest,mendeley-S035-rest-R05,mendeley-S035-R05-G00-rest,mendeley-S035-rest-R05,0,validation
mendeley-S35-K3-seed3405,35,3,3405,wrist_extension,mendeley-S035-wrist_extension-R01,mendeley-S035-R01-G01-wrist_extension,mendeley-S035-wrist_extension-R01,0,validation
mendeley-S35-K3-seed3405,35,3,3405,wrist_extension,mendeley-S035-wrist_extension-R02,mendeley-S035-R02-G01-wrist_extension,mendeley-S035-wrist_extension-R02,0,validation
mendeley-S35-K3-seed3405,35,3,3405,wrist_extension,mendeley-S035-wrist_extension-R04,mendeley-S035-R04-G01-wrist_extension,mendeley-S035-wrist_extension-R04,0,validation
mendeley-S35-K3-seed3405,35,3,3405,wrist_flexion,mendeley-S035-wrist_flexion-R01,mendeley-S035-R01-G02-wrist_flexion,mendeley-S035-wrist_flexion-R01,0,validation
mendeley-S35-K3-seed3405,35,3,3405,wrist_flexion,mendeley-S035-wrist_flexion-R03,mendeley-S035-R03-G02-wrist_flexion,mendeley-S035-wrist_flexion-R03,0,validation
mendeley-S35-K3-seed3405,35,3,3405,wrist_flexion,mendeley-S035-wrist_flexion-R05,mendeley-S035-R05-G02-wrist_flexion,mendeley-S035-wrist_flexion-R05,0,validation
mendeley-S40-K3-seed3405,40,3,3405,hand_close,mendeley-S040-grip-R01,mendeley-S040-R01-G05-grip,mendeley-S040-grip-R01,0,validation
mendeley-S40-K3-seed3405,40,3,3405,hand_close,mendeley-S040-grip-R03,mendeley-S040-R03-G05-grip,mendeley-S040-grip-R03,0,validation
mendeley-S40-K3-seed3405,40,3,3405,hand_close,mendeley-S040-grip-R04,mendeley-S040-R04-G05-grip,mendeley-S040-grip-R04,0,validation
mendeley-S40-K3-seed3405,40,3,3405,rest,mendeley-S040-rest-R01,mendeley-S040-R01-G00-rest,mendeley-S040-rest-R01,0,validation
mendeley-S40-K3-seed3405,40,3,3405,rest,mendeley-S040-rest-R04,mendeley-S040-R04-G00-rest,mendeley-S040-rest-R04,0,validation
mendeley-S40-K3-seed3405,40,3,3405,rest,mendeley-S040-rest-R05,mendeley-S040-R05-G00-rest,mendeley-S040-rest-R05,0,validation
mendeley-S40-K3-seed3405,40,3,3405,wrist_extension,mendeley-S040-wrist_extension-R02,mendeley-S040-R02-G01-wrist_extension,mendeley-S040-wrist_extension-R02,0,validation
mendeley-S40-K3-seed3405,40,3,3405,wrist_extension,mendeley-S040-wrist_extension-R03,mendeley-S040-R03-G01-wrist_extension,mendeley-S040-wrist_extension-R03,0,validation
mendeley-S40-K3-seed3405,40,3,3405,wrist_extension,mendeley-S040-wrist_extension-R05,mendeley-S040-R05-G01-wrist_extension,mendeley-S040-wrist_extension-R05,0,validation
mendeley-S40-K3-seed3405,40,3,3405,wrist_flexion,mendeley-S040-wrist_flexion-R01,mendeley-S040-R01-G02-wrist_flexion,mendeley-S040-wrist_flexion-R01,0,validation
mendeley-S40-K3-seed3405,40,3,3405,wrist_flexion,mendeley-S040-wrist_flexion-R02,mendeley-S040-R02-G02-wrist_flexion,mendeley-S040-wrist_flexion-R02,0,validation
mendeley-S40-K3-seed3405,40,3,3405,wrist_flexion,mendeley-S040-wrist_flexion-R05,mendeley-S040-R05-G02-wrist_flexion,mendeley-S040-wrist_flexion-R05,0,validation
mendeley-S6-K3-seed3405,6,3,3405,hand_close,mendeley-S006-grip-R02,mendeley-S006-R02-G05-grip,mendeley-S006-grip-R02,0,validation
mendeley-S6-K3-seed3405,6,3,3405,hand_close,mendeley-S006-grip-R03,mendeley-S006-R03-G05-grip,mendeley-S006-grip-R03,0,validation
mendeley-S6-K3-seed3405,6,3,3405,hand_close,mendeley-S006-grip-R05,mendeley-S006-R05-G05-grip,mendeley-S006-grip-R05,0,validation
mendeley-S6-K3-seed3405,6,3,3405,rest,mendeley-S006-rest-R03,mendeley-S006-R03-G00-rest,mendeley-S006-rest-R03,0,validation
mendeley-S6-K3-seed3405,6,3,3405,rest,mendeley-S006-rest-R04,mendeley-S006-R04-G00-rest,mendeley-S006-rest-R04,0,validation
mendeley-S6-K3-seed3405,6,3,3405,rest,mendeley-S006-rest-R05,mendeley-S006-R05-G00-rest,mendeley-S006-rest-R05,0,validation
mendeley-S6-K3-seed3405,6,3,3405,wrist_extension,mendeley-S006-wrist_extension-R01,mendeley-S006-R01-G01-wrist_extension,mendeley-S006-wrist_extension-R01,0,validation
mendeley-S6-K3-seed3405,6,3,3405,wrist_extension,mendeley-S006-wrist_extension-R02,mendeley-S006-R02-G01-wrist_extension,mendeley-S006-wrist_extension-R02,0,validation
mendeley-S6-K3-seed3405,6,3,3405,wrist_extension,mendeley-S006-wrist_extension-R05,mendeley-S006-R05-G01-wrist_extension,mendeley-S006-wrist_extension-R05,0,validation
mendeley-S6-K3-seed3405,6,3,3405,wrist_flexion,mendeley-S006-wrist_flexion-R03,mendeley-S006-R03-G02-wrist_flexion,mendeley-S006-wrist_flexion-R03,0,validation
mendeley-S6-K3-seed3405,6,3,3405,wrist_flexion,mendeley-S006-wrist_flexion-R04,mendeley-S006-R04-G02-wrist_flexion,mendeley-S006-wrist_flexion-R04,0,validation
mendeley-S6-K3-seed3405,6,3,3405,wrist_flexion,mendeley-S006-wrist_flexion-R05,mendeley-S006-R05-G02-wrist_flexion,mendeley-S006-wrist_flexion-R05,0,validation
mendeley-S10-K3-seed3406,10,3,3406,hand_close,mendeley-S010-grip-R01,mendeley-S010-R01-G05-grip,mendeley-S010-grip-R01,0,validation
mendeley-S10-K3-seed3406,10,3,3406,hand_close,mendeley-S010-grip-R02,mendeley-S010-R02-G05-grip,mendeley-S010-grip-R02,0,validation
mendeley-S10-K3-seed3406,10,3,3406,hand_close,mendeley-S010-grip-R03,mendeley-S010-R03-G05-grip,mendeley-S010-grip-R03,0,validation
mendeley-S10-K3-seed3406,10,3,3406,rest,mendeley-S010-rest-R02,mendeley-S010-R02-G00-rest,mendeley-S010-rest-R02,0,validation
mendeley-S10-K3-seed3406,10,3,3406,rest,mendeley-S010-rest-R04,mendeley-S010-R04-G00-rest,mendeley-S010-rest-R04,0,validation
mendeley-S10-K3-seed3406,10,3,3406,rest,mendeley-S010-rest-R05,mendeley-S010-R05-G00-rest,mendeley-S010-rest-R05,0,validation
mendeley-S10-K3-seed3406,10,3,3406,wrist_extension,mendeley-S010-wrist_extension-R03,mendeley-S010-R03-G01-wrist_extension,mendeley-S010-wrist_extension-R03,0,validation
mendeley-S10-K3-seed3406,10,3,3406,wrist_extension,mendeley-S010-wrist_extension-R04,mendeley-S010-R04-G01-wrist_extension,mendeley-S010-wrist_extension-R04,0,validation
mendeley-S10-K3-seed3406,10,3,3406,wrist_extension,mendeley-S010-wrist_extension-R05,mendeley-S010-R05-G01-wrist_extension,mendeley-S010-wrist_extension-R05,0,validation
mendeley-S10-K3-seed3406,10,3,3406,wrist_flexion,mendeley-S010-wrist_flexion-R01,mendeley-S010-R01-G02-wrist_flexion,mendeley-S010-wrist_flexion-R01,0,validation
mendeley-S10-K3-seed3406,10,3,3406,wrist_flexion,mendeley-S010-wrist_flexion-R04,mendeley-S010-R04-G02-wrist_flexion,mendeley-S010-wrist_flexion-R04,0,validation
mendeley-S10-K3-seed3406,10,3,3406,wrist_flexion,mendeley-S010-wrist_flexion-R05,mendeley-S010-R05-G02-wrist_flexion,mendeley-S010-wrist_flexion-R05,0,validation
mendeley-S15-K3-seed3406,15,3,3406,hand_close,mendeley-S015-grip-R01,mendeley-S015-R01-G05-grip,mendeley-S015-grip-R01,0,validation
mendeley-S15-K3-seed3406,15,3,3406,hand_close,mendeley-S015-grip-R02,mendeley-S015-R02-G05-grip,mendeley-S015-grip-R02,0,validation
mendeley-S15-K3-seed3406,15,3,3406,hand_close,mendeley-S015-grip-R03,mendeley-S015-R03-G05-grip,mendeley-S015-grip-R03,0,validation
mendeley-S15-K3-seed3406,15,3,3406,rest,mendeley-S015-rest-R01,mendeley-S015-R01-G00-rest,mendeley-S015-rest-R01,0,validation
mendeley-S15-K3-seed3406,15,3,3406,rest,mendeley-S015-rest-R02,mendeley-S015-R02-G00-rest,mendeley-S015-rest-R02,0,validation
mendeley-S15-K3-seed3406,15,3,3406,rest,mendeley-S015-rest-R04,mendeley-S015-R04-G00-rest,mendeley-S015-rest-R04,0,validation
mendeley-S15-K3-seed3406,15,3,3406,wrist_extension,mendeley-S015-wrist_extension-R01,mendeley-S015-R01-G01-wrist_extension,mendeley-S015-wrist_extension-R01,0,validation
mendeley-S15-K3-seed3406,15,3,3406,wrist_extension,mendeley-S015-wrist_extension-R02,mendeley-S015-R02-G01-wrist_extension,mendeley-S015-wrist_extension-R02,0,validation
mendeley-S15-K3-seed3406,15,3,3406,wrist_extension,mendeley-S015-wrist_extension-R05,mendeley-S015-R05-G01-wrist_extension,mendeley-S015-wrist_extension-R05,0,validation
mendeley-S15-K3-seed3406,15,3,3406,wrist_flexion,mendeley-S015-wrist_flexion-R01,mendeley-S015-R01-G02-wrist_flexion,mendeley-S015-wrist_flexion-R01,0,validation
mendeley-S15-K3-seed3406,15,3,3406,wrist_flexion,mendeley-S015-wrist_flexion-R03,mendeley-S015-R03-G02-wrist_flexion,mendeley-S015-wrist_flexion-R03,0,validation
mendeley-S15-K3-seed3406,15,3,3406,wrist_flexion,mendeley-S015-wrist_flexion-R04,mendeley-S015-R04-G02-wrist_flexion,mendeley-S015-wrist_flexion-R04,0,validation
mendeley-S21-K3-seed3406,21,3,3406,hand_close,mendeley-S021-grip-R02,mendeley-S021-R02-G05-grip,mendeley-S021-grip-R02,0,validation
mendeley-S21-K3-seed3406,21,3,3406,hand_close,mendeley-S021-grip-R04,mendeley-S021-R04-G05-grip,mendeley-S021-grip-R04,0,validation
mendeley-S21-K3-seed3406,21,3,3406,hand_close,mendeley-S021-grip-R05,mendeley-S021-R05-G05-grip,mendeley-S021-grip-R05,0,validation
mendeley-S21-K3-seed3406,21,3,3406,rest,mendeley-S021-rest-R01,mendeley-S021-R01-G00-rest,mendeley-S021-rest-R01,0,validation
mendeley-S21-K3-seed3406,21,3,3406,rest,mendeley-S021-rest-R04,mendeley-S021-R04-G00-rest,mendeley-S021-rest-R04,0,validation
mendeley-S21-K3-seed3406,21,3,3406,rest,mendeley-S021-rest-R05,mendeley-S021-R05-G00-rest,mendeley-S021-rest-R05,0,validation
mendeley-S21-K3-seed3406,21,3,3406,wrist_extension,mendeley-S021-wrist_extension-R02,mendeley-S021-R02-G01-wrist_extension,mendeley-S021-wrist_extension-R02,0,validation
mendeley-S21-K3-seed3406,21,3,3406,wrist_extension,mendeley-S021-wrist_extension-R03,mendeley-S021-R03-G01-wrist_extension,mendeley-S021-wrist_extension-R03,0,validation
mendeley-S21-K3-seed3406,21,3,3406,wrist_extension,mendeley-S021-wrist_extension-R05,mendeley-S021-R05-G01-wrist_extension,mendeley-S021-wrist_extension-R05,0,validation
mendeley-S21-K3-seed3406,21,3,3406,wrist_flexion,mendeley-S021-wrist_flexion-R01,mendeley-S021-R01-G02-wrist_flexion,mendeley-S021-wrist_flexion-R01,0,validation
mendeley-S21-K3-seed3406,21,3,3406,wrist_flexion,mendeley-S021-wrist_flexion-R03,mendeley-S021-R03-G02-wrist_flexion,mendeley-S021-wrist_flexion-R03,0,validation
mendeley-S21-K3-seed3406,21,3,3406,wrist_flexion,mendeley-S021-wrist_flexion-R04,mendeley-S021-R04-G02-wrist_flexion,mendeley-S021-wrist_flexion-R04,0,validation
mendeley-S23-K3-seed3406,23,3,3406,hand_close,mendeley-S023-grip-R01,mendeley-S023-R01-G05-grip,mendeley-S023-grip-R01,0,validation
mendeley-S23-K3-seed3406,23,3,3406,hand_close,mendeley-S023-grip-R02,mendeley-S023-R02-G05-grip,mendeley-S023-grip-R02,0,validation
mendeley-S23-K3-seed3406,23,3,3406,hand_close,mendeley-S023-grip-R05,mendeley-S023-R05-G05-grip,mendeley-S023-grip-R05,0,validation
mendeley-S23-K3-seed3406,23,3,3406,rest,mendeley-S023-rest-R02,mendeley-S023-R02-G00-rest,mendeley-S023-rest-R02,0,validation
mendeley-S23-K3-seed3406,23,3,3406,rest,mendeley-S023-rest-R03,mendeley-S023-R03-G00-rest,mendeley-S023-rest-R03,0,validation
mendeley-S23-K3-seed3406,23,3,3406,rest,mendeley-S023-rest-R04,mendeley-S023-R04-G00-rest,mendeley-S023-rest-R04,0,validation
mendeley-S23-K3-seed3406,23,3,3406,wrist_extension,mendeley-S023-wrist_extension-R02,mendeley-S023-R02-G01-wrist_extension,mendeley-S023-wrist_extension-R02,0,validation
mendeley-S23-K3-seed3406,23,3,3406,wrist_extension,mendeley-S023-wrist_extension-R03,mendeley-S023-R03-G01-wrist_extension,mendeley-S023-wrist_extension-R03,0,validation
mendeley-S23-K3-seed3406,23,3,3406,wrist_extension,mendeley-S023-wrist_extension-R04,mendeley-S023-R04-G01-wrist_extension,mendeley-S023-wrist_extension-R04,0,validation
mendeley-S23-K3-seed3406,23,3,3406,wrist_flexion,mendeley-S023-wrist_flexion-R02,mendeley-S023-R02-G02-wrist_flexion,mendeley-S023-wrist_flexion-R02,0,validation
mendeley-S23-K3-seed3406,23,3,3406,wrist_flexion,mendeley-S023-wrist_flexion-R03,mendeley-S023-R03-G02-wrist_flexion,mendeley-S023-wrist_flexion-R03,0,validation
mendeley-S23-K3-seed3406,23,3,3406,wrist_flexion,mendeley-S023-wrist_flexion-R04,mendeley-S023-R04-G02-wrist_flexion,mendeley-S023-wrist_flexion-R04,0,validation
mendeley-S25-K3-seed3406,25,3,3406,hand_close,mendeley-S025-grip-R03,mendeley-S025-R03-G05-grip,mendeley-S025-grip-R03,0,validation
mendeley-S25-K3-seed3406,25,3,3406,hand_close,mendeley-S025-grip-R04,mendeley-S025-R04-G05-grip,mendeley-S025-grip-R04,0,validation
mendeley-S25-K3-seed3406,25,3,3406,hand_close,mendeley-S025-grip-R05,mendeley-S025-R05-G05-grip,mendeley-S025-grip-R05,0,validation
mendeley-S25-K3-seed3406,25,3,3406,rest,mendeley-S025-rest-R03,mendeley-S025-R03-G00-rest,mendeley-S025-rest-R03,0,validation
mendeley-S25-K3-seed3406,25,3,3406,rest,mendeley-S025-rest-R04,mendeley-S025-R04-G00-rest,mendeley-S025-rest-R04,0,validation
mendeley-S25-K3-seed3406,25,3,3406,rest,mendeley-S025-rest-R05,mendeley-S025-R05-G00-rest,mendeley-S025-rest-R05,0,validation
mendeley-S25-K3-seed3406,25,3,3406,wrist_extension,mendeley-S025-wrist_extension-R02,mendeley-S025-R02-G01-wrist_extension,mendeley-S025-wrist_extension-R02,0,validation
mendeley-S25-K3-seed3406,25,3,3406,wrist_extension,mendeley-S025-wrist_extension-R04,mendeley-S025-R04-G01-wrist_extension,mendeley-S025-wrist_extension-R04,0,validation
mendeley-S25-K3-seed3406,25,3,3406,wrist_extension,mendeley-S025-wrist_extension-R05,mendeley-S025-R05-G01-wrist_extension,mendeley-S025-wrist_extension-R05,0,validation
mendeley-S25-K3-seed3406,25,3,3406,wrist_flexion,mendeley-S025-wrist_flexion-R01,mendeley-S025-R01-G02-wrist_flexion,mendeley-S025-wrist_flexion-R01,0,validation
mendeley-S25-K3-seed3406,25,3,3406,wrist_flexion,mendeley-S025-wrist_flexion-R02,mendeley-S025-R02-G02-wrist_flexion,mendeley-S025-wrist_flexion-R02,0,validation
mendeley-S25-K3-seed3406,25,3,3406,wrist_flexion,mendeley-S025-wrist_flexion-R03,mendeley-S025-R03-G02-wrist_flexion,mendeley-S025-wrist_flexion-R03,0,validation
mendeley-S35-K3-seed3406,35,3,3406,hand_close,mendeley-S035-grip-R01,mendeley-S035-R01-G05-grip,mendeley-S035-grip-R01,0,validation
mendeley-S35-K3-seed3406,35,3,3406,hand_close,mendeley-S035-grip-R03,mendeley-S035-R03-G05-grip,mendeley-S035-grip-R03,0,validation
mendeley-S35-K3-seed3406,35,3,3406,hand_close,mendeley-S035-grip-R05,mendeley-S035-R05-G05-grip,mendeley-S035-grip-R05,0,validation
mendeley-S35-K3-seed3406,35,3,3406,rest,mendeley-S035-rest-R01,mendeley-S035-R01-G00-rest,mendeley-S035-rest-R01,0,validation
mendeley-S35-K3-seed3406,35,3,3406,rest,mendeley-S035-rest-R04,mendeley-S035-R04-G00-rest,mendeley-S035-rest-R04,0,validation
mendeley-S35-K3-seed3406,35,3,3406,rest,mendeley-S035-rest-R05,mendeley-S035-R05-G00-rest,mendeley-S035-rest-R05,0,validation
mendeley-S35-K3-seed3406,35,3,3406,wrist_extension,mendeley-S035-wrist_extension-R03,mendeley-S035-R03-G01-wrist_extension,mendeley-S035-wrist_extension-R03,0,validation
mendeley-S35-K3-seed3406,35,3,3406,wrist_extension,mendeley-S035-wrist_extension-R04,mendeley-S035-R04-G01-wrist_extension,mendeley-S035-wrist_extension-R04,0,validation
mendeley-S35-K3-seed3406,35,3,3406,wrist_extension,mendeley-S035-wrist_extension-R05,mendeley-S035-R05-G01-wrist_extension,mendeley-S035-wrist_extension-R05,0,validation
mendeley-S35-K3-seed3406,35,3,3406,wrist_flexion,mendeley-S035-wrist_flexion-R01,mendeley-S035-R01-G02-wrist_flexion,mendeley-S035-wrist_flexion-R01,0,validation
mendeley-S35-K3-seed3406,35,3,3406,wrist_flexion,mendeley-S035-wrist_flexion-R03,mendeley-S035-R03-G02-wrist_flexion,mendeley-S035-wrist_flexion-R03,0,validation
mendeley-S35-K3-seed3406,35,3,3406,wrist_flexion,mendeley-S035-wrist_flexion-R05,mendeley-S035-R05-G02-wrist_flexion,mendeley-S035-wrist_flexion-R05,0,validation
mendeley-S40-K3-seed3406,40,3,3406,hand_close,mendeley-S040-grip-R03,mendeley-S040-R03-G05-grip,mendeley-S040-grip-R03,0,validation
mendeley-S40-K3-seed3406,40,3,3406,hand_close,mendeley-S040-grip-R04,mendeley-S040-R04-G05-grip,mendeley-S040-grip-R04,0,validation
mendeley-S40-K3-seed3406,40,3,3406,hand_close,mendeley-S040-grip-R05,mendeley-S040-R05-G05-grip,mendeley-S040-grip-R05,0,validation
mendeley-S40-K3-seed3406,40,3,3406,rest,mendeley-S040-rest-R02,mendeley-S040-R02-G00-rest,mendeley-S040-rest-R02,0,validation
mendeley-S40-K3-seed3406,40,3,3406,rest,mendeley-S040-rest-R03,mendeley-S040-R03-G00-rest,mendeley-S040-rest-R03,0,validation
mendeley-S40-K3-seed3406,40,3,3406,rest,mendeley-S040-rest-R04,mendeley-S040-R04-G00-rest,mendeley-S040-rest-R04,0,validation
mendeley-S40-K3-seed3406,40,3,3406,wrist_extension,mendeley-S040-wrist_extension-R02,mendeley-S040-R02-G01-wrist_extension,mendeley-S040-wrist_extension-R02,0,validation
mendeley-S40-K3-seed3406,40,3,3406,wrist_extension,mendeley-S040-wrist_extension-R03,mendeley-S040-R03-G01-wrist_extension,mendeley-S040-wrist_extension-R03,0,validation
mendeley-S40-K3-seed3406,40,3,3406,wrist_extension,mendeley-S040-wrist_extension-R05,mendeley-S040-R05-G01-wrist_extension,mendeley-S040-wrist_extension-R05,0,validation
mendeley-S40-K3-seed3406,40,3,3406,wrist_flexion,mendeley-S040-wrist_flexion-R01,mendeley-S040-R01-G02-wrist_flexion,mendeley-S040-wrist_flexion-R01,0,validation
mendeley-S40-K3-seed3406,40,3,3406,wrist_flexion,mendeley-S040-wrist_flexion-R02,mendeley-S040-R02-G02-wrist_flexion,mendeley-S040-wrist_flexion-R02,0,validation
mendeley-S40-K3-seed3406,40,3,3406,wrist_flexion,mendeley-S040-wrist_flexion-R03,mendeley-S040-R03-G02-wrist_flexion,mendeley-S040-wrist_flexion-R03,0,validation
mendeley-S6-K3-seed3406,6,3,3406,hand_close,mendeley-S006-grip-R01,mendeley-S006-R01-G05-grip,mendeley-S006-grip-R01,0,validation
mendeley-S6-K3-seed3406,6,3,3406,hand_close,mendeley-S006-grip-R03,mendeley-S006-R03-G05-grip,mendeley-S006-grip-R03,0,validation
mendeley-S6-K3-seed3406,6,3,3406,hand_close,mendeley-S006-grip-R05,mendeley-S006-R05-G05-grip,mendeley-S006-grip-R05,0,validation
mendeley-S6-K3-seed3406,6,3,3406,rest,mendeley-S006-rest-R01,mendeley-S006-R01-G00-rest,mendeley-S006-rest-R01,0,validation
mendeley-S6-K3-seed3406,6,3,3406,rest,mendeley-S006-rest-R02,mendeley-S006-R02-G00-rest,mendeley-S006-rest-R02,0,validation
mendeley-S6-K3-seed3406,6,3,3406,rest,mendeley-S006-rest-R05,mendeley-S006-R05-G00-rest,mendeley-S006-rest-R05,0,validation
mendeley-S6-K3-seed3406,6,3,3406,wrist_extension,mendeley-S006-wrist_extension-R01,mendeley-S006-R01-G01-wrist_extension,mendeley-S006-wrist_extension-R01,0,validation
mendeley-S6-K3-seed3406,6,3,3406,wrist_extension,mendeley-S006-wrist_extension-R04,mendeley-S006-R04-G01-wrist_extension,mendeley-S006-wrist_extension-R04,0,validation
mendeley-S6-K3-seed3406,6,3,3406,wrist_extension,mendeley-S006-wrist_extension-R05,mendeley-S006-R05-G01-wrist_extension,mendeley-S006-wrist_extension-R05,0,validation
mendeley-S6-K3-seed3406,6,3,3406,wrist_flexion,mendeley-S006-wrist_flexion-R02,mendeley-S006-R02-G02-wrist_flexion,mendeley-S006-wrist_flexion-R02,0,validation
mendeley-S6-K3-seed3406,6,3,3406,wrist_flexion,mendeley-S006-wrist_flexion-R04,mendeley-S006-R04-G02-wrist_flexion,mendeley-S006-wrist_flexion-R04,0,validation
mendeley-S6-K3-seed3406,6,3,3406,wrist_flexion,mendeley-S006-wrist_flexion-R05,mendeley-S006-R05-G02-wrist_flexion,mendeley-S006-wrist_flexion-R05,0,validation
mendeley-S10-K3-seed3407,10,3,3407,hand_close,mendeley-S010-grip-R01,mendeley-S010-R01-G05-grip,mendeley-S010-grip-R01,0,validation
mendeley-S10-K3-seed3407,10,3,3407,hand_close,mendeley-S010-grip-R02,mendeley-S010-R02-G05-grip,mendeley-S010-grip-R02,0,validation
mendeley-S10-K3-seed3407,10,3,3407,hand_close,mendeley-S010-grip-R05,mendeley-S010-R05-G05-grip,mendeley-S010-grip-R05,0,validation
mendeley-S10-K3-seed3407,10,3,3407,rest,mendeley-S010-rest-R01,mendeley-S010-R01-G00-rest,mendeley-S010-rest-R01,0,validation
mendeley-S10-K3-seed3407,10,3,3407,rest,mendeley-S010-rest-R02,mendeley-S010-R02-G00-rest,mendeley-S010-rest-R02,0,validation
mendeley-S10-K3-seed3407,10,3,3407,rest,mendeley-S010-rest-R04,mendeley-S010-R04-G00-rest,mendeley-S010-rest-R04,0,validation
mendeley-S10-K3-seed3407,10,3,3407,wrist_extension,mendeley-S010-wrist_extension-R01,mendeley-S010-R01-G01-wrist_extension,mendeley-S010-wrist_extension-R01,0,validation
mendeley-S10-K3-seed3407,10,3,3407,wrist_extension,mendeley-S010-wrist_extension-R03,mendeley-S010-R03-G01-wrist_extension,mendeley-S010-wrist_extension-R03,0,validation
mendeley-S10-K3-seed3407,10,3,3407,wrist_extension,mendeley-S010-wrist_extension-R05,mendeley-S010-R05-G01-wrist_extension,mendeley-S010-wrist_extension-R05,0,validation
mendeley-S10-K3-seed3407,10,3,3407,wrist_flexion,mendeley-S010-wrist_flexion-R01,mendeley-S010-R01-G02-wrist_flexion,mendeley-S010-wrist_flexion-R01,0,validation
mendeley-S10-K3-seed3407,10,3,3407,wrist_flexion,mendeley-S010-wrist_flexion-R02,mendeley-S010-R02-G02-wrist_flexion,mendeley-S010-wrist_flexion-R02,0,validation
mendeley-S10-K3-seed3407,10,3,3407,wrist_flexion,mendeley-S010-wrist_flexion-R05,mendeley-S010-R05-G02-wrist_flexion,mendeley-S010-wrist_flexion-R05,0,validation
mendeley-S15-K3-seed3407,15,3,3407,hand_close,mendeley-S015-grip-R01,mendeley-S015-R01-G05-grip,mendeley-S015-grip-R01,0,validation
mendeley-S15-K3-seed3407,15,3,3407,hand_close,mendeley-S015-grip-R02,mendeley-S015-R02-G05-grip,mendeley-S015-grip-R02,0,validation
mendeley-S15-K3-seed3407,15,3,3407,hand_close,mendeley-S015-grip-R05,mendeley-S015-R05-G05-grip,mendeley-S015-grip-R05,0,validation
mendeley-S15-K3-seed3407,15,3,3407,rest,mendeley-S015-rest-R01,mendeley-S015-R01-G00-rest,mendeley-S015-rest-R01,0,validation
mendeley-S15-K3-seed3407,15,3,3407,rest,mendeley-S015-rest-R02,mendeley-S015-R02-G00-rest,mendeley-S015-rest-R02,0,validation
mendeley-S15-K3-seed3407,15,3,3407,rest,mendeley-S015-rest-R03,mendeley-S015-R03-G00-rest,mendeley-S015-rest-R03,0,validation
mendeley-S15-K3-seed3407,15,3,3407,wrist_extension,mendeley-S015-wrist_extension-R01,mendeley-S015-R01-G01-wrist_extension,mendeley-S015-wrist_extension-R01,0,validation
mendeley-S15-K3-seed3407,15,3,3407,wrist_extension,mendeley-S015-wrist_extension-R02,mendeley-S015-R02-G01-wrist_extension,mendeley-S015-wrist_extension-R02,0,validation
mendeley-S15-K3-seed3407,15,3,3407,wrist_extension,mendeley-S015-wrist_extension-R05,mendeley-S015-R05-G01-wrist_extension,mendeley-S015-wrist_extension-R05,0,validation
mendeley-S15-K3-seed3407,15,3,3407,wrist_flexion,mendeley-S015-wrist_flexion-R01,mendeley-S015-R01-G02-wrist_flexion,mendeley-S015-wrist_flexion-R01,0,validation
mendeley-S15-K3-seed3407,15,3,3407,wrist_flexion,mendeley-S015-wrist_flexion-R02,mendeley-S015-R02-G02-wrist_flexion,mendeley-S015-wrist_flexion-R02,0,validation
mendeley-S15-K3-seed3407,15,3,3407,wrist_flexion,mendeley-S015-wrist_flexion-R04,mendeley-S015-R04-G02-wrist_flexion,mendeley-S015-wrist_flexion-R04,0,validation
mendeley-S21-K3-seed3407,21,3,3407,hand_close,mendeley-S021-grip-R01,mendeley-S021-R01-G05-grip,mendeley-S021-grip-R01,0,validation
mendeley-S21-K3-seed3407,21,3,3407,hand_close,mendeley-S021-grip-R03,mendeley-S021-R03-G05-grip,mendeley-S021-grip-R03,0,validation
mendeley-S21-K3-seed3407,21,3,3407,hand_close,mendeley-S021-grip-R04,mendeley-S021-R04-G05-grip,mendeley-S021-grip-R04,0,validation
mendeley-S21-K3-seed3407,21,3,3407,rest,mendeley-S021-rest-R02,mendeley-S021-R02-G00-rest,mendeley-S021-rest-R02,0,validation
mendeley-S21-K3-seed3407,21,3,3407,rest,mendeley-S021-rest-R04,mendeley-S021-R04-G00-rest,mendeley-S021-rest-R04,0,validation
mendeley-S21-K3-seed3407,21,3,3407,rest,mendeley-S021-rest-R05,mendeley-S021-R05-G00-rest,mendeley-S021-rest-R05,0,validation
mendeley-S21-K3-seed3407,21,3,3407,wrist_extension,mendeley-S021-wrist_extension-R01,mendeley-S021-R01-G01-wrist_extension,mendeley-S021-wrist_extension-R01,0,validation
mendeley-S21-K3-seed3407,21,3,3407,wrist_extension,mendeley-S021-wrist_extension-R02,mendeley-S021-R02-G01-wrist_extension,mendeley-S021-wrist_extension-R02,0,validation
mendeley-S21-K3-seed3407,21,3,3407,wrist_extension,mendeley-S021-wrist_extension-R05,mendeley-S021-R05-G01-wrist_extension,mendeley-S021-wrist_extension-R05,0,validation
mendeley-S21-K3-seed3407,21,3,3407,wrist_flexion,mendeley-S021-wrist_flexion-R02,mendeley-S021-R02-G02-wrist_flexion,mendeley-S021-wrist_flexion-R02,0,validation
mendeley-S21-K3-seed3407,21,3,3407,wrist_flexion,mendeley-S021-wrist_flexion-R03,mendeley-S021-R03-G02-wrist_flexion,mendeley-S021-wrist_flexion-R03,0,validation
mendeley-S21-K3-seed3407,21,3,3407,wrist_flexion,mendeley-S021-wrist_flexion-R04,mendeley-S021-R04-G02-wrist_flexion,mendeley-S021-wrist_flexion-R04,0,validation
mendeley-S23-K3-seed3407,23,3,3407,hand_close,mendeley-S023-grip-R01,mendeley-S023-R01-G05-grip,mendeley-S023-grip-R01,0,validation
mendeley-S23-K3-seed3407,23,3,3407,hand_close,mendeley-S023-grip-R02,mendeley-S023-R02-G05-grip,mendeley-S023-grip-R02,0,validation
mendeley-S23-K3-seed3407,23,3,3407,hand_close,mendeley-S023-grip-R03,mendeley-S023-R03-G05-grip,mendeley-S023-grip-R03,0,validation
mendeley-S23-K3-seed3407,23,3,3407,rest,mendeley-S023-rest-R02,mendeley-S023-R02-G00-rest,mendeley-S023-rest-R02,0,validation
mendeley-S23-K3-seed3407,23,3,3407,rest,mendeley-S023-rest-R04,mendeley-S023-R04-G00-rest,mendeley-S023-rest-R04,0,validation
mendeley-S23-K3-seed3407,23,3,3407,rest,mendeley-S023-rest-R05,mendeley-S023-R05-G00-rest,mendeley-S023-rest-R05,0,validation
mendeley-S23-K3-seed3407,23,3,3407,wrist_extension,mendeley-S023-wrist_extension-R01,mendeley-S023-R01-G01-wrist_extension,mendeley-S023-wrist_extension-R01,0,validation
mendeley-S23-K3-seed3407,23,3,3407,wrist_extension,mendeley-S023-wrist_extension-R04,mendeley-S023-R04-G01-wrist_extension,mendeley-S023-wrist_extension-R04,0,validation
mendeley-S23-K3-seed3407,23,3,3407,wrist_extension,mendeley-S023-wrist_extension-R05,mendeley-S023-R05-G01-wrist_extension,mendeley-S023-wrist_extension-R05,0,validation
mendeley-S23-K3-seed3407,23,3,3407,wrist_flexion,mendeley-S023-wrist_flexion-R02,mendeley-S023-R02-G02-wrist_flexion,mendeley-S023-wrist_flexion-R02,0,validation
mendeley-S23-K3-seed3407,23,3,3407,wrist_flexion,mendeley-S023-wrist_flexion-R04,mendeley-S023-R04-G02-wrist_flexion,mendeley-S023-wrist_flexion-R04,0,validation
mendeley-S23-K3-seed3407,23,3,3407,wrist_flexion,mendeley-S023-wrist_flexion-R05,mendeley-S023-R05-G02-wrist_flexion,mendeley-S023-wrist_flexion-R05,0,validation
mendeley-S25-K3-seed3407,25,3,3407,hand_close,mendeley-S025-grip-R01,mendeley-S025-R01-G05-grip,mendeley-S025-grip-R01,0,validation
mendeley-S25-K3-seed3407,25,3,3407,hand_close,mendeley-S025-grip-R02,mendeley-S025-R02-G05-grip,mendeley-S025-grip-R02,0,validation
mendeley-S25-K3-seed3407,25,3,3407,hand_close,mendeley-S025-grip-R03,mendeley-S025-R03-G05-grip,mendeley-S025-grip-R03,0,validation
mendeley-S25-K3-seed3407,25,3,3407,rest,mendeley-S025-rest-R02,mendeley-S025-R02-G00-rest,mendeley-S025-rest-R02,0,validation
mendeley-S25-K3-seed3407,25,3,3407,rest,mendeley-S025-rest-R04,mendeley-S025-R04-G00-rest,mendeley-S025-rest-R04,0,validation
mendeley-S25-K3-seed3407,25,3,3407,rest,mendeley-S025-rest-R05,mendeley-S025-R05-G00-rest,mendeley-S025-rest-R05,0,validation
mendeley-S25-K3-seed3407,25,3,3407,wrist_extension,mendeley-S025-wrist_extension-R02,mendeley-S025-R02-G01-wrist_extension,mendeley-S025-wrist_extension-R02,0,validation
mendeley-S25-K3-seed3407,25,3,3407,wrist_extension,mendeley-S025-wrist_extension-R03,mendeley-S025-R03-G01-wrist_extension,mendeley-S025-wrist_extension-R03,0,validation
mendeley-S25-K3-seed3407,25,3,3407,wrist_extension,mendeley-S025-wrist_extension-R04,mendeley-S025-R04-G01-wrist_extension,mendeley-S025-wrist_extension-R04,0,validation
mendeley-S25-K3-seed3407,25,3,3407,wrist_flexion,mendeley-S025-wrist_flexion-R02,mendeley-S025-R02-G02-wrist_flexion,mendeley-S025-wrist_flexion-R02,0,validation
mendeley-S25-K3-seed3407,25,3,3407,wrist_flexion,mendeley-S025-wrist_flexion-R04,mendeley-S025-R04-G02-wrist_flexion,mendeley-S025-wrist_flexion-R04,0,validation
mendeley-S25-K3-seed3407,25,3,3407,wrist_flexion,mendeley-S025-wrist_flexion-R05,mendeley-S025-R05-G02-wrist_flexion,mendeley-S025-wrist_flexion-R05,0,validation
mendeley-S35-K3-seed3407,35,3,3407,hand_close,mendeley-S035-grip-R02,mendeley-S035-R02-G05-grip,mendeley-S035-grip-R02,0,validation
mendeley-S35-K3-seed3407,35,3,3407,hand_close,mendeley-S035-grip-R03,mendeley-S035-R03-G05-grip,mendeley-S035-grip-R03,0,validation
mendeley-S35-K3-seed3407,35,3,3407,hand_close,mendeley-S035-grip-R05,mendeley-S035-R05-G05-grip,mendeley-S035-grip-R05,0,validation
mendeley-S35-K3-seed3407,35,3,3407,rest,mendeley-S035-rest-R01,mendeley-S035-R01-G00-rest,mendeley-S035-rest-R01,0,validation
mendeley-S35-K3-seed3407,35,3,3407,rest,mendeley-S035-rest-R04,mendeley-S035-R04-G00-rest,mendeley-S035-rest-R04,0,validation
mendeley-S35-K3-seed3407,35,3,3407,rest,mendeley-S035-rest-R05,mendeley-S035-R05-G00-rest,mendeley-S035-rest-R05,0,validation
mendeley-S35-K3-seed3407,35,3,3407,wrist_extension,mendeley-S035-wrist_extension-R01,mendeley-S035-R01-G01-wrist_extension,mendeley-S035-wrist_extension-R01,0,validation
mendeley-S35-K3-seed3407,35,3,3407,wrist_extension,mendeley-S035-wrist_extension-R02,mendeley-S035-R02-G01-wrist_extension,mendeley-S035-wrist_extension-R02,0,validation
mendeley-S35-K3-seed3407,35,3,3407,wrist_extension,mendeley-S035-wrist_extension-R05,mendeley-S035-R05-G01-wrist_extension,mendeley-S035-wrist_extension-R05,0,validation
mendeley-S35-K3-seed3407,35,3,3407,wrist_flexion,mendeley-S035-wrist_flexion-R02,mendeley-S035-R02-G02-wrist_flexion,mendeley-S035-wrist_flexion-R02,0,validation
mendeley-S35-K3-seed3407,35,3,3407,wrist_flexion,mendeley-S035-wrist_flexion-R03,mendeley-S035-R03-G02-wrist_flexion,mendeley-S035-wrist_flexion-R03,0,validation
mendeley-S35-K3-seed3407,35,3,3407,wrist_flexion,mendeley-S035-wrist_flexion-R05,mendeley-S035-R05-G02-wrist_flexion,mendeley-S035-wrist_flexion-R05,0,validation
mendeley-S40-K3-seed3407,40,3,3407,hand_close,mendeley-S040-grip-R01,mendeley-S040-R01-G05-grip,mendeley-S040-grip-R01,0,validation
mendeley-S40-K3-seed3407,40,3,3407,hand_close,mendeley-S040-grip-R03,mendeley-S040-R03-G05-grip,mendeley-S040-grip-R03,0,validation
mendeley-S40-K3-seed3407,40,3,3407,hand_close,mendeley-S040-grip-R04,mendeley-S040-R04-G05-grip,mendeley-S040-grip-R04,0,validation
mendeley-S40-K3-seed3407,40,3,3407,rest,mendeley-S040-rest-R02,mendeley-S040-R02-G00-rest,mendeley-S040-rest-R02,0,validation
mendeley-S40-K3-seed3407,40,3,3407,rest,mendeley-S040-rest-R03,mendeley-S040-R03-G00-rest,mendeley-S040-rest-R03,0,validation
mendeley-S40-K3-seed3407,40,3,3407,rest,mendeley-S040-rest-R04,mendeley-S040-R04-G00-rest,mendeley-S040-rest-R04,0,validation
mendeley-S40-K3-seed3407,40,3,3407,wrist_extension,mendeley-S040-wrist_extension-R01,mendeley-S040-R01-G01-wrist_extension,mendeley-S040-wrist_extension-R01,0,validation
mendeley-S40-K3-seed3407,40,3,3407,wrist_extension,mendeley-S040-wrist_extension-R02,mendeley-S040-R02-G01-wrist_extension,mendeley-S040-wrist_extension-R02,0,validation
mendeley-S40-K3-seed3407,40,3,3407,wrist_extension,mendeley-S040-wrist_extension-R03,mendeley-S040-R03-G01-wrist_extension,mendeley-S040-wrist_extension-R03,0,validation
mendeley-S40-K3-seed3407,40,3,3407,wrist_flexion,mendeley-S040-wrist_flexion-R01,mendeley-S040-R01-G02-wrist_flexion,mendeley-S040-wrist_flexion-R01,0,validation
mendeley-S40-K3-seed3407,40,3,3407,wrist_flexion,mendeley-S040-wrist_flexion-R03,mendeley-S040-R03-G02-wrist_flexion,mendeley-S040-wrist_flexion-R03,0,validation
mendeley-S40-K3-seed3407,40,3,3407,wrist_flexion,mendeley-S040-wrist_flexion-R05,mendeley-S040-R05-G02-wrist_flexion,mendeley-S040-wrist_flexion-R05,0,validation
mendeley-S6-K3-seed3407,6,3,3407,hand_close,mendeley-S006-grip-R03,mendeley-S006-R03-G05-grip,mendeley-S006-grip-R03,0,validation
mendeley-S6-K3-seed3407,6,3,3407,hand_close,mendeley-S006-grip-R04,mendeley-S006-R04-G05-grip,mendeley-S006-grip-R04,0,validation
mendeley-S6-K3-seed3407,6,3,3407,hand_close,mendeley-S006-grip-R05,mendeley-S006-R05-G05-grip,mendeley-S006-grip-R05,0,validation
mendeley-S6-K3-seed3407,6,3,3407,rest,mendeley-S006-rest-R02,mendeley-S006-R02-G00-rest,mendeley-S006-rest-R02,0,validation
mendeley-S6-K3-seed3407,6,3,3407,rest,mendeley-S006-rest-R03,mendeley-S006-R03-G00-rest,mendeley-S006-rest-R03,0,validation
mendeley-S6-K3-seed3407,6,3,3407,rest,mendeley-S006-rest-R04,mendeley-S006-R04-G00-rest,mendeley-S006-rest-R04,0,validation
mendeley-S6-K3-seed3407,6,3,3407,wrist_extension,mendeley-S006-wrist_extension-R02,mendeley-S006-R02-G01-wrist_extension,mendeley-S006-wrist_extension-R02,0,validation
mendeley-S6-K3-seed3407,6,3,3407,wrist_extension,mendeley-S006-wrist_extension-R04,mendeley-S006-R04-G01-wrist_extension,mendeley-S006-wrist_extension-R04,0,validation
mendeley-S6-K3-seed3407,6,3,3407,wrist_extension,mendeley-S006-wrist_extension-R05,mendeley-S006-R05-G01-wrist_extension,mendeley-S006-wrist_extension-R05,0,validation
mendeley-S6-K3-seed3407,6,3,3407,wrist_flexion,mendeley-S006-wrist_flexion-R01,mendeley-S006-R01-G02-wrist_flexion,mendeley-S006-wrist_flexion-R01,0,validation
mendeley-S6-K3-seed3407,6,3,3407,wrist_flexion,mendeley-S006-wrist_flexion-R04,mendeley-S006-R04-G02-wrist_flexion,mendeley-S006-wrist_flexion-R04,0,validation
mendeley-S6-K3-seed3407,6,3,3407,wrist_flexion,mendeley-S006-wrist_flexion-R05,mendeley-S006-R05-G02-wrist_flexion,mendeley-S006-wrist_flexion-R05,0,validation
mendeley-S10-K3-seed3408,10,3,3408,hand_close,mendeley-S010-grip-R01,mendeley-S010-R01-G05-grip,mendeley-S010-grip-R01,0,validation
mendeley-S10-K3-seed3408,10,3,3408,hand_close,mendeley-S010-grip-R02,mendeley-S010-R02-G05-grip,mendeley-S010-grip-R02,0,validation
mendeley-S10-K3-seed3408,10,3,3408,hand_close,mendeley-S010-grip-R03,mendeley-S010-R03-G05-grip,mendeley-S010-grip-R03,0,validation
mendeley-S10-K3-seed3408,10,3,3408,rest,mendeley-S010-rest-R02,mendeley-S010-R02-G00-rest,mendeley-S010-rest-R02,0,validation
mendeley-S10-K3-seed3408,10,3,3408,rest,mendeley-S010-rest-R03,mendeley-S010-R03-G00-rest,mendeley-S010-rest-R03,0,validation
mendeley-S10-K3-seed3408,10,3,3408,rest,mendeley-S010-rest-R05,mendeley-S010-R05-G00-rest,mendeley-S010-rest-R05,0,validation
mendeley-S10-K3-seed3408,10,3,3408,wrist_extension,mendeley-S010-wrist_extension-R03,mendeley-S010-R03-G01-wrist_extension,mendeley-S010-wrist_extension-R03,0,validation
mendeley-S10-K3-seed3408,10,3,3408,wrist_extension,mendeley-S010-wrist_extension-R04,mendeley-S010-R04-G01-wrist_extension,mendeley-S010-wrist_extension-R04,0,validation
mendeley-S10-K3-seed3408,10,3,3408,wrist_extension,mendeley-S010-wrist_extension-R05,mendeley-S010-R05-G01-wrist_extension,mendeley-S010-wrist_extension-R05,0,validation
mendeley-S10-K3-seed3408,10,3,3408,wrist_flexion,mendeley-S010-wrist_flexion-R01,mendeley-S010-R01-G02-wrist_flexion,mendeley-S010-wrist_flexion-R01,0,validation
mendeley-S10-K3-seed3408,10,3,3408,wrist_flexion,mendeley-S010-wrist_flexion-R04,mendeley-S010-R04-G02-wrist_flexion,mendeley-S010-wrist_flexion-R04,0,validation
mendeley-S10-K3-seed3408,10,3,3408,wrist_flexion,mendeley-S010-wrist_flexion-R05,mendeley-S010-R05-G02-wrist_flexion,mendeley-S010-wrist_flexion-R05,0,validation
mendeley-S15-K3-seed3408,15,3,3408,hand_close,mendeley-S015-grip-R02,mendeley-S015-R02-G05-grip,mendeley-S015-grip-R02,0,validation
mendeley-S15-K3-seed3408,15,3,3408,hand_close,mendeley-S015-grip-R04,mendeley-S015-R04-G05-grip,mendeley-S015-grip-R04,0,validation
mendeley-S15-K3-seed3408,15,3,3408,hand_close,mendeley-S015-grip-R05,mendeley-S015-R05-G05-grip,mendeley-S015-grip-R05,0,validation
mendeley-S15-K3-seed3408,15,3,3408,rest,mendeley-S015-rest-R01,mendeley-S015-R01-G00-rest,mendeley-S015-rest-R01,0,validation
mendeley-S15-K3-seed3408,15,3,3408,rest,mendeley-S015-rest-R02,mendeley-S015-R02-G00-rest,mendeley-S015-rest-R02,0,validation
mendeley-S15-K3-seed3408,15,3,3408,rest,mendeley-S015-rest-R04,mendeley-S015-R04-G00-rest,mendeley-S015-rest-R04,0,validation
mendeley-S15-K3-seed3408,15,3,3408,wrist_extension,mendeley-S015-wrist_extension-R02,mendeley-S015-R02-G01-wrist_extension,mendeley-S015-wrist_extension-R02,0,validation
mendeley-S15-K3-seed3408,15,3,3408,wrist_extension,mendeley-S015-wrist_extension-R03,mendeley-S015-R03-G01-wrist_extension,mendeley-S015-wrist_extension-R03,0,validation
mendeley-S15-K3-seed3408,15,3,3408,wrist_extension,mendeley-S015-wrist_extension-R05,mendeley-S015-R05-G01-wrist_extension,mendeley-S015-wrist_extension-R05,0,validation
mendeley-S15-K3-seed3408,15,3,3408,wrist_flexion,mendeley-S015-wrist_flexion-R01,mendeley-S015-R01-G02-wrist_flexion,mendeley-S015-wrist_flexion-R01,0,validation
mendeley-S15-K3-seed3408,15,3,3408,wrist_flexion,mendeley-S015-wrist_flexion-R02,mendeley-S015-R02-G02-wrist_flexion,mendeley-S015-wrist_flexion-R02,0,validation
mendeley-S15-K3-seed3408,15,3,3408,wrist_flexion,mendeley-S015-wrist_flexion-R04,mendeley-S015-R04-G02-wrist_flexion,mendeley-S015-wrist_flexion-R04,0,validation
mendeley-S21-K3-seed3408,21,3,3408,hand_close,mendeley-S021-grip-R01,mendeley-S021-R01-G05-grip,mendeley-S021-grip-R01,0,validation
mendeley-S21-K3-seed3408,21,3,3408,hand_close,mendeley-S021-grip-R02,mendeley-S021-R02-G05-grip,mendeley-S021-grip-R02,0,validation
mendeley-S21-K3-seed3408,21,3,3408,hand_close,mendeley-S021-grip-R03,mendeley-S021-R03-G05-grip,mendeley-S021-grip-R03,0,validation
mendeley-S21-K3-seed3408,21,3,3408,rest,mendeley-S021-rest-R01,mendeley-S021-R01-G00-rest,mendeley-S021-rest-R01,0,validation
mendeley-S21-K3-seed3408,21,3,3408,rest,mendeley-S021-rest-R03,mendeley-S021-R03-G00-rest,mendeley-S021-rest-R03,0,validation
mendeley-S21-K3-seed3408,21,3,3408,rest,mendeley-S021-rest-R04,mendeley-S021-R04-G00-rest,mendeley-S021-rest-R04,0,validation
mendeley-S21-K3-seed3408,21,3,3408,wrist_extension,mendeley-S021-wrist_extension-R01,mendeley-S021-R01-G01-wrist_extension,mendeley-S021-wrist_extension-R01,0,validation
mendeley-S21-K3-seed3408,21,3,3408,wrist_extension,mendeley-S021-wrist_extension-R04,mendeley-S021-R04-G01-wrist_extension,mendeley-S021-wrist_extension-R04,0,validation
mendeley-S21-K3-seed3408,21,3,3408,wrist_extension,mendeley-S021-wrist_extension-R05,mendeley-S021-R05-G01-wrist_extension,mendeley-S021-wrist_extension-R05,0,validation
mendeley-S21-K3-seed3408,21,3,3408,wrist_flexion,mendeley-S021-wrist_flexion-R02,mendeley-S021-R02-G02-wrist_flexion,mendeley-S021-wrist_flexion-R02,0,validation
mendeley-S21-K3-seed3408,21,3,3408,wrist_flexion,mendeley-S021-wrist_flexion-R03,mendeley-S021-R03-G02-wrist_flexion,mendeley-S021-wrist_flexion-R03,0,validation
mendeley-S21-K3-seed3408,21,3,3408,wrist_flexion,mendeley-S021-wrist_flexion-R04,mendeley-S021-R04-G02-wrist_flexion,mendeley-S021-wrist_flexion-R04,0,validation
mendeley-S23-K3-seed3408,23,3,3408,hand_close,mendeley-S023-grip-R02,mendeley-S023-R02-G05-grip,mendeley-S023-grip-R02,0,validation
mendeley-S23-K3-seed3408,23,3,3408,hand_close,mendeley-S023-grip-R03,mendeley-S023-R03-G05-grip,mendeley-S023-grip-R03,0,validation
mendeley-S23-K3-seed3408,23,3,3408,hand_close,mendeley-S023-grip-R04,mendeley-S023-R04-G05-grip,mendeley-S023-grip-R04,0,validation
mendeley-S23-K3-seed3408,23,3,3408,rest,mendeley-S023-rest-R01,mendeley-S023-R01-G00-rest,mendeley-S023-rest-R01,0,validation
mendeley-S23-K3-seed3408,23,3,3408,rest,mendeley-S023-rest-R04,mendeley-S023-R04-G00-rest,mendeley-S023-rest-R04,0,validation
mendeley-S23-K3-seed3408,23,3,3408,rest,mendeley-S023-rest-R05,mendeley-S023-R05-G00-rest,mendeley-S023-rest-R05,0,validation
mendeley-S23-K3-seed3408,23,3,3408,wrist_extension,mendeley-S023-wrist_extension-R01,mendeley-S023-R01-G01-wrist_extension,mendeley-S023-wrist_extension-R01,0,validation
mendeley-S23-K3-seed3408,23,3,3408,wrist_extension,mendeley-S023-wrist_extension-R04,mendeley-S023-R04-G01-wrist_extension,mendeley-S023-wrist_extension-R04,0,validation
mendeley-S23-K3-seed3408,23,3,3408,wrist_extension,mendeley-S023-wrist_extension-R05,mendeley-S023-R05-G01-wrist_extension,mendeley-S023-wrist_extension-R05,0,validation
mendeley-S23-K3-seed3408,23,3,3408,wrist_flexion,mendeley-S023-wrist_flexion-R01,mendeley-S023-R01-G02-wrist_flexion,mendeley-S023-wrist_flexion-R01,0,validation
mendeley-S23-K3-seed3408,23,3,3408,wrist_flexion,mendeley-S023-wrist_flexion-R03,mendeley-S023-R03-G02-wrist_flexion,mendeley-S023-wrist_flexion-R03,0,validation
mendeley-S23-K3-seed3408,23,3,3408,wrist_flexion,mendeley-S023-wrist_flexion-R04,mendeley-S023-R04-G02-wrist_flexion,mendeley-S023-wrist_flexion-R04,0,validation
mendeley-S25-K3-seed3408,25,3,3408,hand_close,mendeley-S025-grip-R02,mendeley-S025-R02-G05-grip,mendeley-S025-grip-R02,0,validation
mendeley-S25-K3-seed3408,25,3,3408,hand_close,mendeley-S025-grip-R03,mendeley-S025-R03-G05-grip,mendeley-S025-grip-R03,0,validation
mendeley-S25-K3-seed3408,25,3,3408,hand_close,mendeley-S025-grip-R05,mendeley-S025-R05-G05-grip,mendeley-S025-grip-R05,0,validation
mendeley-S25-K3-seed3408,25,3,3408,rest,mendeley-S025-rest-R01,mendeley-S025-R01-G00-rest,mendeley-S025-rest-R01,0,validation
mendeley-S25-K3-seed3408,25,3,3408,rest,mendeley-S025-rest-R04,mendeley-S025-R04-G00-rest,mendeley-S025-rest-R04,0,validation
mendeley-S25-K3-seed3408,25,3,3408,rest,mendeley-S025-rest-R05,mendeley-S025-R05-G00-rest,mendeley-S025-rest-R05,0,validation
mendeley-S25-K3-seed3408,25,3,3408,wrist_extension,mendeley-S025-wrist_extension-R03,mendeley-S025-R03-G01-wrist_extension,mendeley-S025-wrist_extension-R03,0,validation
mendeley-S25-K3-seed3408,25,3,3408,wrist_extension,mendeley-S025-wrist_extension-R04,mendeley-S025-R04-G01-wrist_extension,mendeley-S025-wrist_extension-R04,0,validation
mendeley-S25-K3-seed3408,25,3,3408,wrist_extension,mendeley-S025-wrist_extension-R05,mendeley-S025-R05-G01-wrist_extension,mendeley-S025-wrist_extension-R05,0,validation
mendeley-S25-K3-seed3408,25,3,3408,wrist_flexion,mendeley-S025-wrist_flexion-R01,mendeley-S025-R01-G02-wrist_flexion,mendeley-S025-wrist_flexion-R01,0,validation
mendeley-S25-K3-seed3408,25,3,3408,wrist_flexion,mendeley-S025-wrist_flexion-R03,mendeley-S025-R03-G02-wrist_flexion,mendeley-S025-wrist_flexion-R03,0,validation
mendeley-S25-K3-seed3408,25,3,3408,wrist_flexion,mendeley-S025-wrist_flexion-R04,mendeley-S025-R04-G02-wrist_flexion,mendeley-S025-wrist_flexion-R04,0,validation
mendeley-S35-K3-seed3408,35,3,3408,hand_close,mendeley-S035-grip-R02,mendeley-S035-R02-G05-grip,mendeley-S035-grip-R02,0,validation
mendeley-S35-K3-seed3408,35,3,3408,hand_close,mendeley-S035-grip-R03,mendeley-S035-R03-G05-grip,mendeley-S035-grip-R03,0,validation
mendeley-S35-K3-seed3408,35,3,3408,hand_close,mendeley-S035-grip-R05,mendeley-S035-R05-G05-grip,mendeley-S035-grip-R05,0,validation
mendeley-S35-K3-seed3408,35,3,3408,rest,mendeley-S035-rest-R01,mendeley-S035-R01-G00-rest,mendeley-S035-rest-R01,0,validation
mendeley-S35-K3-seed3408,35,3,3408,rest,mendeley-S035-rest-R02,mendeley-S035-R02-G00-rest,mendeley-S035-rest-R02,0,validation
mendeley-S35-K3-seed3408,35,3,3408,rest,mendeley-S035-rest-R05,mendeley-S035-R05-G00-rest,mendeley-S035-rest-R05,0,validation
mendeley-S35-K3-seed3408,35,3,3408,wrist_extension,mendeley-S035-wrist_extension-R01,mendeley-S035-R01-G01-wrist_extension,mendeley-S035-wrist_extension-R01,0,validation
mendeley-S35-K3-seed3408,35,3,3408,wrist_extension,mendeley-S035-wrist_extension-R02,mendeley-S035-R02-G01-wrist_extension,mendeley-S035-wrist_extension-R02,0,validation
mendeley-S35-K3-seed3408,35,3,3408,wrist_extension,mendeley-S035-wrist_extension-R05,mendeley-S035-R05-G01-wrist_extension,mendeley-S035-wrist_extension-R05,0,validation
mendeley-S35-K3-seed3408,35,3,3408,wrist_flexion,mendeley-S035-wrist_flexion-R01,mendeley-S035-R01-G02-wrist_flexion,mendeley-S035-wrist_flexion-R01,0,validation
mendeley-S35-K3-seed3408,35,3,3408,wrist_flexion,mendeley-S035-wrist_flexion-R02,mendeley-S035-R02-G02-wrist_flexion,mendeley-S035-wrist_flexion-R02,0,validation
mendeley-S35-K3-seed3408,35,3,3408,wrist_flexion,mendeley-S035-wrist_flexion-R03,mendeley-S035-R03-G02-wrist_flexion,mendeley-S035-wrist_flexion-R03,0,validation
mendeley-S40-K3-seed3408,40,3,3408,hand_close,mendeley-S040-grip-R01,mendeley-S040-R01-G05-grip,mendeley-S040-grip-R01,0,validation
mendeley-S40-K3-seed3408,40,3,3408,hand_close,mendeley-S040-grip-R02,mendeley-S040-R02-G05-grip,mendeley-S040-grip-R02,0,validation
mendeley-S40-K3-seed3408,40,3,3408,hand_close,mendeley-S040-grip-R03,mendeley-S040-R03-G05-grip,mendeley-S040-grip-R03,0,validation
mendeley-S40-K3-seed3408,40,3,3408,rest,mendeley-S040-rest-R02,mendeley-S040-R02-G00-rest,mendeley-S040-rest-R02,0,validation
mendeley-S40-K3-seed3408,40,3,3408,rest,mendeley-S040-rest-R03,mendeley-S040-R03-G00-rest,mendeley-S040-rest-R03,0,validation
mendeley-S40-K3-seed3408,40,3,3408,rest,mendeley-S040-rest-R05,mendeley-S040-R05-G00-rest,mendeley-S040-rest-R05,0,validation
mendeley-S40-K3-seed3408,40,3,3408,wrist_extension,mendeley-S040-wrist_extension-R01,mendeley-S040-R01-G01-wrist_extension,mendeley-S040-wrist_extension-R01,0,validation
mendeley-S40-K3-seed3408,40,3,3408,wrist_extension,mendeley-S040-wrist_extension-R04,mendeley-S040-R04-G01-wrist_extension,mendeley-S040-wrist_extension-R04,0,validation
mendeley-S40-K3-seed3408,40,3,3408,wrist_extension,mendeley-S040-wrist_extension-R05,mendeley-S040-R05-G01-wrist_extension,mendeley-S040-wrist_extension-R05,0,validation
mendeley-S40-K3-seed3408,40,3,3408,wrist_flexion,mendeley-S040-wrist_flexion-R02,mendeley-S040-R02-G02-wrist_flexion,mendeley-S040-wrist_flexion-R02,0,validation
mendeley-S40-K3-seed3408,40,3,3408,wrist_flexion,mendeley-S040-wrist_flexion-R04,mendeley-S040-R04-G02-wrist_flexion,mendeley-S040-wrist_flexion-R04,0,validation
mendeley-S40-K3-seed3408,40,3,3408,wrist_flexion,mendeley-S040-wrist_flexion-R05,mendeley-S040-R05-G02-wrist_flexion,mendeley-S040-wrist_flexion-R05,0,validation
mendeley-S6-K3-seed3408,6,3,3408,hand_close,mendeley-S006-grip-R01,mendeley-S006-R01-G05-grip,mendeley-S006-grip-R01,0,validation
mendeley-S6-K3-seed3408,6,3,3408,hand_close,mendeley-S006-grip-R03,mendeley-S006-R03-G05-grip,mendeley-S006-grip-R03,0,validation
mendeley-S6-K3-seed3408,6,3,3408,hand_close,mendeley-S006-grip-R04,mendeley-S006-R04-G05-grip,mendeley-S006-grip-R04,0,validation
mendeley-S6-K3-seed3408,6,3,3408,rest,mendeley-S006-rest-R02,mendeley-S006-R02-G00-rest,mendeley-S006-rest-R02,0,validation
mendeley-S6-K3-seed3408,6,3,3408,rest,mendeley-S006-rest-R03,mendeley-S006-R03-G00-rest,mendeley-S006-rest-R03,0,validation
mendeley-S6-K3-seed3408,6,3,3408,rest,mendeley-S006-rest-R05,mendeley-S006-R05-G00-rest,mendeley-S006-rest-R05,0,validation
mendeley-S6-K3-seed3408,6,3,3408,wrist_extension,mendeley-S006-wrist_extension-R01,mendeley-S006-R01-G01-wrist_extension,mendeley-S006-wrist_extension-R01,0,validation
mendeley-S6-K3-seed3408,6,3,3408,wrist_extension,mendeley-S006-wrist_extension-R04,mendeley-S006-R04-G01-wrist_extension,mendeley-S006-wrist_extension-R04,0,validation
mendeley-S6-K3-seed3408,6,3,3408,wrist_extension,mendeley-S006-wrist_extension-R05,mendeley-S006-R05-G01-wrist_extension,mendeley-S006-wrist_extension-R05,0,validation
mendeley-S6-K3-seed3408,6,3,3408,wrist_flexion,mendeley-S006-wrist_flexion-R02,mendeley-S006-R02-G02-wrist_flexion,mendeley-S006-wrist_flexion-R02,0,validation
mendeley-S6-K3-seed3408,6,3,3408,wrist_flexion,mendeley-S006-wrist_flexion-R03,mendeley-S006-R03-G02-wrist_flexion,mendeley-S006-wrist_flexion-R03,0,validation
mendeley-S6-K3-seed3408,6,3,3408,wrist_flexion,mendeley-S006-wrist_flexion-R04,mendeley-S006-R04-G02-wrist_flexion,mendeley-S006-wrist_flexion-R04,0,validation
mendeley-S10-K3-seed3409,10,3,3409,hand_close,mendeley-S010-grip-R01,mendeley-S010-R01-G05-grip,mendeley-S010-grip-R01,0,validation
mendeley-S10-K3-seed3409,10,3,3409,hand_close,mendeley-S010-grip-R03,mendeley-S010-R03-G05-grip,mendeley-S010-grip-R03,0,validation
mendeley-S10-K3-seed3409,10,3,3409,hand_close,mendeley-S010-grip-R04,mendeley-S010-R04-G05-grip,mendeley-S010-grip-R04,0,validation
mendeley-S10-K3-seed3409,10,3,3409,rest,mendeley-S010-rest-R02,mendeley-S010-R02-G00-rest,mendeley-S010-rest-R02,0,validation
mendeley-S10-K3-seed3409,10,3,3409,rest,mendeley-S010-rest-R04,mendeley-S010-R04-G00-rest,mendeley-S010-rest-R04,0,validation
mendeley-S10-K3-seed3409,10,3,3409,rest,mendeley-S010-rest-R05,mendeley-S010-R05-G00-rest,mendeley-S010-rest-R05,0,validation
mendeley-S10-K3-seed3409,10,3,3409,wrist_extension,mendeley-S010-wrist_extension-R01,mendeley-S010-R01-G01-wrist_extension,mendeley-S010-wrist_extension-R01,0,validation
mendeley-S10-K3-seed3409,10,3,3409,wrist_extension,mendeley-S010-wrist_extension-R02,mendeley-S010-R02-G01-wrist_extension,mendeley-S010-wrist_extension-R02,0,validation
mendeley-S10-K3-seed3409,10,3,3409,wrist_extension,mendeley-S010-wrist_extension-R04,mendeley-S010-R04-G01-wrist_extension,mendeley-S010-wrist_extension-R04,0,validation
mendeley-S10-K3-seed3409,10,3,3409,wrist_flexion,mendeley-S010-wrist_flexion-R01,mendeley-S010-R01-G02-wrist_flexion,mendeley-S010-wrist_flexion-R01,0,validation
mendeley-S10-K3-seed3409,10,3,3409,wrist_flexion,mendeley-S010-wrist_flexion-R02,mendeley-S010-R02-G02-wrist_flexion,mendeley-S010-wrist_flexion-R02,0,validation
mendeley-S10-K3-seed3409,10,3,3409,wrist_flexion,mendeley-S010-wrist_flexion-R03,mendeley-S010-R03-G02-wrist_flexion,mendeley-S010-wrist_flexion-R03,0,validation
mendeley-S15-K3-seed3409,15,3,3409,hand_close,mendeley-S015-grip-R01,mendeley-S015-R01-G05-grip,mendeley-S015-grip-R01,0,validation
mendeley-S15-K3-seed3409,15,3,3409,hand_close,mendeley-S015-grip-R03,mendeley-S015-R03-G05-grip,mendeley-S015-grip-R03,0,validation
mendeley-S15-K3-seed3409,15,3,3409,hand_close,mendeley-S015-grip-R04,mendeley-S015-R04-G05-grip,mendeley-S015-grip-R04,0,validation
mendeley-S15-K3-seed3409,15,3,3409,rest,mendeley-S015-rest-R02,mendeley-S015-R02-G00-rest,mendeley-S015-rest-R02,0,validation
mendeley-S15-K3-seed3409,15,3,3409,rest,mendeley-S015-rest-R03,mendeley-S015-R03-G00-rest,mendeley-S015-rest-R03,0,validation
mendeley-S15-K3-seed3409,15,3,3409,rest,mendeley-S015-rest-R04,mendeley-S015-R04-G00-rest,mendeley-S015-rest-R04,0,validation
mendeley-S15-K3-seed3409,15,3,3409,wrist_extension,mendeley-S015-wrist_extension-R01,mendeley-S015-R01-G01-wrist_extension,mendeley-S015-wrist_extension-R01,0,validation
mendeley-S15-K3-seed3409,15,3,3409,wrist_extension,mendeley-S015-wrist_extension-R03,mendeley-S015-R03-G01-wrist_extension,mendeley-S015-wrist_extension-R03,0,validation
mendeley-S15-K3-seed3409,15,3,3409,wrist_extension,mendeley-S015-wrist_extension-R05,mendeley-S015-R05-G01-wrist_extension,mendeley-S015-wrist_extension-R05,0,validation
mendeley-S15-K3-seed3409,15,3,3409,wrist_flexion,mendeley-S015-wrist_flexion-R01,mendeley-S015-R01-G02-wrist_flexion,mendeley-S015-wrist_flexion-R01,0,validation
mendeley-S15-K3-seed3409,15,3,3409,wrist_flexion,mendeley-S015-wrist_flexion-R04,mendeley-S015-R04-G02-wrist_flexion,mendeley-S015-wrist_flexion-R04,0,validation
mendeley-S15-K3-seed3409,15,3,3409,wrist_flexion,mendeley-S015-wrist_flexion-R05,mendeley-S015-R05-G02-wrist_flexion,mendeley-S015-wrist_flexion-R05,0,validation
mendeley-S21-K3-seed3409,21,3,3409,hand_close,mendeley-S021-grip-R02,mendeley-S021-R02-G05-grip,mendeley-S021-grip-R02,0,validation
mendeley-S21-K3-seed3409,21,3,3409,hand_close,mendeley-S021-grip-R03,mendeley-S021-R03-G05-grip,mendeley-S021-grip-R03,0,validation
mendeley-S21-K3-seed3409,21,3,3409,hand_close,mendeley-S021-grip-R04,mendeley-S021-R04-G05-grip,mendeley-S021-grip-R04,0,validation
mendeley-S21-K3-seed3409,21,3,3409,rest,mendeley-S021-rest-R01,mendeley-S021-R01-G00-rest,mendeley-S021-rest-R01,0,validation
mendeley-S21-K3-seed3409,21,3,3409,rest,mendeley-S021-rest-R04,mendeley-S021-R04-G00-rest,mendeley-S021-rest-R04,0,validation
mendeley-S21-K3-seed3409,21,3,3409,rest,mendeley-S021-rest-R05,mendeley-S021-R05-G00-rest,mendeley-S021-rest-R05,0,validation
mendeley-S21-K3-seed3409,21,3,3409,wrist_extension,mendeley-S021-wrist_extension-R01,mendeley-S021-R01-G01-wrist_extension,mendeley-S021-wrist_extension-R01,0,validation
mendeley-S21-K3-seed3409,21,3,3409,wrist_extension,mendeley-S021-wrist_extension-R03,mendeley-S021-R03-G01-wrist_extension,mendeley-S021-wrist_extension-R03,0,validation
mendeley-S21-K3-seed3409,21,3,3409,wrist_extension,mendeley-S021-wrist_extension-R04,mendeley-S021-R04-G01-wrist_extension,mendeley-S021-wrist_extension-R04,0,validation
mendeley-S21-K3-seed3409,21,3,3409,wrist_flexion,mendeley-S021-wrist_flexion-R01,mendeley-S021-R01-G02-wrist_flexion,mendeley-S021-wrist_flexion-R01,0,validation
mendeley-S21-K3-seed3409,21,3,3409,wrist_flexion,mendeley-S021-wrist_flexion-R02,mendeley-S021-R02-G02-wrist_flexion,mendeley-S021-wrist_flexion-R02,0,validation
mendeley-S21-K3-seed3409,21,3,3409,wrist_flexion,mendeley-S021-wrist_flexion-R04,mendeley-S021-R04-G02-wrist_flexion,mendeley-S021-wrist_flexion-R04,0,validation
mendeley-S23-K3-seed3409,23,3,3409,hand_close,mendeley-S023-grip-R03,mendeley-S023-R03-G05-grip,mendeley-S023-grip-R03,0,validation
mendeley-S23-K3-seed3409,23,3,3409,hand_close,mendeley-S023-grip-R04,mendeley-S023-R04-G05-grip,mendeley-S023-grip-R04,0,validation
mendeley-S23-K3-seed3409,23,3,3409,hand_close,mendeley-S023-grip-R05,mendeley-S023-R05-G05-grip,mendeley-S023-grip-R05,0,validation
mendeley-S23-K3-seed3409,23,3,3409,rest,mendeley-S023-rest-R02,mendeley-S023-R02-G00-rest,mendeley-S023-rest-R02,0,validation
mendeley-S23-K3-seed3409,23,3,3409,rest,mendeley-S023-rest-R03,mendeley-S023-R03-G00-rest,mendeley-S023-rest-R03,0,validation
mendeley-S23-K3-seed3409,23,3,3409,rest,mendeley-S023-rest-R04,mendeley-S023-R04-G00-rest,mendeley-S023-rest-R04,0,validation
mendeley-S23-K3-seed3409,23,3,3409,wrist_extension,mendeley-S023-wrist_extension-R01,mendeley-S023-R01-G01-wrist_extension,mendeley-S023-wrist_extension-R01,0,validation
mendeley-S23-K3-seed3409,23,3,3409,wrist_extension,mendeley-S023-wrist_extension-R02,mendeley-S023-R02-G01-wrist_extension,mendeley-S023-wrist_extension-R02,0,validation
mendeley-S23-K3-seed3409,23,3,3409,wrist_extension,mendeley-S023-wrist_extension-R05,mendeley-S023-R05-G01-wrist_extension,mendeley-S023-wrist_extension-R05,0,validation
mendeley-S23-K3-seed3409,23,3,3409,wrist_flexion,mendeley-S023-wrist_flexion-R02,mendeley-S023-R02-G02-wrist_flexion,mendeley-S023-wrist_flexion-R02,0,validation
mendeley-S23-K3-seed3409,23,3,3409,wrist_flexion,mendeley-S023-wrist_flexion-R03,mendeley-S023-R03-G02-wrist_flexion,mendeley-S023-wrist_flexion-R03,0,validation
mendeley-S23-K3-seed3409,23,3,3409,wrist_flexion,mendeley-S023-wrist_flexion-R04,mendeley-S023-R04-G02-wrist_flexion,mendeley-S023-wrist_flexion-R04,0,validation
mendeley-S25-K3-seed3409,25,3,3409,hand_close,mendeley-S025-grip-R01,mendeley-S025-R01-G05-grip,mendeley-S025-grip-R01,0,validation
mendeley-S25-K3-seed3409,25,3,3409,hand_close,mendeley-S025-grip-R02,mendeley-S025-R02-G05-grip,mendeley-S025-grip-R02,0,validation
mendeley-S25-K3-seed3409,25,3,3409,hand_close,mendeley-S025-grip-R04,mendeley-S025-R04-G05-grip,mendeley-S025-grip-R04,0,validation
mendeley-S25-K3-seed3409,25,3,3409,rest,mendeley-S025-rest-R01,mendeley-S025-R01-G00-rest,mendeley-S025-rest-R01,0,validation
mendeley-S25-K3-seed3409,25,3,3409,rest,mendeley-S025-rest-R02,mendeley-S025-R02-G00-rest,mendeley-S025-rest-R02,0,validation
mendeley-S25-K3-seed3409,25,3,3409,rest,mendeley-S025-rest-R03,mendeley-S025-R03-G00-rest,mendeley-S025-rest-R03,0,validation
mendeley-S25-K3-seed3409,25,3,3409,wrist_extension,mendeley-S025-wrist_extension-R01,mendeley-S025-R01-G01-wrist_extension,mendeley-S025-wrist_extension-R01,0,validation
mendeley-S25-K3-seed3409,25,3,3409,wrist_extension,mendeley-S025-wrist_extension-R04,mendeley-S025-R04-G01-wrist_extension,mendeley-S025-wrist_extension-R04,0,validation
mendeley-S25-K3-seed3409,25,3,3409,wrist_extension,mendeley-S025-wrist_extension-R05,mendeley-S025-R05-G01-wrist_extension,mendeley-S025-wrist_extension-R05,0,validation
mendeley-S25-K3-seed3409,25,3,3409,wrist_flexion,mendeley-S025-wrist_flexion-R01,mendeley-S025-R01-G02-wrist_flexion,mendeley-S025-wrist_flexion-R01,0,validation
mendeley-S25-K3-seed3409,25,3,3409,wrist_flexion,mendeley-S025-wrist_flexion-R03,mendeley-S025-R03-G02-wrist_flexion,mendeley-S025-wrist_flexion-R03,0,validation
mendeley-S25-K3-seed3409,25,3,3409,wrist_flexion,mendeley-S025-wrist_flexion-R05,mendeley-S025-R05-G02-wrist_flexion,mendeley-S025-wrist_flexion-R05,0,validation
mendeley-S35-K3-seed3409,35,3,3409,hand_close,mendeley-S035-grip-R03,mendeley-S035-R03-G05-grip,mendeley-S035-grip-R03,0,validation
mendeley-S35-K3-seed3409,35,3,3409,hand_close,mendeley-S035-grip-R04,mendeley-S035-R04-G05-grip,mendeley-S035-grip-R04,0,validation
mendeley-S35-K3-seed3409,35,3,3409,hand_close,mendeley-S035-grip-R05,mendeley-S035-R05-G05-grip,mendeley-S035-grip-R05,0,validation
mendeley-S35-K3-seed3409,35,3,3409,rest,mendeley-S035-rest-R01,mendeley-S035-R01-G00-rest,mendeley-S035-rest-R01,0,validation
mendeley-S35-K3-seed3409,35,3,3409,rest,mendeley-S035-rest-R03,mendeley-S035-R03-G00-rest,mendeley-S035-rest-R03,0,validation
mendeley-S35-K3-seed3409,35,3,3409,rest,mendeley-S035-rest-R05,mendeley-S035-R05-G00-rest,mendeley-S035-rest-R05,0,validation
mendeley-S35-K3-seed3409,35,3,3409,wrist_extension,mendeley-S035-wrist_extension-R01,mendeley-S035-R01-G01-wrist_extension,mendeley-S035-wrist_extension-R01,0,validation
mendeley-S35-K3-seed3409,35,3,3409,wrist_extension,mendeley-S035-wrist_extension-R02,mendeley-S035-R02-G01-wrist_extension,mendeley-S035-wrist_extension-R02,0,validation
mendeley-S35-K3-seed3409,35,3,3409,wrist_extension,mendeley-S035-wrist_extension-R05,mendeley-S035-R05-G01-wrist_extension,mendeley-S035-wrist_extension-R05,0,validation
mendeley-S35-K3-seed3409,35,3,3409,wrist_flexion,mendeley-S035-wrist_flexion-R02,mendeley-S035-R02-G02-wrist_flexion,mendeley-S035-wrist_flexion-R02,0,validation
mendeley-S35-K3-seed3409,35,3,3409,wrist_flexion,mendeley-S035-wrist_flexion-R03,mendeley-S035-R03-G02-wrist_flexion,mendeley-S035-wrist_flexion-R03,0,validation
mendeley-S35-K3-seed3409,35,3,3409,wrist_flexion,mendeley-S035-wrist_flexion-R05,mendeley-S035-R05-G02-wrist_flexion,mendeley-S035-wrist_flexion-R05,0,validation
mendeley-S40-K3-seed3409,40,3,3409,hand_close,mendeley-S040-grip-R02,mendeley-S040-R02-G05-grip,mendeley-S040-grip-R02,0,validation
mendeley-S40-K3-seed3409,40,3,3409,hand_close,mendeley-S040-grip-R03,mendeley-S040-R03-G05-grip,mendeley-S040-grip-R03,0,validation
mendeley-S40-K3-seed3409,40,3,3409,hand_close,mendeley-S040-grip-R05,mendeley-S040-R05-G05-grip,mendeley-S040-grip-R05,0,validation
mendeley-S40-K3-seed3409,40,3,3409,rest,mendeley-S040-rest-R03,mendeley-S040-R03-G00-rest,mendeley-S040-rest-R03,0,validation
mendeley-S40-K3-seed3409,40,3,3409,rest,mendeley-S040-rest-R04,mendeley-S040-R04-G00-rest,mendeley-S040-rest-R04,0,validation
mendeley-S40-K3-seed3409,40,3,3409,rest,mendeley-S040-rest-R05,mendeley-S040-R05-G00-rest,mendeley-S040-rest-R05,0,validation
mendeley-S40-K3-seed3409,40,3,3409,wrist_extension,mendeley-S040-wrist_extension-R01,mendeley-S040-R01-G01-wrist_extension,mendeley-S040-wrist_extension-R01,0,validation
mendeley-S40-K3-seed3409,40,3,3409,wrist_extension,mendeley-S040-wrist_extension-R02,mendeley-S040-R02-G01-wrist_extension,mendeley-S040-wrist_extension-R02,0,validation
mendeley-S40-K3-seed3409,40,3,3409,wrist_extension,mendeley-S040-wrist_extension-R04,mendeley-S040-R04-G01-wrist_extension,mendeley-S040-wrist_extension-R04,0,validation
mendeley-S40-K3-seed3409,40,3,3409,wrist_flexion,mendeley-S040-wrist_flexion-R03,mendeley-S040-R03-G02-wrist_flexion,mendeley-S040-wrist_flexion-R03,0,validation
mendeley-S40-K3-seed3409,40,3,3409,wrist_flexion,mendeley-S040-wrist_flexion-R04,mendeley-S040-R04-G02-wrist_flexion,mendeley-S040-wrist_flexion-R04,0,validation
mendeley-S40-K3-seed3409,40,3,3409,wrist_flexion,mendeley-S040-wrist_flexion-R05,mendeley-S040-R05-G02-wrist_flexion,mendeley-S040-wrist_flexion-R05,0,validation
mendeley-S6-K3-seed3409,6,3,3409,hand_close,mendeley-S006-grip-R01,mendeley-S006-R01-G05-grip,mendeley-S006-grip-R01,0,validation
mendeley-S6-K3-seed3409,6,3,3409,hand_close,mendeley-S006-grip-R02,mendeley-S006-R02-G05-grip,mendeley-S006-grip-R02,0,validation
mendeley-S6-K3-seed3409,6,3,3409,hand_close,mendeley-S006-grip-R04,mendeley-S006-R04-G05-grip,mendeley-S006-grip-R04,0,validation
mendeley-S6-K3-seed3409,6,3,3409,rest,mendeley-S006-rest-R01,mendeley-S006-R01-G00-rest,mendeley-S006-rest-R01,0,validation
mendeley-S6-K3-seed3409,6,3,3409,rest,mendeley-S006-rest-R02,mendeley-S006-R02-G00-rest,mendeley-S006-rest-R02,0,validation
mendeley-S6-K3-seed3409,6,3,3409,rest,mendeley-S006-rest-R05,mendeley-S006-R05-G00-rest,mendeley-S006-rest-R05,0,validation
mendeley-S6-K3-seed3409,6,3,3409,wrist_extension,mendeley-S006-wrist_extension-R01,mendeley-S006-R01-G01-wrist_extension,mendeley-S006-wrist_extension-R01,0,validation
mendeley-S6-K3-seed3409,6,3,3409,wrist_extension,mendeley-S006-wrist_extension-R03,mendeley-S006-R03-G01-wrist_extension,mendeley-S006-wrist_extension-R03,0,validation
mendeley-S6-K3-seed3409,6,3,3409,wrist_extension,mendeley-S006-wrist_extension-R04,mendeley-S006-R04-G01-wrist_extension,mendeley-S006-wrist_extension-R04,0,validation
mendeley-S6-K3-seed3409,6,3,3409,wrist_flexion,mendeley-S006-wrist_flexion-R01,mendeley-S006-R01-G02-wrist_flexion,mendeley-S006-wrist_flexion-R01,0,validation
mendeley-S6-K3-seed3409,6,3,3409,wrist_flexion,mendeley-S006-wrist_flexion-R03,mendeley-S006-R03-G02-wrist_flexion,mendeley-S006-wrist_flexion-R03,0,validation
mendeley-S6-K3-seed3409,6,3,3409,wrist_flexion,mendeley-S006-wrist_flexion-R05,mendeley-S006-R05-G02-wrist_flexion,mendeley-S006-wrist_flexion-R05,0,validation
mendeley-S10-K3-seed3410,10,3,3410,hand_close,mendeley-S010-grip-R01,mendeley-S010-R01-G05-grip,mendeley-S010-grip-R01,0,validation
mendeley-S10-K3-seed3410,10,3,3410,hand_close,mendeley-S010-grip-R02,mendeley-S010-R02-G05-grip,mendeley-S010-grip-R02,0,validation
mendeley-S10-K3-seed3410,10,3,3410,hand_close,mendeley-S010-grip-R03,mendeley-S010-R03-G05-grip,mendeley-S010-grip-R03,0,validation
mendeley-S10-K3-seed3410,10,3,3410,rest,mendeley-S010-rest-R03,mendeley-S010-R03-G00-rest,mendeley-S010-rest-R03,0,validation
mendeley-S10-K3-seed3410,10,3,3410,rest,mendeley-S010-rest-R04,mendeley-S010-R04-G00-rest,mendeley-S010-rest-R04,0,validation
mendeley-S10-K3-seed3410,10,3,3410,rest,mendeley-S010-rest-R05,mendeley-S010-R05-G00-rest,mendeley-S010-rest-R05,0,validation
mendeley-S10-K3-seed3410,10,3,3410,wrist_extension,mendeley-S010-wrist_extension-R01,mendeley-S010-R01-G01-wrist_extension,mendeley-S010-wrist_extension-R01,0,validation
mendeley-S10-K3-seed3410,10,3,3410,wrist_extension,mendeley-S010-wrist_extension-R04,mendeley-S010-R04-G01-wrist_extension,mendeley-S010-wrist_extension-R04,0,validation
mendeley-S10-K3-seed3410,10,3,3410,wrist_extension,mendeley-S010-wrist_extension-R05,mendeley-S010-R05-G01-wrist_extension,mendeley-S010-wrist_extension-R05,0,validation
mendeley-S10-K3-seed3410,10,3,3410,wrist_flexion,mendeley-S010-wrist_flexion-R01,mendeley-S010-R01-G02-wrist_flexion,mendeley-S010-wrist_flexion-R01,0,validation
mendeley-S10-K3-seed3410,10,3,3410,wrist_flexion,mendeley-S010-wrist_flexion-R04,mendeley-S010-R04-G02-wrist_flexion,mendeley-S010-wrist_flexion-R04,0,validation
mendeley-S10-K3-seed3410,10,3,3410,wrist_flexion,mendeley-S010-wrist_flexion-R05,mendeley-S010-R05-G02-wrist_flexion,mendeley-S010-wrist_flexion-R05,0,validation
mendeley-S15-K3-seed3410,15,3,3410,hand_close,mendeley-S015-grip-R02,mendeley-S015-R02-G05-grip,mendeley-S015-grip-R02,0,validation
mendeley-S15-K3-seed3410,15,3,3410,hand_close,mendeley-S015-grip-R03,mendeley-S015-R03-G05-grip,mendeley-S015-grip-R03,0,validation
mendeley-S15-K3-seed3410,15,3,3410,hand_close,mendeley-S015-grip-R05,mendeley-S015-R05-G05-grip,mendeley-S015-grip-R05,0,validation
mendeley-S15-K3-seed3410,15,3,3410,rest,mendeley-S015-rest-R01,mendeley-S015-R01-G00-rest,mendeley-S015-rest-R01,0,validation
mendeley-S15-K3-seed3410,15,3,3410,rest,mendeley-S015-rest-R02,mendeley-S015-R02-G00-rest,mendeley-S015-rest-R02,0,validation
mendeley-S15-K3-seed3410,15,3,3410,rest,mendeley-S015-rest-R04,mendeley-S015-R04-G00-rest,mendeley-S015-rest-R04,0,validation
mendeley-S15-K3-seed3410,15,3,3410,wrist_extension,mendeley-S015-wrist_extension-R02,mendeley-S015-R02-G01-wrist_extension,mendeley-S015-wrist_extension-R02,0,validation
mendeley-S15-K3-seed3410,15,3,3410,wrist_extension,mendeley-S015-wrist_extension-R03,mendeley-S015-R03-G01-wrist_extension,mendeley-S015-wrist_extension-R03,0,validation
mendeley-S15-K3-seed3410,15,3,3410,wrist_extension,mendeley-S015-wrist_extension-R04,mendeley-S015-R04-G01-wrist_extension,mendeley-S015-wrist_extension-R04,0,validation
mendeley-S15-K3-seed3410,15,3,3410,wrist_flexion,mendeley-S015-wrist_flexion-R01,mendeley-S015-R01-G02-wrist_flexion,mendeley-S015-wrist_flexion-R01,0,validation
mendeley-S15-K3-seed3410,15,3,3410,wrist_flexion,mendeley-S015-wrist_flexion-R02,mendeley-S015-R02-G02-wrist_flexion,mendeley-S015-wrist_flexion-R02,0,validation
mendeley-S15-K3-seed3410,15,3,3410,wrist_flexion,mendeley-S015-wrist_flexion-R03,mendeley-S015-R03-G02-wrist_flexion,mendeley-S015-wrist_flexion-R03,0,validation
mendeley-S21-K3-seed3410,21,3,3410,hand_close,mendeley-S021-grip-R02,mendeley-S021-R02-G05-grip,mendeley-S021-grip-R02,0,validation
mendeley-S21-K3-seed3410,21,3,3410,hand_close,mendeley-S021-grip-R03,mendeley-S021-R03-G05-grip,mendeley-S021-grip-R03,0,validation
mendeley-S21-K3-seed3410,21,3,3410,hand_close,mendeley-S021-grip-R04,mendeley-S021-R04-G05-grip,mendeley-S021-grip-R04,0,validation
mendeley-S21-K3-seed3410,21,3,3410,rest,mendeley-S021-rest-R02,mendeley-S021-R02-G00-rest,mendeley-S021-rest-R02,0,validation
mendeley-S21-K3-seed3410,21,3,3410,rest,mendeley-S021-rest-R04,mendeley-S021-R04-G00-rest,mendeley-S021-rest-R04,0,validation
mendeley-S21-K3-seed3410,21,3,3410,rest,mendeley-S021-rest-R05,mendeley-S021-R05-G00-rest,mendeley-S021-rest-R05,0,validation
mendeley-S21-K3-seed3410,21,3,3410,wrist_extension,mendeley-S021-wrist_extension-R02,mendeley-S021-R02-G01-wrist_extension,mendeley-S021-wrist_extension-R02,0,validation
mendeley-S21-K3-seed3410,21,3,3410,wrist_extension,mendeley-S021-wrist_extension-R03,mendeley-S021-R03-G01-wrist_extension,mendeley-S021-wrist_extension-R03,0,validation
mendeley-S21-K3-seed3410,21,3,3410,wrist_extension,mendeley-S021-wrist_extension-R04,mendeley-S021-R04-G01-wrist_extension,mendeley-S021-wrist_extension-R04,0,validation
mendeley-S21-K3-seed3410,21,3,3410,wrist_flexion,mendeley-S021-wrist_flexion-R02,mendeley-S021-R02-G02-wrist_flexion,mendeley-S021-wrist_flexion-R02,0,validation
mendeley-S21-K3-seed3410,21,3,3410,wrist_flexion,mendeley-S021-wrist_flexion-R04,mendeley-S021-R04-G02-wrist_flexion,mendeley-S021-wrist_flexion-R04,0,validation
mendeley-S21-K3-seed3410,21,3,3410,wrist_flexion,mendeley-S021-wrist_flexion-R05,mendeley-S021-R05-G02-wrist_flexion,mendeley-S021-wrist_flexion-R05,0,validation
mendeley-S23-K3-seed3410,23,3,3410,hand_close,mendeley-S023-grip-R01,mendeley-S023-R01-G05-grip,mendeley-S023-grip-R01,0,validation
mendeley-S23-K3-seed3410,23,3,3410,hand_close,mendeley-S023-grip-R02,mendeley-S023-R02-G05-grip,mendeley-S023-grip-R02,0,validation
mendeley-S23-K3-seed3410,23,3,3410,hand_close,mendeley-S023-grip-R05,mendeley-S023-R05-G05-grip,mendeley-S023-grip-R05,0,validation
mendeley-S23-K3-seed3410,23,3,3410,rest,mendeley-S023-rest-R02,mendeley-S023-R02-G00-rest,mendeley-S023-rest-R02,0,validation
mendeley-S23-K3-seed3410,23,3,3410,rest,mendeley-S023-rest-R03,mendeley-S023-R03-G00-rest,mendeley-S023-rest-R03,0,validation
mendeley-S23-K3-seed3410,23,3,3410,rest,mendeley-S023-rest-R04,mendeley-S023-R04-G00-rest,mendeley-S023-rest-R04,0,validation
mendeley-S23-K3-seed3410,23,3,3410,wrist_extension,mendeley-S023-wrist_extension-R01,mendeley-S023-R01-G01-wrist_extension,mendeley-S023-wrist_extension-R01,0,validation
mendeley-S23-K3-seed3410,23,3,3410,wrist_extension,mendeley-S023-wrist_extension-R02,mendeley-S023-R02-G01-wrist_extension,mendeley-S023-wrist_extension-R02,0,validation
mendeley-S23-K3-seed3410,23,3,3410,wrist_extension,mendeley-S023-wrist_extension-R03,mendeley-S023-R03-G01-wrist_extension,mendeley-S023-wrist_extension-R03,0,validation
mendeley-S23-K3-seed3410,23,3,3410,wrist_flexion,mendeley-S023-wrist_flexion-R01,mendeley-S023-R01-G02-wrist_flexion,mendeley-S023-wrist_flexion-R01,0,validation
mendeley-S23-K3-seed3410,23,3,3410,wrist_flexion,mendeley-S023-wrist_flexion-R02,mendeley-S023-R02-G02-wrist_flexion,mendeley-S023-wrist_flexion-R02,0,validation
mendeley-S23-K3-seed3410,23,3,3410,wrist_flexion,mendeley-S023-wrist_flexion-R05,mendeley-S023-R05-G02-wrist_flexion,mendeley-S023-wrist_flexion-R05,0,validation
mendeley-S25-K3-seed3410,25,3,3410,hand_close,mendeley-S025-grip-R01,mendeley-S025-R01-G05-grip,mendeley-S025-grip-R01,0,validation
mendeley-S25-K3-seed3410,25,3,3410,hand_close,mendeley-S025-grip-R04,mendeley-S025-R04-G05-grip,mendeley-S025-grip-R04,0,validation
mendeley-S25-K3-seed3410,25,3,3410,hand_close,mendeley-S025-grip-R05,mendeley-S025-R05-G05-grip,mendeley-S025-grip-R05,0,validation
mendeley-S25-K3-seed3410,25,3,3410,rest,mendeley-S025-rest-R01,mendeley-S025-R01-G00-rest,mendeley-S025-rest-R01,0,validation
mendeley-S25-K3-seed3410,25,3,3410,rest,mendeley-S025-rest-R03,mendeley-S025-R03-G00-rest,mendeley-S025-rest-R03,0,validation
mendeley-S25-K3-seed3410,25,3,3410,rest,mendeley-S025-rest-R04,mendeley-S025-R04-G00-rest,mendeley-S025-rest-R04,0,validation
mendeley-S25-K3-seed3410,25,3,3410,wrist_extension,mendeley-S025-wrist_extension-R01,mendeley-S025-R01-G01-wrist_extension,mendeley-S025-wrist_extension-R01,0,validation
mendeley-S25-K3-seed3410,25,3,3410,wrist_extension,mendeley-S025-wrist_extension-R03,mendeley-S025-R03-G01-wrist_extension,mendeley-S025-wrist_extension-R03,0,validation
mendeley-S25-K3-seed3410,25,3,3410,wrist_extension,mendeley-S025-wrist_extension-R05,mendeley-S025-R05-G01-wrist_extension,mendeley-S025-wrist_extension-R05,0,validation
mendeley-S25-K3-seed3410,25,3,3410,wrist_flexion,mendeley-S025-wrist_flexion-R01,mendeley-S025-R01-G02-wrist_flexion,mendeley-S025-wrist_flexion-R01,0,validation
mendeley-S25-K3-seed3410,25,3,3410,wrist_flexion,mendeley-S025-wrist_flexion-R04,mendeley-S025-R04-G02-wrist_flexion,mendeley-S025-wrist_flexion-R04,0,validation
mendeley-S25-K3-seed3410,25,3,3410,wrist_flexion,mendeley-S025-wrist_flexion-R05,mendeley-S025-R05-G02-wrist_flexion,mendeley-S025-wrist_flexion-R05,0,validation
mendeley-S35-K3-seed3410,35,3,3410,hand_close,mendeley-S035-grip-R01,mendeley-S035-R01-G05-grip,mendeley-S035-grip-R01,0,validation
mendeley-S35-K3-seed3410,35,3,3410,hand_close,mendeley-S035-grip-R02,mendeley-S035-R02-G05-grip,mendeley-S035-grip-R02,0,validation
mendeley-S35-K3-seed3410,35,3,3410,hand_close,mendeley-S035-grip-R04,mendeley-S035-R04-G05-grip,mendeley-S035-grip-R04,0,validation
mendeley-S35-K3-seed3410,35,3,3410,rest,mendeley-S035-rest-R02,mendeley-S035-R02-G00-rest,mendeley-S035-rest-R02,0,validation
mendeley-S35-K3-seed3410,35,3,3410,rest,mendeley-S035-rest-R04,mendeley-S035-R04-G00-rest,mendeley-S035-rest-R04,0,validation
mendeley-S35-K3-seed3410,35,3,3410,rest,mendeley-S035-rest-R05,mendeley-S035-R05-G00-rest,mendeley-S035-rest-R05,0,validation
mendeley-S35-K3-seed3410,35,3,3410,wrist_extension,mendeley-S035-wrist_extension-R01,mendeley-S035-R01-G01-wrist_extension,mendeley-S035-wrist_extension-R01,0,validation
mendeley-S35-K3-seed3410,35,3,3410,wrist_extension,mendeley-S035-wrist_extension-R04,mendeley-S035-R04-G01-wrist_extension,mendeley-S035-wrist_extension-R04,0,validation
mendeley-S35-K3-seed3410,35,3,3410,wrist_extension,mendeley-S035-wrist_extension-R05,mendeley-S035-R05-G01-wrist_extension,mendeley-S035-wrist_extension-R05,0,validation
mendeley-S35-K3-seed3410,35,3,3410,wrist_flexion,mendeley-S035-wrist_flexion-R02,mendeley-S035-R02-G02-wrist_flexion,mendeley-S035-wrist_flexion-R02,0,validation
mendeley-S35-K3-seed3410,35,3,3410,wrist_flexion,mendeley-S035-wrist_flexion-R03,mendeley-S035-R03-G02-wrist_flexion,mendeley-S035-wrist_flexion-R03,0,validation
mendeley-S35-K3-seed3410,35,3,3410,wrist_flexion,mendeley-S035-wrist_flexion-R05,mendeley-S035-R05-G02-wrist_flexion,mendeley-S035-wrist_flexion-R05,0,validation
mendeley-S40-K3-seed3410,40,3,3410,hand_close,mendeley-S040-grip-R01,mendeley-S040-R01-G05-grip,mendeley-S040-grip-R01,0,validation
mendeley-S40-K3-seed3410,40,3,3410,hand_close,mendeley-S040-grip-R02,mendeley-S040-R02-G05-grip,mendeley-S040-grip-R02,0,validation
mendeley-S40-K3-seed3410,40,3,3410,hand_close,mendeley-S040-grip-R04,mendeley-S040-R04-G05-grip,mendeley-S040-grip-R04,0,validation
mendeley-S40-K3-seed3410,40,3,3410,rest,mendeley-S040-rest-R01,mendeley-S040-R01-G00-rest,mendeley-S040-rest-R01,0,validation
mendeley-S40-K3-seed3410,40,3,3410,rest,mendeley-S040-rest-R03,mendeley-S040-R03-G00-rest,mendeley-S040-rest-R03,0,validation
mendeley-S40-K3-seed3410,40,3,3410,rest,mendeley-S040-rest-R05,mendeley-S040-R05-G00-rest,mendeley-S040-rest-R05,0,validation
mendeley-S40-K3-seed3410,40,3,3410,wrist_extension,mendeley-S040-wrist_extension-R03,mendeley-S040-R03-G01-wrist_extension,mendeley-S040-wrist_extension-R03,0,validation
mendeley-S40-K3-seed3410,40,3,3410,wrist_extension,mendeley-S040-wrist_extension-R04,mendeley-S040-R04-G01-wrist_extension,mendeley-S040-wrist_extension-R04,0,validation
mendeley-S40-K3-seed3410,40,3,3410,wrist_extension,mendeley-S040-wrist_extension-R05,mendeley-S040-R05-G01-wrist_extension,mendeley-S040-wrist_extension-R05,0,validation
mendeley-S40-K3-seed3410,40,3,3410,wrist_flexion,mendeley-S040-wrist_flexion-R01,mendeley-S040-R01-G02-wrist_flexion,mendeley-S040-wrist_flexion-R01,0,validation
mendeley-S40-K3-seed3410,40,3,3410,wrist_flexion,mendeley-S040-wrist_flexion-R03,mendeley-S040-R03-G02-wrist_flexion,mendeley-S040-wrist_flexion-R03,0,validation
mendeley-S40-K3-seed3410,40,3,3410,wrist_flexion,mendeley-S040-wrist_flexion-R04,mendeley-S040-R04-G02-wrist_flexion,mendeley-S040-wrist_flexion-R04,0,validation
mendeley-S6-K3-seed3410,6,3,3410,hand_close,mendeley-S006-grip-R01,mendeley-S006-R01-G05-grip,mendeley-S006-grip-R01,0,validation
mendeley-S6-K3-seed3410,6,3,3410,hand_close,mendeley-S006-grip-R02,mendeley-S006-R02-G05-grip,mendeley-S006-grip-R02,0,validation
mendeley-S6-K3-seed3410,6,3,3410,hand_close,mendeley-S006-grip-R04,mendeley-S006-R04-G05-grip,mendeley-S006-grip-R04,0,validation
mendeley-S6-K3-seed3410,6,3,3410,rest,mendeley-S006-rest-R01,mendeley-S006-R01-G00-rest,mendeley-S006-rest-R01,0,validation
mendeley-S6-K3-seed3410,6,3,3410,rest,mendeley-S006-rest-R04,mendeley-S006-R04-G00-rest,mendeley-S006-rest-R04,0,validation
mendeley-S6-K3-seed3410,6,3,3410,rest,mendeley-S006-rest-R05,mendeley-S006-R05-G00-rest,mendeley-S006-rest-R05,0,validation
mendeley-S6-K3-seed3410,6,3,3410,wrist_extension,mendeley-S006-wrist_extension-R01,mendeley-S006-R01-G01-wrist_extension,mendeley-S006-wrist_extension-R01,0,validation
mendeley-S6-K3-seed3410,6,3,3410,wrist_extension,mendeley-S006-wrist_extension-R03,mendeley-S006-R03-G01-wrist_extension,mendeley-S006-wrist_extension-R03,0,validation
mendeley-S6-K3-seed3410,6,3,3410,wrist_extension,mendeley-S006-wrist_extension-R04,mendeley-S006-R04-G01-wrist_extension,mendeley-S006-wrist_extension-R04,0,validation
mendeley-S6-K3-seed3410,6,3,3410,wrist_flexion,mendeley-S006-wrist_flexion-R01,mendeley-S006-R01-G02-wrist_flexion,mendeley-S006-wrist_flexion-R01,0,validation
mendeley-S6-K3-seed3410,6,3,3410,wrist_flexion,mendeley-S006-wrist_flexion-R03,mendeley-S006-R03-G02-wrist_flexion,mendeley-S006-wrist_flexion-R03,0,validation
mendeley-S6-K3-seed3410,6,3,3410,wrist_flexion,mendeley-S006-wrist_flexion-R05,mendeley-S006-R05-G02-wrist_flexion,mendeley-S006-wrist_flexion-R05,0,validation
mendeley-S10-K3-seed3411,10,3,3411,hand_close,mendeley-S010-grip-R02,mendeley-S010-R02-G05-grip,mendeley-S010-grip-R02,0,validation
mendeley-S10-K3-seed3411,10,3,3411,hand_close,mendeley-S010-grip-R04,mendeley-S010-R04-G05-grip,mendeley-S010-grip-R04,0,validation
mendeley-S10-K3-seed3411,10,3,3411,hand_close,mendeley-S010-grip-R05,mendeley-S010-R05-G05-grip,mendeley-S010-grip-R05,0,validation
mendeley-S10-K3-seed3411,10,3,3411,rest,mendeley-S010-rest-R01,mendeley-S010-R01-G00-rest,mendeley-S010-rest-R01,0,validation
mendeley-S10-K3-seed3411,10,3,3411,rest,mendeley-S010-rest-R03,mendeley-S010-R03-G00-rest,mendeley-S010-rest-R03,0,validation
mendeley-S10-K3-seed3411,10,3,3411,rest,mendeley-S010-rest-R05,mendeley-S010-R05-G00-rest,mendeley-S010-rest-R05,0,validation
mendeley-S10-K3-seed3411,10,3,3411,wrist_extension,mendeley-S010-wrist_extension-R01,mendeley-S010-R01-G01-wrist_extension,mendeley-S010-wrist_extension-R01,0,validation
mendeley-S10-K3-seed3411,10,3,3411,wrist_extension,mendeley-S010-wrist_extension-R04,mendeley-S010-R04-G01-wrist_extension,mendeley-S010-wrist_extension-R04,0,validation
mendeley-S10-K3-seed3411,10,3,3411,wrist_extension,mendeley-S010-wrist_extension-R05,mendeley-S010-R05-G01-wrist_extension,mendeley-S010-wrist_extension-R05,0,validation
mendeley-S10-K3-seed3411,10,3,3411,wrist_flexion,mendeley-S010-wrist_flexion-R03,mendeley-S010-R03-G02-wrist_flexion,mendeley-S010-wrist_flexion-R03,0,validation
mendeley-S10-K3-seed3411,10,3,3411,wrist_flexion,mendeley-S010-wrist_flexion-R04,mendeley-S010-R04-G02-wrist_flexion,mendeley-S010-wrist_flexion-R04,0,validation
mendeley-S10-K3-seed3411,10,3,3411,wrist_flexion,mendeley-S010-wrist_flexion-R05,mendeley-S010-R05-G02-wrist_flexion,mendeley-S010-wrist_flexion-R05,0,validation
mendeley-S15-K3-seed3411,15,3,3411,hand_close,mendeley-S015-grip-R03,mendeley-S015-R03-G05-grip,mendeley-S015-grip-R03,0,validation
mendeley-S15-K3-seed3411,15,3,3411,hand_close,mendeley-S015-grip-R04,mendeley-S015-R04-G05-grip,mendeley-S015-grip-R04,0,validation
mendeley-S15-K3-seed3411,15,3,3411,hand_close,mendeley-S015-grip-R05,mendeley-S015-R05-G05-grip,mendeley-S015-grip-R05,0,validation
mendeley-S15-K3-seed3411,15,3,3411,rest,mendeley-S015-rest-R01,mendeley-S015-R01-G00-rest,mendeley-S015-rest-R01,0,validation
mendeley-S15-K3-seed3411,15,3,3411,rest,mendeley-S015-rest-R02,mendeley-S015-R02-G00-rest,mendeley-S015-rest-R02,0,validation
mendeley-S15-K3-seed3411,15,3,3411,rest,mendeley-S015-rest-R03,mendeley-S015-R03-G00-rest,mendeley-S015-rest-R03,0,validation
mendeley-S15-K3-seed3411,15,3,3411,wrist_extension,mendeley-S015-wrist_extension-R01,mendeley-S015-R01-G01-wrist_extension,mendeley-S015-wrist_extension-R01,0,validation
mendeley-S15-K3-seed3411,15,3,3411,wrist_extension,mendeley-S015-wrist_extension-R02,mendeley-S015-R02-G01-wrist_extension,mendeley-S015-wrist_extension-R02,0,validation
mendeley-S15-K3-seed3411,15,3,3411,wrist_extension,mendeley-S015-wrist_extension-R05,mendeley-S015-R05-G01-wrist_extension,mendeley-S015-wrist_extension-R05,0,validation
mendeley-S15-K3-seed3411,15,3,3411,wrist_flexion,mendeley-S015-wrist_flexion-R02,mendeley-S015-R02-G02-wrist_flexion,mendeley-S015-wrist_flexion-R02,0,validation
mendeley-S15-K3-seed3411,15,3,3411,wrist_flexion,mendeley-S015-wrist_flexion-R03,mendeley-S015-R03-G02-wrist_flexion,mendeley-S015-wrist_flexion-R03,0,validation
mendeley-S15-K3-seed3411,15,3,3411,wrist_flexion,mendeley-S015-wrist_flexion-R05,mendeley-S015-R05-G02-wrist_flexion,mendeley-S015-wrist_flexion-R05,0,validation
mendeley-S21-K3-seed3411,21,3,3411,hand_close,mendeley-S021-grip-R02,mendeley-S021-R02-G05-grip,mendeley-S021-grip-R02,0,validation
mendeley-S21-K3-seed3411,21,3,3411,hand_close,mendeley-S021-grip-R04,mendeley-S021-R04-G05-grip,mendeley-S021-grip-R04,0,validation
mendeley-S21-K3-seed3411,21,3,3411,hand_close,mendeley-S021-grip-R05,mendeley-S021-R05-G05-grip,mendeley-S021-grip-R05,0,validation
mendeley-S21-K3-seed3411,21,3,3411,rest,mendeley-S021-rest-R03,mendeley-S021-R03-G00-rest,mendeley-S021-rest-R03,0,validation
mendeley-S21-K3-seed3411,21,3,3411,rest,mendeley-S021-rest-R04,mendeley-S021-R04-G00-rest,mendeley-S021-rest-R04,0,validation
mendeley-S21-K3-seed3411,21,3,3411,rest,mendeley-S021-rest-R05,mendeley-S021-R05-G00-rest,mendeley-S021-rest-R05,0,validation
mendeley-S21-K3-seed3411,21,3,3411,wrist_extension,mendeley-S021-wrist_extension-R02,mendeley-S021-R02-G01-wrist_extension,mendeley-S021-wrist_extension-R02,0,validation
mendeley-S21-K3-seed3411,21,3,3411,wrist_extension,mendeley-S021-wrist_extension-R03,mendeley-S021-R03-G01-wrist_extension,mendeley-S021-wrist_extension-R03,0,validation
mendeley-S21-K3-seed3411,21,3,3411,wrist_extension,mendeley-S021-wrist_extension-R04,mendeley-S021-R04-G01-wrist_extension,mendeley-S021-wrist_extension-R04,0,validation
mendeley-S21-K3-seed3411,21,3,3411,wrist_flexion,mendeley-S021-wrist_flexion-R02,mendeley-S021-R02-G02-wrist_flexion,mendeley-S021-wrist_flexion-R02,0,validation
mendeley-S21-K3-seed3411,21,3,3411,wrist_flexion,mendeley-S021-wrist_flexion-R04,mendeley-S021-R04-G02-wrist_flexion,mendeley-S021-wrist_flexion-R04,0,validation
mendeley-S21-K3-seed3411,21,3,3411,wrist_flexion,mendeley-S021-wrist_flexion-R05,mendeley-S021-R05-G02-wrist_flexion,mendeley-S021-wrist_flexion-R05,0,validation
mendeley-S23-K3-seed3411,23,3,3411,hand_close,mendeley-S023-grip-R01,mendeley-S023-R01-G05-grip,mendeley-S023-grip-R01,0,validation
mendeley-S23-K3-seed3411,23,3,3411,hand_close,mendeley-S023-grip-R03,mendeley-S023-R03-G05-grip,mendeley-S023-grip-R03,0,validation
mendeley-S23-K3-seed3411,23,3,3411,hand_close,mendeley-S023-grip-R04,mendeley-S023-R04-G05-grip,mendeley-S023-grip-R04,0,validation
mendeley-S23-K3-seed3411,23,3,3411,rest,mendeley-S023-rest-R01,mendeley-S023-R01-G00-rest,mendeley-S023-rest-R01,0,validation
mendeley-S23-K3-seed3411,23,3,3411,rest,mendeley-S023-rest-R02,mendeley-S023-R02-G00-rest,mendeley-S023-rest-R02,0,validation
mendeley-S23-K3-seed3411,23,3,3411,rest,mendeley-S023-rest-R04,mendeley-S023-R04-G00-rest,mendeley-S023-rest-R04,0,validation
mendeley-S23-K3-seed3411,23,3,3411,wrist_extension,mendeley-S023-wrist_extension-R01,mendeley-S023-R01-G01-wrist_extension,mendeley-S023-wrist_extension-R01,0,validation
mendeley-S23-K3-seed3411,23,3,3411,wrist_extension,mendeley-S023-wrist_extension-R03,mendeley-S023-R03-G01-wrist_extension,mendeley-S023-wrist_extension-R03,0,validation
mendeley-S23-K3-seed3411,23,3,3411,wrist_extension,mendeley-S023-wrist_extension-R04,mendeley-S023-R04-G01-wrist_extension,mendeley-S023-wrist_extension-R04,0,validation
mendeley-S23-K3-seed3411,23,3,3411,wrist_flexion,mendeley-S023-wrist_flexion-R02,mendeley-S023-R02-G02-wrist_flexion,mendeley-S023-wrist_flexion-R02,0,validation
mendeley-S23-K3-seed3411,23,3,3411,wrist_flexion,mendeley-S023-wrist_flexion-R03,mendeley-S023-R03-G02-wrist_flexion,mendeley-S023-wrist_flexion-R03,0,validation
mendeley-S23-K3-seed3411,23,3,3411,wrist_flexion,mendeley-S023-wrist_flexion-R05,mendeley-S023-R05-G02-wrist_flexion,mendeley-S023-wrist_flexion-R05,0,validation
mendeley-S25-K3-seed3411,25,3,3411,hand_close,mendeley-S025-grip-R01,mendeley-S025-R01-G05-grip,mendeley-S025-grip-R01,0,validation
mendeley-S25-K3-seed3411,25,3,3411,hand_close,mendeley-S025-grip-R03,mendeley-S025-R03-G05-grip,mendeley-S025-grip-R03,0,validation
mendeley-S25-K3-seed3411,25,3,3411,hand_close,mendeley-S025-grip-R04,mendeley-S025-R04-G05-grip,mendeley-S025-grip-R04,0,validation
mendeley-S25-K3-seed3411,25,3,3411,rest,mendeley-S025-rest-R01,mendeley-S025-R01-G00-rest,mendeley-S025-rest-R01,0,validation
mendeley-S25-K3-seed3411,25,3,3411,rest,mendeley-S025-rest-R02,mendeley-S025-R02-G00-rest,mendeley-S025-rest-R02,0,validation
mendeley-S25-K3-seed3411,25,3,3411,rest,mendeley-S025-rest-R04,mendeley-S025-R04-G00-rest,mendeley-S025-rest-R04,0,validation
mendeley-S25-K3-seed3411,25,3,3411,wrist_extension,mendeley-S025-wrist_extension-R01,mendeley-S025-R01-G01-wrist_extension,mendeley-S025-wrist_extension-R01,0,validation
mendeley-S25-K3-seed3411,25,3,3411,wrist_extension,mendeley-S025-wrist_extension-R03,mendeley-S025-R03-G01-wrist_extension,mendeley-S025-wrist_extension-R03,0,validation
mendeley-S25-K3-seed3411,25,3,3411,wrist_extension,mendeley-S025-wrist_extension-R05,mendeley-S025-R05-G01-wrist_extension,mendeley-S025-wrist_extension-R05,0,validation
mendeley-S25-K3-seed3411,25,3,3411,wrist_flexion,mendeley-S025-wrist_flexion-R01,mendeley-S025-R01-G02-wrist_flexion,mendeley-S025-wrist_flexion-R01,0,validation
mendeley-S25-K3-seed3411,25,3,3411,wrist_flexion,mendeley-S025-wrist_flexion-R02,mendeley-S025-R02-G02-wrist_flexion,mendeley-S025-wrist_flexion-R02,0,validation
mendeley-S25-K3-seed3411,25,3,3411,wrist_flexion,mendeley-S025-wrist_flexion-R04,mendeley-S025-R04-G02-wrist_flexion,mendeley-S025-wrist_flexion-R04,0,validation
mendeley-S35-K3-seed3411,35,3,3411,hand_close,mendeley-S035-grip-R01,mendeley-S035-R01-G05-grip,mendeley-S035-grip-R01,0,validation
mendeley-S35-K3-seed3411,35,3,3411,hand_close,mendeley-S035-grip-R02,mendeley-S035-R02-G05-grip,mendeley-S035-grip-R02,0,validation
mendeley-S35-K3-seed3411,35,3,3411,hand_close,mendeley-S035-grip-R04,mendeley-S035-R04-G05-grip,mendeley-S035-grip-R04,0,validation
mendeley-S35-K3-seed3411,35,3,3411,rest,mendeley-S035-rest-R01,mendeley-S035-R01-G00-rest,mendeley-S035-rest-R01,0,validation
mendeley-S35-K3-seed3411,35,3,3411,rest,mendeley-S035-rest-R02,mendeley-S035-R02-G00-rest,mendeley-S035-rest-R02,0,validation
mendeley-S35-K3-seed3411,35,3,3411,rest,mendeley-S035-rest-R05,mendeley-S035-R05-G00-rest,mendeley-S035-rest-R05,0,validation
mendeley-S35-K3-seed3411,35,3,3411,wrist_extension,mendeley-S035-wrist_extension-R03,mendeley-S035-R03-G01-wrist_extension,mendeley-S035-wrist_extension-R03,0,validation
mendeley-S35-K3-seed3411,35,3,3411,wrist_extension,mendeley-S035-wrist_extension-R04,mendeley-S035-R04-G01-wrist_extension,mendeley-S035-wrist_extension-R04,0,validation
mendeley-S35-K3-seed3411,35,3,3411,wrist_extension,mendeley-S035-wrist_extension-R05,mendeley-S035-R05-G01-wrist_extension,mendeley-S035-wrist_extension-R05,0,validation
mendeley-S35-K3-seed3411,35,3,3411,wrist_flexion,mendeley-S035-wrist_flexion-R01,mendeley-S035-R01-G02-wrist_flexion,mendeley-S035-wrist_flexion-R01,0,validation
mendeley-S35-K3-seed3411,35,3,3411,wrist_flexion,mendeley-S035-wrist_flexion-R02,mendeley-S035-R02-G02-wrist_flexion,mendeley-S035-wrist_flexion-R02,0,validation
mendeley-S35-K3-seed3411,35,3,3411,wrist_flexion,mendeley-S035-wrist_flexion-R04,mendeley-S035-R04-G02-wrist_flexion,mendeley-S035-wrist_flexion-R04,0,validation
mendeley-S40-K3-seed3411,40,3,3411,hand_close,mendeley-S040-grip-R01,mendeley-S040-R01-G05-grip,mendeley-S040-grip-R01,0,validation
mendeley-S40-K3-seed3411,40,3,3411,hand_close,mendeley-S040-grip-R02,mendeley-S040-R02-G05-grip,mendeley-S040-grip-R02,0,validation
mendeley-S40-K3-seed3411,40,3,3411,hand_close,mendeley-S040-grip-R03,mendeley-S040-R03-G05-grip,mendeley-S040-grip-R03,0,validation
mendeley-S40-K3-seed3411,40,3,3411,rest,mendeley-S040-rest-R02,mendeley-S040-R02-G00-rest,mendeley-S040-rest-R02,0,validation
mendeley-S40-K3-seed3411,40,3,3411,rest,mendeley-S040-rest-R03,mendeley-S040-R03-G00-rest,mendeley-S040-rest-R03,0,validation
mendeley-S40-K3-seed3411,40,3,3411,rest,mendeley-S040-rest-R05,mendeley-S040-R05-G00-rest,mendeley-S040-rest-R05,0,validation
mendeley-S40-K3-seed3411,40,3,3411,wrist_extension,mendeley-S040-wrist_extension-R01,mendeley-S040-R01-G01-wrist_extension,mendeley-S040-wrist_extension-R01,0,validation
mendeley-S40-K3-seed3411,40,3,3411,wrist_extension,mendeley-S040-wrist_extension-R02,mendeley-S040-R02-G01-wrist_extension,mendeley-S040-wrist_extension-R02,0,validation
mendeley-S40-K3-seed3411,40,3,3411,wrist_extension,mendeley-S040-wrist_extension-R04,mendeley-S040-R04-G01-wrist_extension,mendeley-S040-wrist_extension-R04,0,validation
mendeley-S40-K3-seed3411,40,3,3411,wrist_flexion,mendeley-S040-wrist_flexion-R01,mendeley-S040-R01-G02-wrist_flexion,mendeley-S040-wrist_flexion-R01,0,validation
mendeley-S40-K3-seed3411,40,3,3411,wrist_flexion,mendeley-S040-wrist_flexion-R02,mendeley-S040-R02-G02-wrist_flexion,mendeley-S040-wrist_flexion-R02,0,validation
mendeley-S40-K3-seed3411,40,3,3411,wrist_flexion,mendeley-S040-wrist_flexion-R04,mendeley-S040-R04-G02-wrist_flexion,mendeley-S040-wrist_flexion-R04,0,validation
mendeley-S6-K3-seed3411,6,3,3411,hand_close,mendeley-S006-grip-R02,mendeley-S006-R02-G05-grip,mendeley-S006-grip-R02,0,validation
mendeley-S6-K3-seed3411,6,3,3411,hand_close,mendeley-S006-grip-R04,mendeley-S006-R04-G05-grip,mendeley-S006-grip-R04,0,validation
mendeley-S6-K3-seed3411,6,3,3411,hand_close,mendeley-S006-grip-R05,mendeley-S006-R05-G05-grip,mendeley-S006-grip-R05,0,validation
mendeley-S6-K3-seed3411,6,3,3411,rest,mendeley-S006-rest-R02,mendeley-S006-R02-G00-rest,mendeley-S006-rest-R02,0,validation
mendeley-S6-K3-seed3411,6,3,3411,rest,mendeley-S006-rest-R03,mendeley-S006-R03-G00-rest,mendeley-S006-rest-R03,0,validation
mendeley-S6-K3-seed3411,6,3,3411,rest,mendeley-S006-rest-R05,mendeley-S006-R05-G00-rest,mendeley-S006-rest-R05,0,validation
mendeley-S6-K3-seed3411,6,3,3411,wrist_extension,mendeley-S006-wrist_extension-R01,mendeley-S006-R01-G01-wrist_extension,mendeley-S006-wrist_extension-R01,0,validation
mendeley-S6-K3-seed3411,6,3,3411,wrist_extension,mendeley-S006-wrist_extension-R03,mendeley-S006-R03-G01-wrist_extension,mendeley-S006-wrist_extension-R03,0,validation
mendeley-S6-K3-seed3411,6,3,3411,wrist_extension,mendeley-S006-wrist_extension-R04,mendeley-S006-R04-G01-wrist_extension,mendeley-S006-wrist_extension-R04,0,validation
mendeley-S6-K3-seed3411,6,3,3411,wrist_flexion,mendeley-S006-wrist_flexion-R01,mendeley-S006-R01-G02-wrist_flexion,mendeley-S006-wrist_flexion-R01,0,validation
mendeley-S6-K3-seed3411,6,3,3411,wrist_flexion,mendeley-S006-wrist_flexion-R03,mendeley-S006-R03-G02-wrist_flexion,mendeley-S006-wrist_flexion-R03,0,validation
mendeley-S6-K3-seed3411,6,3,3411,wrist_flexion,mendeley-S006-wrist_flexion-R04,mendeley-S006-R04-G02-wrist_flexion,mendeley-S006-wrist_flexion-R04,0,validation
mendeley-S10-K3-seed3412,10,3,3412,hand_close,mendeley-S010-grip-R02,mendeley-S010-R02-G05-grip,mendeley-S010-grip-R02,0,validation
mendeley-S10-K3-seed3412,10,3,3412,hand_close,mendeley-S010-grip-R03,mendeley-S010-R03-G05-grip,mendeley-S010-grip-R03,0,validation
mendeley-S10-K3-seed3412,10,3,3412,hand_close,mendeley-S010-grip-R05,mendeley-S010-R05-G05-grip,mendeley-S010-grip-R05,0,validation
mendeley-S10-K3-seed3412,10,3,3412,rest,mendeley-S010-rest-R02,mendeley-S010-R02-G00-rest,mendeley-S010-rest-R02,0,validation
mendeley-S10-K3-seed3412,10,3,3412,rest,mendeley-S010-rest-R03,mendeley-S010-R03-G00-rest,mendeley-S010-rest-R03,0,validation
mendeley-S10-K3-seed3412,10,3,3412,rest,mendeley-S010-rest-R05,mendeley-S010-R05-G00-rest,mendeley-S010-rest-R05,0,validation
mendeley-S10-K3-seed3412,10,3,3412,wrist_extension,mendeley-S010-wrist_extension-R02,mendeley-S010-R02-G01-wrist_extension,mendeley-S010-wrist_extension-R02,0,validation
mendeley-S10-K3-seed3412,10,3,3412,wrist_extension,mendeley-S010-wrist_extension-R03,mendeley-S010-R03-G01-wrist_extension,mendeley-S010-wrist_extension-R03,0,validation
mendeley-S10-K3-seed3412,10,3,3412,wrist_extension,mendeley-S010-wrist_extension-R04,mendeley-S010-R04-G01-wrist_extension,mendeley-S010-wrist_extension-R04,0,validation
mendeley-S10-K3-seed3412,10,3,3412,wrist_flexion,mendeley-S010-wrist_flexion-R02,mendeley-S010-R02-G02-wrist_flexion,mendeley-S010-wrist_flexion-R02,0,validation
mendeley-S10-K3-seed3412,10,3,3412,wrist_flexion,mendeley-S010-wrist_flexion-R04,mendeley-S010-R04-G02-wrist_flexion,mendeley-S010-wrist_flexion-R04,0,validation
mendeley-S10-K3-seed3412,10,3,3412,wrist_flexion,mendeley-S010-wrist_flexion-R05,mendeley-S010-R05-G02-wrist_flexion,mendeley-S010-wrist_flexion-R05,0,validation
mendeley-S15-K3-seed3412,15,3,3412,hand_close,mendeley-S015-grip-R01,mendeley-S015-R01-G05-grip,mendeley-S015-grip-R01,0,validation
mendeley-S15-K3-seed3412,15,3,3412,hand_close,mendeley-S015-grip-R03,mendeley-S015-R03-G05-grip,mendeley-S015-grip-R03,0,validation
mendeley-S15-K3-seed3412,15,3,3412,hand_close,mendeley-S015-grip-R05,mendeley-S015-R05-G05-grip,mendeley-S015-grip-R05,0,validation
mendeley-S15-K3-seed3412,15,3,3412,rest,mendeley-S015-rest-R01,mendeley-S015-R01-G00-rest,mendeley-S015-rest-R01,0,validation
mendeley-S15-K3-seed3412,15,3,3412,rest,mendeley-S015-rest-R02,mendeley-S015-R02-G00-rest,mendeley-S015-rest-R02,0,validation
mendeley-S15-K3-seed3412,15,3,3412,rest,mendeley-S015-rest-R04,mendeley-S015-R04-G00-rest,mendeley-S015-rest-R04,0,validation
mendeley-S15-K3-seed3412,15,3,3412,wrist_extension,mendeley-S015-wrist_extension-R02,mendeley-S015-R02-G01-wrist_extension,mendeley-S015-wrist_extension-R02,0,validation
mendeley-S15-K3-seed3412,15,3,3412,wrist_extension,mendeley-S015-wrist_extension-R03,mendeley-S015-R03-G01-wrist_extension,mendeley-S015-wrist_extension-R03,0,validation
mendeley-S15-K3-seed3412,15,3,3412,wrist_extension,mendeley-S015-wrist_extension-R04,mendeley-S015-R04-G01-wrist_extension,mendeley-S015-wrist_extension-R04,0,validation
mendeley-S15-K3-seed3412,15,3,3412,wrist_flexion,mendeley-S015-wrist_flexion-R02,mendeley-S015-R02-G02-wrist_flexion,mendeley-S015-wrist_flexion-R02,0,validation
mendeley-S15-K3-seed3412,15,3,3412,wrist_flexion,mendeley-S015-wrist_flexion-R03,mendeley-S015-R03-G02-wrist_flexion,mendeley-S015-wrist_flexion-R03,0,validation
mendeley-S15-K3-seed3412,15,3,3412,wrist_flexion,mendeley-S015-wrist_flexion-R05,mendeley-S015-R05-G02-wrist_flexion,mendeley-S015-wrist_flexion-R05,0,validation
mendeley-S21-K3-seed3412,21,3,3412,hand_close,mendeley-S021-grip-R01,mendeley-S021-R01-G05-grip,mendeley-S021-grip-R01,0,validation
mendeley-S21-K3-seed3412,21,3,3412,hand_close,mendeley-S021-grip-R03,mendeley-S021-R03-G05-grip,mendeley-S021-grip-R03,0,validation
mendeley-S21-K3-seed3412,21,3,3412,hand_close,mendeley-S021-grip-R05,mendeley-S021-R05-G05-grip,mendeley-S021-grip-R05,0,validation
mendeley-S21-K3-seed3412,21,3,3412,rest,mendeley-S021-rest-R01,mendeley-S021-R01-G00-rest,mendeley-S021-rest-R01,0,validation
mendeley-S21-K3-seed3412,21,3,3412,rest,mendeley-S021-rest-R03,mendeley-S021-R03-G00-rest,mendeley-S021-rest-R03,0,validation
mendeley-S21-K3-seed3412,21,3,3412,rest,mendeley-S021-rest-R05,mendeley-S021-R05-G00-rest,mendeley-S021-rest-R05,0,validation
mendeley-S21-K3-seed3412,21,3,3412,wrist_extension,mendeley-S021-wrist_extension-R01,mendeley-S021-R01-G01-wrist_extension,mendeley-S021-wrist_extension-R01,0,validation
mendeley-S21-K3-seed3412,21,3,3412,wrist_extension,mendeley-S021-wrist_extension-R03,mendeley-S021-R03-G01-wrist_extension,mendeley-S021-wrist_extension-R03,0,validation
mendeley-S21-K3-seed3412,21,3,3412,wrist_extension,mendeley-S021-wrist_extension-R04,mendeley-S021-R04-G01-wrist_extension,mendeley-S021-wrist_extension-R04,0,validation
mendeley-S21-K3-seed3412,21,3,3412,wrist_flexion,mendeley-S021-wrist_flexion-R02,mendeley-S021-R02-G02-wrist_flexion,mendeley-S021-wrist_flexion-R02,0,validation
mendeley-S21-K3-seed3412,21,3,3412,wrist_flexion,mendeley-S021-wrist_flexion-R04,mendeley-S021-R04-G02-wrist_flexion,mendeley-S021-wrist_flexion-R04,0,validation
mendeley-S21-K3-seed3412,21,3,3412,wrist_flexion,mendeley-S021-wrist_flexion-R05,mendeley-S021-R05-G02-wrist_flexion,mendeley-S021-wrist_flexion-R05,0,validation
mendeley-S23-K3-seed3412,23,3,3412,hand_close,mendeley-S023-grip-R01,mendeley-S023-R01-G05-grip,mendeley-S023-grip-R01,0,validation
mendeley-S23-K3-seed3412,23,3,3412,hand_close,mendeley-S023-grip-R02,mendeley-S023-R02-G05-grip,mendeley-S023-grip-R02,0,validation
mendeley-S23-K3-seed3412,23,3,3412,hand_close,mendeley-S023-grip-R05,mendeley-S023-R05-G05-grip,mendeley-S023-grip-R05,0,validation
mendeley-S23-K3-seed3412,23,3,3412,rest,mendeley-S023-rest-R03,mendeley-S023-R03-G00-rest,mendeley-S023-rest-R03,0,validation
mendeley-S23-K3-seed3412,23,3,3412,rest,mendeley-S023-rest-R04,mendeley-S023-R04-G00-rest,mendeley-S023-rest-R04,0,validation
mendeley-S23-K3-seed3412,23,3,3412,rest,mendeley-S023-rest-R05,mendeley-S023-R05-G00-rest,mendeley-S023-rest-R05,0,validation
mendeley-S23-K3-seed3412,23,3,3412,wrist_extension,mendeley-S023-wrist_extension-R03,mendeley-S023-R03-G01-wrist_extension,mendeley-S023-wrist_extension-R03,0,validation
mendeley-S23-K3-seed3412,23,3,3412,wrist_extension,mendeley-S023-wrist_extension-R04,mendeley-S023-R04-G01-wrist_extension,mendeley-S023-wrist_extension-R04,0,validation
mendeley-S23-K3-seed3412,23,3,3412,wrist_extension,mendeley-S023-wrist_extension-R05,mendeley-S023-R05-G01-wrist_extension,mendeley-S023-wrist_extension-R05,0,validation
mendeley-S23-K3-seed3412,23,3,3412,wrist_flexion,mendeley-S023-wrist_flexion-R01,mendeley-S023-R01-G02-wrist_flexion,mendeley-S023-wrist_flexion-R01,0,validation
mendeley-S23-K3-seed3412,23,3,3412,wrist_flexion,mendeley-S023-wrist_flexion-R03,mendeley-S023-R03-G02-wrist_flexion,mendeley-S023-wrist_flexion-R03,0,validation
mendeley-S23-K3-seed3412,23,3,3412,wrist_flexion,mendeley-S023-wrist_flexion-R05,mendeley-S023-R05-G02-wrist_flexion,mendeley-S023-wrist_flexion-R05,0,validation
mendeley-S25-K3-seed3412,25,3,3412,hand_close,mendeley-S025-grip-R02,mendeley-S025-R02-G05-grip,mendeley-S025-grip-R02,0,validation
mendeley-S25-K3-seed3412,25,3,3412,hand_close,mendeley-S025-grip-R04,mendeley-S025-R04-G05-grip,mendeley-S025-grip-R04,0,validation
mendeley-S25-K3-seed3412,25,3,3412,hand_close,mendeley-S025-grip-R05,mendeley-S025-R05-G05-grip,mendeley-S025-grip-R05,0,validation
mendeley-S25-K3-seed3412,25,3,3412,rest,mendeley-S025-rest-R02,mendeley-S025-R02-G00-rest,mendeley-S025-rest-R02,0,validation
mendeley-S25-K3-seed3412,25,3,3412,rest,mendeley-S025-rest-R03,mendeley-S025-R03-G00-rest,mendeley-S025-rest-R03,0,validation
mendeley-S25-K3-seed3412,25,3,3412,rest,mendeley-S025-rest-R05,mendeley-S025-R05-G00-rest,mendeley-S025-rest-R05,0,validation
mendeley-S25-K3-seed3412,25,3,3412,wrist_extension,mendeley-S025-wrist_extension-R02,mendeley-S025-R02-G01-wrist_extension,mendeley-S025-wrist_extension-R02,0,validation
mendeley-S25-K3-seed3412,25,3,3412,wrist_extension,mendeley-S025-wrist_extension-R04,mendeley-S025-R04-G01-wrist_extension,mendeley-S025-wrist_extension-R04,0,validation
mendeley-S25-K3-seed3412,25,3,3412,wrist_extension,mendeley-S025-wrist_extension-R05,mendeley-S025-R05-G01-wrist_extension,mendeley-S025-wrist_extension-R05,0,validation
mendeley-S25-K3-seed3412,25,3,3412,wrist_flexion,mendeley-S025-wrist_flexion-R01,mendeley-S025-R01-G02-wrist_flexion,mendeley-S025-wrist_flexion-R01,0,validation
mendeley-S25-K3-seed3412,25,3,3412,wrist_flexion,mendeley-S025-wrist_flexion-R02,mendeley-S025-R02-G02-wrist_flexion,mendeley-S025-wrist_flexion-R02,0,validation
mendeley-S25-K3-seed3412,25,3,3412,wrist_flexion,mendeley-S025-wrist_flexion-R05,mendeley-S025-R05-G02-wrist_flexion,mendeley-S025-wrist_flexion-R05,0,validation
mendeley-S35-K3-seed3412,35,3,3412,hand_close,mendeley-S035-grip-R03,mendeley-S035-R03-G05-grip,mendeley-S035-grip-R03,0,validation
mendeley-S35-K3-seed3412,35,3,3412,hand_close,mendeley-S035-grip-R04,mendeley-S035-R04-G05-grip,mendeley-S035-grip-R04,0,validation
mendeley-S35-K3-seed3412,35,3,3412,hand_close,mendeley-S035-grip-R05,mendeley-S035-R05-G05-grip,mendeley-S035-grip-R05,0,validation
mendeley-S35-K3-seed3412,35,3,3412,rest,mendeley-S035-rest-R01,mendeley-S035-R01-G00-rest,mendeley-S035-rest-R01,0,validation
mendeley-S35-K3-seed3412,35,3,3412,rest,mendeley-S035-rest-R02,mendeley-S035-R02-G00-rest,mendeley-S035-rest-R02,0,validation
mendeley-S35-K3-seed3412,35,3,3412,rest,mendeley-S035-rest-R05,mendeley-S035-R05-G00-rest,mendeley-S035-rest-R05,0,validation
mendeley-S35-K3-seed3412,35,3,3412,wrist_extension,mendeley-S035-wrist_extension-R01,mendeley-S035-R01-G01-wrist_extension,mendeley-S035-wrist_extension-R01,0,validation
mendeley-S35-K3-seed3412,35,3,3412,wrist_extension,mendeley-S035-wrist_extension-R03,mendeley-S035-R03-G01-wrist_extension,mendeley-S035-wrist_extension-R03,0,validation
mendeley-S35-K3-seed3412,35,3,3412,wrist_extension,mendeley-S035-wrist_extension-R05,mendeley-S035-R05-G01-wrist_extension,mendeley-S035-wrist_extension-R05,0,validation
mendeley-S35-K3-seed3412,35,3,3412,wrist_flexion,mendeley-S035-wrist_flexion-R01,mendeley-S035-R01-G02-wrist_flexion,mendeley-S035-wrist_flexion-R01,0,validation
mendeley-S35-K3-seed3412,35,3,3412,wrist_flexion,mendeley-S035-wrist_flexion-R03,mendeley-S035-R03-G02-wrist_flexion,mendeley-S035-wrist_flexion-R03,0,validation
mendeley-S35-K3-seed3412,35,3,3412,wrist_flexion,mendeley-S035-wrist_flexion-R05,mendeley-S035-R05-G02-wrist_flexion,mendeley-S035-wrist_flexion-R05,0,validation
mendeley-S40-K3-seed3412,40,3,3412,hand_close,mendeley-S040-grip-R01,mendeley-S040-R01-G05-grip,mendeley-S040-grip-R01,0,validation
mendeley-S40-K3-seed3412,40,3,3412,hand_close,mendeley-S040-grip-R04,mendeley-S040-R04-G05-grip,mendeley-S040-grip-R04,0,validation
mendeley-S40-K3-seed3412,40,3,3412,hand_close,mendeley-S040-grip-R05,mendeley-S040-R05-G05-grip,mendeley-S040-grip-R05,0,validation
mendeley-S40-K3-seed3412,40,3,3412,rest,mendeley-S040-rest-R01,mendeley-S040-R01-G00-rest,mendeley-S040-rest-R01,0,validation
mendeley-S40-K3-seed3412,40,3,3412,rest,mendeley-S040-rest-R02,mendeley-S040-R02-G00-rest,mendeley-S040-rest-R02,0,validation
mendeley-S40-K3-seed3412,40,3,3412,rest,mendeley-S040-rest-R03,mendeley-S040-R03-G00-rest,mendeley-S040-rest-R03,0,validation
mendeley-S40-K3-seed3412,40,3,3412,wrist_extension,mendeley-S040-wrist_extension-R03,mendeley-S040-R03-G01-wrist_extension,mendeley-S040-wrist_extension-R03,0,validation
mendeley-S40-K3-seed3412,40,3,3412,wrist_extension,mendeley-S040-wrist_extension-R04,mendeley-S040-R04-G01-wrist_extension,mendeley-S040-wrist_extension-R04,0,validation
mendeley-S40-K3-seed3412,40,3,3412,wrist_extension,mendeley-S040-wrist_extension-R05,mendeley-S040-R05-G01-wrist_extension,mendeley-S040-wrist_extension-R05,0,validation
mendeley-S40-K3-seed3412,40,3,3412,wrist_flexion,mendeley-S040-wrist_flexion-R02,mendeley-S040-R02-G02-wrist_flexion,mendeley-S040-wrist_flexion-R02,0,validation
mendeley-S40-K3-seed3412,40,3,3412,wrist_flexion,mendeley-S040-wrist_flexion-R03,mendeley-S040-R03-G02-wrist_flexion,mendeley-S040-wrist_flexion-R03,0,validation
mendeley-S40-K3-seed3412,40,3,3412,wrist_flexion,mendeley-S040-wrist_flexion-R05,mendeley-S040-R05-G02-wrist_flexion,mendeley-S040-wrist_flexion-R05,0,validation
mendeley-S6-K3-seed3412,6,3,3412,hand_close,mendeley-S006-grip-R01,mendeley-S006-R01-G05-grip,mendeley-S006-grip-R01,0,validation
mendeley-S6-K3-seed3412,6,3,3412,hand_close,mendeley-S006-grip-R02,mendeley-S006-R02-G05-grip,mendeley-S006-grip-R02,0,validation
mendeley-S6-K3-seed3412,6,3,3412,hand_close,mendeley-S006-grip-R05,mendeley-S006-R05-G05-grip,mendeley-S006-grip-R05,0,validation
mendeley-S6-K3-seed3412,6,3,3412,rest,mendeley-S006-rest-R01,mendeley-S006-R01-G00-rest,mendeley-S006-rest-R01,0,validation
mendeley-S6-K3-seed3412,6,3,3412,rest,mendeley-S006-rest-R02,mendeley-S006-R02-G00-rest,mendeley-S006-rest-R02,0,validation
mendeley-S6-K3-seed3412,6,3,3412,rest,mendeley-S006-rest-R05,mendeley-S006-R05-G00-rest,mendeley-S006-rest-R05,0,validation
mendeley-S6-K3-seed3412,6,3,3412,wrist_extension,mendeley-S006-wrist_extension-R03,mendeley-S006-R03-G01-wrist_extension,mendeley-S006-wrist_extension-R03,0,validation
mendeley-S6-K3-seed3412,6,3,3412,wrist_extension,mendeley-S006-wrist_extension-R04,mendeley-S006-R04-G01-wrist_extension,mendeley-S006-wrist_extension-R04,0,validation
mendeley-S6-K3-seed3412,6,3,3412,wrist_extension,mendeley-S006-wrist_extension-R05,mendeley-S006-R05-G01-wrist_extension,mendeley-S006-wrist_extension-R05,0,validation
mendeley-S6-K3-seed3412,6,3,3412,wrist_flexion,mendeley-S006-wrist_flexion-R01,mendeley-S006-R01-G02-wrist_flexion,mendeley-S006-wrist_flexion-R01,0,validation
mendeley-S6-K3-seed3412,6,3,3412,wrist_flexion,mendeley-S006-wrist_flexion-R04,mendeley-S006-R04-G02-wrist_flexion,mendeley-S006-wrist_flexion-R04,0,validation
mendeley-S6-K3-seed3412,6,3,3412,wrist_flexion,mendeley-S006-wrist_flexion-R05,mendeley-S006-R05-G02-wrist_flexion,mendeley-S006-wrist_flexion-R05,0,validation
mendeley-S10-K3-seed3413,10,3,3413,hand_close,mendeley-S010-grip-R01,mendeley-S010-R01-G05-grip,mendeley-S010-grip-R01,0,validation
mendeley-S10-K3-seed3413,10,3,3413,hand_close,mendeley-S010-grip-R03,mendeley-S010-R03-G05-grip,mendeley-S010-grip-R03,0,validation
mendeley-S10-K3-seed3413,10,3,3413,hand_close,mendeley-S010-grip-R05,mendeley-S010-R05-G05-grip,mendeley-S010-grip-R05,0,validation
mendeley-S10-K3-seed3413,10,3,3413,rest,mendeley-S010-rest-R03,mendeley-S010-R03-G00-rest,mendeley-S010-rest-R03,0,validation
mendeley-S10-K3-seed3413,10,3,3413,rest,mendeley-S010-rest-R04,mendeley-S010-R04-G00-rest,mendeley-S010-rest-R04,0,validation
mendeley-S10-K3-seed3413,10,3,3413,rest,mendeley-S010-rest-R05,mendeley-S010-R05-G00-rest,mendeley-S010-rest-R05,0,validation
mendeley-S10-K3-seed3413,10,3,3413,wrist_extension,mendeley-S010-wrist_extension-R02,mendeley-S010-R02-G01-wrist_extension,mendeley-S010-wrist_extension-R02,0,validation
mendeley-S10-K3-seed3413,10,3,3413,wrist_extension,mendeley-S010-wrist_extension-R03,mendeley-S010-R03-G01-wrist_extension,mendeley-S010-wrist_extension-R03,0,validation
mendeley-S10-K3-seed3413,10,3,3413,wrist_extension,mendeley-S010-wrist_extension-R04,mendeley-S010-R04-G01-wrist_extension,mendeley-S010-wrist_extension-R04,0,validation
mendeley-S10-K3-seed3413,10,3,3413,wrist_flexion,mendeley-S010-wrist_flexion-R01,mendeley-S010-R01-G02-wrist_flexion,mendeley-S010-wrist_flexion-R01,0,validation
mendeley-S10-K3-seed3413,10,3,3413,wrist_flexion,mendeley-S010-wrist_flexion-R04,mendeley-S010-R04-G02-wrist_flexion,mendeley-S010-wrist_flexion-R04,0,validation
mendeley-S10-K3-seed3413,10,3,3413,wrist_flexion,mendeley-S010-wrist_flexion-R05,mendeley-S010-R05-G02-wrist_flexion,mendeley-S010-wrist_flexion-R05,0,validation
mendeley-S15-K3-seed3413,15,3,3413,hand_close,mendeley-S015-grip-R01,mendeley-S015-R01-G05-grip,mendeley-S015-grip-R01,0,validation
mendeley-S15-K3-seed3413,15,3,3413,hand_close,mendeley-S015-grip-R02,mendeley-S015-R02-G05-grip,mendeley-S015-grip-R02,0,validation
mendeley-S15-K3-seed3413,15,3,3413,hand_close,mendeley-S015-grip-R03,mendeley-S015-R03-G05-grip,mendeley-S015-grip-R03,0,validation
mendeley-S15-K3-seed3413,15,3,3413,rest,mendeley-S015-rest-R01,mendeley-S015-R01-G00-rest,mendeley-S015-rest-R01,0,validation
mendeley-S15-K3-seed3413,15,3,3413,rest,mendeley-S015-rest-R02,mendeley-S015-R02-G00-rest,mendeley-S015-rest-R02,0,validation
mendeley-S15-K3-seed3413,15,3,3413,rest,mendeley-S015-rest-R04,mendeley-S015-R04-G00-rest,mendeley-S015-rest-R04,0,validation
mendeley-S15-K3-seed3413,15,3,3413,wrist_extension,mendeley-S015-wrist_extension-R02,mendeley-S015-R02-G01-wrist_extension,mendeley-S015-wrist_extension-R02,0,validation
mendeley-S15-K3-seed3413,15,3,3413,wrist_extension,mendeley-S015-wrist_extension-R04,mendeley-S015-R04-G01-wrist_extension,mendeley-S015-wrist_extension-R04,0,validation
mendeley-S15-K3-seed3413,15,3,3413,wrist_extension,mendeley-S015-wrist_extension-R05,mendeley-S015-R05-G01-wrist_extension,mendeley-S015-wrist_extension-R05,0,validation
mendeley-S15-K3-seed3413,15,3,3413,wrist_flexion,mendeley-S015-wrist_flexion-R02,mendeley-S015-R02-G02-wrist_flexion,mendeley-S015-wrist_flexion-R02,0,validation
mendeley-S15-K3-seed3413,15,3,3413,wrist_flexion,mendeley-S015-wrist_flexion-R03,mendeley-S015-R03-G02-wrist_flexion,mendeley-S015-wrist_flexion-R03,0,validation
mendeley-S15-K3-seed3413,15,3,3413,wrist_flexion,mendeley-S015-wrist_flexion-R05,mendeley-S015-R05-G02-wrist_flexion,mendeley-S015-wrist_flexion-R05,0,validation
mendeley-S21-K3-seed3413,21,3,3413,hand_close,mendeley-S021-grip-R03,mendeley-S021-R03-G05-grip,mendeley-S021-grip-R03,0,validation
mendeley-S21-K3-seed3413,21,3,3413,hand_close,mendeley-S021-grip-R04,mendeley-S021-R04-G05-grip,mendeley-S021-grip-R04,0,validation
mendeley-S21-K3-seed3413,21,3,3413,hand_close,mendeley-S021-grip-R05,mendeley-S021-R05-G05-grip,mendeley-S021-grip-R05,0,validation
mendeley-S21-K3-seed3413,21,3,3413,rest,mendeley-S021-rest-R01,mendeley-S021-R01-G00-rest,mendeley-S021-rest-R01,0,validation
mendeley-S21-K3-seed3413,21,3,3413,rest,mendeley-S021-rest-R03,mendeley-S021-R03-G00-rest,mendeley-S021-rest-R03,0,validation
mendeley-S21-K3-seed3413,21,3,3413,rest,mendeley-S021-rest-R04,mendeley-S021-R04-G00-rest,mendeley-S021-rest-R04,0,validation
mendeley-S21-K3-seed3413,21,3,3413,wrist_extension,mendeley-S021-wrist_extension-R02,mendeley-S021-R02-G01-wrist_extension,mendeley-S021-wrist_extension-R02,0,validation
mendeley-S21-K3-seed3413,21,3,3413,wrist_extension,mendeley-S021-wrist_extension-R04,mendeley-S021-R04-G01-wrist_extension,mendeley-S021-wrist_extension-R04,0,validation
mendeley-S21-K3-seed3413,21,3,3413,wrist_extension,mendeley-S021-wrist_extension-R05,mendeley-S021-R05-G01-wrist_extension,mendeley-S021-wrist_extension-R05,0,validation
mendeley-S21-K3-seed3413,21,3,3413,wrist_flexion,mendeley-S021-wrist_flexion-R01,mendeley-S021-R01-G02-wrist_flexion,mendeley-S021-wrist_flexion-R01,0,validation
mendeley-S21-K3-seed3413,21,3,3413,wrist_flexion,mendeley-S021-wrist_flexion-R02,mendeley-S021-R02-G02-wrist_flexion,mendeley-S021-wrist_flexion-R02,0,validation
mendeley-S21-K3-seed3413,21,3,3413,wrist_flexion,mendeley-S021-wrist_flexion-R03,mendeley-S021-R03-G02-wrist_flexion,mendeley-S021-wrist_flexion-R03,0,validation
mendeley-S23-K3-seed3413,23,3,3413,hand_close,mendeley-S023-grip-R02,mendeley-S023-R02-G05-grip,mendeley-S023-grip-R02,0,validation
mendeley-S23-K3-seed3413,23,3,3413,hand_close,mendeley-S023-grip-R03,mendeley-S023-R03-G05-grip,mendeley-S023-grip-R03,0,validation
mendeley-S23-K3-seed3413,23,3,3413,hand_close,mendeley-S023-grip-R05,mendeley-S023-R05-G05-grip,mendeley-S023-grip-R05,0,validation
mendeley-S23-K3-seed3413,23,3,3413,rest,mendeley-S023-rest-R03,mendeley-S023-R03-G00-rest,mendeley-S023-rest-R03,0,validation
mendeley-S23-K3-seed3413,23,3,3413,rest,mendeley-S023-rest-R04,mendeley-S023-R04-G00-rest,mendeley-S023-rest-R04,0,validation
mendeley-S23-K3-seed3413,23,3,3413,rest,mendeley-S023-rest-R05,mendeley-S023-R05-G00-rest,mendeley-S023-rest-R05,0,validation
mendeley-S23-K3-seed3413,23,3,3413,wrist_extension,mendeley-S023-wrist_extension-R01,mendeley-S023-R01-G01-wrist_extension,mendeley-S023-wrist_extension-R01,0,validation
mendeley-S23-K3-seed3413,23,3,3413,wrist_extension,mendeley-S023-wrist_extension-R03,mendeley-S023-R03-G01-wrist_extension,mendeley-S023-wrist_extension-R03,0,validation
mendeley-S23-K3-seed3413,23,3,3413,wrist_extension,mendeley-S023-wrist_extension-R04,mendeley-S023-R04-G01-wrist_extension,mendeley-S023-wrist_extension-R04,0,validation
mendeley-S23-K3-seed3413,23,3,3413,wrist_flexion,mendeley-S023-wrist_flexion-R01,mendeley-S023-R01-G02-wrist_flexion,mendeley-S023-wrist_flexion-R01,0,validation
mendeley-S23-K3-seed3413,23,3,3413,wrist_flexion,mendeley-S023-wrist_flexion-R03,mendeley-S023-R03-G02-wrist_flexion,mendeley-S023-wrist_flexion-R03,0,validation
mendeley-S23-K3-seed3413,23,3,3413,wrist_flexion,mendeley-S023-wrist_flexion-R05,mendeley-S023-R05-G02-wrist_flexion,mendeley-S023-wrist_flexion-R05,0,validation
mendeley-S25-K3-seed3413,25,3,3413,hand_close,mendeley-S025-grip-R01,mendeley-S025-R01-G05-grip,mendeley-S025-grip-R01,0,validation
mendeley-S25-K3-seed3413,25,3,3413,hand_close,mendeley-S025-grip-R03,mendeley-S025-R03-G05-grip,mendeley-S025-grip-R03,0,validation
mendeley-S25-K3-seed3413,25,3,3413,hand_close,mendeley-S025-grip-R05,mendeley-S025-R05-G05-grip,mendeley-S025-grip-R05,0,validation
mendeley-S25-K3-seed3413,25,3,3413,rest,mendeley-S025-rest-R01,mendeley-S025-R01-G00-rest,mendeley-S025-rest-R01,0,validation
mendeley-S25-K3-seed3413,25,3,3413,rest,mendeley-S025-rest-R03,mendeley-S025-R03-G00-rest,mendeley-S025-rest-R03,0,validation
mendeley-S25-K3-seed3413,25,3,3413,rest,mendeley-S025-rest-R05,mendeley-S025-R05-G00-rest,mendeley-S025-rest-R05,0,validation
mendeley-S25-K3-seed3413,25,3,3413,wrist_extension,mendeley-S025-wrist_extension-R01,mendeley-S025-R01-G01-wrist_extension,mendeley-S025-wrist_extension-R01,0,validation
mendeley-S25-K3-seed3413,25,3,3413,wrist_extension,mendeley-S025-wrist_extension-R02,mendeley-S025-R02-G01-wrist_extension,mendeley-S025-wrist_extension-R02,0,validation
mendeley-S25-K3-seed3413,25,3,3413,wrist_extension,mendeley-S025-wrist_extension-R04,mendeley-S025-R04-G01-wrist_extension,mendeley-S025-wrist_extension-R04,0,validation
mendeley-S25-K3-seed3413,25,3,3413,wrist_flexion,mendeley-S025-wrist_flexion-R02,mendeley-S025-R02-G02-wrist_flexion,mendeley-S025-wrist_flexion-R02,0,validation
mendeley-S25-K3-seed3413,25,3,3413,wrist_flexion,mendeley-S025-wrist_flexion-R04,mendeley-S025-R04-G02-wrist_flexion,mendeley-S025-wrist_flexion-R04,0,validation
mendeley-S25-K3-seed3413,25,3,3413,wrist_flexion,mendeley-S025-wrist_flexion-R05,mendeley-S025-R05-G02-wrist_flexion,mendeley-S025-wrist_flexion-R05,0,validation
mendeley-S35-K3-seed3413,35,3,3413,hand_close,mendeley-S035-grip-R02,mendeley-S035-R02-G05-grip,mendeley-S035-grip-R02,0,validation
mendeley-S35-K3-seed3413,35,3,3413,hand_close,mendeley-S035-grip-R04,mendeley-S035-R04-G05-grip,mendeley-S035-grip-R04,0,validation
mendeley-S35-K3-seed3413,35,3,3413,hand_close,mendeley-S035-grip-R05,mendeley-S035-R05-G05-grip,mendeley-S035-grip-R05,0,validation
mendeley-S35-K3-seed3413,35,3,3413,rest,mendeley-S035-rest-R01,mendeley-S035-R01-G00-rest,mendeley-S035-rest-R01,0,validation
mendeley-S35-K3-seed3413,35,3,3413,rest,mendeley-S035-rest-R03,mendeley-S035-R03-G00-rest,mendeley-S035-rest-R03,0,validation
mendeley-S35-K3-seed3413,35,3,3413,rest,mendeley-S035-rest-R04,mendeley-S035-R04-G00-rest,mendeley-S035-rest-R04,0,validation
mendeley-S35-K3-seed3413,35,3,3413,wrist_extension,mendeley-S035-wrist_extension-R01,mendeley-S035-R01-G01-wrist_extension,mendeley-S035-wrist_extension-R01,0,validation
mendeley-S35-K3-seed3413,35,3,3413,wrist_extension,mendeley-S035-wrist_extension-R04,mendeley-S035-R04-G01-wrist_extension,mendeley-S035-wrist_extension-R04,0,validation
mendeley-S35-K3-seed3413,35,3,3413,wrist_extension,mendeley-S035-wrist_extension-R05,mendeley-S035-R05-G01-wrist_extension,mendeley-S035-wrist_extension-R05,0,validation
mendeley-S35-K3-seed3413,35,3,3413,wrist_flexion,mendeley-S035-wrist_flexion-R01,mendeley-S035-R01-G02-wrist_flexion,mendeley-S035-wrist_flexion-R01,0,validation
mendeley-S35-K3-seed3413,35,3,3413,wrist_flexion,mendeley-S035-wrist_flexion-R02,mendeley-S035-R02-G02-wrist_flexion,mendeley-S035-wrist_flexion-R02,0,validation
mendeley-S35-K3-seed3413,35,3,3413,wrist_flexion,mendeley-S035-wrist_flexion-R03,mendeley-S035-R03-G02-wrist_flexion,mendeley-S035-wrist_flexion-R03,0,validation
mendeley-S40-K3-seed3413,40,3,3413,hand_close,mendeley-S040-grip-R01,mendeley-S040-R01-G05-grip,mendeley-S040-grip-R01,0,validation
mendeley-S40-K3-seed3413,40,3,3413,hand_close,mendeley-S040-grip-R02,mendeley-S040-R02-G05-grip,mendeley-S040-grip-R02,0,validation
mendeley-S40-K3-seed3413,40,3,3413,hand_close,mendeley-S040-grip-R04,mendeley-S040-R04-G05-grip,mendeley-S040-grip-R04,0,validation
mendeley-S40-K3-seed3413,40,3,3413,rest,mendeley-S040-rest-R01,mendeley-S040-R01-G00-rest,mendeley-S040-rest-R01,0,validation
mendeley-S40-K3-seed3413,40,3,3413,rest,mendeley-S040-rest-R03,mendeley-S040-R03-G00-rest,mendeley-S040-rest-R03,0,validation
mendeley-S40-K3-seed3413,40,3,3413,rest,mendeley-S040-rest-R05,mendeley-S040-R05-G00-rest,mendeley-S040-rest-R05,0,validation
mendeley-S40-K3-seed3413,40,3,3413,wrist_extension,mendeley-S040-wrist_extension-R01,mendeley-S040-R01-G01-wrist_extension,mendeley-S040-wrist_extension-R01,0,validation
mendeley-S40-K3-seed3413,40,3,3413,wrist_extension,mendeley-S040-wrist_extension-R02,mendeley-S040-R02-G01-wrist_extension,mendeley-S040-wrist_extension-R02,0,validation
mendeley-S40-K3-seed3413,40,3,3413,wrist_extension,mendeley-S040-wrist_extension-R05,mendeley-S040-R05-G01-wrist_extension,mendeley-S040-wrist_extension-R05,0,validation
mendeley-S40-K3-seed3413,40,3,3413,wrist_flexion,mendeley-S040-wrist_flexion-R02,mendeley-S040-R02-G02-wrist_flexion,mendeley-S040-wrist_flexion-R02,0,validation
mendeley-S40-K3-seed3413,40,3,3413,wrist_flexion,mendeley-S040-wrist_flexion-R03,mendeley-S040-R03-G02-wrist_flexion,mendeley-S040-wrist_flexion-R03,0,validation
mendeley-S40-K3-seed3413,40,3,3413,wrist_flexion,mendeley-S040-wrist_flexion-R05,mendeley-S040-R05-G02-wrist_flexion,mendeley-S040-wrist_flexion-R05,0,validation
mendeley-S6-K3-seed3413,6,3,3413,hand_close,mendeley-S006-grip-R01,mendeley-S006-R01-G05-grip,mendeley-S006-grip-R01,0,validation
mendeley-S6-K3-seed3413,6,3,3413,hand_close,mendeley-S006-grip-R02,mendeley-S006-R02-G05-grip,mendeley-S006-grip-R02,0,validation
mendeley-S6-K3-seed3413,6,3,3413,hand_close,mendeley-S006-grip-R03,mendeley-S006-R03-G05-grip,mendeley-S006-grip-R03,0,validation
mendeley-S6-K3-seed3413,6,3,3413,rest,mendeley-S006-rest-R01,mendeley-S006-R01-G00-rest,mendeley-S006-rest-R01,0,validation
mendeley-S6-K3-seed3413,6,3,3413,rest,mendeley-S006-rest-R02,mendeley-S006-R02-G00-rest,mendeley-S006-rest-R02,0,validation
mendeley-S6-K3-seed3413,6,3,3413,rest,mendeley-S006-rest-R03,mendeley-S006-R03-G00-rest,mendeley-S006-rest-R03,0,validation
mendeley-S6-K3-seed3413,6,3,3413,wrist_extension,mendeley-S006-wrist_extension-R01,mendeley-S006-R01-G01-wrist_extension,mendeley-S006-wrist_extension-R01,0,validation
mendeley-S6-K3-seed3413,6,3,3413,wrist_extension,mendeley-S006-wrist_extension-R02,mendeley-S006-R02-G01-wrist_extension,mendeley-S006-wrist_extension-R02,0,validation
mendeley-S6-K3-seed3413,6,3,3413,wrist_extension,mendeley-S006-wrist_extension-R05,mendeley-S006-R05-G01-wrist_extension,mendeley-S006-wrist_extension-R05,0,validation
mendeley-S6-K3-seed3413,6,3,3413,wrist_flexion,mendeley-S006-wrist_flexion-R02,mendeley-S006-R02-G02-wrist_flexion,mendeley-S006-wrist_flexion-R02,0,validation
mendeley-S6-K3-seed3413,6,3,3413,wrist_flexion,mendeley-S006-wrist_flexion-R04,mendeley-S006-R04-G02-wrist_flexion,mendeley-S006-wrist_flexion-R04,0,validation
mendeley-S6-K3-seed3413,6,3,3413,wrist_flexion,mendeley-S006-wrist_flexion-R05,mendeley-S006-R05-G02-wrist_flexion,mendeley-S006-wrist_flexion-R05,0,validation
mendeley-S10-K3-seed3414,10,3,3414,hand_close,mendeley-S010-grip-R02,mendeley-S010-R02-G05-grip,mendeley-S010-grip-R02,0,validation
mendeley-S10-K3-seed3414,10,3,3414,hand_close,mendeley-S010-grip-R04,mendeley-S010-R04-G05-grip,mendeley-S010-grip-R04,0,validation
mendeley-S10-K3-seed3414,10,3,3414,hand_close,mendeley-S010-grip-R05,mendeley-S010-R05-G05-grip,mendeley-S010-grip-R05,0,validation
mendeley-S10-K3-seed3414,10,3,3414,rest,mendeley-S010-rest-R01,mendeley-S010-R01-G00-rest,mendeley-S010-rest-R01,0,validation
mendeley-S10-K3-seed3414,10,3,3414,rest,mendeley-S010-rest-R04,mendeley-S010-R04-G00-rest,mendeley-S010-rest-R04,0,validation
mendeley-S10-K3-seed3414,10,3,3414,rest,mendeley-S010-rest-R05,mendeley-S010-R05-G00-rest,mendeley-S010-rest-R05,0,validation
mendeley-S10-K3-seed3414,10,3,3414,wrist_extension,mendeley-S010-wrist_extension-R01,mendeley-S010-R01-G01-wrist_extension,mendeley-S010-wrist_extension-R01,0,validation
mendeley-S10-K3-seed3414,10,3,3414,wrist_extension,mendeley-S010-wrist_extension-R02,mendeley-S010-R02-G01-wrist_extension,mendeley-S010-wrist_extension-R02,0,validation
mendeley-S10-K3-seed3414,10,3,3414,wrist_extension,mendeley-S010-wrist_extension-R04,mendeley-S010-R04-G01-wrist_extension,mendeley-S010-wrist_extension-R04,0,validation
mendeley-S10-K3-seed3414,10,3,3414,wrist_flexion,mendeley-S010-wrist_flexion-R01,mendeley-S010-R01-G02-wrist_flexion,mendeley-S010-wrist_flexion-R01,0,validation
mendeley-S10-K3-seed3414,10,3,3414,wrist_flexion,mendeley-S010-wrist_flexion-R02,mendeley-S010-R02-G02-wrist_flexion,mendeley-S010-wrist_flexion-R02,0,validation
mendeley-S10-K3-seed3414,10,3,3414,wrist_flexion,mendeley-S010-wrist_flexion-R04,mendeley-S010-R04-G02-wrist_flexion,mendeley-S010-wrist_flexion-R04,0,validation
mendeley-S15-K3-seed3414,15,3,3414,hand_close,mendeley-S015-grip-R01,mendeley-S015-R01-G05-grip,mendeley-S015-grip-R01,0,validation
mendeley-S15-K3-seed3414,15,3,3414,hand_close,mendeley-S015-grip-R02,mendeley-S015-R02-G05-grip,mendeley-S015-grip-R02,0,validation
mendeley-S15-K3-seed3414,15,3,3414,hand_close,mendeley-S015-grip-R04,mendeley-S015-R04-G05-grip,mendeley-S015-grip-R04,0,validation
mendeley-S15-K3-seed3414,15,3,3414,rest,mendeley-S015-rest-R01,mendeley-S015-R01-G00-rest,mendeley-S015-rest-R01,0,validation
mendeley-S15-K3-seed3414,15,3,3414,rest,mendeley-S015-rest-R04,mendeley-S015-R04-G00-rest,mendeley-S015-rest-R04,0,validation
mendeley-S15-K3-seed3414,15,3,3414,rest,mendeley-S015-rest-R05,mendeley-S015-R05-G00-rest,mendeley-S015-rest-R05,0,validation
mendeley-S15-K3-seed3414,15,3,3414,wrist_extension,mendeley-S015-wrist_extension-R01,mendeley-S015-R01-G01-wrist_extension,mendeley-S015-wrist_extension-R01,0,validation
mendeley-S15-K3-seed3414,15,3,3414,wrist_extension,mendeley-S015-wrist_extension-R03,mendeley-S015-R03-G01-wrist_extension,mendeley-S015-wrist_extension-R03,0,validation
mendeley-S15-K3-seed3414,15,3,3414,wrist_extension,mendeley-S015-wrist_extension-R04,mendeley-S015-R04-G01-wrist_extension,mendeley-S015-wrist_extension-R04,0,validation
mendeley-S15-K3-seed3414,15,3,3414,wrist_flexion,mendeley-S015-wrist_flexion-R01,mendeley-S015-R01-G02-wrist_flexion,mendeley-S015-wrist_flexion-R01,0,validation
mendeley-S15-K3-seed3414,15,3,3414,wrist_flexion,mendeley-S015-wrist_flexion-R02,mendeley-S015-R02-G02-wrist_flexion,mendeley-S015-wrist_flexion-R02,0,validation
mendeley-S15-K3-seed3414,15,3,3414,wrist_flexion,mendeley-S015-wrist_flexion-R05,mendeley-S015-R05-G02-wrist_flexion,mendeley-S015-wrist_flexion-R05,0,validation
mendeley-S21-K3-seed3414,21,3,3414,hand_close,mendeley-S021-grip-R01,mendeley-S021-R01-G05-grip,mendeley-S021-grip-R01,0,validation
mendeley-S21-K3-seed3414,21,3,3414,hand_close,mendeley-S021-grip-R04,mendeley-S021-R04-G05-grip,mendeley-S021-grip-R04,0,validation
mendeley-S21-K3-seed3414,21,3,3414,hand_close,mendeley-S021-grip-R05,mendeley-S021-R05-G05-grip,mendeley-S021-grip-R05,0,validation
mendeley-S21-K3-seed3414,21,3,3414,rest,mendeley-S021-rest-R02,mendeley-S021-R02-G00-rest,mendeley-S021-rest-R02,0,validation
mendeley-S21-K3-seed3414,21,3,3414,rest,mendeley-S021-rest-R03,mendeley-S021-R03-G00-rest,mendeley-S021-rest-R03,0,validation
mendeley-S21-K3-seed3414,21,3,3414,rest,mendeley-S021-rest-R05,mendeley-S021-R05-G00-rest,mendeley-S021-rest-R05,0,validation
mendeley-S21-K3-seed3414,21,3,3414,wrist_extension,mendeley-S021-wrist_extension-R01,mendeley-S021-R01-G01-wrist_extension,mendeley-S021-wrist_extension-R01,0,validation
mendeley-S21-K3-seed3414,21,3,3414,wrist_extension,mendeley-S021-wrist_extension-R03,mendeley-S021-R03-G01-wrist_extension,mendeley-S021-wrist_extension-R03,0,validation
mendeley-S21-K3-seed3414,21,3,3414,wrist_extension,mendeley-S021-wrist_extension-R04,mendeley-S021-R04-G01-wrist_extension,mendeley-S021-wrist_extension-R04,0,validation
mendeley-S21-K3-seed3414,21,3,3414,wrist_flexion,mendeley-S021-wrist_flexion-R01,mendeley-S021-R01-G02-wrist_flexion,mendeley-S021-wrist_flexion-R01,0,validation
mendeley-S21-K3-seed3414,21,3,3414,wrist_flexion,mendeley-S021-wrist_flexion-R04,mendeley-S021-R04-G02-wrist_flexion,mendeley-S021-wrist_flexion-R04,0,validation
mendeley-S21-K3-seed3414,21,3,3414,wrist_flexion,mendeley-S021-wrist_flexion-R05,mendeley-S021-R05-G02-wrist_flexion,mendeley-S021-wrist_flexion-R05,0,validation
mendeley-S23-K3-seed3414,23,3,3414,hand_close,mendeley-S023-grip-R01,mendeley-S023-R01-G05-grip,mendeley-S023-grip-R01,0,validation
mendeley-S23-K3-seed3414,23,3,3414,hand_close,mendeley-S023-grip-R02,mendeley-S023-R02-G05-grip,mendeley-S023-grip-R02,0,validation
mendeley-S23-K3-seed3414,23,3,3414,hand_close,mendeley-S023-grip-R05,mendeley-S023-R05-G05-grip,mendeley-S023-grip-R05,0,validation
mendeley-S23-K3-seed3414,23,3,3414,rest,mendeley-S023-rest-R02,mendeley-S023-R02-G00-rest,mendeley-S023-rest-R02,0,validation
mendeley-S23-K3-seed3414,23,3,3414,rest,mendeley-S023-rest-R04,mendeley-S023-R04-G00-rest,mendeley-S023-rest-R04,0,validation
mendeley-S23-K3-seed3414,23,3,3414,rest,mendeley-S023-rest-R05,mendeley-S023-R05-G00-rest,mendeley-S023-rest-R05,0,validation
mendeley-S23-K3-seed3414,23,3,3414,wrist_extension,mendeley-S023-wrist_extension-R01,mendeley-S023-R01-G01-wrist_extension,mendeley-S023-wrist_extension-R01,0,validation
mendeley-S23-K3-seed3414,23,3,3414,wrist_extension,mendeley-S023-wrist_extension-R02,mendeley-S023-R02-G01-wrist_extension,mendeley-S023-wrist_extension-R02,0,validation
mendeley-S23-K3-seed3414,23,3,3414,wrist_extension,mendeley-S023-wrist_extension-R03,mendeley-S023-R03-G01-wrist_extension,mendeley-S023-wrist_extension-R03,0,validation
mendeley-S23-K3-seed3414,23,3,3414,wrist_flexion,mendeley-S023-wrist_flexion-R01,mendeley-S023-R01-G02-wrist_flexion,mendeley-S023-wrist_flexion-R01,0,validation
mendeley-S23-K3-seed3414,23,3,3414,wrist_flexion,mendeley-S023-wrist_flexion-R02,mendeley-S023-R02-G02-wrist_flexion,mendeley-S023-wrist_flexion-R02,0,validation
mendeley-S23-K3-seed3414,23,3,3414,wrist_flexion,mendeley-S023-wrist_flexion-R03,mendeley-S023-R03-G02-wrist_flexion,mendeley-S023-wrist_flexion-R03,0,validation
mendeley-S25-K3-seed3414,25,3,3414,hand_close,mendeley-S025-grip-R02,mendeley-S025-R02-G05-grip,mendeley-S025-grip-R02,0,validation
mendeley-S25-K3-seed3414,25,3,3414,hand_close,mendeley-S025-grip-R03,mendeley-S025-R03-G05-grip,mendeley-S025-grip-R03,0,validation
mendeley-S25-K3-seed3414,25,3,3414,hand_close,mendeley-S025-grip-R04,mendeley-S025-R04-G05-grip,mendeley-S025-grip-R04,0,validation
mendeley-S25-K3-seed3414,25,3,3414,rest,mendeley-S025-rest-R01,mendeley-S025-R01-G00-rest,mendeley-S025-rest-R01,0,validation
mendeley-S25-K3-seed3414,25,3,3414,rest,mendeley-S025-rest-R02,mendeley-S025-R02-G00-rest,mendeley-S025-rest-R02,0,validation
mendeley-S25-K3-seed3414,25,3,3414,rest,mendeley-S025-rest-R05,mendeley-S025-R05-G00-rest,mendeley-S025-rest-R05,0,validation
mendeley-S25-K3-seed3414,25,3,3414,wrist_extension,mendeley-S025-wrist_extension-R01,mendeley-S025-R01-G01-wrist_extension,mendeley-S025-wrist_extension-R01,0,validation
mendeley-S25-K3-seed3414,25,3,3414,wrist_extension,mendeley-S025-wrist_extension-R02,mendeley-S025-R02-G01-wrist_extension,mendeley-S025-wrist_extension-R02,0,validation
mendeley-S25-K3-seed3414,25,3,3414,wrist_extension,mendeley-S025-wrist_extension-R05,mendeley-S025-R05-G01-wrist_extension,mendeley-S025-wrist_extension-R05,0,validation
mendeley-S25-K3-seed3414,25,3,3414,wrist_flexion,mendeley-S025-wrist_flexion-R02,mendeley-S025-R02-G02-wrist_flexion,mendeley-S025-wrist_flexion-R02,0,validation
mendeley-S25-K3-seed3414,25,3,3414,wrist_flexion,mendeley-S025-wrist_flexion-R03,mendeley-S025-R03-G02-wrist_flexion,mendeley-S025-wrist_flexion-R03,0,validation
mendeley-S25-K3-seed3414,25,3,3414,wrist_flexion,mendeley-S025-wrist_flexion-R04,mendeley-S025-R04-G02-wrist_flexion,mendeley-S025-wrist_flexion-R04,0,validation
mendeley-S35-K3-seed3414,35,3,3414,hand_close,mendeley-S035-grip-R01,mendeley-S035-R01-G05-grip,mendeley-S035-grip-R01,0,validation
mendeley-S35-K3-seed3414,35,3,3414,hand_close,mendeley-S035-grip-R02,mendeley-S035-R02-G05-grip,mendeley-S035-grip-R02,0,validation
mendeley-S35-K3-seed3414,35,3,3414,hand_close,mendeley-S035-grip-R05,mendeley-S035-R05-G05-grip,mendeley-S035-grip-R05,0,validation
mendeley-S35-K3-seed3414,35,3,3414,rest,mendeley-S035-rest-R01,mendeley-S035-R01-G00-rest,mendeley-S035-rest-R01,0,validation
mendeley-S35-K3-seed3414,35,3,3414,rest,mendeley-S035-rest-R02,mendeley-S035-R02-G00-rest,mendeley-S035-rest-R02,0,validation
mendeley-S35-K3-seed3414,35,3,3414,rest,mendeley-S035-rest-R04,mendeley-S035-R04-G00-rest,mendeley-S035-rest-R04,0,validation
mendeley-S35-K3-seed3414,35,3,3414,wrist_extension,mendeley-S035-wrist_extension-R01,mendeley-S035-R01-G01-wrist_extension,mendeley-S035-wrist_extension-R01,0,validation
mendeley-S35-K3-seed3414,35,3,3414,wrist_extension,mendeley-S035-wrist_extension-R02,mendeley-S035-R02-G01-wrist_extension,mendeley-S035-wrist_extension-R02,0,validation
mendeley-S35-K3-seed3414,35,3,3414,wrist_extension,mendeley-S035-wrist_extension-R03,mendeley-S035-R03-G01-wrist_extension,mendeley-S035-wrist_extension-R03,0,validation
mendeley-S35-K3-seed3414,35,3,3414,wrist_flexion,mendeley-S035-wrist_flexion-R02,mendeley-S035-R02-G02-wrist_flexion,mendeley-S035-wrist_flexion-R02,0,validation
mendeley-S35-K3-seed3414,35,3,3414,wrist_flexion,mendeley-S035-wrist_flexion-R04,mendeley-S035-R04-G02-wrist_flexion,mendeley-S035-wrist_flexion-R04,0,validation
mendeley-S35-K3-seed3414,35,3,3414,wrist_flexion,mendeley-S035-wrist_flexion-R05,mendeley-S035-R05-G02-wrist_flexion,mendeley-S035-wrist_flexion-R05,0,validation
mendeley-S40-K3-seed3414,40,3,3414,hand_close,mendeley-S040-grip-R03,mendeley-S040-R03-G05-grip,mendeley-S040-grip-R03,0,validation
mendeley-S40-K3-seed3414,40,3,3414,hand_close,mendeley-S040-grip-R04,mendeley-S040-R04-G05-grip,mendeley-S040-grip-R04,0,validation
mendeley-S40-K3-seed3414,40,3,3414,hand_close,mendeley-S040-grip-R05,mendeley-S040-R05-G05-grip,mendeley-S040-grip-R05,0,validation
mendeley-S40-K3-seed3414,40,3,3414,rest,mendeley-S040-rest-R02,mendeley-S040-R02-G00-rest,mendeley-S040-rest-R02,0,validation
mendeley-S40-K3-seed3414,40,3,3414,rest,mendeley-S040-rest-R03,mendeley-S040-R03-G00-rest,mendeley-S040-rest-R03,0,validation
mendeley-S40-K3-seed3414,40,3,3414,rest,mendeley-S040-rest-R04,mendeley-S040-R04-G00-rest,mendeley-S040-rest-R04,0,validation
mendeley-S40-K3-seed3414,40,3,3414,wrist_extension,mendeley-S040-wrist_extension-R01,mendeley-S040-R01-G01-wrist_extension,mendeley-S040-wrist_extension-R01,0,validation
mendeley-S40-K3-seed3414,40,3,3414,wrist_extension,mendeley-S040-wrist_extension-R02,mendeley-S040-R02-G01-wrist_extension,mendeley-S040-wrist_extension-R02,0,validation
mendeley-S40-K3-seed3414,40,3,3414,wrist_extension,mendeley-S040-wrist_extension-R05,mendeley-S040-R05-G01-wrist_extension,mendeley-S040-wrist_extension-R05,0,validation
mendeley-S40-K3-seed3414,40,3,3414,wrist_flexion,mendeley-S040-wrist_flexion-R02,mendeley-S040-R02-G02-wrist_flexion,mendeley-S040-wrist_flexion-R02,0,validation
mendeley-S40-K3-seed3414,40,3,3414,wrist_flexion,mendeley-S040-wrist_flexion-R04,mendeley-S040-R04-G02-wrist_flexion,mendeley-S040-wrist_flexion-R04,0,validation
mendeley-S40-K3-seed3414,40,3,3414,wrist_flexion,mendeley-S040-wrist_flexion-R05,mendeley-S040-R05-G02-wrist_flexion,mendeley-S040-wrist_flexion-R05,0,validation
mendeley-S6-K3-seed3414,6,3,3414,hand_close,mendeley-S006-grip-R01,mendeley-S006-R01-G05-grip,mendeley-S006-grip-R01,0,validation
mendeley-S6-K3-seed3414,6,3,3414,hand_close,mendeley-S006-grip-R02,mendeley-S006-R02-G05-grip,mendeley-S006-grip-R02,0,validation
mendeley-S6-K3-seed3414,6,3,3414,hand_close,mendeley-S006-grip-R05,mendeley-S006-R05-G05-grip,mendeley-S006-grip-R05,0,validation
mendeley-S6-K3-seed3414,6,3,3414,rest,mendeley-S006-rest-R01,mendeley-S006-R01-G00-rest,mendeley-S006-rest-R01,0,validation
mendeley-S6-K3-seed3414,6,3,3414,rest,mendeley-S006-rest-R02,mendeley-S006-R02-G00-rest,mendeley-S006-rest-R02,0,validation
mendeley-S6-K3-seed3414,6,3,3414,rest,mendeley-S006-rest-R04,mendeley-S006-R04-G00-rest,mendeley-S006-rest-R04,0,validation
mendeley-S6-K3-seed3414,6,3,3414,wrist_extension,mendeley-S006-wrist_extension-R01,mendeley-S006-R01-G01-wrist_extension,mendeley-S006-wrist_extension-R01,0,validation
mendeley-S6-K3-seed3414,6,3,3414,wrist_extension,mendeley-S006-wrist_extension-R02,mendeley-S006-R02-G01-wrist_extension,mendeley-S006-wrist_extension-R02,0,validation
mendeley-S6-K3-seed3414,6,3,3414,wrist_extension,mendeley-S006-wrist_extension-R03,mendeley-S006-R03-G01-wrist_extension,mendeley-S006-wrist_extension-R03,0,validation
mendeley-S6-K3-seed3414,6,3,3414,wrist_flexion,mendeley-S006-wrist_flexion-R02,mendeley-S006-R02-G02-wrist_flexion,mendeley-S006-wrist_flexion-R02,0,validation
mendeley-S6-K3-seed3414,6,3,3414,wrist_flexion,mendeley-S006-wrist_flexion-R03,mendeley-S006-R03-G02-wrist_flexion,mendeley-S006-wrist_flexion-R03,0,validation
mendeley-S6-K3-seed3414,6,3,3414,wrist_flexion,mendeley-S006-wrist_flexion-R05,mendeley-S006-R05-G02-wrist_flexion,mendeley-S006-wrist_flexion-R05,0,validation
mendeley-S10-K3-seed3415,10,3,3415,hand_close,mendeley-S010-grip-R01,mendeley-S010-R01-G05-grip,mendeley-S010-grip-R01,0,validation
mendeley-S10-K3-seed3415,10,3,3415,hand_close,mendeley-S010-grip-R02,mendeley-S010-R02-G05-grip,mendeley-S010-grip-R02,0,validation
mendeley-S10-K3-seed3415,10,3,3415,hand_close,mendeley-S010-grip-R04,mendeley-S010-R04-G05-grip,mendeley-S010-grip-R04,0,validation
mendeley-S10-K3-seed3415,10,3,3415,rest,mendeley-S010-rest-R02,mendeley-S010-R02-G00-rest,mendeley-S010-rest-R02,0,validation
mendeley-S10-K3-seed3415,10,3,3415,rest,mendeley-S010-rest-R04,mendeley-S010-R04-G00-rest,mendeley-S010-rest-R04,0,validation
mendeley-S10-K3-seed3415,10,3,3415,rest,mendeley-S010-rest-R05,mendeley-S010-R05-G00-rest,mendeley-S010-rest-R05,0,validation
mendeley-S10-K3-seed3415,10,3,3415,wrist_extension,mendeley-S010-wrist_extension-R01,mendeley-S010-R01-G01-wrist_extension,mendeley-S010-wrist_extension-R01,0,validation
mendeley-S10-K3-seed3415,10,3,3415,wrist_extension,mendeley-S010-wrist_extension-R02,mendeley-S010-R02-G01-wrist_extension,mendeley-S010-wrist_extension-R02,0,validation
mendeley-S10-K3-seed3415,10,3,3415,wrist_extension,mendeley-S010-wrist_extension-R05,mendeley-S010-R05-G01-wrist_extension,mendeley-S010-wrist_extension-R05,0,validation
mendeley-S10-K3-seed3415,10,3,3415,wrist_flexion,mendeley-S010-wrist_flexion-R01,mendeley-S010-R01-G02-wrist_flexion,mendeley-S010-wrist_flexion-R01,0,validation
mendeley-S10-K3-seed3415,10,3,3415,wrist_flexion,mendeley-S010-wrist_flexion-R03,mendeley-S010-R03-G02-wrist_flexion,mendeley-S010-wrist_flexion-R03,0,validation
mendeley-S10-K3-seed3415,10,3,3415,wrist_flexion,mendeley-S010-wrist_flexion-R04,mendeley-S010-R04-G02-wrist_flexion,mendeley-S010-wrist_flexion-R04,0,validation
mendeley-S15-K3-seed3415,15,3,3415,hand_close,mendeley-S015-grip-R01,mendeley-S015-R01-G05-grip,mendeley-S015-grip-R01,0,validation
mendeley-S15-K3-seed3415,15,3,3415,hand_close,mendeley-S015-grip-R02,mendeley-S015-R02-G05-grip,mendeley-S015-grip-R02,0,validation
mendeley-S15-K3-seed3415,15,3,3415,hand_close,mendeley-S015-grip-R04,mendeley-S015-R04-G05-grip,mendeley-S015-grip-R04,0,validation
mendeley-S15-K3-seed3415,15,3,3415,rest,mendeley-S015-rest-R01,mendeley-S015-R01-G00-rest,mendeley-S015-rest-R01,0,validation
mendeley-S15-K3-seed3415,15,3,3415,rest,mendeley-S015-rest-R02,mendeley-S015-R02-G00-rest,mendeley-S015-rest-R02,0,validation
mendeley-S15-K3-seed3415,15,3,3415,rest,mendeley-S015-rest-R05,mendeley-S015-R05-G00-rest,mendeley-S015-rest-R05,0,validation
mendeley-S15-K3-seed3415,15,3,3415,wrist_extension,mendeley-S015-wrist_extension-R02,mendeley-S015-R02-G01-wrist_extension,mendeley-S015-wrist_extension-R02,0,validation
mendeley-S15-K3-seed3415,15,3,3415,wrist_extension,mendeley-S015-wrist_extension-R04,mendeley-S015-R04-G01-wrist_extension,mendeley-S015-wrist_extension-R04,0,validation
mendeley-S15-K3-seed3415,15,3,3415,wrist_extension,mendeley-S015-wrist_extension-R05,mendeley-S015-R05-G01-wrist_extension,mendeley-S015-wrist_extension-R05,0,validation
mendeley-S15-K3-seed3415,15,3,3415,wrist_flexion,mendeley-S015-wrist_flexion-R01,mendeley-S015-R01-G02-wrist_flexion,mendeley-S015-wrist_flexion-R01,0,validation
mendeley-S15-K3-seed3415,15,3,3415,wrist_flexion,mendeley-S015-wrist_flexion-R02,mendeley-S015-R02-G02-wrist_flexion,mendeley-S015-wrist_flexion-R02,0,validation
mendeley-S15-K3-seed3415,15,3,3415,wrist_flexion,mendeley-S015-wrist_flexion-R03,mendeley-S015-R03-G02-wrist_flexion,mendeley-S015-wrist_flexion-R03,0,validation
mendeley-S21-K3-seed3415,21,3,3415,hand_close,mendeley-S021-grip-R03,mendeley-S021-R03-G05-grip,mendeley-S021-grip-R03,0,validation
mendeley-S21-K3-seed3415,21,3,3415,hand_close,mendeley-S021-grip-R04,mendeley-S021-R04-G05-grip,mendeley-S021-grip-R04,0,validation
mendeley-S21-K3-seed3415,21,3,3415,hand_close,mendeley-S021-grip-R05,mendeley-S021-R05-G05-grip,mendeley-S021-grip-R05,0,validation
mendeley-S21-K3-seed3415,21,3,3415,rest,mendeley-S021-rest-R02,mendeley-S021-R02-G00-rest,mendeley-S021-rest-R02,0,validation
mendeley-S21-K3-seed3415,21,3,3415,rest,mendeley-S021-rest-R03,mendeley-S021-R03-G00-rest,mendeley-S021-rest-R03,0,validation
mendeley-S21-K3-seed3415,21,3,3415,rest,mendeley-S021-rest-R04,mendeley-S021-R04-G00-rest,mendeley-S021-rest-R04,0,validation
mendeley-S21-K3-seed3415,21,3,3415,wrist_extension,mendeley-S021-wrist_extension-R01,mendeley-S021-R01-G01-wrist_extension,mendeley-S021-wrist_extension-R01,0,validation
mendeley-S21-K3-seed3415,21,3,3415,wrist_extension,mendeley-S021-wrist_extension-R04,mendeley-S021-R04-G01-wrist_extension,mendeley-S021-wrist_extension-R04,0,validation
mendeley-S21-K3-seed3415,21,3,3415,wrist_extension,mendeley-S021-wrist_extension-R05,mendeley-S021-R05-G01-wrist_extension,mendeley-S021-wrist_extension-R05,0,validation
mendeley-S21-K3-seed3415,21,3,3415,wrist_flexion,mendeley-S021-wrist_flexion-R01,mendeley-S021-R01-G02-wrist_flexion,mendeley-S021-wrist_flexion-R01,0,validation
mendeley-S21-K3-seed3415,21,3,3415,wrist_flexion,mendeley-S021-wrist_flexion-R02,mendeley-S021-R02-G02-wrist_flexion,mendeley-S021-wrist_flexion-R02,0,validation
mendeley-S21-K3-seed3415,21,3,3415,wrist_flexion,mendeley-S021-wrist_flexion-R03,mendeley-S021-R03-G02-wrist_flexion,mendeley-S021-wrist_flexion-R03,0,validation
mendeley-S23-K3-seed3415,23,3,3415,hand_close,mendeley-S023-grip-R01,mendeley-S023-R01-G05-grip,mendeley-S023-grip-R01,0,validation
mendeley-S23-K3-seed3415,23,3,3415,hand_close,mendeley-S023-grip-R02,mendeley-S023-R02-G05-grip,mendeley-S023-grip-R02,0,validation
mendeley-S23-K3-seed3415,23,3,3415,hand_close,mendeley-S023-grip-R03,mendeley-S023-R03-G05-grip,mendeley-S023-grip-R03,0,validation
mendeley-S23-K3-seed3415,23,3,3415,rest,mendeley-S023-rest-R01,mendeley-S023-R01-G00-rest,mendeley-S023-rest-R01,0,validation
mendeley-S23-K3-seed3415,23,3,3415,rest,mendeley-S023-rest-R03,mendeley-S023-R03-G00-rest,mendeley-S023-rest-R03,0,validation
mendeley-S23-K3-seed3415,23,3,3415,rest,mendeley-S023-rest-R04,mendeley-S023-R04-G00-rest,mendeley-S023-rest-R04,0,validation
mendeley-S23-K3-seed3415,23,3,3415,wrist_extension,mendeley-S023-wrist_extension-R03,mendeley-S023-R03-G01-wrist_extension,mendeley-S023-wrist_extension-R03,0,validation
mendeley-S23-K3-seed3415,23,3,3415,wrist_extension,mendeley-S023-wrist_extension-R04,mendeley-S023-R04-G01-wrist_extension,mendeley-S023-wrist_extension-R04,0,validation
mendeley-S23-K3-seed3415,23,3,3415,wrist_extension,mendeley-S023-wrist_extension-R05,mendeley-S023-R05-G01-wrist_extension,mendeley-S023-wrist_extension-R05,0,validation
mendeley-S23-K3-seed3415,23,3,3415,wrist_flexion,mendeley-S023-wrist_flexion-R01,mendeley-S023-R01-G02-wrist_flexion,mendeley-S023-wrist_flexion-R01,0,validation
mendeley-S23-K3-seed3415,23,3,3415,wrist_flexion,mendeley-S023-wrist_flexion-R04,mendeley-S023-R04-G02-wrist_flexion,mendeley-S023-wrist_flexion-R04,0,validation
mendeley-S23-K3-seed3415,23,3,3415,wrist_flexion,mendeley-S023-wrist_flexion-R05,mendeley-S023-R05-G02-wrist_flexion,mendeley-S023-wrist_flexion-R05,0,validation
mendeley-S25-K3-seed3415,25,3,3415,hand_close,mendeley-S025-grip-R01,mendeley-S025-R01-G05-grip,mendeley-S025-grip-R01,0,validation
mendeley-S25-K3-seed3415,25,3,3415,hand_close,mendeley-S025-grip-R03,mendeley-S025-R03-G05-grip,mendeley-S025-grip-R03,0,validation
mendeley-S25-K3-seed3415,25,3,3415,hand_close,mendeley-S025-grip-R04,mendeley-S025-R04-G05-grip,mendeley-S025-grip-R04,0,validation
mendeley-S25-K3-seed3415,25,3,3415,rest,mendeley-S025-rest-R01,mendeley-S025-R01-G00-rest,mendeley-S025-rest-R01,0,validation
mendeley-S25-K3-seed3415,25,3,3415,rest,mendeley-S025-rest-R04,mendeley-S025-R04-G00-rest,mendeley-S025-rest-R04,0,validation
mendeley-S25-K3-seed3415,25,3,3415,rest,mendeley-S025-rest-R05,mendeley-S025-R05-G00-rest,mendeley-S025-rest-R05,0,validation
mendeley-S25-K3-seed3415,25,3,3415,wrist_extension,mendeley-S025-wrist_extension-R01,mendeley-S025-R01-G01-wrist_extension,mendeley-S025-wrist_extension-R01,0,validation
mendeley-S25-K3-seed3415,25,3,3415,wrist_extension,mendeley-S025-wrist_extension-R02,mendeley-S025-R02-G01-wrist_extension,mendeley-S025-wrist_extension-R02,0,validation
mendeley-S25-K3-seed3415,25,3,3415,wrist_extension,mendeley-S025-wrist_extension-R04,mendeley-S025-R04-G01-wrist_extension,mendeley-S025-wrist_extension-R04,0,validation
mendeley-S25-K3-seed3415,25,3,3415,wrist_flexion,mendeley-S025-wrist_flexion-R01,mendeley-S025-R01-G02-wrist_flexion,mendeley-S025-wrist_flexion-R01,0,validation
mendeley-S25-K3-seed3415,25,3,3415,wrist_flexion,mendeley-S025-wrist_flexion-R02,mendeley-S025-R02-G02-wrist_flexion,mendeley-S025-wrist_flexion-R02,0,validation
mendeley-S25-K3-seed3415,25,3,3415,wrist_flexion,mendeley-S025-wrist_flexion-R05,mendeley-S025-R05-G02-wrist_flexion,mendeley-S025-wrist_flexion-R05,0,validation
mendeley-S35-K3-seed3415,35,3,3415,hand_close,mendeley-S035-grip-R01,mendeley-S035-R01-G05-grip,mendeley-S035-grip-R01,0,validation
mendeley-S35-K3-seed3415,35,3,3415,hand_close,mendeley-S035-grip-R02,mendeley-S035-R02-G05-grip,mendeley-S035-grip-R02,0,validation
mendeley-S35-K3-seed3415,35,3,3415,hand_close,mendeley-S035-grip-R05,mendeley-S035-R05-G05-grip,mendeley-S035-grip-R05,0,validation
mendeley-S35-K3-seed3415,35,3,3415,rest,mendeley-S035-rest-R01,mendeley-S035-R01-G00-rest,mendeley-S035-rest-R01,0,validation
mendeley-S35-K3-seed3415,35,3,3415,rest,mendeley-S035-rest-R03,mendeley-S035-R03-G00-rest,mendeley-S035-rest-R03,0,validation
mendeley-S35-K3-seed3415,35,3,3415,rest,mendeley-S035-rest-R05,mendeley-S035-R05-G00-rest,mendeley-S035-rest-R05,0,validation
mendeley-S35-K3-seed3415,35,3,3415,wrist_extension,mendeley-S035-wrist_extension-R03,mendeley-S035-R03-G01-wrist_extension,mendeley-S035-wrist_extension-R03,0,validation
mendeley-S35-K3-seed3415,35,3,3415,wrist_extension,mendeley-S035-wrist_extension-R04,mendeley-S035-R04-G01-wrist_extension,mendeley-S035-wrist_extension-R04,0,validation
mendeley-S35-K3-seed3415,35,3,3415,wrist_extension,mendeley-S035-wrist_extension-R05,mendeley-S035-R05-G01-wrist_extension,mendeley-S035-wrist_extension-R05,0,validation
mendeley-S35-K3-seed3415,35,3,3415,wrist_flexion,mendeley-S035-wrist_flexion-R01,mendeley-S035-R01-G02-wrist_flexion,mendeley-S035-wrist_flexion-R01,0,validation
mendeley-S35-K3-seed3415,35,3,3415,wrist_flexion,mendeley-S035-wrist_flexion-R02,mendeley-S035-R02-G02-wrist_flexion,mendeley-S035-wrist_flexion-R02,0,validation
mendeley-S35-K3-seed3415,35,3,3415,wrist_flexion,mendeley-S035-wrist_flexion-R03,mendeley-S035-R03-G02-wrist_flexion,mendeley-S035-wrist_flexion-R03,0,validation
mendeley-S40-K3-seed3415,40,3,3415,hand_close,mendeley-S040-grip-R01,mendeley-S040-R01-G05-grip,mendeley-S040-grip-R01,0,validation
mendeley-S40-K3-seed3415,40,3,3415,hand_close,mendeley-S040-grip-R02,mendeley-S040-R02-G05-grip,mendeley-S040-grip-R02,0,validation
mendeley-S40-K3-seed3415,40,3,3415,hand_close,mendeley-S040-grip-R04,mendeley-S040-R04-G05-grip,mendeley-S040-grip-R04,0,validation
mendeley-S40-K3-seed3415,40,3,3415,rest,mendeley-S040-rest-R01,mendeley-S040-R01-G00-rest,mendeley-S040-rest-R01,0,validation
mendeley-S40-K3-seed3415,40,3,3415,rest,mendeley-S040-rest-R02,mendeley-S040-R02-G00-rest,mendeley-S040-rest-R02,0,validation
mendeley-S40-K3-seed3415,40,3,3415,rest,mendeley-S040-rest-R05,mendeley-S040-R05-G00-rest,mendeley-S040-rest-R05,0,validation
mendeley-S40-K3-seed3415,40,3,3415,wrist_extension,mendeley-S040-wrist_extension-R01,mendeley-S040-R01-G01-wrist_extension,mendeley-S040-wrist_extension-R01,0,validation
mendeley-S40-K3-seed3415,40,3,3415,wrist_extension,mendeley-S040-wrist_extension-R03,mendeley-S040-R03-G01-wrist_extension,mendeley-S040-wrist_extension-R03,0,validation
mendeley-S40-K3-seed3415,40,3,3415,wrist_extension,mendeley-S040-wrist_extension-R04,mendeley-S040-R04-G01-wrist_extension,mendeley-S040-wrist_extension-R04,0,validation
mendeley-S40-K3-seed3415,40,3,3415,wrist_flexion,mendeley-S040-wrist_flexion-R02,mendeley-S040-R02-G02-wrist_flexion,mendeley-S040-wrist_flexion-R02,0,validation
mendeley-S40-K3-seed3415,40,3,3415,wrist_flexion,mendeley-S040-wrist_flexion-R03,mendeley-S040-R03-G02-wrist_flexion,mendeley-S040-wrist_flexion-R03,0,validation
mendeley-S40-K3-seed3415,40,3,3415,wrist_flexion,mendeley-S040-wrist_flexion-R05,mendeley-S040-R05-G02-wrist_flexion,mendeley-S040-wrist_flexion-R05,0,validation
mendeley-S6-K3-seed3415,6,3,3415,hand_close,mendeley-S006-grip-R01,mendeley-S006-R01-G05-grip,mendeley-S006-grip-R01,0,validation
mendeley-S6-K3-seed3415,6,3,3415,hand_close,mendeley-S006-grip-R02,mendeley-S006-R02-G05-grip,mendeley-S006-grip-R02,0,validation
mendeley-S6-K3-seed3415,6,3,3415,hand_close,mendeley-S006-grip-R05,mendeley-S006-R05-G05-grip,mendeley-S006-grip-R05,0,validation
mendeley-S6-K3-seed3415,6,3,3415,rest,mendeley-S006-rest-R02,mendeley-S006-R02-G00-rest,mendeley-S006-rest-R02,0,validation
mendeley-S6-K3-seed3415,6,3,3415,rest,mendeley-S006-rest-R04,mendeley-S006-R04-G00-rest,mendeley-S006-rest-R04,0,validation
mendeley-S6-K3-seed3415,6,3,3415,rest,mendeley-S006-rest-R05,mendeley-S006-R05-G00-rest,mendeley-S006-rest-R05,0,validation
mendeley-S6-K3-seed3415,6,3,3415,wrist_extension,mendeley-S006-wrist_extension-R02,mendeley-S006-R02-G01-wrist_extension,mendeley-S006-wrist_extension-R02,0,validation
mendeley-S6-K3-seed3415,6,3,3415,wrist_extension,mendeley-S006-wrist_extension-R04,mendeley-S006-R04-G01-wrist_extension,mendeley-S006-wrist_extension-R04,0,validation
mendeley-S6-K3-seed3415,6,3,3415,wrist_extension,mendeley-S006-wrist_extension-R05,mendeley-S006-R05-G01-wrist_extension,mendeley-S006-wrist_extension-R05,0,validation
mendeley-S6-K3-seed3415,6,3,3415,wrist_flexion,mendeley-S006-wrist_flexion-R01,mendeley-S006-R01-G02-wrist_flexion,mendeley-S006-wrist_flexion-R01,0,validation
mendeley-S6-K3-seed3415,6,3,3415,wrist_flexion,mendeley-S006-wrist_flexion-R02,mendeley-S006-R02-G02-wrist_flexion,mendeley-S006-wrist_flexion-R02,0,validation
mendeley-S6-K3-seed3415,6,3,3415,wrist_flexion,mendeley-S006-wrist_flexion-R03,mendeley-S006-R03-G02-wrist_flexion,mendeley-S006-wrist_flexion-R03,0,validation
mendeley-S10-K3-seed3416,10,3,3416,hand_close,mendeley-S010-grip-R01,mendeley-S010-R01-G05-grip,mendeley-S010-grip-R01,0,validation
mendeley-S10-K3-seed3416,10,3,3416,hand_close,mendeley-S010-grip-R03,mendeley-S010-R03-G05-grip,mendeley-S010-grip-R03,0,validation
mendeley-S10-K3-seed3416,10,3,3416,hand_close,mendeley-S010-grip-R04,mendeley-S010-R04-G05-grip,mendeley-S010-grip-R04,0,validation
mendeley-S10-K3-seed3416,10,3,3416,rest,mendeley-S010-rest-R01,mendeley-S010-R01-G00-rest,mendeley-S010-rest-R01,0,validation
mendeley-S10-K3-seed3416,10,3,3416,rest,mendeley-S010-rest-R04,mendeley-S010-R04-G00-rest,mendeley-S010-rest-R04,0,validation
mendeley-S10-K3-seed3416,10,3,3416,rest,mendeley-S010-rest-R05,mendeley-S010-R05-G00-rest,mendeley-S010-rest-R05,0,validation
mendeley-S10-K3-seed3416,10,3,3416,wrist_extension,mendeley-S010-wrist_extension-R01,mendeley-S010-R01-G01-wrist_extension,mendeley-S010-wrist_extension-R01,0,validation
mendeley-S10-K3-seed3416,10,3,3416,wrist_extension,mendeley-S010-wrist_extension-R03,mendeley-S010-R03-G01-wrist_extension,mendeley-S010-wrist_extension-R03,0,validation
mendeley-S10-K3-seed3416,10,3,3416,wrist_extension,mendeley-S010-wrist_extension-R04,mendeley-S010-R04-G01-wrist_extension,mendeley-S010-wrist_extension-R04,0,validation
mendeley-S10-K3-seed3416,10,3,3416,wrist_flexion,mendeley-S010-wrist_flexion-R01,mendeley-S010-R01-G02-wrist_flexion,mendeley-S010-wrist_flexion-R01,0,validation
mendeley-S10-K3-seed3416,10,3,3416,wrist_flexion,mendeley-S010-wrist_flexion-R03,mendeley-S010-R03-G02-wrist_flexion,mendeley-S010-wrist_flexion-R03,0,validation
mendeley-S10-K3-seed3416,10,3,3416,wrist_flexion,mendeley-S010-wrist_flexion-R04,mendeley-S010-R04-G02-wrist_flexion,mendeley-S010-wrist_flexion-R04,0,validation
mendeley-S15-K3-seed3416,15,3,3416,hand_close,mendeley-S015-grip-R01,mendeley-S015-R01-G05-grip,mendeley-S015-grip-R01,0,validation
mendeley-S15-K3-seed3416,15,3,3416,hand_close,mendeley-S015-grip-R03,mendeley-S015-R03-G05-grip,mendeley-S015-grip-R03,0,validation
mendeley-S15-K3-seed3416,15,3,3416,hand_close,mendeley-S015-grip-R05,mendeley-S015-R05-G05-grip,mendeley-S015-grip-R05,0,validation
mendeley-S15-K3-seed3416,15,3,3416,rest,mendeley-S015-rest-R02,mendeley-S015-R02-G00-rest,mendeley-S015-rest-R02,0,validation
mendeley-S15-K3-seed3416,15,3,3416,rest,mendeley-S015-rest-R03,mendeley-S015-R03-G00-rest,mendeley-S015-rest-R03,0,validation
mendeley-S15-K3-seed3416,15,3,3416,rest,mendeley-S015-rest-R04,mendeley-S015-R04-G00-rest,mendeley-S015-rest-R04,0,validation
mendeley-S15-K3-seed3416,15,3,3416,wrist_extension,mendeley-S015-wrist_extension-R02,mendeley-S015-R02-G01-wrist_extension,mendeley-S015-wrist_extension-R02,0,validation
mendeley-S15-K3-seed3416,15,3,3416,wrist_extension,mendeley-S015-wrist_extension-R03,mendeley-S015-R03-G01-wrist_extension,mendeley-S015-wrist_extension-R03,0,validation
mendeley-S15-K3-seed3416,15,3,3416,wrist_extension,mendeley-S015-wrist_extension-R05,mendeley-S015-R05-G01-wrist_extension,mendeley-S015-wrist_extension-R05,0,validation
mendeley-S15-K3-seed3416,15,3,3416,wrist_flexion,mendeley-S015-wrist_flexion-R02,mendeley-S015-R02-G02-wrist_flexion,mendeley-S015-wrist_flexion-R02,0,validation
mendeley-S15-K3-seed3416,15,3,3416,wrist_flexion,mendeley-S015-wrist_flexion-R03,mendeley-S015-R03-G02-wrist_flexion,mendeley-S015-wrist_flexion-R03,0,validation
mendeley-S15-K3-seed3416,15,3,3416,wrist_flexion,mendeley-S015-wrist_flexion-R04,mendeley-S015-R04-G02-wrist_flexion,mendeley-S015-wrist_flexion-R04,0,validation
mendeley-S21-K3-seed3416,21,3,3416,hand_close,mendeley-S021-grip-R02,mendeley-S021-R02-G05-grip,mendeley-S021-grip-R02,0,validation
mendeley-S21-K3-seed3416,21,3,3416,hand_close,mendeley-S021-grip-R04,mendeley-S021-R04-G05-grip,mendeley-S021-grip-R04,0,validation
mendeley-S21-K3-seed3416,21,3,3416,hand_close,mendeley-S021-grip-R05,mendeley-S021-R05-G05-grip,mendeley-S021-grip-R05,0,validation
mendeley-S21-K3-seed3416,21,3,3416,rest,mendeley-S021-rest-R02,mendeley-S021-R02-G00-rest,mendeley-S021-rest-R02,0,validation
mendeley-S21-K3-seed3416,21,3,3416,rest,mendeley-S021-rest-R04,mendeley-S021-R04-G00-rest,mendeley-S021-rest-R04,0,validation
mendeley-S21-K3-seed3416,21,3,3416,rest,mendeley-S021-rest-R05,mendeley-S021-R05-G00-rest,mendeley-S021-rest-R05,0,validation
mendeley-S21-K3-seed3416,21,3,3416,wrist_extension,mendeley-S021-wrist_extension-R02,mendeley-S021-R02-G01-wrist_extension,mendeley-S021-wrist_extension-R02,0,validation
mendeley-S21-K3-seed3416,21,3,3416,wrist_extension,mendeley-S021-wrist_extension-R03,mendeley-S021-R03-G01-wrist_extension,mendeley-S021-wrist_extension-R03,0,validation
mendeley-S21-K3-seed3416,21,3,3416,wrist_extension,mendeley-S021-wrist_extension-R05,mendeley-S021-R05-G01-wrist_extension,mendeley-S021-wrist_extension-R05,0,validation
mendeley-S21-K3-seed3416,21,3,3416,wrist_flexion,mendeley-S021-wrist_flexion-R03,mendeley-S021-R03-G02-wrist_flexion,mendeley-S021-wrist_flexion-R03,0,validation
mendeley-S21-K3-seed3416,21,3,3416,wrist_flexion,mendeley-S021-wrist_flexion-R04,mendeley-S021-R04-G02-wrist_flexion,mendeley-S021-wrist_flexion-R04,0,validation
mendeley-S21-K3-seed3416,21,3,3416,wrist_flexion,mendeley-S021-wrist_flexion-R05,mendeley-S021-R05-G02-wrist_flexion,mendeley-S021-wrist_flexion-R05,0,validation
mendeley-S23-K3-seed3416,23,3,3416,hand_close,mendeley-S023-grip-R01,mendeley-S023-R01-G05-grip,mendeley-S023-grip-R01,0,validation
mendeley-S23-K3-seed3416,23,3,3416,hand_close,mendeley-S023-grip-R02,mendeley-S023-R02-G05-grip,mendeley-S023-grip-R02,0,validation
mendeley-S23-K3-seed3416,23,3,3416,hand_close,mendeley-S023-grip-R04,mendeley-S023-R04-G05-grip,mendeley-S023-grip-R04,0,validation
mendeley-S23-K3-seed3416,23,3,3416,rest,mendeley-S023-rest-R01,mendeley-S023-R01-G00-rest,mendeley-S023-rest-R01,0,validation
mendeley-S23-K3-seed3416,23,3,3416,rest,mendeley-S023-rest-R03,mendeley-S023-R03-G00-rest,mendeley-S023-rest-R03,0,validation
mendeley-S23-K3-seed3416,23,3,3416,rest,mendeley-S023-rest-R04,mendeley-S023-R04-G00-rest,mendeley-S023-rest-R04,0,validation
mendeley-S23-K3-seed3416,23,3,3416,wrist_extension,mendeley-S023-wrist_extension-R02,mendeley-S023-R02-G01-wrist_extension,mendeley-S023-wrist_extension-R02,0,validation
mendeley-S23-K3-seed3416,23,3,3416,wrist_extension,mendeley-S023-wrist_extension-R04,mendeley-S023-R04-G01-wrist_extension,mendeley-S023-wrist_extension-R04,0,validation
mendeley-S23-K3-seed3416,23,3,3416,wrist_extension,mendeley-S023-wrist_extension-R05,mendeley-S023-R05-G01-wrist_extension,mendeley-S023-wrist_extension-R05,0,validation
mendeley-S23-K3-seed3416,23,3,3416,wrist_flexion,mendeley-S023-wrist_flexion-R03,mendeley-S023-R03-G02-wrist_flexion,mendeley-S023-wrist_flexion-R03,0,validation
mendeley-S23-K3-seed3416,23,3,3416,wrist_flexion,mendeley-S023-wrist_flexion-R04,mendeley-S023-R04-G02-wrist_flexion,mendeley-S023-wrist_flexion-R04,0,validation
mendeley-S23-K3-seed3416,23,3,3416,wrist_flexion,mendeley-S023-wrist_flexion-R05,mendeley-S023-R05-G02-wrist_flexion,mendeley-S023-wrist_flexion-R05,0,validation
mendeley-S25-K3-seed3416,25,3,3416,hand_close,mendeley-S025-grip-R01,mendeley-S025-R01-G05-grip,mendeley-S025-grip-R01,0,validation
mendeley-S25-K3-seed3416,25,3,3416,hand_close,mendeley-S025-grip-R03,mendeley-S025-R03-G05-grip,mendeley-S025-grip-R03,0,validation
mendeley-S25-K3-seed3416,25,3,3416,hand_close,mendeley-S025-grip-R04,mendeley-S025-R04-G05-grip,mendeley-S025-grip-R04,0,validation
mendeley-S25-K3-seed3416,25,3,3416,rest,mendeley-S025-rest-R02,mendeley-S025-R02-G00-rest,mendeley-S025-rest-R02,0,validation
mendeley-S25-K3-seed3416,25,3,3416,rest,mendeley-S025-rest-R04,mendeley-S025-R04-G00-rest,mendeley-S025-rest-R04,0,validation
mendeley-S25-K3-seed3416,25,3,3416,rest,mendeley-S025-rest-R05,mendeley-S025-R05-G00-rest,mendeley-S025-rest-R05,0,validation
mendeley-S25-K3-seed3416,25,3,3416,wrist_extension,mendeley-S025-wrist_extension-R01,mendeley-S025-R01-G01-wrist_extension,mendeley-S025-wrist_extension-R01,0,validation
mendeley-S25-K3-seed3416,25,3,3416,wrist_extension,mendeley-S025-wrist_extension-R03,mendeley-S025-R03-G01-wrist_extension,mendeley-S025-wrist_extension-R03,0,validation
mendeley-S25-K3-seed3416,25,3,3416,wrist_extension,mendeley-S025-wrist_extension-R05,mendeley-S025-R05-G01-wrist_extension,mendeley-S025-wrist_extension-R05,0,validation
mendeley-S25-K3-seed3416,25,3,3416,wrist_flexion,mendeley-S025-wrist_flexion-R02,mendeley-S025-R02-G02-wrist_flexion,mendeley-S025-wrist_flexion-R02,0,validation
mendeley-S25-K3-seed3416,25,3,3416,wrist_flexion,mendeley-S025-wrist_flexion-R03,mendeley-S025-R03-G02-wrist_flexion,mendeley-S025-wrist_flexion-R03,0,validation
mendeley-S25-K3-seed3416,25,3,3416,wrist_flexion,mendeley-S025-wrist_flexion-R04,mendeley-S025-R04-G02-wrist_flexion,mendeley-S025-wrist_flexion-R04,0,validation
mendeley-S35-K3-seed3416,35,3,3416,hand_close,mendeley-S035-grip-R01,mendeley-S035-R01-G05-grip,mendeley-S035-grip-R01,0,validation
mendeley-S35-K3-seed3416,35,3,3416,hand_close,mendeley-S035-grip-R03,mendeley-S035-R03-G05-grip,mendeley-S035-grip-R03,0,validation
mendeley-S35-K3-seed3416,35,3,3416,hand_close,mendeley-S035-grip-R04,mendeley-S035-R04-G05-grip,mendeley-S035-grip-R04,0,validation
mendeley-S35-K3-seed3416,35,3,3416,rest,mendeley-S035-rest-R02,mendeley-S035-R02-G00-rest,mendeley-S035-rest-R02,0,validation
mendeley-S35-K3-seed3416,35,3,3416,rest,mendeley-S035-rest-R03,mendeley-S035-R03-G00-rest,mendeley-S035-rest-R03,0,validation
mendeley-S35-K3-seed3416,35,3,3416,rest,mendeley-S035-rest-R04,mendeley-S035-R04-G00-rest,mendeley-S035-rest-R04,0,validation
mendeley-S35-K3-seed3416,35,3,3416,wrist_extension,mendeley-S035-wrist_extension-R02,mendeley-S035-R02-G01-wrist_extension,mendeley-S035-wrist_extension-R02,0,validation
mendeley-S35-K3-seed3416,35,3,3416,wrist_extension,mendeley-S035-wrist_extension-R03,mendeley-S035-R03-G01-wrist_extension,mendeley-S035-wrist_extension-R03,0,validation
mendeley-S35-K3-seed3416,35,3,3416,wrist_extension,mendeley-S035-wrist_extension-R04,mendeley-S035-R04-G01-wrist_extension,mendeley-S035-wrist_extension-R04,0,validation
mendeley-S35-K3-seed3416,35,3,3416,wrist_flexion,mendeley-S035-wrist_flexion-R01,mendeley-S035-R01-G02-wrist_flexion,mendeley-S035-wrist_flexion-R01,0,validation
mendeley-S35-K3-seed3416,35,3,3416,wrist_flexion,mendeley-S035-wrist_flexion-R03,mendeley-S035-R03-G02-wrist_flexion,mendeley-S035-wrist_flexion-R03,0,validation
mendeley-S35-K3-seed3416,35,3,3416,wrist_flexion,mendeley-S035-wrist_flexion-R04,mendeley-S035-R04-G02-wrist_flexion,mendeley-S035-wrist_flexion-R04,0,validation
mendeley-S40-K3-seed3416,40,3,3416,hand_close,mendeley-S040-grip-R02,mendeley-S040-R02-G05-grip,mendeley-S040-grip-R02,0,validation
mendeley-S40-K3-seed3416,40,3,3416,hand_close,mendeley-S040-grip-R03,mendeley-S040-R03-G05-grip,mendeley-S040-grip-R03,0,validation
mendeley-S40-K3-seed3416,40,3,3416,hand_close,mendeley-S040-grip-R04,mendeley-S040-R04-G05-grip,mendeley-S040-grip-R04,0,validation
mendeley-S40-K3-seed3416,40,3,3416,rest,mendeley-S040-rest-R01,mendeley-S040-R01-G00-rest,mendeley-S040-rest-R01,0,validation
mendeley-S40-K3-seed3416,40,3,3416,rest,mendeley-S040-rest-R02,mendeley-S040-R02-G00-rest,mendeley-S040-rest-R02,0,validation
mendeley-S40-K3-seed3416,40,3,3416,rest,mendeley-S040-rest-R05,mendeley-S040-R05-G00-rest,mendeley-S040-rest-R05,0,validation
mendeley-S40-K3-seed3416,40,3,3416,wrist_extension,mendeley-S040-wrist_extension-R01,mendeley-S040-R01-G01-wrist_extension,mendeley-S040-wrist_extension-R01,0,validation
mendeley-S40-K3-seed3416,40,3,3416,wrist_extension,mendeley-S040-wrist_extension-R02,mendeley-S040-R02-G01-wrist_extension,mendeley-S040-wrist_extension-R02,0,validation
mendeley-S40-K3-seed3416,40,3,3416,wrist_extension,mendeley-S040-wrist_extension-R03,mendeley-S040-R03-G01-wrist_extension,mendeley-S040-wrist_extension-R03,0,validation
mendeley-S40-K3-seed3416,40,3,3416,wrist_flexion,mendeley-S040-wrist_flexion-R01,mendeley-S040-R01-G02-wrist_flexion,mendeley-S040-wrist_flexion-R01,0,validation
mendeley-S40-K3-seed3416,40,3,3416,wrist_flexion,mendeley-S040-wrist_flexion-R02,mendeley-S040-R02-G02-wrist_flexion,mendeley-S040-wrist_flexion-R02,0,validation
mendeley-S40-K3-seed3416,40,3,3416,wrist_flexion,mendeley-S040-wrist_flexion-R05,mendeley-S040-R05-G02-wrist_flexion,mendeley-S040-wrist_flexion-R05,0,validation
mendeley-S6-K3-seed3416,6,3,3416,hand_close,mendeley-S006-grip-R01,mendeley-S006-R01-G05-grip,mendeley-S006-grip-R01,0,validation
mendeley-S6-K3-seed3416,6,3,3416,hand_close,mendeley-S006-grip-R04,mendeley-S006-R04-G05-grip,mendeley-S006-grip-R04,0,validation
mendeley-S6-K3-seed3416,6,3,3416,hand_close,mendeley-S006-grip-R05,mendeley-S006-R05-G05-grip,mendeley-S006-grip-R05,0,validation
mendeley-S6-K3-seed3416,6,3,3416,rest,mendeley-S006-rest-R02,mendeley-S006-R02-G00-rest,mendeley-S006-rest-R02,0,validation
mendeley-S6-K3-seed3416,6,3,3416,rest,mendeley-S006-rest-R03,mendeley-S006-R03-G00-rest,mendeley-S006-rest-R03,0,validation
mendeley-S6-K3-seed3416,6,3,3416,rest,mendeley-S006-rest-R04,mendeley-S006-R04-G00-rest,mendeley-S006-rest-R04,0,validation
mendeley-S6-K3-seed3416,6,3,3416,wrist_extension,mendeley-S006-wrist_extension-R01,mendeley-S006-R01-G01-wrist_extension,mendeley-S006-wrist_extension-R01,0,validation
mendeley-S6-K3-seed3416,6,3,3416,wrist_extension,mendeley-S006-wrist_extension-R02,mendeley-S006-R02-G01-wrist_extension,mendeley-S006-wrist_extension-R02,0,validation
mendeley-S6-K3-seed3416,6,3,3416,wrist_extension,mendeley-S006-wrist_extension-R05,mendeley-S006-R05-G01-wrist_extension,mendeley-S006-wrist_extension-R05,0,validation
mendeley-S6-K3-seed3416,6,3,3416,wrist_flexion,mendeley-S006-wrist_flexion-R02,mendeley-S006-R02-G02-wrist_flexion,mendeley-S006-wrist_flexion-R02,0,validation
mendeley-S6-K3-seed3416,6,3,3416,wrist_flexion,mendeley-S006-wrist_flexion-R03,mendeley-S006-R03-G02-wrist_flexion,mendeley-S006-wrist_flexion-R03,0,validation
mendeley-S6-K3-seed3416,6,3,3416,wrist_flexion,mendeley-S006-wrist_flexion-R05,mendeley-S006-R05-G02-wrist_flexion,mendeley-S006-wrist_flexion-R05,0,validation
mendeley-S10-K3-seed3417,10,3,3417,hand_close,mendeley-S010-grip-R01,mendeley-S010-R01-G05-grip,mendeley-S010-grip-R01,0,validation
mendeley-S10-K3-seed3417,10,3,3417,hand_close,mendeley-S010-grip-R02,mendeley-S010-R02-G05-grip,mendeley-S010-grip-R02,0,validation
mendeley-S10-K3-seed3417,10,3,3417,hand_close,mendeley-S010-grip-R03,mendeley-S010-R03-G05-grip,mendeley-S010-grip-R03,0,validation
mendeley-S10-K3-seed3417,10,3,3417,rest,mendeley-S010-rest-R01,mendeley-S010-R01-G00-rest,mendeley-S010-rest-R01,0,validation
mendeley-S10-K3-seed3417,10,3,3417,rest,mendeley-S010-rest-R02,mendeley-S010-R02-G00-rest,mendeley-S010-rest-R02,0,validation
mendeley-S10-K3-seed3417,10,3,3417,rest,mendeley-S010-rest-R04,mendeley-S010-R04-G00-rest,mendeley-S010-rest-R04,0,validation
mendeley-S10-K3-seed3417,10,3,3417,wrist_extension,mendeley-S010-wrist_extension-R01,mendeley-S010-R01-G01-wrist_extension,mendeley-S010-wrist_extension-R01,0,validation
mendeley-S10-K3-seed3417,10,3,3417,wrist_extension,mendeley-S010-wrist_extension-R02,mendeley-S010-R02-G01-wrist_extension,mendeley-S010-wrist_extension-R02,0,validation
mendeley-S10-K3-seed3417,10,3,3417,wrist_extension,mendeley-S010-wrist_extension-R04,mendeley-S010-R04-G01-wrist_extension,mendeley-S010-wrist_extension-R04,0,validation
mendeley-S10-K3-seed3417,10,3,3417,wrist_flexion,mendeley-S010-wrist_flexion-R01,mendeley-S010-R01-G02-wrist_flexion,mendeley-S010-wrist_flexion-R01,0,validation
mendeley-S10-K3-seed3417,10,3,3417,wrist_flexion,mendeley-S010-wrist_flexion-R02,mendeley-S010-R02-G02-wrist_flexion,mendeley-S010-wrist_flexion-R02,0,validation
mendeley-S10-K3-seed3417,10,3,3417,wrist_flexion,mendeley-S010-wrist_flexion-R03,mendeley-S010-R03-G02-wrist_flexion,mendeley-S010-wrist_flexion-R03,0,validation
mendeley-S15-K3-seed3417,15,3,3417,hand_close,mendeley-S015-grip-R02,mendeley-S015-R02-G05-grip,mendeley-S015-grip-R02,0,validation
mendeley-S15-K3-seed3417,15,3,3417,hand_close,mendeley-S015-grip-R03,mendeley-S015-R03-G05-grip,mendeley-S015-grip-R03,0,validation
mendeley-S15-K3-seed3417,15,3,3417,hand_close,mendeley-S015-grip-R04,mendeley-S015-R04-G05-grip,mendeley-S015-grip-R04,0,validation
mendeley-S15-K3-seed3417,15,3,3417,rest,mendeley-S015-rest-R01,mendeley-S015-R01-G00-rest,mendeley-S015-rest-R01,0,validation
mendeley-S15-K3-seed3417,15,3,3417,rest,mendeley-S015-rest-R02,mendeley-S015-R02-G00-rest,mendeley-S015-rest-R02,0,validation
mendeley-S15-K3-seed3417,15,3,3417,rest,mendeley-S015-rest-R03,mendeley-S015-R03-G00-rest,mendeley-S015-rest-R03,0,validation
mendeley-S15-K3-seed3417,15,3,3417,wrist_extension,mendeley-S015-wrist_extension-R01,mendeley-S015-R01-G01-wrist_extension,mendeley-S015-wrist_extension-R01,0,validation
mendeley-S15-K3-seed3417,15,3,3417,wrist_extension,mendeley-S015-wrist_extension-R02,mendeley-S015-R02-G01-wrist_extension,mendeley-S015-wrist_extension-R02,0,validation
mendeley-S15-K3-seed3417,15,3,3417,wrist_extension,mendeley-S015-wrist_extension-R04,mendeley-S015-R04-G01-wrist_extension,mendeley-S015-wrist_extension-R04,0,validation
mendeley-S15-K3-seed3417,15,3,3417,wrist_flexion,mendeley-S015-wrist_flexion-R01,mendeley-S015-R01-G02-wrist_flexion,mendeley-S015-wrist_flexion-R01,0,validation
mendeley-S15-K3-seed3417,15,3,3417,wrist_flexion,mendeley-S015-wrist_flexion-R04,mendeley-S015-R04-G02-wrist_flexion,mendeley-S015-wrist_flexion-R04,0,validation
mendeley-S15-K3-seed3417,15,3,3417,wrist_flexion,mendeley-S015-wrist_flexion-R05,mendeley-S015-R05-G02-wrist_flexion,mendeley-S015-wrist_flexion-R05,0,validation
mendeley-S21-K3-seed3417,21,3,3417,hand_close,mendeley-S021-grip-R02,mendeley-S021-R02-G05-grip,mendeley-S021-grip-R02,0,validation
mendeley-S21-K3-seed3417,21,3,3417,hand_close,mendeley-S021-grip-R04,mendeley-S021-R04-G05-grip,mendeley-S021-grip-R04,0,validation
mendeley-S21-K3-seed3417,21,3,3417,hand_close,mendeley-S021-grip-R05,mendeley-S021-R05-G05-grip,mendeley-S021-grip-R05,0,validation
mendeley-S21-K3-seed3417,21,3,3417,rest,mendeley-S021-rest-R01,mendeley-S021-R01-G00-rest,mendeley-S021-rest-R01,0,validation
mendeley-S21-K3-seed3417,21,3,3417,rest,mendeley-S021-rest-R02,mendeley-S021-R02-G00-rest,mendeley-S021-rest-R02,0,validation
mendeley-S21-K3-seed3417,21,3,3417,rest,mendeley-S021-rest-R05,mendeley-S021-R05-G00-rest,mendeley-S021-rest-R05,0,validation
mendeley-S21-K3-seed3417,21,3,3417,wrist_extension,mendeley-S021-wrist_extension-R02,mendeley-S021-R02-G01-wrist_extension,mendeley-S021-wrist_extension-R02,0,validation
mendeley-S21-K3-seed3417,21,3,3417,wrist_extension,mendeley-S021-wrist_extension-R04,mendeley-S021-R04-G01-wrist_extension,mendeley-S021-wrist_extension-R04,0,validation
mendeley-S21-K3-seed3417,21,3,3417,wrist_extension,mendeley-S021-wrist_extension-R05,mendeley-S021-R05-G01-wrist_extension,mendeley-S021-wrist_extension-R05,0,validation
mendeley-S21-K3-seed3417,21,3,3417,wrist_flexion,mendeley-S021-wrist_flexion-R01,mendeley-S021-R01-G02-wrist_flexion,mendeley-S021-wrist_flexion-R01,0,validation
mendeley-S21-K3-seed3417,21,3,3417,wrist_flexion,mendeley-S021-wrist_flexion-R02,mendeley-S021-R02-G02-wrist_flexion,mendeley-S021-wrist_flexion-R02,0,validation
mendeley-S21-K3-seed3417,21,3,3417,wrist_flexion,mendeley-S021-wrist_flexion-R03,mendeley-S021-R03-G02-wrist_flexion,mendeley-S021-wrist_flexion-R03,0,validation
mendeley-S23-K3-seed3417,23,3,3417,hand_close,mendeley-S023-grip-R01,mendeley-S023-R01-G05-grip,mendeley-S023-grip-R01,0,validation
mendeley-S23-K3-seed3417,23,3,3417,hand_close,mendeley-S023-grip-R02,mendeley-S023-R02-G05-grip,mendeley-S023-grip-R02,0,validation
mendeley-S23-K3-seed3417,23,3,3417,hand_close,mendeley-S023-grip-R05,mendeley-S023-R05-G05-grip,mendeley-S023-grip-R05,0,validation
mendeley-S23-K3-seed3417,23,3,3417,rest,mendeley-S023-rest-R01,mendeley-S023-R01-G00-rest,mendeley-S023-rest-R01,0,validation
mendeley-S23-K3-seed3417,23,3,3417,rest,mendeley-S023-rest-R03,mendeley-S023-R03-G00-rest,mendeley-S023-rest-R03,0,validation
mendeley-S23-K3-seed3417,23,3,3417,rest,mendeley-S023-rest-R04,mendeley-S023-R04-G00-rest,mendeley-S023-rest-R04,0,validation
mendeley-S23-K3-seed3417,23,3,3417,wrist_extension,mendeley-S023-wrist_extension-R01,mendeley-S023-R01-G01-wrist_extension,mendeley-S023-wrist_extension-R01,0,validation
mendeley-S23-K3-seed3417,23,3,3417,wrist_extension,mendeley-S023-wrist_extension-R02,mendeley-S023-R02-G01-wrist_extension,mendeley-S023-wrist_extension-R02,0,validation
mendeley-S23-K3-seed3417,23,3,3417,wrist_extension,mendeley-S023-wrist_extension-R05,mendeley-S023-R05-G01-wrist_extension,mendeley-S023-wrist_extension-R05,0,validation
mendeley-S23-K3-seed3417,23,3,3417,wrist_flexion,mendeley-S023-wrist_flexion-R02,mendeley-S023-R02-G02-wrist_flexion,mendeley-S023-wrist_flexion-R02,0,validation
mendeley-S23-K3-seed3417,23,3,3417,wrist_flexion,mendeley-S023-wrist_flexion-R03,mendeley-S023-R03-G02-wrist_flexion,mendeley-S023-wrist_flexion-R03,0,validation
mendeley-S23-K3-seed3417,23,3,3417,wrist_flexion,mendeley-S023-wrist_flexion-R05,mendeley-S023-R05-G02-wrist_flexion,mendeley-S023-wrist_flexion-R05,0,validation
mendeley-S25-K3-seed3417,25,3,3417,hand_close,mendeley-S025-grip-R02,mendeley-S025-R02-G05-grip,mendeley-S025-grip-R02,0,validation
mendeley-S25-K3-seed3417,25,3,3417,hand_close,mendeley-S025-grip-R03,mendeley-S025-R03-G05-grip,mendeley-S025-grip-R03,0,validation
mendeley-S25-K3-seed3417,25,3,3417,hand_close,mendeley-S025-grip-R05,mendeley-S025-R05-G05-grip,mendeley-S025-grip-R05,0,validation
mendeley-S25-K3-seed3417,25,3,3417,rest,mendeley-S025-rest-R01,mendeley-S025-R01-G00-rest,mendeley-S025-rest-R01,0,validation
mendeley-S25-K3-seed3417,25,3,3417,rest,mendeley-S025-rest-R04,mendeley-S025-R04-G00-rest,mendeley-S025-rest-R04,0,validation
mendeley-S25-K3-seed3417,25,3,3417,rest,mendeley-S025-rest-R05,mendeley-S025-R05-G00-rest,mendeley-S025-rest-R05,0,validation
mendeley-S25-K3-seed3417,25,3,3417,wrist_extension,mendeley-S025-wrist_extension-R01,mendeley-S025-R01-G01-wrist_extension,mendeley-S025-wrist_extension-R01,0,validation
mendeley-S25-K3-seed3417,25,3,3417,wrist_extension,mendeley-S025-wrist_extension-R02,mendeley-S025-R02-G01-wrist_extension,mendeley-S025-wrist_extension-R02,0,validation
mendeley-S25-K3-seed3417,25,3,3417,wrist_extension,mendeley-S025-wrist_extension-R04,mendeley-S025-R04-G01-wrist_extension,mendeley-S025-wrist_extension-R04,0,validation
mendeley-S25-K3-seed3417,25,3,3417,wrist_flexion,mendeley-S025-wrist_flexion-R03,mendeley-S025-R03-G02-wrist_flexion,mendeley-S025-wrist_flexion-R03,0,validation
mendeley-S25-K3-seed3417,25,3,3417,wrist_flexion,mendeley-S025-wrist_flexion-R04,mendeley-S025-R04-G02-wrist_flexion,mendeley-S025-wrist_flexion-R04,0,validation
mendeley-S25-K3-seed3417,25,3,3417,wrist_flexion,mendeley-S025-wrist_flexion-R05,mendeley-S025-R05-G02-wrist_flexion,mendeley-S025-wrist_flexion-R05,0,validation
mendeley-S35-K3-seed3417,35,3,3417,hand_close,mendeley-S035-grip-R01,mendeley-S035-R01-G05-grip,mendeley-S035-grip-R01,0,validation
mendeley-S35-K3-seed3417,35,3,3417,hand_close,mendeley-S035-grip-R02,mendeley-S035-R02-G05-grip,mendeley-S035-grip-R02,0,validation
mendeley-S35-K3-seed3417,35,3,3417,hand_close,mendeley-S035-grip-R04,mendeley-S035-R04-G05-grip,mendeley-S035-grip-R04,0,validation
mendeley-S35-K3-seed3417,35,3,3417,rest,mendeley-S035-rest-R01,mendeley-S035-R01-G00-rest,mendeley-S035-rest-R01,0,validation
mendeley-S35-K3-seed3417,35,3,3417,rest,mendeley-S035-rest-R02,mendeley-S035-R02-G00-rest,mendeley-S035-rest-R02,0,validation
mendeley-S35-K3-seed3417,35,3,3417,rest,mendeley-S035-rest-R03,mendeley-S035-R03-G00-rest,mendeley-S035-rest-R03,0,validation
mendeley-S35-K3-seed3417,35,3,3417,wrist_extension,mendeley-S035-wrist_extension-R01,mendeley-S035-R01-G01-wrist_extension,mendeley-S035-wrist_extension-R01,0,validation
mendeley-S35-K3-seed3417,35,3,3417,wrist_extension,mendeley-S035-wrist_extension-R03,mendeley-S035-R03-G01-wrist_extension,mendeley-S035-wrist_extension-R03,0,validation
mendeley-S35-K3-seed3417,35,3,3417,wrist_extension,mendeley-S035-wrist_extension-R05,mendeley-S035-R05-G01-wrist_extension,mendeley-S035-wrist_extension-R05,0,validation
mendeley-S35-K3-seed3417,35,3,3417,wrist_flexion,mendeley-S035-wrist_flexion-R01,mendeley-S035-R01-G02-wrist_flexion,mendeley-S035-wrist_flexion-R01,0,validation
mendeley-S35-K3-seed3417,35,3,3417,wrist_flexion,mendeley-S035-wrist_flexion-R02,mendeley-S035-R02-G02-wrist_flexion,mendeley-S035-wrist_flexion-R02,0,validation
mendeley-S35-K3-seed3417,35,3,3417,wrist_flexion,mendeley-S035-wrist_flexion-R03,mendeley-S035-R03-G02-wrist_flexion,mendeley-S035-wrist_flexion-R03,0,validation
mendeley-S40-K3-seed3417,40,3,3417,hand_close,mendeley-S040-grip-R01,mendeley-S040-R01-G05-grip,mendeley-S040-grip-R01,0,validation
mendeley-S40-K3-seed3417,40,3,3417,hand_close,mendeley-S040-grip-R03,mendeley-S040-R03-G05-grip,mendeley-S040-grip-R03,0,validation
mendeley-S40-K3-seed3417,40,3,3417,hand_close,mendeley-S040-grip-R05,mendeley-S040-R05-G05-grip,mendeley-S040-grip-R05,0,validation
mendeley-S40-K3-seed3417,40,3,3417,rest,mendeley-S040-rest-R01,mendeley-S040-R01-G00-rest,mendeley-S040-rest-R01,0,validation
mendeley-S40-K3-seed3417,40,3,3417,rest,mendeley-S040-rest-R04,mendeley-S040-R04-G00-rest,mendeley-S040-rest-R04,0,validation
mendeley-S40-K3-seed3417,40,3,3417,rest,mendeley-S040-rest-R05,mendeley-S040-R05-G00-rest,mendeley-S040-rest-R05,0,validation
mendeley-S40-K3-seed3417,40,3,3417,wrist_extension,mendeley-S040-wrist_extension-R01,mendeley-S040-R01-G01-wrist_extension,mendeley-S040-wrist_extension-R01,0,validation
mendeley-S40-K3-seed3417,40,3,3417,wrist_extension,mendeley-S040-wrist_extension-R04,mendeley-S040-R04-G01-wrist_extension,mendeley-S040-wrist_extension-R04,0,validation
mendeley-S40-K3-seed3417,40,3,3417,wrist_extension,mendeley-S040-wrist_extension-R05,mendeley-S040-R05-G01-wrist_extension,mendeley-S040-wrist_extension-R05,0,validation
mendeley-S40-K3-seed3417,40,3,3417,wrist_flexion,mendeley-S040-wrist_flexion-R02,mendeley-S040-R02-G02-wrist_flexion,mendeley-S040-wrist_flexion-R02,0,validation
mendeley-S40-K3-seed3417,40,3,3417,wrist_flexion,mendeley-S040-wrist_flexion-R03,mendeley-S040-R03-G02-wrist_flexion,mendeley-S040-wrist_flexion-R03,0,validation
mendeley-S40-K3-seed3417,40,3,3417,wrist_flexion,mendeley-S040-wrist_flexion-R05,mendeley-S040-R05-G02-wrist_flexion,mendeley-S040-wrist_flexion-R05,0,validation
mendeley-S6-K3-seed3417,6,3,3417,hand_close,mendeley-S006-grip-R03,mendeley-S006-R03-G05-grip,mendeley-S006-grip-R03,0,validation
mendeley-S6-K3-seed3417,6,3,3417,hand_close,mendeley-S006-grip-R04,mendeley-S006-R04-G05-grip,mendeley-S006-grip-R04,0,validation
mendeley-S6-K3-seed3417,6,3,3417,hand_close,mendeley-S006-grip-R05,mendeley-S006-R05-G05-grip,mendeley-S006-grip-R05,0,validation
mendeley-S6-K3-seed3417,6,3,3417,rest,mendeley-S006-rest-R01,mendeley-S006-R01-G00-rest,mendeley-S006-rest-R01,0,validation
mendeley-S6-K3-seed3417,6,3,3417,rest,mendeley-S006-rest-R04,mendeley-S006-R04-G00-rest,mendeley-S006-rest-R04,0,validation
mendeley-S6-K3-seed3417,6,3,3417,rest,mendeley-S006-rest-R05,mendeley-S006-R05-G00-rest,mendeley-S006-rest-R05,0,validation
mendeley-S6-K3-seed3417,6,3,3417,wrist_extension,mendeley-S006-wrist_extension-R02,mendeley-S006-R02-G01-wrist_extension,mendeley-S006-wrist_extension-R02,0,validation
mendeley-S6-K3-seed3417,6,3,3417,wrist_extension,mendeley-S006-wrist_extension-R04,mendeley-S006-R04-G01-wrist_extension,mendeley-S006-wrist_extension-R04,0,validation
mendeley-S6-K3-seed3417,6,3,3417,wrist_extension,mendeley-S006-wrist_extension-R05,mendeley-S006-R05-G01-wrist_extension,mendeley-S006-wrist_extension-R05,0,validation
mendeley-S6-K3-seed3417,6,3,3417,wrist_flexion,mendeley-S006-wrist_flexion-R03,mendeley-S006-R03-G02-wrist_flexion,mendeley-S006-wrist_flexion-R03,0,validation
mendeley-S6-K3-seed3417,6,3,3417,wrist_flexion,mendeley-S006-wrist_flexion-R04,mendeley-S006-R04-G02-wrist_flexion,mendeley-S006-wrist_flexion-R04,0,validation
mendeley-S6-K3-seed3417,6,3,3417,wrist_flexion,mendeley-S006-wrist_flexion-R05,mendeley-S006-R05-G02-wrist_flexion,mendeley-S006-wrist_flexion-R05,0,validation
mendeley-S10-K3-seed3418,10,3,3418,hand_close,mendeley-S010-grip-R01,mendeley-S010-R01-G05-grip,mendeley-S010-grip-R01,0,validation
mendeley-S10-K3-seed3418,10,3,3418,hand_close,mendeley-S010-grip-R03,mendeley-S010-R03-G05-grip,mendeley-S010-grip-R03,0,validation
mendeley-S10-K3-seed3418,10,3,3418,hand_close,mendeley-S010-grip-R04,mendeley-S010-R04-G05-grip,mendeley-S010-grip-R04,0,validation
mendeley-S10-K3-seed3418,10,3,3418,rest,mendeley-S010-rest-R01,mendeley-S010-R01-G00-rest,mendeley-S010-rest-R01,0,validation
mendeley-S10-K3-seed3418,10,3,3418,rest,mendeley-S010-rest-R03,mendeley-S010-R03-G00-rest,mendeley-S010-rest-R03,0,validation
mendeley-S10-K3-seed3418,10,3,3418,rest,mendeley-S010-rest-R05,mendeley-S010-R05-G00-rest,mendeley-S010-rest-R05,0,validation
mendeley-S10-K3-seed3418,10,3,3418,wrist_extension,mendeley-S010-wrist_extension-R01,mendeley-S010-R01-G01-wrist_extension,mendeley-S010-wrist_extension-R01,0,validation
mendeley-S10-K3-seed3418,10,3,3418,wrist_extension,mendeley-S010-wrist_extension-R02,mendeley-S010-R02-G01-wrist_extension,mendeley-S010-wrist_extension-R02,0,validation
mendeley-S10-K3-seed3418,10,3,3418,wrist_extension,mendeley-S010-wrist_extension-R05,mendeley-S010-R05-G01-wrist_extension,mendeley-S010-wrist_extension-R05,0,validation
mendeley-S10-K3-seed3418,10,3,3418,wrist_flexion,mendeley-S010-wrist_flexion-R01,mendeley-S010-R01-G02-wrist_flexion,mendeley-S010-wrist_flexion-R01,0,validation
mendeley-S10-K3-seed3418,10,3,3418,wrist_flexion,mendeley-S010-wrist_flexion-R03,mendeley-S010-R03-G02-wrist_flexion,mendeley-S010-wrist_flexion-R03,0,validation
mendeley-S10-K3-seed3418,10,3,3418,wrist_flexion,mendeley-S010-wrist_flexion-R05,mendeley-S010-R05-G02-wrist_flexion,mendeley-S010-wrist_flexion-R05,0,validation
mendeley-S15-K3-seed3418,15,3,3418,hand_close,mendeley-S015-grip-R01,mendeley-S015-R01-G05-grip,mendeley-S015-grip-R01,0,validation
mendeley-S15-K3-seed3418,15,3,3418,hand_close,mendeley-S015-grip-R02,mendeley-S015-R02-G05-grip,mendeley-S015-grip-R02,0,validation
mendeley-S15-K3-seed3418,15,3,3418,hand_close,mendeley-S015-grip-R03,mendeley-S015-R03-G05-grip,mendeley-S015-grip-R03,0,validation
mendeley-S15-K3-seed3418,15,3,3418,rest,mendeley-S015-rest-R01,mendeley-S015-R01-G00-rest,mendeley-S015-rest-R01,0,validation
mendeley-S15-K3-seed3418,15,3,3418,rest,mendeley-S015-rest-R03,mendeley-S015-R03-G00-rest,mendeley-S015-rest-R03,0,validation
mendeley-S15-K3-seed3418,15,3,3418,rest,mendeley-S015-rest-R04,mendeley-S015-R04-G00-rest,mendeley-S015-rest-R04,0,validation
mendeley-S15-K3-seed3418,15,3,3418,wrist_extension,mendeley-S015-wrist_extension-R01,mendeley-S015-R01-G01-wrist_extension,mendeley-S015-wrist_extension-R01,0,validation
mendeley-S15-K3-seed3418,15,3,3418,wrist_extension,mendeley-S015-wrist_extension-R04,mendeley-S015-R04-G01-wrist_extension,mendeley-S015-wrist_extension-R04,0,validation
mendeley-S15-K3-seed3418,15,3,3418,wrist_extension,mendeley-S015-wrist_extension-R05,mendeley-S015-R05-G01-wrist_extension,mendeley-S015-wrist_extension-R05,0,validation
mendeley-S15-K3-seed3418,15,3,3418,wrist_flexion,mendeley-S015-wrist_flexion-R03,mendeley-S015-R03-G02-wrist_flexion,mendeley-S015-wrist_flexion-R03,0,validation
mendeley-S15-K3-seed3418,15,3,3418,wrist_flexion,mendeley-S015-wrist_flexion-R04,mendeley-S015-R04-G02-wrist_flexion,mendeley-S015-wrist_flexion-R04,0,validation
mendeley-S15-K3-seed3418,15,3,3418,wrist_flexion,mendeley-S015-wrist_flexion-R05,mendeley-S015-R05-G02-wrist_flexion,mendeley-S015-wrist_flexion-R05,0,validation
mendeley-S21-K3-seed3418,21,3,3418,hand_close,mendeley-S021-grip-R02,mendeley-S021-R02-G05-grip,mendeley-S021-grip-R02,0,validation
mendeley-S21-K3-seed3418,21,3,3418,hand_close,mendeley-S021-grip-R03,mendeley-S021-R03-G05-grip,mendeley-S021-grip-R03,0,validation
mendeley-S21-K3-seed3418,21,3,3418,hand_close,mendeley-S021-grip-R05,mendeley-S021-R05-G05-grip,mendeley-S021-grip-R05,0,validation
mendeley-S21-K3-seed3418,21,3,3418,rest,mendeley-S021-rest-R03,mendeley-S021-R03-G00-rest,mendeley-S021-rest-R03,0,validation
mendeley-S21-K3-seed3418,21,3,3418,rest,mendeley-S021-rest-R04,mendeley-S021-R04-G00-rest,mendeley-S021-rest-R04,0,validation
mendeley-S21-K3-seed3418,21,3,3418,rest,mendeley-S021-rest-R05,mendeley-S021-R05-G00-rest,mendeley-S021-rest-R05,0,validation
mendeley-S21-K3-seed3418,21,3,3418,wrist_extension,mendeley-S021-wrist_extension-R01,mendeley-S021-R01-G01-wrist_extension,mendeley-S021-wrist_extension-R01,0,validation
mendeley-S21-K3-seed3418,21,3,3418,wrist_extension,mendeley-S021-wrist_extension-R02,mendeley-S021-R02-G01-wrist_extension,mendeley-S021-wrist_extension-R02,0,validation
mendeley-S21-K3-seed3418,21,3,3418,wrist_extension,mendeley-S021-wrist_extension-R04,mendeley-S021-R04-G01-wrist_extension,mendeley-S021-wrist_extension-R04,0,validation
mendeley-S21-K3-seed3418,21,3,3418,wrist_flexion,mendeley-S021-wrist_flexion-R01,mendeley-S021-R01-G02-wrist_flexion,mendeley-S021-wrist_flexion-R01,0,validation
mendeley-S21-K3-seed3418,21,3,3418,wrist_flexion,mendeley-S021-wrist_flexion-R02,mendeley-S021-R02-G02-wrist_flexion,mendeley-S021-wrist_flexion-R02,0,validation
mendeley-S21-K3-seed3418,21,3,3418,wrist_flexion,mendeley-S021-wrist_flexion-R04,mendeley-S021-R04-G02-wrist_flexion,mendeley-S021-wrist_flexion-R04,0,validation
mendeley-S23-K3-seed3418,23,3,3418,hand_close,mendeley-S023-grip-R01,mendeley-S023-R01-G05-grip,mendeley-S023-grip-R01,0,validation
mendeley-S23-K3-seed3418,23,3,3418,hand_close,mendeley-S023-grip-R02,mendeley-S023-R02-G05-grip,mendeley-S023-grip-R02,0,validation
mendeley-S23-K3-seed3418,23,3,3418,hand_close,mendeley-S023-grip-R05,mendeley-S023-R05-G05-grip,mendeley-S023-grip-R05,0,validation
mendeley-S23-K3-seed3418,23,3,3418,rest,mendeley-S023-rest-R02,mendeley-S023-R02-G00-rest,mendeley-S023-rest-R02,0,validation
mendeley-S23-K3-seed3418,23,3,3418,rest,mendeley-S023-rest-R04,mendeley-S023-R04-G00-rest,mendeley-S023-rest-R04,0,validation
mendeley-S23-K3-seed3418,23,3,3418,rest,mendeley-S023-rest-R05,mendeley-S023-R05-G00-rest,mendeley-S023-rest-R05,0,validation
mendeley-S23-K3-seed3418,23,3,3418,wrist_extension,mendeley-S023-wrist_extension-R02,mendeley-S023-R02-G01-wrist_extension,mendeley-S023-wrist_extension-R02,0,validation
mendeley-S23-K3-seed3418,23,3,3418,wrist_extension,mendeley-S023-wrist_extension-R04,mendeley-S023-R04-G01-wrist_extension,mendeley-S023-wrist_extension-R04,0,validation
mendeley-S23-K3-seed3418,23,3,3418,wrist_extension,mendeley-S023-wrist_extension-R05,mendeley-S023-R05-G01-wrist_extension,mendeley-S023-wrist_extension-R05,0,validation
mendeley-S23-K3-seed3418,23,3,3418,wrist_flexion,mendeley-S023-wrist_flexion-R03,mendeley-S023-R03-G02-wrist_flexion,mendeley-S023-wrist_flexion-R03,0,validation
mendeley-S23-K3-seed3418,23,3,3418,wrist_flexion,mendeley-S023-wrist_flexion-R04,mendeley-S023-R04-G02-wrist_flexion,mendeley-S023-wrist_flexion-R04,0,validation
mendeley-S23-K3-seed3418,23,3,3418,wrist_flexion,mendeley-S023-wrist_flexion-R05,mendeley-S023-R05-G02-wrist_flexion,mendeley-S023-wrist_flexion-R05,0,validation
mendeley-S25-K3-seed3418,25,3,3418,hand_close,mendeley-S025-grip-R01,mendeley-S025-R01-G05-grip,mendeley-S025-grip-R01,0,validation
mendeley-S25-K3-seed3418,25,3,3418,hand_close,mendeley-S025-grip-R03,mendeley-S025-R03-G05-grip,mendeley-S025-grip-R03,0,validation
mendeley-S25-K3-seed3418,25,3,3418,hand_close,mendeley-S025-grip-R05,mendeley-S025-R05-G05-grip,mendeley-S025-grip-R05,0,validation
mendeley-S25-K3-seed3418,25,3,3418,rest,mendeley-S025-rest-R02,mendeley-S025-R02-G00-rest,mendeley-S025-rest-R02,0,validation
mendeley-S25-K3-seed3418,25,3,3418,rest,mendeley-S025-rest-R04,mendeley-S025-R04-G00-rest,mendeley-S025-rest-R04,0,validation
mendeley-S25-K3-seed3418,25,3,3418,rest,mendeley-S025-rest-R05,mendeley-S025-R05-G00-rest,mendeley-S025-rest-R05,0,validation
mendeley-S25-K3-seed3418,25,3,3418,wrist_extension,mendeley-S025-wrist_extension-R02,mendeley-S025-R02-G01-wrist_extension,mendeley-S025-wrist_extension-R02,0,validation
mendeley-S25-K3-seed3418,25,3,3418,wrist_extension,mendeley-S025-wrist_extension-R03,mendeley-S025-R03-G01-wrist_extension,mendeley-S025-wrist_extension-R03,0,validation
mendeley-S25-K3-seed3418,25,3,3418,wrist_extension,mendeley-S025-wrist_extension-R05,mendeley-S025-R05-G01-wrist_extension,mendeley-S025-wrist_extension-R05,0,validation
mendeley-S25-K3-seed3418,25,3,3418,wrist_flexion,mendeley-S025-wrist_flexion-R02,mendeley-S025-R02-G02-wrist_flexion,mendeley-S025-wrist_flexion-R02,0,validation
mendeley-S25-K3-seed3418,25,3,3418,wrist_flexion,mendeley-S025-wrist_flexion-R03,mendeley-S025-R03-G02-wrist_flexion,mendeley-S025-wrist_flexion-R03,0,validation
mendeley-S25-K3-seed3418,25,3,3418,wrist_flexion,mendeley-S025-wrist_flexion-R05,mendeley-S025-R05-G02-wrist_flexion,mendeley-S025-wrist_flexion-R05,0,validation
mendeley-S35-K3-seed3418,35,3,3418,hand_close,mendeley-S035-grip-R01,mendeley-S035-R01-G05-grip,mendeley-S035-grip-R01,0,validation
mendeley-S35-K3-seed3418,35,3,3418,hand_close,mendeley-S035-grip-R03,mendeley-S035-R03-G05-grip,mendeley-S035-grip-R03,0,validation
mendeley-S35-K3-seed3418,35,3,3418,hand_close,mendeley-S035-grip-R05,mendeley-S035-R05-G05-grip,mendeley-S035-grip-R05,0,validation
mendeley-S35-K3-seed3418,35,3,3418,rest,mendeley-S035-rest-R01,mendeley-S035-R01-G00-rest,mendeley-S035-rest-R01,0,validation
mendeley-S35-K3-seed3418,35,3,3418,rest,mendeley-S035-rest-R03,mendeley-S035-R03-G00-rest,mendeley-S035-rest-R03,0,validation
mendeley-S35-K3-seed3418,35,3,3418,rest,mendeley-S035-rest-R05,mendeley-S035-R05-G00-rest,mendeley-S035-rest-R05,0,validation
mendeley-S35-K3-seed3418,35,3,3418,wrist_extension,mendeley-S035-wrist_extension-R02,mendeley-S035-R02-G01-wrist_extension,mendeley-S035-wrist_extension-R02,0,validation
mendeley-S35-K3-seed3418,35,3,3418,wrist_extension,mendeley-S035-wrist_extension-R04,mendeley-S035-R04-G01-wrist_extension,mendeley-S035-wrist_extension-R04,0,validation
mendeley-S35-K3-seed3418,35,3,3418,wrist_extension,mendeley-S035-wrist_extension-R05,mendeley-S035-R05-G01-wrist_extension,mendeley-S035-wrist_extension-R05,0,validation
mendeley-S35-K3-seed3418,35,3,3418,wrist_flexion,mendeley-S035-wrist_flexion-R01,mendeley-S035-R01-G02-wrist_flexion,mendeley-S035-wrist_flexion-R01,0,validation
mendeley-S35-K3-seed3418,35,3,3418,wrist_flexion,mendeley-S035-wrist_flexion-R04,mendeley-S035-R04-G02-wrist_flexion,mendeley-S035-wrist_flexion-R04,0,validation
mendeley-S35-K3-seed3418,35,3,3418,wrist_flexion,mendeley-S035-wrist_flexion-R05,mendeley-S035-R05-G02-wrist_flexion,mendeley-S035-wrist_flexion-R05,0,validation
mendeley-S40-K3-seed3418,40,3,3418,hand_close,mendeley-S040-grip-R01,mendeley-S040-R01-G05-grip,mendeley-S040-grip-R01,0,validation
mendeley-S40-K3-seed3418,40,3,3418,hand_close,mendeley-S040-grip-R04,mendeley-S040-R04-G05-grip,mendeley-S040-grip-R04,0,validation
mendeley-S40-K3-seed3418,40,3,3418,hand_close,mendeley-S040-grip-R05,mendeley-S040-R05-G05-grip,mendeley-S040-grip-R05,0,validation
mendeley-S40-K3-seed3418,40,3,3418,rest,mendeley-S040-rest-R01,mendeley-S040-R01-G00-rest,mendeley-S040-rest-R01,0,validation
mendeley-S40-K3-seed3418,40,3,3418,rest,mendeley-S040-rest-R03,mendeley-S040-R03-G00-rest,mendeley-S040-rest-R03,0,validation
mendeley-S40-K3-seed3418,40,3,3418,rest,mendeley-S040-rest-R04,mendeley-S040-R04-G00-rest,mendeley-S040-rest-R04,0,validation
mendeley-S40-K3-seed3418,40,3,3418,wrist_extension,mendeley-S040-wrist_extension-R01,mendeley-S040-R01-G01-wrist_extension,mendeley-S040-wrist_extension-R01,0,validation
mendeley-S40-K3-seed3418,40,3,3418,wrist_extension,mendeley-S040-wrist_extension-R03,mendeley-S040-R03-G01-wrist_extension,mendeley-S040-wrist_extension-R03,0,validation
mendeley-S40-K3-seed3418,40,3,3418,wrist_extension,mendeley-S040-wrist_extension-R05,mendeley-S040-R05-G01-wrist_extension,mendeley-S040-wrist_extension-R05,0,validation
mendeley-S40-K3-seed3418,40,3,3418,wrist_flexion,mendeley-S040-wrist_flexion-R03,mendeley-S040-R03-G02-wrist_flexion,mendeley-S040-wrist_flexion-R03,0,validation
mendeley-S40-K3-seed3418,40,3,3418,wrist_flexion,mendeley-S040-wrist_flexion-R04,mendeley-S040-R04-G02-wrist_flexion,mendeley-S040-wrist_flexion-R04,0,validation
mendeley-S40-K3-seed3418,40,3,3418,wrist_flexion,mendeley-S040-wrist_flexion-R05,mendeley-S040-R05-G02-wrist_flexion,mendeley-S040-wrist_flexion-R05,0,validation
mendeley-S6-K3-seed3418,6,3,3418,hand_close,mendeley-S006-grip-R01,mendeley-S006-R01-G05-grip,mendeley-S006-grip-R01,0,validation
mendeley-S6-K3-seed3418,6,3,3418,hand_close,mendeley-S006-grip-R03,mendeley-S006-R03-G05-grip,mendeley-S006-grip-R03,0,validation
mendeley-S6-K3-seed3418,6,3,3418,hand_close,mendeley-S006-grip-R05,mendeley-S006-R05-G05-grip,mendeley-S006-grip-R05,0,validation
mendeley-S6-K3-seed3418,6,3,3418,rest,mendeley-S006-rest-R01,mendeley-S006-R01-G00-rest,mendeley-S006-rest-R01,0,validation
mendeley-S6-K3-seed3418,6,3,3418,rest,mendeley-S006-rest-R02,mendeley-S006-R02-G00-rest,mendeley-S006-rest-R02,0,validation
mendeley-S6-K3-seed3418,6,3,3418,rest,mendeley-S006-rest-R05,mendeley-S006-R05-G00-rest,mendeley-S006-rest-R05,0,validation
mendeley-S6-K3-seed3418,6,3,3418,wrist_extension,mendeley-S006-wrist_extension-R01,mendeley-S006-R01-G01-wrist_extension,mendeley-S006-wrist_extension-R01,0,validation
mendeley-S6-K3-seed3418,6,3,3418,wrist_extension,mendeley-S006-wrist_extension-R03,mendeley-S006-R03-G01-wrist_extension,mendeley-S006-wrist_extension-R03,0,validation
mendeley-S6-K3-seed3418,6,3,3418,wrist_extension,mendeley-S006-wrist_extension-R05,mendeley-S006-R05-G01-wrist_extension,mendeley-S006-wrist_extension-R05,0,validation
mendeley-S6-K3-seed3418,6,3,3418,wrist_flexion,mendeley-S006-wrist_flexion-R02,mendeley-S006-R02-G02-wrist_flexion,mendeley-S006-wrist_flexion-R02,0,validation
mendeley-S6-K3-seed3418,6,3,3418,wrist_flexion,mendeley-S006-wrist_flexion-R03,mendeley-S006-R03-G02-wrist_flexion,mendeley-S006-wrist_flexion-R03,0,validation
mendeley-S6-K3-seed3418,6,3,3418,wrist_flexion,mendeley-S006-wrist_flexion-R05,mendeley-S006-R05-G02-wrist_flexion,mendeley-S006-wrist_flexion-R05,0,validation
mendeley-S10-K3-seed3419,10,3,3419,hand_close,mendeley-S010-grip-R03,mendeley-S010-R03-G05-grip,mendeley-S010-grip-R03,0,validation
mendeley-S10-K3-seed3419,10,3,3419,hand_close,mendeley-S010-grip-R04,mendeley-S010-R04-G05-grip,mendeley-S010-grip-R04,0,validation
mendeley-S10-K3-seed3419,10,3,3419,hand_close,mendeley-S010-grip-R05,mendeley-S010-R05-G05-grip,mendeley-S010-grip-R05,0,validation
mendeley-S10-K3-seed3419,10,3,3419,rest,mendeley-S010-rest-R02,mendeley-S010-R02-G00-rest,mendeley-S010-rest-R02,0,validation
mendeley-S10-K3-seed3419,10,3,3419,rest,mendeley-S010-rest-R04,mendeley-S010-R04-G00-rest,mendeley-S010-rest-R04,0,validation
mendeley-S10-K3-seed3419,10,3,3419,rest,mendeley-S010-rest-R05,mendeley-S010-R05-G00-rest,mendeley-S010-rest-R05,0,validation
mendeley-S10-K3-seed3419,10,3,3419,wrist_extension,mendeley-S010-wrist_extension-R03,mendeley-S010-R03-G01-wrist_extension,mendeley-S010-wrist_extension-R03,0,validation
mendeley-S10-K3-seed3419,10,3,3419,wrist_extension,mendeley-S010-wrist_extension-R04,mendeley-S010-R04-G01-wrist_extension,mendeley-S010-wrist_extension-R04,0,validation
mendeley-S10-K3-seed3419,10,3,3419,wrist_extension,mendeley-S010-wrist_extension-R05,mendeley-S010-R05-G01-wrist_extension,mendeley-S010-wrist_extension-R05,0,validation
mendeley-S10-K3-seed3419,10,3,3419,wrist_flexion,mendeley-S010-wrist_flexion-R01,mendeley-S010-R01-G02-wrist_flexion,mendeley-S010-wrist_flexion-R01,0,validation
mendeley-S10-K3-seed3419,10,3,3419,wrist_flexion,mendeley-S010-wrist_flexion-R03,mendeley-S010-R03-G02-wrist_flexion,mendeley-S010-wrist_flexion-R03,0,validation
mendeley-S10-K3-seed3419,10,3,3419,wrist_flexion,mendeley-S010-wrist_flexion-R05,mendeley-S010-R05-G02-wrist_flexion,mendeley-S010-wrist_flexion-R05,0,validation
mendeley-S15-K3-seed3419,15,3,3419,hand_close,mendeley-S015-grip-R01,mendeley-S015-R01-G05-grip,mendeley-S015-grip-R01,0,validation
mendeley-S15-K3-seed3419,15,3,3419,hand_close,mendeley-S015-grip-R02,mendeley-S015-R02-G05-grip,mendeley-S015-grip-R02,0,validation
mendeley-S15-K3-seed3419,15,3,3419,hand_close,mendeley-S015-grip-R04,mendeley-S015-R04-G05-grip,mendeley-S015-grip-R04,0,validation
mendeley-S15-K3-seed3419,15,3,3419,rest,mendeley-S015-rest-R01,mendeley-S015-R01-G00-rest,mendeley-S015-rest-R01,0,validation
mendeley-S15-K3-seed3419,15,3,3419,rest,mendeley-S015-rest-R03,mendeley-S015-R03-G00-rest,mendeley-S015-rest-R03,0,validation
mendeley-S15-K3-seed3419,15,3,3419,rest,mendeley-S015-rest-R04,mendeley-S015-R04-G00-rest,mendeley-S015-rest-R04,0,validation
mendeley-S15-K3-seed3419,15,3,3419,wrist_extension,mendeley-S015-wrist_extension-R01,mendeley-S015-R01-G01-wrist_extension,mendeley-S015-wrist_extension-R01,0,validation
mendeley-S15-K3-seed3419,15,3,3419,wrist_extension,mendeley-S015-wrist_extension-R04,mendeley-S015-R04-G01-wrist_extension,mendeley-S015-wrist_extension-R04,0,validation
mendeley-S15-K3-seed3419,15,3,3419,wrist_extension,mendeley-S015-wrist_extension-R05,mendeley-S015-R05-G01-wrist_extension,mendeley-S015-wrist_extension-R05,0,validation
mendeley-S15-K3-seed3419,15,3,3419,wrist_flexion,mendeley-S015-wrist_flexion-R02,mendeley-S015-R02-G02-wrist_flexion,mendeley-S015-wrist_flexion-R02,0,validation
mendeley-S15-K3-seed3419,15,3,3419,wrist_flexion,mendeley-S015-wrist_flexion-R04,mendeley-S015-R04-G02-wrist_flexion,mendeley-S015-wrist_flexion-R04,0,validation
mendeley-S15-K3-seed3419,15,3,3419,wrist_flexion,mendeley-S015-wrist_flexion-R05,mendeley-S015-R05-G02-wrist_flexion,mendeley-S015-wrist_flexion-R05,0,validation
mendeley-S21-K3-seed3419,21,3,3419,hand_close,mendeley-S021-grip-R01,mendeley-S021-R01-G05-grip,mendeley-S021-grip-R01,0,validation
mendeley-S21-K3-seed3419,21,3,3419,hand_close,mendeley-S021-grip-R02,mendeley-S021-R02-G05-grip,mendeley-S021-grip-R02,0,validation
mendeley-S21-K3-seed3419,21,3,3419,hand_close,mendeley-S021-grip-R03,mendeley-S021-R03-G05-grip,mendeley-S021-grip-R03,0,validation
mendeley-S21-K3-seed3419,21,3,3419,rest,mendeley-S021-rest-R02,mendeley-S021-R02-G00-rest,mendeley-S021-rest-R02,0,validation
mendeley-S21-K3-seed3419,21,3,3419,rest,mendeley-S021-rest-R03,mendeley-S021-R03-G00-rest,mendeley-S021-rest-R03,0,validation
mendeley-S21-K3-seed3419,21,3,3419,rest,mendeley-S021-rest-R04,mendeley-S021-R04-G00-rest,mendeley-S021-rest-R04,0,validation
mendeley-S21-K3-seed3419,21,3,3419,wrist_extension,mendeley-S021-wrist_extension-R01,mendeley-S021-R01-G01-wrist_extension,mendeley-S021-wrist_extension-R01,0,validation
mendeley-S21-K3-seed3419,21,3,3419,wrist_extension,mendeley-S021-wrist_extension-R03,mendeley-S021-R03-G01-wrist_extension,mendeley-S021-wrist_extension-R03,0,validation
mendeley-S21-K3-seed3419,21,3,3419,wrist_extension,mendeley-S021-wrist_extension-R05,mendeley-S021-R05-G01-wrist_extension,mendeley-S021-wrist_extension-R05,0,validation
mendeley-S21-K3-seed3419,21,3,3419,wrist_flexion,mendeley-S021-wrist_flexion-R02,mendeley-S021-R02-G02-wrist_flexion,mendeley-S021-wrist_flexion-R02,0,validation
mendeley-S21-K3-seed3419,21,3,3419,wrist_flexion,mendeley-S021-wrist_flexion-R04,mendeley-S021-R04-G02-wrist_flexion,mendeley-S021-wrist_flexion-R04,0,validation
mendeley-S21-K3-seed3419,21,3,3419,wrist_flexion,mendeley-S021-wrist_flexion-R05,mendeley-S021-R05-G02-wrist_flexion,mendeley-S021-wrist_flexion-R05,0,validation
mendeley-S23-K3-seed3419,23,3,3419,hand_close,mendeley-S023-grip-R02,mendeley-S023-R02-G05-grip,mendeley-S023-grip-R02,0,validation
mendeley-S23-K3-seed3419,23,3,3419,hand_close,mendeley-S023-grip-R03,mendeley-S023-R03-G05-grip,mendeley-S023-grip-R03,0,validation
mendeley-S23-K3-seed3419,23,3,3419,hand_close,mendeley-S023-grip-R05,mendeley-S023-R05-G05-grip,mendeley-S023-grip-R05,0,validation
mendeley-S23-K3-seed3419,23,3,3419,rest,mendeley-S023-rest-R02,mendeley-S023-R02-G00-rest,mendeley-S023-rest-R02,0,validation
mendeley-S23-K3-seed3419,23,3,3419,rest,mendeley-S023-rest-R03,mendeley-S023-R03-G00-rest,mendeley-S023-rest-R03,0,validation
mendeley-S23-K3-seed3419,23,3,3419,rest,mendeley-S023-rest-R05,mendeley-S023-R05-G00-rest,mendeley-S023-rest-R05,0,validation
mendeley-S23-K3-seed3419,23,3,3419,wrist_extension,mendeley-S023-wrist_extension-R02,mendeley-S023-R02-G01-wrist_extension,mendeley-S023-wrist_extension-R02,0,validation
mendeley-S23-K3-seed3419,23,3,3419,wrist_extension,mendeley-S023-wrist_extension-R04,mendeley-S023-R04-G01-wrist_extension,mendeley-S023-wrist_extension-R04,0,validation
mendeley-S23-K3-seed3419,23,3,3419,wrist_extension,mendeley-S023-wrist_extension-R05,mendeley-S023-R05-G01-wrist_extension,mendeley-S023-wrist_extension-R05,0,validation
mendeley-S23-K3-seed3419,23,3,3419,wrist_flexion,mendeley-S023-wrist_flexion-R02,mendeley-S023-R02-G02-wrist_flexion,mendeley-S023-wrist_flexion-R02,0,validation
mendeley-S23-K3-seed3419,23,3,3419,wrist_flexion,mendeley-S023-wrist_flexion-R03,mendeley-S023-R03-G02-wrist_flexion,mendeley-S023-wrist_flexion-R03,0,validation
mendeley-S23-K3-seed3419,23,3,3419,wrist_flexion,mendeley-S023-wrist_flexion-R04,mendeley-S023-R04-G02-wrist_flexion,mendeley-S023-wrist_flexion-R04,0,validation
mendeley-S25-K3-seed3419,25,3,3419,hand_close,mendeley-S025-grip-R01,mendeley-S025-R01-G05-grip,mendeley-S025-grip-R01,0,validation
mendeley-S25-K3-seed3419,25,3,3419,hand_close,mendeley-S025-grip-R03,mendeley-S025-R03-G05-grip,mendeley-S025-grip-R03,0,validation
mendeley-S25-K3-seed3419,25,3,3419,hand_close,mendeley-S025-grip-R05,mendeley-S025-R05-G05-grip,mendeley-S025-grip-R05,0,validation
mendeley-S25-K3-seed3419,25,3,3419,rest,mendeley-S025-rest-R02,mendeley-S025-R02-G00-rest,mendeley-S025-rest-R02,0,validation
mendeley-S25-K3-seed3419,25,3,3419,rest,mendeley-S025-rest-R04,mendeley-S025-R04-G00-rest,mendeley-S025-rest-R04,0,validation
mendeley-S25-K3-seed3419,25,3,3419,rest,mendeley-S025-rest-R05,mendeley-S025-R05-G00-rest,mendeley-S025-rest-R05,0,validation
mendeley-S25-K3-seed3419,25,3,3419,wrist_extension,mendeley-S025-wrist_extension-R01,mendeley-S025-R01-G01-wrist_extension,mendeley-S025-wrist_extension-R01,0,validation
mendeley-S25-K3-seed3419,25,3,3419,wrist_extension,mendeley-S025-wrist_extension-R04,mendeley-S025-R04-G01-wrist_extension,mendeley-S025-wrist_extension-R04,0,validation
mendeley-S25-K3-seed3419,25,3,3419,wrist_extension,mendeley-S025-wrist_extension-R05,mendeley-S025-R05-G01-wrist_extension,mendeley-S025-wrist_extension-R05,0,validation
mendeley-S25-K3-seed3419,25,3,3419,wrist_flexion,mendeley-S025-wrist_flexion-R01,mendeley-S025-R01-G02-wrist_flexion,mendeley-S025-wrist_flexion-R01,0,validation
mendeley-S25-K3-seed3419,25,3,3419,wrist_flexion,mendeley-S025-wrist_flexion-R04,mendeley-S025-R04-G02-wrist_flexion,mendeley-S025-wrist_flexion-R04,0,validation
mendeley-S25-K3-seed3419,25,3,3419,wrist_flexion,mendeley-S025-wrist_flexion-R05,mendeley-S025-R05-G02-wrist_flexion,mendeley-S025-wrist_flexion-R05,0,validation
mendeley-S35-K3-seed3419,35,3,3419,hand_close,mendeley-S035-grip-R01,mendeley-S035-R01-G05-grip,mendeley-S035-grip-R01,0,validation
mendeley-S35-K3-seed3419,35,3,3419,hand_close,mendeley-S035-grip-R02,mendeley-S035-R02-G05-grip,mendeley-S035-grip-R02,0,validation
mendeley-S35-K3-seed3419,35,3,3419,hand_close,mendeley-S035-grip-R03,mendeley-S035-R03-G05-grip,mendeley-S035-grip-R03,0,validation
mendeley-S35-K3-seed3419,35,3,3419,rest,mendeley-S035-rest-R01,mendeley-S035-R01-G00-rest,mendeley-S035-rest-R01,0,validation
mendeley-S35-K3-seed3419,35,3,3419,rest,mendeley-S035-rest-R04,mendeley-S035-R04-G00-rest,mendeley-S035-rest-R04,0,validation
mendeley-S35-K3-seed3419,35,3,3419,rest,mendeley-S035-rest-R05,mendeley-S035-R05-G00-rest,mendeley-S035-rest-R05,0,validation
mendeley-S35-K3-seed3419,35,3,3419,wrist_extension,mendeley-S035-wrist_extension-R01,mendeley-S035-R01-G01-wrist_extension,mendeley-S035-wrist_extension-R01,0,validation
mendeley-S35-K3-seed3419,35,3,3419,wrist_extension,mendeley-S035-wrist_extension-R02,mendeley-S035-R02-G01-wrist_extension,mendeley-S035-wrist_extension-R02,0,validation
mendeley-S35-K3-seed3419,35,3,3419,wrist_extension,mendeley-S035-wrist_extension-R04,mendeley-S035-R04-G01-wrist_extension,mendeley-S035-wrist_extension-R04,0,validation
mendeley-S35-K3-seed3419,35,3,3419,wrist_flexion,mendeley-S035-wrist_flexion-R02,mendeley-S035-R02-G02-wrist_flexion,mendeley-S035-wrist_flexion-R02,0,validation
mendeley-S35-K3-seed3419,35,3,3419,wrist_flexion,mendeley-S035-wrist_flexion-R03,mendeley-S035-R03-G02-wrist_flexion,mendeley-S035-wrist_flexion-R03,0,validation
mendeley-S35-K3-seed3419,35,3,3419,wrist_flexion,mendeley-S035-wrist_flexion-R05,mendeley-S035-R05-G02-wrist_flexion,mendeley-S035-wrist_flexion-R05,0,validation
mendeley-S40-K3-seed3419,40,3,3419,hand_close,mendeley-S040-grip-R02,mendeley-S040-R02-G05-grip,mendeley-S040-grip-R02,0,validation
mendeley-S40-K3-seed3419,40,3,3419,hand_close,mendeley-S040-grip-R03,mendeley-S040-R03-G05-grip,mendeley-S040-grip-R03,0,validation
mendeley-S40-K3-seed3419,40,3,3419,hand_close,mendeley-S040-grip-R04,mendeley-S040-R04-G05-grip,mendeley-S040-grip-R04,0,validation
mendeley-S40-K3-seed3419,40,3,3419,rest,mendeley-S040-rest-R01,mendeley-S040-R01-G00-rest,mendeley-S040-rest-R01,0,validation
mendeley-S40-K3-seed3419,40,3,3419,rest,mendeley-S040-rest-R02,mendeley-S040-R02-G00-rest,mendeley-S040-rest-R02,0,validation
mendeley-S40-K3-seed3419,40,3,3419,rest,mendeley-S040-rest-R04,mendeley-S040-R04-G00-rest,mendeley-S040-rest-R04,0,validation
mendeley-S40-K3-seed3419,40,3,3419,wrist_extension,mendeley-S040-wrist_extension-R01,mendeley-S040-R01-G01-wrist_extension,mendeley-S040-wrist_extension-R01,0,validation
mendeley-S40-K3-seed3419,40,3,3419,wrist_extension,mendeley-S040-wrist_extension-R02,mendeley-S040-R02-G01-wrist_extension,mendeley-S040-wrist_extension-R02,0,validation
mendeley-S40-K3-seed3419,40,3,3419,wrist_extension,mendeley-S040-wrist_extension-R04,mendeley-S040-R04-G01-wrist_extension,mendeley-S040-wrist_extension-R04,0,validation
mendeley-S40-K3-seed3419,40,3,3419,wrist_flexion,mendeley-S040-wrist_flexion-R01,mendeley-S040-R01-G02-wrist_flexion,mendeley-S040-wrist_flexion-R01,0,validation
mendeley-S40-K3-seed3419,40,3,3419,wrist_flexion,mendeley-S040-wrist_flexion-R02,mendeley-S040-R02-G02-wrist_flexion,mendeley-S040-wrist_flexion-R02,0,validation
mendeley-S40-K3-seed3419,40,3,3419,wrist_flexion,mendeley-S040-wrist_flexion-R05,mendeley-S040-R05-G02-wrist_flexion,mendeley-S040-wrist_flexion-R05,0,validation
mendeley-S6-K3-seed3419,6,3,3419,hand_close,mendeley-S006-grip-R03,mendeley-S006-R03-G05-grip,mendeley-S006-grip-R03,0,validation
mendeley-S6-K3-seed3419,6,3,3419,hand_close,mendeley-S006-grip-R04,mendeley-S006-R04-G05-grip,mendeley-S006-grip-R04,0,validation
mendeley-S6-K3-seed3419,6,3,3419,hand_close,mendeley-S006-grip-R05,mendeley-S006-R05-G05-grip,mendeley-S006-grip-R05,0,validation
mendeley-S6-K3-seed3419,6,3,3419,rest,mendeley-S006-rest-R02,mendeley-S006-R02-G00-rest,mendeley-S006-rest-R02,0,validation
mendeley-S6-K3-seed3419,6,3,3419,rest,mendeley-S006-rest-R03,mendeley-S006-R03-G00-rest,mendeley-S006-rest-R03,0,validation
mendeley-S6-K3-seed3419,6,3,3419,rest,mendeley-S006-rest-R04,mendeley-S006-R04-G00-rest,mendeley-S006-rest-R04,0,validation
mendeley-S6-K3-seed3419,6,3,3419,wrist_extension,mendeley-S006-wrist_extension-R02,mendeley-S006-R02-G01-wrist_extension,mendeley-S006-wrist_extension-R02,0,validation
mendeley-S6-K3-seed3419,6,3,3419,wrist_extension,mendeley-S006-wrist_extension-R03,mendeley-S006-R03-G01-wrist_extension,mendeley-S006-wrist_extension-R03,0,validation
mendeley-S6-K3-seed3419,6,3,3419,wrist_extension,mendeley-S006-wrist_extension-R04,mendeley-S006-R04-G01-wrist_extension,mendeley-S006-wrist_extension-R04,0,validation
mendeley-S6-K3-seed3419,6,3,3419,wrist_flexion,mendeley-S006-wrist_flexion-R02,mendeley-S006-R02-G02-wrist_flexion,mendeley-S006-wrist_flexion-R02,0,validation
mendeley-S6-K3-seed3419,6,3,3419,wrist_flexion,mendeley-S006-wrist_flexion-R03,mendeley-S006-R03-G02-wrist_flexion,mendeley-S006-wrist_flexion-R03,0,validation
mendeley-S6-K3-seed3419,6,3,3419,wrist_flexion,mendeley-S006-wrist_flexion-R05,mendeley-S006-R05-G02-wrist_flexion,mendeley-S006-wrist_flexion-R05,0,validation
mendeley-S10-K3-seed3420,10,3,3420,hand_close,mendeley-S010-grip-R01,mendeley-S010-R01-G05-grip,mendeley-S010-grip-R01,0,validation
mendeley-S10-K3-seed3420,10,3,3420,hand_close,mendeley-S010-grip-R02,mendeley-S010-R02-G05-grip,mendeley-S010-grip-R02,0,validation
mendeley-S10-K3-seed3420,10,3,3420,hand_close,mendeley-S010-grip-R03,mendeley-S010-R03-G05-grip,mendeley-S010-grip-R03,0,validation
mendeley-S10-K3-seed3420,10,3,3420,rest,mendeley-S010-rest-R01,mendeley-S010-R01-G00-rest,mendeley-S010-rest-R01,0,validation
mendeley-S10-K3-seed3420,10,3,3420,rest,mendeley-S010-rest-R02,mendeley-S010-R02-G00-rest,mendeley-S010-rest-R02,0,validation
mendeley-S10-K3-seed3420,10,3,3420,rest,mendeley-S010-rest-R03,mendeley-S010-R03-G00-rest,mendeley-S010-rest-R03,0,validation
mendeley-S10-K3-seed3420,10,3,3420,wrist_extension,mendeley-S010-wrist_extension-R02,mendeley-S010-R02-G01-wrist_extension,mendeley-S010-wrist_extension-R02,0,validation
mendeley-S10-K3-seed3420,10,3,3420,wrist_extension,mendeley-S010-wrist_extension-R04,mendeley-S010-R04-G01-wrist_extension,mendeley-S010-wrist_extension-R04,0,validation
mendeley-S10-K3-seed3420,10,3,3420,wrist_extension,mendeley-S010-wrist_extension-R05,mendeley-S010-R05-G01-wrist_extension,mendeley-S010-wrist_extension-R05,0,validation
mendeley-S10-K3-seed3420,10,3,3420,wrist_flexion,mendeley-S010-wrist_flexion-R02,mendeley-S010-R02-G02-wrist_flexion,mendeley-S010-wrist_flexion-R02,0,validation
mendeley-S10-K3-seed3420,10,3,3420,wrist_flexion,mendeley-S010-wrist_flexion-R03,mendeley-S010-R03-G02-wrist_flexion,mendeley-S010-wrist_flexion-R03,0,validation
mendeley-S10-K3-seed3420,10,3,3420,wrist_flexion,mendeley-S010-wrist_flexion-R04,mendeley-S010-R04-G02-wrist_flexion,mendeley-S010-wrist_flexion-R04,0,validation
mendeley-S15-K3-seed3420,15,3,3420,hand_close,mendeley-S015-grip-R01,mendeley-S015-R01-G05-grip,mendeley-S015-grip-R01,0,validation
mendeley-S15-K3-seed3420,15,3,3420,hand_close,mendeley-S015-grip-R02,mendeley-S015-R02-G05-grip,mendeley-S015-grip-R02,0,validation
mendeley-S15-K3-seed3420,15,3,3420,hand_close,mendeley-S015-grip-R04,mendeley-S015-R04-G05-grip,mendeley-S015-grip-R04,0,validation
mendeley-S15-K3-seed3420,15,3,3420,rest,mendeley-S015-rest-R02,mendeley-S015-R02-G00-rest,mendeley-S015-rest-R02,0,validation
mendeley-S15-K3-seed3420,15,3,3420,rest,mendeley-S015-rest-R03,mendeley-S015-R03-G00-rest,mendeley-S015-rest-R03,0,validation
mendeley-S15-K3-seed3420,15,3,3420,rest,mendeley-S015-rest-R05,mendeley-S015-R05-G00-rest,mendeley-S015-rest-R05,0,validation
mendeley-S15-K3-seed3420,15,3,3420,wrist_extension,mendeley-S015-wrist_extension-R01,mendeley-S015-R01-G01-wrist_extension,mendeley-S015-wrist_extension-R01,0,validation
mendeley-S15-K3-seed3420,15,3,3420,wrist_extension,mendeley-S015-wrist_extension-R02,mendeley-S015-R02-G01-wrist_extension,mendeley-S015-wrist_extension-R02,0,validation
mendeley-S15-K3-seed3420,15,3,3420,wrist_extension,mendeley-S015-wrist_extension-R04,mendeley-S015-R04-G01-wrist_extension,mendeley-S015-wrist_extension-R04,0,validation
mendeley-S15-K3-seed3420,15,3,3420,wrist_flexion,mendeley-S015-wrist_flexion-R01,mendeley-S015-R01-G02-wrist_flexion,mendeley-S015-wrist_flexion-R01,0,validation
mendeley-S15-K3-seed3420,15,3,3420,wrist_flexion,mendeley-S015-wrist_flexion-R03,mendeley-S015-R03-G02-wrist_flexion,mendeley-S015-wrist_flexion-R03,0,validation
mendeley-S15-K3-seed3420,15,3,3420,wrist_flexion,mendeley-S015-wrist_flexion-R05,mendeley-S015-R05-G02-wrist_flexion,mendeley-S015-wrist_flexion-R05,0,validation
mendeley-S21-K3-seed3420,21,3,3420,hand_close,mendeley-S021-grip-R02,mendeley-S021-R02-G05-grip,mendeley-S021-grip-R02,0,validation
mendeley-S21-K3-seed3420,21,3,3420,hand_close,mendeley-S021-grip-R03,mendeley-S021-R03-G05-grip,mendeley-S021-grip-R03,0,validation
mendeley-S21-K3-seed3420,21,3,3420,hand_close,mendeley-S021-grip-R05,mendeley-S021-R05-G05-grip,mendeley-S021-grip-R05,0,validation
mendeley-S21-K3-seed3420,21,3,3420,rest,mendeley-S021-rest-R02,mendeley-S021-R02-G00-rest,mendeley-S021-rest-R02,0,validation
mendeley-S21-K3-seed3420,21,3,3420,rest,mendeley-S021-rest-R03,mendeley-S021-R03-G00-rest,mendeley-S021-rest-R03,0,validation
mendeley-S21-K3-seed3420,21,3,3420,rest,mendeley-S021-rest-R04,mendeley-S021-R04-G00-rest,mendeley-S021-rest-R04,0,validation
mendeley-S21-K3-seed3420,21,3,3420,wrist_extension,mendeley-S021-wrist_extension-R02,mendeley-S021-R02-G01-wrist_extension,mendeley-S021-wrist_extension-R02,0,validation
mendeley-S21-K3-seed3420,21,3,3420,wrist_extension,mendeley-S021-wrist_extension-R04,mendeley-S021-R04-G01-wrist_extension,mendeley-S021-wrist_extension-R04,0,validation
mendeley-S21-K3-seed3420,21,3,3420,wrist_extension,mendeley-S021-wrist_extension-R05,mendeley-S021-R05-G01-wrist_extension,mendeley-S021-wrist_extension-R05,0,validation
mendeley-S21-K3-seed3420,21,3,3420,wrist_flexion,mendeley-S021-wrist_flexion-R02,mendeley-S021-R02-G02-wrist_flexion,mendeley-S021-wrist_flexion-R02,0,validation
mendeley-S21-K3-seed3420,21,3,3420,wrist_flexion,mendeley-S021-wrist_flexion-R03,mendeley-S021-R03-G02-wrist_flexion,mendeley-S021-wrist_flexion-R03,0,validation
mendeley-S21-K3-seed3420,21,3,3420,wrist_flexion,mendeley-S021-wrist_flexion-R04,mendeley-S021-R04-G02-wrist_flexion,mendeley-S021-wrist_flexion-R04,0,validation
mendeley-S23-K3-seed3420,23,3,3420,hand_close,mendeley-S023-grip-R02,mendeley-S023-R02-G05-grip,mendeley-S023-grip-R02,0,validation
mendeley-S23-K3-seed3420,23,3,3420,hand_close,mendeley-S023-grip-R04,mendeley-S023-R04-G05-grip,mendeley-S023-grip-R04,0,validation
mendeley-S23-K3-seed3420,23,3,3420,hand_close,mendeley-S023-grip-R05,mendeley-S023-R05-G05-grip,mendeley-S023-grip-R05,0,validation
mendeley-S23-K3-seed3420,23,3,3420,rest,mendeley-S023-rest-R01,mendeley-S023-R01-G00-rest,mendeley-S023-rest-R01,0,validation
mendeley-S23-K3-seed3420,23,3,3420,rest,mendeley-S023-rest-R02,mendeley-S023-R02-G00-rest,mendeley-S023-rest-R02,0,validation
mendeley-S23-K3-seed3420,23,3,3420,rest,mendeley-S023-rest-R03,mendeley-S023-R03-G00-rest,mendeley-S023-rest-R03,0,validation
mendeley-S23-K3-seed3420,23,3,3420,wrist_extension,mendeley-S023-wrist_extension-R01,mendeley-S023-R01-G01-wrist_extension,mendeley-S023-wrist_extension-R01,0,validation
mendeley-S23-K3-seed3420,23,3,3420,wrist_extension,mendeley-S023-wrist_extension-R02,mendeley-S023-R02-G01-wrist_extension,mendeley-S023-wrist_extension-R02,0,validation
mendeley-S23-K3-seed3420,23,3,3420,wrist_extension,mendeley-S023-wrist_extension-R04,mendeley-S023-R04-G01-wrist_extension,mendeley-S023-wrist_extension-R04,0,validation
mendeley-S23-K3-seed3420,23,3,3420,wrist_flexion,mendeley-S023-wrist_flexion-R02,mendeley-S023-R02-G02-wrist_flexion,mendeley-S023-wrist_flexion-R02,0,validation
mendeley-S23-K3-seed3420,23,3,3420,wrist_flexion,mendeley-S023-wrist_flexion-R03,mendeley-S023-R03-G02-wrist_flexion,mendeley-S023-wrist_flexion-R03,0,validation
mendeley-S23-K3-seed3420,23,3,3420,wrist_flexion,mendeley-S023-wrist_flexion-R05,mendeley-S023-R05-G02-wrist_flexion,mendeley-S023-wrist_flexion-R05,0,validation
mendeley-S25-K3-seed3420,25,3,3420,hand_close,mendeley-S025-grip-R01,mendeley-S025-R01-G05-grip,mendeley-S025-grip-R01,0,validation
mendeley-S25-K3-seed3420,25,3,3420,hand_close,mendeley-S025-grip-R02,mendeley-S025-R02-G05-grip,mendeley-S025-grip-R02,0,validation
mendeley-S25-K3-seed3420,25,3,3420,hand_close,mendeley-S025-grip-R03,mendeley-S025-R03-G05-grip,mendeley-S025-grip-R03,0,validation
mendeley-S25-K3-seed3420,25,3,3420,rest,mendeley-S025-rest-R01,mendeley-S025-R01-G00-rest,mendeley-S025-rest-R01,0,validation
mendeley-S25-K3-seed3420,25,3,3420,rest,mendeley-S025-rest-R02,mendeley-S025-R02-G00-rest,mendeley-S025-rest-R02,0,validation
mendeley-S25-K3-seed3420,25,3,3420,rest,mendeley-S025-rest-R04,mendeley-S025-R04-G00-rest,mendeley-S025-rest-R04,0,validation
mendeley-S25-K3-seed3420,25,3,3420,wrist_extension,mendeley-S025-wrist_extension-R01,mendeley-S025-R01-G01-wrist_extension,mendeley-S025-wrist_extension-R01,0,validation
mendeley-S25-K3-seed3420,25,3,3420,wrist_extension,mendeley-S025-wrist_extension-R04,mendeley-S025-R04-G01-wrist_extension,mendeley-S025-wrist_extension-R04,0,validation
mendeley-S25-K3-seed3420,25,3,3420,wrist_extension,mendeley-S025-wrist_extension-R05,mendeley-S025-R05-G01-wrist_extension,mendeley-S025-wrist_extension-R05,0,validation
mendeley-S25-K3-seed3420,25,3,3420,wrist_flexion,mendeley-S025-wrist_flexion-R01,mendeley-S025-R01-G02-wrist_flexion,mendeley-S025-wrist_flexion-R01,0,validation
mendeley-S25-K3-seed3420,25,3,3420,wrist_flexion,mendeley-S025-wrist_flexion-R03,mendeley-S025-R03-G02-wrist_flexion,mendeley-S025-wrist_flexion-R03,0,validation
mendeley-S25-K3-seed3420,25,3,3420,wrist_flexion,mendeley-S025-wrist_flexion-R04,mendeley-S025-R04-G02-wrist_flexion,mendeley-S025-wrist_flexion-R04,0,validation
mendeley-S35-K3-seed3420,35,3,3420,hand_close,mendeley-S035-grip-R01,mendeley-S035-R01-G05-grip,mendeley-S035-grip-R01,0,validation
mendeley-S35-K3-seed3420,35,3,3420,hand_close,mendeley-S035-grip-R04,mendeley-S035-R04-G05-grip,mendeley-S035-grip-R04,0,validation
mendeley-S35-K3-seed3420,35,3,3420,hand_close,mendeley-S035-grip-R05,mendeley-S035-R05-G05-grip,mendeley-S035-grip-R05,0,validation
mendeley-S35-K3-seed3420,35,3,3420,rest,mendeley-S035-rest-R02,mendeley-S035-R02-G00-rest,mendeley-S035-rest-R02,0,validation
mendeley-S35-K3-seed3420,35,3,3420,rest,mendeley-S035-rest-R03,mendeley-S035-R03-G00-rest,mendeley-S035-rest-R03,0,validation
mendeley-S35-K3-seed3420,35,3,3420,rest,mendeley-S035-rest-R04,mendeley-S035-R04-G00-rest,mendeley-S035-rest-R04,0,validation
mendeley-S35-K3-seed3420,35,3,3420,wrist_extension,mendeley-S035-wrist_extension-R01,mendeley-S035-R01-G01-wrist_extension,mendeley-S035-wrist_extension-R01,0,validation
mendeley-S35-K3-seed3420,35,3,3420,wrist_extension,mendeley-S035-wrist_extension-R02,mendeley-S035-R02-G01-wrist_extension,mendeley-S035-wrist_extension-R02,0,validation
mendeley-S35-K3-seed3420,35,3,3420,wrist_extension,mendeley-S035-wrist_extension-R03,mendeley-S035-R03-G01-wrist_extension,mendeley-S035-wrist_extension-R03,0,validation
mendeley-S35-K3-seed3420,35,3,3420,wrist_flexion,mendeley-S035-wrist_flexion-R02,mendeley-S035-R02-G02-wrist_flexion,mendeley-S035-wrist_flexion-R02,0,validation
mendeley-S35-K3-seed3420,35,3,3420,wrist_flexion,mendeley-S035-wrist_flexion-R04,mendeley-S035-R04-G02-wrist_flexion,mendeley-S035-wrist_flexion-R04,0,validation
mendeley-S35-K3-seed3420,35,3,3420,wrist_flexion,mendeley-S035-wrist_flexion-R05,mendeley-S035-R05-G02-wrist_flexion,mendeley-S035-wrist_flexion-R05,0,validation
mendeley-S40-K3-seed3420,40,3,3420,hand_close,mendeley-S040-grip-R03,mendeley-S040-R03-G05-grip,mendeley-S040-grip-R03,0,validation
mendeley-S40-K3-seed3420,40,3,3420,hand_close,mendeley-S040-grip-R04,mendeley-S040-R04-G05-grip,mendeley-S040-grip-R04,0,validation
mendeley-S40-K3-seed3420,40,3,3420,hand_close,mendeley-S040-grip-R05,mendeley-S040-R05-G05-grip,mendeley-S040-grip-R05,0,validation
mendeley-S40-K3-seed3420,40,3,3420,rest,mendeley-S040-rest-R03,mendeley-S040-R03-G00-rest,mendeley-S040-rest-R03,0,validation
mendeley-S40-K3-seed3420,40,3,3420,rest,mendeley-S040-rest-R04,mendeley-S040-R04-G00-rest,mendeley-S040-rest-R04,0,validation
mendeley-S40-K3-seed3420,40,3,3420,rest,mendeley-S040-rest-R05,mendeley-S040-R05-G00-rest,mendeley-S040-rest-R05,0,validation
mendeley-S40-K3-seed3420,40,3,3420,wrist_extension,mendeley-S040-wrist_extension-R02,mendeley-S040-R02-G01-wrist_extension,mendeley-S040-wrist_extension-R02,0,validation
mendeley-S40-K3-seed3420,40,3,3420,wrist_extension,mendeley-S040-wrist_extension-R03,mendeley-S040-R03-G01-wrist_extension,mendeley-S040-wrist_extension-R03,0,validation
mendeley-S40-K3-seed3420,40,3,3420,wrist_extension,mendeley-S040-wrist_extension-R04,mendeley-S040-R04-G01-wrist_extension,mendeley-S040-wrist_extension-R04,0,validation
mendeley-S40-K3-seed3420,40,3,3420,wrist_flexion,mendeley-S040-wrist_flexion-R01,mendeley-S040-R01-G02-wrist_flexion,mendeley-S040-wrist_flexion-R01,0,validation
mendeley-S40-K3-seed3420,40,3,3420,wrist_flexion,mendeley-S040-wrist_flexion-R04,mendeley-S040-R04-G02-wrist_flexion,mendeley-S040-wrist_flexion-R04,0,validation
mendeley-S40-K3-seed3420,40,3,3420,wrist_flexion,mendeley-S040-wrist_flexion-R05,mendeley-S040-R05-G02-wrist_flexion,mendeley-S040-wrist_flexion-R05,0,validation
mendeley-S6-K3-seed3420,6,3,3420,hand_close,mendeley-S006-grip-R03,mendeley-S006-R03-G05-grip,mendeley-S006-grip-R03,0,validation
mendeley-S6-K3-seed3420,6,3,3420,hand_close,mendeley-S006-grip-R04,mendeley-S006-R04-G05-grip,mendeley-S006-grip-R04,0,validation
mendeley-S6-K3-seed3420,6,3,3420,hand_close,mendeley-S006-grip-R05,mendeley-S006-R05-G05-grip,mendeley-S006-grip-R05,0,validation
mendeley-S6-K3-seed3420,6,3,3420,rest,mendeley-S006-rest-R01,mendeley-S006-R01-G00-rest,mendeley-S006-rest-R01,0,validation
mendeley-S6-K3-seed3420,6,3,3420,rest,mendeley-S006-rest-R02,mendeley-S006-R02-G00-rest,mendeley-S006-rest-R02,0,validation
mendeley-S6-K3-seed3420,6,3,3420,rest,mendeley-S006-rest-R04,mendeley-S006-R04-G00-rest,mendeley-S006-rest-R04,0,validation
mendeley-S6-K3-seed3420,6,3,3420,wrist_extension,mendeley-S006-wrist_extension-R02,mendeley-S006-R02-G01-wrist_extension,mendeley-S006-wrist_extension-R02,0,validation
mendeley-S6-K3-seed3420,6,3,3420,wrist_extension,mendeley-S006-wrist_extension-R03,mendeley-S006-R03-G01-wrist_extension,mendeley-S006-wrist_extension-R03,0,validation
mendeley-S6-K3-seed3420,6,3,3420,wrist_extension,mendeley-S006-wrist_extension-R04,mendeley-S006-R04-G01-wrist_extension,mendeley-S006-wrist_extension-R04,0,validation
mendeley-S6-K3-seed3420,6,3,3420,wrist_flexion,mendeley-S006-wrist_flexion-R01,mendeley-S006-R01-G02-wrist_flexion,mendeley-S006-wrist_flexion-R01,0,validation
mendeley-S6-K3-seed3420,6,3,3420,wrist_flexion,mendeley-S006-wrist_flexion-R04,mendeley-S006-R04-G02-wrist_flexion,mendeley-S006-wrist_flexion-R04,0,validation
mendeley-S6-K3-seed3420,6,3,3420,wrist_flexion,mendeley-S006-wrist_flexion-R05,mendeley-S006-R05-G02-wrist_flexion,mendeley-S006-wrist_flexion-R05,0,validation
