subject_id,session_id,protocol_id,protocol_version,task_label,reference_repetition_id,query_repetition_id,reference_scope,cosine_similarity,pearson_correlation,normalized_euclidean_distance,feature_arm,scaler_fit_partition,supportability
1,session-1,dataset-primary4,1.0.0,hand_close,mendeley-S001-grip-R01,mendeley-S001-grip-R02,within_subject_same_session_same_class,0.9257485866546631,0.9122079749646997,0.21187010407447815,ALL14,train_only,SUPPORTED
1,session-1,dataset-primary4,1.0.0,hand_close,mendeley-S001-grip-R01,mendeley-S001-grip-R03,within_subject_same_session_same_class,0.8926436901092529,0.8709856015894533,0.3129904568195343,ALL14,train_only,SUPPORTED
1,session-1,dataset-primary4,1.0.0,hand_close,mendeley-S001-grip-R01,mendeley-S001-grip-R04,within_subject_same_session_same_class,0.9247480034828186,0.9123568825174871,0.2075372040271759,ALL14,train_only,SUPPORTED
1,session-1,dataset-primary4,1.0.0,hand_close,mendeley-S001-grip-R01,mendeley-S001-grip-R05,within_subject_same_session_same_class,0.864957869052887,0.8351751295298149,0.29683181643486023,ALL14,train_only,SUPPORTED
1,session-1,dataset-primary4,1.0.0,hand_close,mendeley-S001-grip-R02,mendeley-S001-grip-R03,within_subject_same_session_same_class,0.8298099040985107,0.7924826263074486,0.39510852098464966,ALL14,train_only,SUPPORTED
1,session-1,dataset-primary4,1.0.0,hand_close,mendeley-S001-grip-R02,mendeley-S001-grip-R04,within_subject_same_session_same_class,0.9263736605644226,0.8998488783125003,0.1872899830341339,ALL14,train_only,SUPPORTED
1,session-1,dataset-primary4,1.0.0,hand_close,mendeley-S001-grip-R02,mendeley-S001-grip-R05,within_subject_same_session_same_class,0.8492047190666199,0.7948617102728366,0.31278470158576965,ALL14,train_only,SUPPORTED
1,session-1,dataset-primary4,1.0.0,hand_close,mendeley-S001-grip-R03,mendeley-S001-grip-R04,within_subject_same_session_same_class,0.811082124710083,0.7689999671968724,0.40175703167915344,ALL14,train_only,SUPPORTED
1,session-1,dataset-primary4,1.0.0,hand_close,mendeley-S001-grip-R03,mendeley-S001-grip-R05,within_subject_same_session_same_class,0.7962148189544678,0.7499079693345758,0.41412028670310974,ALL14,train_only,SUPPORTED
1,session-1,dataset-primary4,1.0.0,hand_close,mendeley-S001-grip-R04,mendeley-S001-grip-R05,within_subject_same_session_same_class,0.8463118076324463,0.7888167871810922,0.312549352645874,ALL14,train_only,SUPPORTED
1,session-1,dataset-primary4,1.0.0,rest,mendeley-S001-rest-R01,mendeley-S001-rest-R02,within_subject_same_session_same_class,0.795903742313385,0.7483476923825539,0.32377588748931885,ALL14,train_only,SUPPORTED
1,session-1,dataset-primary4,1.0.0,rest,mendeley-S001-rest-R01,mendeley-S001-rest-R03,within_subject_same_session_same_class,0.6868952512741089,0.5997920391907334,0.38646596670150757,ALL14,train_only,SUPPORTED
1,session-1,dataset-primary4,1.0.0,rest,mendeley-S001-rest-R01,mendeley-S001-rest-R04,within_subject_same_session_same_class,0.788983941078186,0.7290670347019477,0.3172377347946167,ALL14,train_only,SUPPORTED
1,session-1,dataset-primary4,1.0.0,rest,mendeley-S001-rest-R01,mendeley-S001-rest-R05,within_subject_same_session_same_class,0.385503351688385,0.19444201431967742,0.5612632036209106,ALL14,train_only,SUPPORTED
1,session-1,dataset-primary4,1.0.0,rest,mendeley-S001-rest-R02,mendeley-S001-rest-R03,within_subject_same_session_same_class,0.7825028896331787,0.7345228972073227,0.3170222043991089,ALL14,train_only,SUPPORTED
1,session-1,dataset-primary4,1.0.0,rest,mendeley-S001-rest-R02,mendeley-S001-rest-R04,within_subject_same_session_same_class,0.8840039372444153,0.8587488686448523,0.2333572655916214,ALL14,train_only,SUPPORTED
1,session-1,dataset-primary4,1.0.0,rest,mendeley-S001-rest-R02,mendeley-S001-rest-R05,within_subject_same_session_same_class,0.3802933096885681,0.2285296845448426,0.5555080771446228,ALL14,train_only,SUPPORTED
1,session-1,dataset-primary4,1.0.0,rest,mendeley-S001-rest-R03,mendeley-S001-rest-R04,within_subject_same_session_same_class,0.7311697006225586,0.6627099635219356,0.32710325717926025,ALL14,train_only,SUPPORTED
1,session-1,dataset-primary4,1.0.0,rest,mendeley-S001-rest-R03,mendeley-S001-rest-R05,within_subject_same_session_same_class,0.7462748289108276,0.6772990164092831,0.34174084663391113,ALL14,train_only,SUPPORTED
1,session-1,dataset-primary4,1.0.0,rest,mendeley-S001-rest-R04,mendeley-S001-rest-R05,within_subject_same_session_same_class,0.32219967246055603,0.1318653852460151,0.5477385520935059,ALL14,train_only,SUPPORTED
1,session-1,dataset-primary4,1.0.0,wrist_extension,mendeley-S001-wrist_extension-R01,mendeley-S001-wrist_extension-R02,within_subject_same_session_same_class,0.8959532976150513,0.8855186164658467,0.7118363976478577,ALL14,train_only,SUPPORTED
1,session-1,dataset-primary4,1.0.0,wrist_extension,mendeley-S001-wrist_extension-R01,mendeley-S001-wrist_extension-R03,within_subject_same_session_same_class,0.8694372773170471,0.8409803904844079,0.729057788848877,ALL14,train_only,SUPPORTED
1,session-1,dataset-primary4,1.0.0,wrist_extension,mendeley-S001-wrist_extension-R01,mendeley-S001-wrist_extension-R04,within_subject_same_session_same_class,0.9822071194648743,0.9789261409399745,0.2416755110025406,ALL14,train_only,SUPPORTED
1,session-1,dataset-primary4,1.0.0,wrist_extension,mendeley-S001-wrist_extension-R01,mendeley-S001-wrist_extension-R05,within_subject_same_session_same_class,0.8463770747184753,0.8210962332292486,0.7603159546852112,ALL14,train_only,SUPPORTED
1,session-1,dataset-primary4,1.0.0,wrist_extension,mendeley-S001-wrist_extension-R02,mendeley-S001-wrist_extension-R03,within_subject_same_session_same_class,0.8706481456756592,0.8580778468230068,0.3195788562297821,ALL14,train_only,SUPPORTED
1,session-1,dataset-primary4,1.0.0,wrist_extension,mendeley-S001-wrist_extension-R02,mendeley-S001-wrist_extension-R04,within_subject_same_session_same_class,0.9039487838745117,0.8936666022011855,0.6088758707046509,ALL14,train_only,SUPPORTED
1,session-1,dataset-primary4,1.0.0,wrist_extension,mendeley-S001-wrist_extension-R02,mendeley-S001-wrist_extension-R05,within_subject_same_session_same_class,0.8311948180198669,0.8102606876213289,0.36053261160850525,ALL14,train_only,SUPPORTED
1,session-1,dataset-primary4,1.0.0,wrist_extension,mendeley-S001-wrist_extension-R03,mendeley-S001-wrist_extension-R04,within_subject_same_session_same_class,0.895662784576416,0.8748787218311421,0.6077015399932861,ALL14,train_only,SUPPORTED
1,session-1,dataset-primary4,1.0.0,wrist_extension,mendeley-S001-wrist_extension-R03,mendeley-S001-wrist_extension-R05,within_subject_same_session_same_class,0.8476819396018982,0.8226517471438737,0.3475542664527893,ALL14,train_only,SUPPORTED
1,session-1,dataset-primary4,1.0.0,wrist_extension,mendeley-S001-wrist_extension-R04,mendeley-S001-wrist_extension-R05,within_subject_same_session_same_class,0.8690016269683838,0.8479332673126225,0.6451055407524109,ALL14,train_only,SUPPORTED
1,session-1,dataset-primary4,1.0.0,wrist_flexion,mendeley-S001-wrist_flexion-R01,mendeley-S001-wrist_flexion-R02,within_subject_same_session_same_class,0.9585564136505127,0.9511823500972798,0.22985383868217468,ALL14,train_only,SUPPORTED
1,session-1,dataset-primary4,1.0.0,wrist_flexion,mendeley-S001-wrist_flexion-R01,mendeley-S001-wrist_flexion-R03,within_subject_same_session_same_class,0.8164594173431396,0.8335919703948362,0.47725874185562134,ALL14,train_only,SUPPORTED
1,session-1,dataset-primary4,1.0.0,wrist_flexion,mendeley-S001-wrist_flexion-R01,mendeley-S001-wrist_flexion-R04,within_subject_same_session_same_class,0.9867053627967834,0.9845063610908018,0.1228034496307373,ALL14,train_only,SUPPORTED
1,session-1,dataset-primary4,1.0.0,wrist_flexion,mendeley-S001-wrist_flexion-R01,mendeley-S001-wrist_flexion-R05,within_subject_same_session_same_class,0.8418191075325012,0.8098823110094706,0.42982086539268494,ALL14,train_only,SUPPORTED
1,session-1,dataset-primary4,1.0.0,wrist_flexion,mendeley-S001-wrist_flexion-R02,mendeley-S001-wrist_flexion-R03,within_subject_same_session_same_class,0.7103651165962219,0.726850486998042,0.6148169636726379,ALL14,train_only,SUPPORTED
1,session-1,dataset-primary4,1.0.0,wrist_flexion,mendeley-S001-wrist_flexion-R02,mendeley-S001-wrist_flexion-R04,within_subject_same_session_same_class,0.932948887348175,0.9221104120430125,0.2841246426105499,ALL14,train_only,SUPPORTED
1,session-1,dataset-primary4,1.0.0,wrist_flexion,mendeley-S001-wrist_flexion-R02,mendeley-S001-wrist_flexion-R05,within_subject_same_session_same_class,0.9371395707130432,0.9220796637432432,0.28043824434280396,ALL14,train_only,SUPPORTED
1,session-1,dataset-primary4,1.0.0,wrist_flexion,mendeley-S001-wrist_flexion-R03,mendeley-S001-wrist_flexion-R04,within_subject_same_session_same_class,0.8282619118690491,0.8425433743388444,0.46563220024108887,ALL14,train_only,SUPPORTED
1,session-1,dataset-primary4,1.0.0,wrist_flexion,mendeley-S001-wrist_flexion-R03,mendeley-S001-wrist_flexion-R05,within_subject_same_session_same_class,0.4824211895465851,0.4779754455028541,0.823004424571991,ALL14,train_only,SUPPORTED
1,session-1,dataset-primary4,1.0.0,wrist_flexion,mendeley-S001-wrist_flexion-R04,mendeley-S001-wrist_flexion-R05,within_subject_same_session_same_class,0.8153980374336243,0.7817489149267757,0.4686835706233978,ALL14,train_only,SUPPORTED
10,session-1,dataset-primary4,1.0.0,hand_close,mendeley-S010-grip-R01,mendeley-S010-grip-R02,within_subject_same_session_same_class,0.6422255039215088,0.5914765260827953,0.4572063684463501,ALL14,train_only,SUPPORTED
10,session-1,dataset-primary4,1.0.0,hand_close,mendeley-S010-grip-R01,mendeley-S010-grip-R03,within_subject_same_session_same_class,0.754091739654541,0.7231712388792232,0.36336565017700195,ALL14,train_only,SUPPORTED
10,session-1,dataset-primary4,1.0.0,hand_close,mendeley-S010-grip-R01,mendeley-S010-grip-R04,within_subject_same_session_same_class,0.6498285531997681,0.6013370226539978,0.48610594868659973,ALL14,train_only,SUPPORTED
10,session-1,dataset-primary4,1.0.0,hand_close,mendeley-S010-grip-R01,mendeley-S010-grip-R05,within_subject_same_session_same_class,0.956186056137085,0.9515083107036394,0.15912744402885437,ALL14,train_only,SUPPORTED
10,session-1,dataset-primary4,1.0.0,hand_close,mendeley-S010-grip-R02,mendeley-S010-grip-R03,within_subject_same_session_same_class,0.9105417728424072,0.888475519896728,0.22482901811599731,ALL14,train_only,SUPPORTED
10,session-1,dataset-primary4,1.0.0,hand_close,mendeley-S010-grip-R02,mendeley-S010-grip-R04,within_subject_same_session_same_class,0.8103771209716797,0.751448257515945,0.3621838092803955,ALL14,train_only,SUPPORTED
10,session-1,dataset-primary4,1.0.0,hand_close,mendeley-S010-grip-R02,mendeley-S010-grip-R05,within_subject_same_session_same_class,0.5916821360588074,0.5313927787606586,0.48881250619888306,ALL14,train_only,SUPPORTED
10,session-1,dataset-primary4,1.0.0,hand_close,mendeley-S010-grip-R03,mendeley-S010-grip-R04,within_subject_same_session_same_class,0.8264927864074707,0.7805755845711813,0.3453350365161896,ALL14,train_only,SUPPORTED
10,session-1,dataset-primary4,1.0.0,hand_close,mendeley-S010-grip-R03,mendeley-S010-grip-R05,within_subject_same_session_same_class,0.7194859385490417,0.6827895266511225,0.38813674449920654,ALL14,train_only,SUPPORTED
10,session-1,dataset-primary4,1.0.0,hand_close,mendeley-S010-grip-R04,mendeley-S010-grip-R05,within_subject_same_session_same_class,0.6729445457458496,0.6298496500466523,0.47042205929756165,ALL14,train_only,SUPPORTED
10,session-1,dataset-primary4,1.0.0,rest,mendeley-S010-rest-R01,mendeley-S010-rest-R02,within_subject_same_session_same_class,0.8798405528068542,0.8537841981895199,0.2859986126422882,ALL14,train_only,SUPPORTED
10,session-1,dataset-primary4,1.0.0,rest,mendeley-S010-rest-R01,mendeley-S010-rest-R03,within_subject_same_session_same_class,0.8001620769500732,0.7501523647573883,0.3985100984573364,ALL14,train_only,SUPPORTED
10,session-1,dataset-primary4,1.0.0,rest,mendeley-S010-rest-R01,mendeley-S010-rest-R04,within_subject_same_session_same_class,0.8298266530036926,0.7884450241692009,0.36897873878479004,ALL14,train_only,SUPPORTED
10,session-1,dataset-primary4,1.0.0,rest,mendeley-S010-rest-R01,mendeley-S010-rest-R05,within_subject_same_session_same_class,0.5970807075500488,0.4907380037914702,0.6103788018226624,ALL14,train_only,SUPPORTED
10,session-1,dataset-primary4,1.0.0,rest,mendeley-S010-rest-R02,mendeley-S010-rest-R03,within_subject_same_session_same_class,0.842421293258667,0.7825460845553596,0.36029931902885437,ALL14,train_only,SUPPORTED
10,session-1,dataset-primary4,1.0.0,rest,mendeley-S010-rest-R02,mendeley-S010-rest-R04,within_subject_same_session_same_class,0.7706215381622314,0.6898246233843107,0.4311843812465668,ALL14,train_only,SUPPORTED
10,session-1,dataset-primary4,1.0.0,rest,mendeley-S010-rest-R02,mendeley-S010-rest-R05,within_subject_same_session_same_class,0.7907752394676208,0.7142859666303635,0.46040499210357666,ALL14,train_only,SUPPORTED
10,session-1,dataset-primary4,1.0.0,rest,mendeley-S010-rest-R03,mendeley-S010-rest-R04,within_subject_same_session_same_class,0.9488222002983093,0.9316535836540359,0.21202650666236877,ALL14,train_only,SUPPORTED
10,session-1,dataset-primary4,1.0.0,rest,mendeley-S010-rest-R03,mendeley-S010-rest-R05,within_subject_same_session_same_class,0.9037333130836487,0.8695153542190618,0.3223392367362976,ALL14,train_only,SUPPORTED
10,session-1,dataset-primary4,1.0.0,rest,mendeley-S010-rest-R04,mendeley-S010-rest-R05,within_subject_same_session_same_class,0.8161506652832031,0.7548258678663999,0.4371531307697296,ALL14,train_only,SUPPORTED
10,session-1,dataset-primary4,1.0.0,wrist_extension,mendeley-S010-wrist_extension-R01,mendeley-S010-wrist_extension-R02,within_subject_same_session_same_class,0.9279108643531799,0.9147312387630124,0.3138357996940613,ALL14,train_only,SUPPORTED
10,session-1,dataset-primary4,1.0.0,wrist_extension,mendeley-S010-wrist_extension-R01,mendeley-S010-wrist_extension-R03,within_subject_same_session_same_class,0.8645375967025757,0.8351063764002769,0.4343230128288269,ALL14,train_only,SUPPORTED
10,session-1,dataset-primary4,1.0.0,wrist_extension,mendeley-S010-wrist_extension-R01,mendeley-S010-wrist_extension-R04,within_subject_same_session_same_class,0.8664506077766418,0.8375462210957435,0.4526108205318451,ALL14,train_only,SUPPORTED
10,session-1,dataset-primary4,1.0.0,wrist_extension,mendeley-S010-wrist_extension-R01,mendeley-S010-wrist_extension-R05,within_subject_same_session_same_class,0.7699426412582397,0.7179500767093258,0.6253001093864441,ALL14,train_only,SUPPORTED
10,session-1,dataset-primary4,1.0.0,wrist_extension,mendeley-S010-wrist_extension-R02,mendeley-S010-wrist_extension-R03,within_subject_same_session_same_class,0.9242031574249268,0.9121525480978843,0.31927987933158875,ALL14,train_only,SUPPORTED
10,session-1,dataset-primary4,1.0.0,wrist_extension,mendeley-S010-wrist_extension-R02,mendeley-S010-wrist_extension-R04,within_subject_same_session_same_class,0.9171643853187561,0.902829601300611,0.3585549592971802,ALL14,train_only,SUPPORTED
10,session-1,dataset-primary4,1.0.0,wrist_extension,mendeley-S010-wrist_extension-R02,mendeley-S010-wrist_extension-R05,within_subject_same_session_same_class,0.822147011756897,0.7867806600550084,0.5517861247062683,ALL14,train_only,SUPPORTED
10,session-1,dataset-primary4,1.0.0,wrist_extension,mendeley-S010-wrist_extension-R03,mendeley-S010-wrist_extension-R04,within_subject_same_session_same_class,0.9506042003631592,0.9370923649694783,0.2799602448940277,ALL14,train_only,SUPPORTED
10,session-1,dataset-primary4,1.0.0,wrist_extension,mendeley-S010-wrist_extension-R03,mendeley-S010-wrist_extension-R05,within_subject_same_session_same_class,0.9413428902626038,0.9248007927562476,0.33726122975349426,ALL14,train_only,SUPPORTED
10,session-1,dataset-primary4,1.0.0,wrist_extension,mendeley-S010-wrist_extension-R04,mendeley-S010-wrist_extension-R05,within_subject_same_session_same_class,0.9553190469741821,0.9431457079936776,0.28775957226753235,ALL14,train_only,SUPPORTED
10,session-1,dataset-primary4,1.0.0,wrist_flexion,mendeley-S010-wrist_flexion-R01,mendeley-S010-wrist_flexion-R02,within_subject_same_session_same_class,0.6590801477432251,0.5751069184054249,0.5848056674003601,ALL14,train_only,SUPPORTED
10,session-1,dataset-primary4,1.0.0,wrist_flexion,mendeley-S010-wrist_flexion-R01,mendeley-S010-wrist_flexion-R03,within_subject_same_session_same_class,0.6655178666114807,0.5836999779691102,0.57508385181427,ALL14,train_only,SUPPORTED
10,session-1,dataset-primary4,1.0.0,wrist_flexion,mendeley-S010-wrist_flexion-R01,mendeley-S010-wrist_flexion-R04,within_subject_same_session_same_class,0.6272379159927368,0.5326037959402029,0.6294949054718018,ALL14,train_only,SUPPORTED
10,session-1,dataset-primary4,1.0.0,wrist_flexion,mendeley-S010-wrist_flexion-R01,mendeley-S010-wrist_flexion-R05,within_subject_same_session_same_class,0.5576684474945068,0.43092158225637656,0.6976125836372375,ALL14,train_only,SUPPORTED
10,session-1,dataset-primary4,1.0.0,wrist_flexion,mendeley-S010-wrist_flexion-R02,mendeley-S010-wrist_flexion-R03,within_subject_same_session_same_class,0.9600810408592224,0.9425136068180423,0.21411599218845367,ALL14,train_only,SUPPORTED
10,session-1,dataset-primary4,1.0.0,wrist_flexion,mendeley-S010-wrist_flexion-R02,mendeley-S010-wrist_flexion-R04,within_subject_same_session_same_class,0.9117147326469421,0.869867089754153,0.32779213786125183,ALL14,train_only,SUPPORTED
10,session-1,dataset-primary4,1.0.0,wrist_flexion,mendeley-S010-wrist_flexion-R02,mendeley-S010-wrist_flexion-R05,within_subject_same_session_same_class,0.9064198136329651,0.8603549504557302,0.34540483355522156,ALL14,train_only,SUPPORTED
10,session-1,dataset-primary4,1.0.0,wrist_flexion,mendeley-S010-wrist_flexion-R03,mendeley-S010-wrist_flexion-R04,within_subject_same_session_same_class,0.9764628410339355,0.9667737954209751,0.17206469178199768,ALL14,train_only,SUPPORTED
10,session-1,dataset-primary4,1.0.0,wrist_flexion,mendeley-S010-wrist_flexion-R03,mendeley-S010-wrist_flexion-R05,within_subject_same_session_same_class,0.9672784209251404,0.945833676589564,0.21018482744693756,ALL14,train_only,SUPPORTED
10,session-1,dataset-primary4,1.0.0,wrist_flexion,mendeley-S010-wrist_flexion-R04,mendeley-S010-wrist_flexion-R05,within_subject_same_session_same_class,0.9656945466995239,0.9531895134190602,0.2119935303926468,ALL14,train_only,SUPPORTED
11,session-1,dataset-primary4,1.0.0,hand_close,mendeley-S011-grip-R01,mendeley-S011-grip-R02,within_subject_same_session_same_class,0.3402179181575775,0.3032269086023319,0.5519746541976929,ALL14,train_only,SUPPORTED
11,session-1,dataset-primary4,1.0.0,hand_close,mendeley-S011-grip-R01,mendeley-S011-grip-R03,within_subject_same_session_same_class,0.8596500158309937,0.855717783135428,0.26376873254776,ALL14,train_only,SUPPORTED
11,session-1,dataset-primary4,1.0.0,hand_close,mendeley-S011-grip-R01,mendeley-S011-grip-R04,within_subject_same_session_same_class,0.12533560395240784,0.10234844635977991,0.6932578682899475,ALL14,train_only,SUPPORTED
11,session-1,dataset-primary4,1.0.0,hand_close,mendeley-S011-grip-R01,mendeley-S011-grip-R05,within_subject_same_session_same_class,0.5175103545188904,0.485901711264991,0.5199962258338928,ALL14,train_only,SUPPORTED
11,session-1,dataset-primary4,1.0.0,hand_close,mendeley-S011-grip-R02,mendeley-S011-grip-R03,within_subject_same_session_same_class,0.4009998142719269,0.3777458605455091,0.5614992380142212,ALL14,train_only,SUPPORTED
11,session-1,dataset-primary4,1.0.0,hand_close,mendeley-S011-grip-R02,mendeley-S011-grip-R04,within_subject_same_session_same_class,0.3552948832511902,0.3415740188580626,0.6270468831062317,ALL14,train_only,SUPPORTED
11,session-1,dataset-primary4,1.0.0,hand_close,mendeley-S011-grip-R02,mendeley-S011-grip-R05,within_subject_same_session_same_class,0.47146376967430115,0.44071305604017325,0.5655543208122253,ALL14,train_only,SUPPORTED
11,session-1,dataset-primary4,1.0.0,hand_close,mendeley-S011-grip-R03,mendeley-S011-grip-R04,within_subject_same_session_same_class,0.2166997790336609,0.201923527500492,0.6938458681106567,ALL14,train_only,SUPPORTED
11,session-1,dataset-primary4,1.0.0,hand_close,mendeley-S011-grip-R03,mendeley-S011-grip-R05,within_subject_same_session_same_class,0.5680264830589294,0.5500750517778767,0.5145782828330994,ALL14,train_only,SUPPORTED
11,session-1,dataset-primary4,1.0.0,hand_close,mendeley-S011-grip-R04,mendeley-S011-grip-R05,within_subject_same_session_same_class,0.8670897483825684,0.8728607162678074,0.30224406719207764,ALL14,train_only,SUPPORTED
11,session-1,dataset-primary4,1.0.0,rest,mendeley-S011-rest-R01,mendeley-S011-rest-R02,within_subject_same_session_same_class,0.8797912001609802,0.8813294593055612,0.3167005479335785,ALL14,train_only,SUPPORTED
11,session-1,dataset-primary4,1.0.0,rest,mendeley-S011-rest-R01,mendeley-S011-rest-R03,within_subject_same_session_same_class,0.7330973148345947,0.7412687289212062,0.44082731008529663,ALL14,train_only,SUPPORTED
11,session-1,dataset-primary4,1.0.0,rest,mendeley-S011-rest-R01,mendeley-S011-rest-R04,within_subject_same_session_same_class,0.6762715578079224,0.6860708995701095,0.500747561454773,ALL14,train_only,SUPPORTED
11,session-1,dataset-primary4,1.0.0,rest,mendeley-S011-rest-R01,mendeley-S011-rest-R05,within_subject_same_session_same_class,0.8077890276908875,0.818689026298716,0.37233662605285645,ALL14,train_only,SUPPORTED
11,session-1,dataset-primary4,1.0.0,rest,mendeley-S011-rest-R02,mendeley-S011-rest-R03,within_subject_same_session_same_class,0.7829771637916565,0.7701616064307398,0.4154117703437805,ALL14,train_only,SUPPORTED
11,session-1,dataset-primary4,1.0.0,rest,mendeley-S011-rest-R02,mendeley-S011-rest-R04,within_subject_same_session_same_class,0.6962404847145081,0.676191309426008,0.500990092754364,ALL14,train_only,SUPPORTED
11,session-1,dataset-primary4,1.0.0,rest,mendeley-S011-rest-R02,mendeley-S011-rest-R05,within_subject_same_session_same_class,0.7684773802757263,0.7536074856742416,0.42651522159576416,ALL14,train_only,SUPPORTED
11,session-1,dataset-primary4,1.0.0,rest,mendeley-S011-rest-R03,mendeley-S011-rest-R04,within_subject_same_session_same_class,0.9148100018501282,0.9022215209913109,0.2513544261455536,ALL14,train_only,SUPPORTED
11,session-1,dataset-primary4,1.0.0,rest,mendeley-S011-rest-R03,mendeley-S011-rest-R05,within_subject_same_session_same_class,0.9114797711372375,0.8998630901652449,0.2410305142402649,ALL14,train_only,SUPPORTED
11,session-1,dataset-primary4,1.0.0,rest,mendeley-S011-rest-R04,mendeley-S011-rest-R05,within_subject_same_session_same_class,0.8937613368034363,0.8796080592367846,0.2790941894054413,ALL14,train_only,SUPPORTED
11,session-1,dataset-primary4,1.0.0,wrist_extension,mendeley-S011-wrist_extension-R01,mendeley-S011-wrist_extension-R02,within_subject_same_session_same_class,0.9060789942741394,0.862533403089,0.49450552463531494,ALL14,train_only,SUPPORTED
11,session-1,dataset-primary4,1.0.0,wrist_extension,mendeley-S011-wrist_extension-R01,mendeley-S011-wrist_extension-R03,within_subject_same_session_same_class,0.885966420173645,0.8251190540954256,0.6109496355056763,ALL14,train_only,SUPPORTED
11,session-1,dataset-primary4,1.0.0,wrist_extension,mendeley-S011-wrist_extension-R01,mendeley-S011-wrist_extension-R04,within_subject_same_session_same_class,0.8643940091133118,0.8258949005132212,0.6078298091888428,ALL14,train_only,SUPPORTED
11,session-1,dataset-primary4,1.0.0,wrist_extension,mendeley-S011-wrist_extension-R01,mendeley-S011-wrist_extension-R05,within_subject_same_session_same_class,0.9718999266624451,0.9566175572574824,0.292172372341156,ALL14,train_only,SUPPORTED
11,session-1,dataset-primary4,1.0.0,wrist_extension,mendeley-S011-wrist_extension-R02,mendeley-S011-wrist_extension-R03,within_subject_same_session_same_class,0.8377524614334106,0.7630680845485052,0.6211888194084167,ALL14,train_only,SUPPORTED
11,session-1,dataset-primary4,1.0.0,wrist_extension,mendeley-S011-wrist_extension-R02,mendeley-S011-wrist_extension-R04,within_subject_same_session_same_class,0.8521873354911804,0.8056804607098484,0.5792434811592102,ALL14,train_only,SUPPORTED
11,session-1,dataset-primary4,1.0.0,wrist_extension,mendeley-S011-wrist_extension-R02,mendeley-S011-wrist_extension-R05,within_subject_same_session_same_class,0.9161941409111023,0.8777737238993734,0.43951714038848877,ALL14,train_only,SUPPORTED
11,session-1,dataset-primary4,1.0.0,wrist_extension,mendeley-S011-wrist_extension-R03,mendeley-S011-wrist_extension-R04,within_subject_same_session_same_class,0.8716575503349304,0.8334138733959379,0.4143989682197571,ALL14,train_only,SUPPORTED
11,session-1,dataset-primary4,1.0.0,wrist_extension,mendeley-S011-wrist_extension-R03,mendeley-S011-wrist_extension-R05,within_subject_same_session_same_class,0.9064542651176453,0.8581649498771359,0.47454833984375,ALL14,train_only,SUPPORTED
11,session-1,dataset-primary4,1.0.0,wrist_extension,mendeley-S011-wrist_extension-R04,mendeley-S011-wrist_extension-R05,within_subject_same_session_same_class,0.8896626234054565,0.8595444955254654,0.476681649684906,ALL14,train_only,SUPPORTED
11,session-1,dataset-primary4,1.0.0,wrist_flexion,mendeley-S011-wrist_flexion-R01,mendeley-S011-wrist_flexion-R02,within_subject_same_session_same_class,0.5009933114051819,0.5708499093209758,0.943226158618927,ALL14,train_only,SUPPORTED
11,session-1,dataset-primary4,1.0.0,wrist_flexion,mendeley-S011-wrist_flexion-R01,mendeley-S011-wrist_flexion-R03,within_subject_same_session_same_class,0.46308088302612305,0.5144836606507864,1.0034918785095215,ALL14,train_only,SUPPORTED
11,session-1,dataset-primary4,1.0.0,wrist_flexion,mendeley-S011-wrist_flexion-R01,mendeley-S011-wrist_flexion-R04,within_subject_same_session_same_class,0.7749767899513245,0.8149461030692501,0.6897221207618713,ALL14,train_only,SUPPORTED
11,session-1,dataset-primary4,1.0.0,wrist_flexion,mendeley-S011-wrist_flexion-R01,mendeley-S011-wrist_flexion-R05,within_subject_same_session_same_class,0.5202323794364929,0.533063192379191,0.9456852674484253,ALL14,train_only,SUPPORTED
11,session-1,dataset-primary4,1.0.0,wrist_flexion,mendeley-S011-wrist_flexion-R02,mendeley-S011-wrist_flexion-R03,within_subject_same_session_same_class,0.7491962909698486,0.646946544213274,0.5351826548576355,ALL14,train_only,SUPPORTED
11,session-1,dataset-primary4,1.0.0,wrist_flexion,mendeley-S011-wrist_flexion-R02,mendeley-S011-wrist_flexion-R04,within_subject_same_session_same_class,0.7651747465133667,0.7257301272093816,0.4859747290611267,ALL14,train_only,SUPPORTED
11,session-1,dataset-primary4,1.0.0,wrist_flexion,mendeley-S011-wrist_flexion-R02,mendeley-S011-wrist_flexion-R05,within_subject_same_session_same_class,0.5388994812965393,0.45974363578279764,0.6968405842781067,ALL14,train_only,SUPPORTED
11,session-1,dataset-primary4,1.0.0,wrist_flexion,mendeley-S011-wrist_flexion-R03,mendeley-S011-wrist_flexion-R04,within_subject_same_session_same_class,0.7199296355247498,0.6660002267765578,0.5789308547973633,ALL14,train_only,SUPPORTED
11,session-1,dataset-primary4,1.0.0,wrist_flexion,mendeley-S011-wrist_flexion-R03,mendeley-S011-wrist_flexion-R05,within_subject_same_session_same_class,0.5811672806739807,0.51356363290691,0.7200920581817627,ALL14,train_only,SUPPORTED
11,session-1,dataset-primary4,1.0.0,wrist_flexion,mendeley-S011-wrist_flexion-R04,mendeley-S011-wrist_flexion-R05,within_subject_same_session_same_class,0.8615154027938843,0.8445704431720206,0.39820152521133423,ALL14,train_only,SUPPORTED
12,session-1,dataset-primary4,1.0.0,hand_close,mendeley-S012-grip-R01,mendeley-S012-grip-R02,within_subject_same_session_same_class,0.720438539981842,0.6792915821240417,0.3269590735435486,ALL14,train_only,SUPPORTED
12,session-1,dataset-primary4,1.0.0,hand_close,mendeley-S012-grip-R01,mendeley-S012-grip-R03,within_subject_same_session_same_class,0.8414677977561951,0.8222863849410188,0.24111786484718323,ALL14,train_only,SUPPORTED
12,session-1,dataset-primary4,1.0.0,hand_close,mendeley-S012-grip-R01,mendeley-S012-grip-R04,within_subject_same_session_same_class,0.89947110414505,0.8864568536918778,0.18538007140159607,ALL14,train_only,SUPPORTED
12,session-1,dataset-primary4,1.0.0,hand_close,mendeley-S012-grip-R01,mendeley-S012-grip-R05,within_subject_same_session_same_class,0.4437791109085083,0.3732606481486099,0.5123862028121948,ALL14,train_only,SUPPORTED
12,session-1,dataset-primary4,1.0.0,hand_close,mendeley-S012-grip-R02,mendeley-S012-grip-R03,within_subject_same_session_same_class,0.6974323391914368,0.6559764662098337,0.3454717993736267,ALL14,train_only,SUPPORTED
12,session-1,dataset-primary4,1.0.0,hand_close,mendeley-S012-grip-R02,mendeley-S012-grip-R04,within_subject_same_session_same_class,0.6663139462471008,0.616314372107546,0.3528645634651184,ALL14,train_only,SUPPORTED
12,session-1,dataset-primary4,1.0.0,hand_close,mendeley-S012-grip-R02,mendeley-S012-grip-R05,within_subject_same_session_same_class,0.28198131918907166,0.17484236256759456,0.5947397351264954,ALL14,train_only,SUPPORTED
12,session-1,dataset-primary4,1.0.0,hand_close,mendeley-S012-grip-R03,mendeley-S012-grip-R04,within_subject_same_session_same_class,0.8881922960281372,0.8746443021056801,0.20105816423892975,ALL14,train_only,SUPPORTED
12,session-1,dataset-primary4,1.0.0,hand_close,mendeley-S012-grip-R03,mendeley-S012-grip-R05,within_subject_same_session_same_class,0.6935344934463501,0.656746106819564,0.39057257771492004,ALL14,train_only,SUPPORTED
12,session-1,dataset-primary4,1.0.0,hand_close,mendeley-S012-grip-R04,mendeley-S012-grip-R05,within_subject_same_session_same_class,0.6742414236068726,0.6326192712057432,0.3974460959434509,ALL14,train_only,SUPPORTED
12,session-1,dataset-primary4,1.0.0,rest,mendeley-S012-rest-R01,mendeley-S012-rest-R02,within_subject_same_session_same_class,0.7380481958389282,0.6941706990911072,0.3517073690891266,ALL14,train_only,SUPPORTED
12,session-1,dataset-primary4,1.0.0,rest,mendeley-S012-rest-R01,mendeley-S012-rest-R03,within_subject_same_session_same_class,0.7591874003410339,0.7457645704862248,0.33298927545547485,ALL14,train_only,SUPPORTED
12,session-1,dataset-primary4,1.0.0,rest,mendeley-S012-rest-R01,mendeley-S012-rest-R04,within_subject_same_session_same_class,0.7090781927108765,0.7066377900924564,0.3821285367012024,ALL14,train_only,SUPPORTED
12,session-1,dataset-primary4,1.0.0,rest,mendeley-S012-rest-R01,mendeley-S012-rest-R05,within_subject_same_session_same_class,0.5993925333023071,0.5674923294121019,0.4537794589996338,ALL14,train_only,SUPPORTED
12,session-1,dataset-primary4,1.0.0,rest,mendeley-S012-rest-R02,mendeley-S012-rest-R03,within_subject_same_session_same_class,0.8004646301269531,0.7952340938277024,0.27172499895095825,ALL14,train_only,SUPPORTED
12,session-1,dataset-primary4,1.0.0,rest,mendeley-S012-rest-R02,mendeley-S012-rest-R04,within_subject_same_session_same_class,0.40389570593833923,0.37422498337731147,0.5123568773269653,ALL14,train_only,SUPPORTED
12,session-1,dataset-primary4,1.0.0,rest,mendeley-S012-rest-R02,mendeley-S012-rest-R05,within_subject_same_session_same_class,0.6747093796730042,0.6517740014263852,0.38630908727645874,ALL14,train_only,SUPPORTED
12,session-1,dataset-primary4,1.0.0,rest,mendeley-S012-rest-R03,mendeley-S012-rest-R04,within_subject_same_session_same_class,0.5658332109451294,0.5502436118140349,0.42326825857162476,ALL14,train_only,SUPPORTED
12,session-1,dataset-primary4,1.0.0,rest,mendeley-S012-rest-R03,mendeley-S012-rest-R05,within_subject_same_session_same_class,0.7349362373352051,0.7199929698186254,0.3427305221557617,ALL14,train_only,SUPPORTED
12,session-1,dataset-primary4,1.0.0,rest,mendeley-S012-rest-R04,mendeley-S012-rest-R05,within_subject_same_session_same_class,0.5693786144256592,0.5536320629310584,0.46063360571861267,ALL14,train_only,SUPPORTED
12,session-1,dataset-primary4,1.0.0,wrist_extension,mendeley-S012-wrist_extension-R01,mendeley-S012-wrist_extension-R02,within_subject_same_session_same_class,0.9781896471977234,0.9650484394538703,0.38840946555137634,ALL14,train_only,SUPPORTED
12,session-1,dataset-primary4,1.0.0,wrist_extension,mendeley-S012-wrist_extension-R01,mendeley-S012-wrist_extension-R03,within_subject_same_session_same_class,0.977502703666687,0.9636175254436402,0.4078965187072754,ALL14,train_only,SUPPORTED
12,session-1,dataset-primary4,1.0.0,wrist_extension,mendeley-S012-wrist_extension-R01,mendeley-S012-wrist_extension-R04,within_subject_same_session_same_class,0.9096677899360657,0.8666740110971779,0.8009881377220154,ALL14,train_only,SUPPORTED
12,session-1,dataset-primary4,1.0.0,wrist_extension,mendeley-S012-wrist_extension-R01,mendeley-S012-wrist_extension-R05,within_subject_same_session_same_class,0.9424161314964294,0.9068428582816893,0.7293444871902466,ALL14,train_only,SUPPORTED
12,session-1,dataset-primary4,1.0.0,wrist_extension,mendeley-S012-wrist_extension-R02,mendeley-S012-wrist_extension-R03,within_subject_same_session_same_class,0.9867317080497742,0.9778542420116386,0.28805479407310486,ALL14,train_only,SUPPORTED
12,session-1,dataset-primary4,1.0.0,wrist_extension,mendeley-S012-wrist_extension-R02,mendeley-S012-wrist_extension-R04,within_subject_same_session_same_class,0.9055916666984558,0.8616344171206621,0.7562017440795898,ALL14,train_only,SUPPORTED
12,session-1,dataset-primary4,1.0.0,wrist_extension,mendeley-S012-wrist_extension-R02,mendeley-S012-wrist_extension-R05,within_subject_same_session_same_class,0.9519903063774109,0.9204905772181385,0.6218539476394653,ALL14,train_only,SUPPORTED
12,session-1,dataset-primary4,1.0.0,wrist_extension,mendeley-S012-wrist_extension-R03,mendeley-S012-wrist_extension-R04,within_subject_same_session_same_class,0.934382975101471,0.9054981177299377,0.6147119998931885,ALL14,train_only,SUPPORTED
12,session-1,dataset-primary4,1.0.0,wrist_extension,mendeley-S012-wrist_extension-R03,mendeley-S012-wrist_extension-R05,within_subject_same_session_same_class,0.9545738101005554,0.9252700258218479,0.5651759505271912,ALL14,train_only,SUPPORTED
12,session-1,dataset-primary4,1.0.0,wrist_extension,mendeley-S012-wrist_extension-R04,mendeley-S012-wrist_extension-R05,within_subject_same_session_same_class,0.9449492692947388,0.9209879569241048,0.4779735207557678,ALL14,train_only,SUPPORTED
12,session-1,dataset-primary4,1.0.0,wrist_flexion,mendeley-S012-wrist_flexion-R01,mendeley-S012-wrist_flexion-R02,within_subject_same_session_same_class,0.886561930179596,0.8634666767300784,0.34281671047210693,ALL14,train_only,SUPPORTED
12,session-1,dataset-primary4,1.0.0,wrist_flexion,mendeley-S012-wrist_flexion-R01,mendeley-S012-wrist_flexion-R03,within_subject_same_session_same_class,0.7779673933982849,0.6785818288471026,0.46258875727653503,ALL14,train_only,SUPPORTED
12,session-1,dataset-primary4,1.0.0,wrist_flexion,mendeley-S012-wrist_flexion-R01,mendeley-S012-wrist_flexion-R04,within_subject_same_session_same_class,0.5590050220489502,0.39255322330931164,0.7421211004257202,ALL14,train_only,SUPPORTED
12,session-1,dataset-primary4,1.0.0,wrist_flexion,mendeley-S012-wrist_flexion-R01,mendeley-S012-wrist_flexion-R05,within_subject_same_session_same_class,0.4040500223636627,0.22518427396504523,0.9522666931152344,ALL14,train_only,SUPPORTED
12,session-1,dataset-primary4,1.0.0,wrist_flexion,mendeley-S012-wrist_flexion-R02,mendeley-S012-wrist_flexion-R03,within_subject_same_session_same_class,0.8560280799865723,0.8218579989198237,0.39424100518226624,ALL14,train_only,SUPPORTED
12,session-1,dataset-primary4,1.0.0,wrist_flexion,mendeley-S012-wrist_flexion-R02,mendeley-S012-wrist_flexion-R04,within_subject_same_session_same_class,0.6121731400489807,0.509648119529703,0.7246570587158203,ALL14,train_only,SUPPORTED
12,session-1,dataset-primary4,1.0.0,wrist_flexion,mendeley-S012-wrist_flexion-R02,mendeley-S012-wrist_flexion-R05,within_subject_same_session_same_class,0.473082959651947,0.35748568403102754,0.9307265877723694,ALL14,train_only,SUPPORTED
12,session-1,dataset-primary4,1.0.0,wrist_flexion,mendeley-S012-wrist_flexion-R03,mendeley-S012-wrist_flexion-R04,within_subject_same_session_same_class,0.8846375942230225,0.8443796722554208,0.4139031171798706,ALL14,train_only,SUPPORTED
12,session-1,dataset-primary4,1.0.0,wrist_flexion,mendeley-S012-wrist_flexion-R03,mendeley-S012-wrist_flexion-R05,within_subject_same_session_same_class,0.7280675768852234,0.656260230891337,0.6960050463676453,ALL14,train_only,SUPPORTED
12,session-1,dataset-primary4,1.0.0,wrist_flexion,mendeley-S012-wrist_flexion-R04,mendeley-S012-wrist_flexion-R05,within_subject_same_session_same_class,0.788752555847168,0.7370597350698003,0.6293027997016907,ALL14,train_only,SUPPORTED
13,session-1,dataset-primary4,1.0.0,hand_close,mendeley-S013-grip-R01,mendeley-S013-grip-R02,within_subject_same_session_same_class,0.6816903352737427,0.6117613827623557,0.4627281427383423,ALL14,train_only,SUPPORTED
13,session-1,dataset-primary4,1.0.0,hand_close,mendeley-S013-grip-R01,mendeley-S013-grip-R03,within_subject_same_session_same_class,0.775171160697937,0.7432240957150164,0.3845694661140442,ALL14,train_only,SUPPORTED
13,session-1,dataset-primary4,1.0.0,hand_close,mendeley-S013-grip-R01,mendeley-S013-grip-R04,within_subject_same_session_same_class,0.7909700870513916,0.7232123580651383,0.3640732765197754,ALL14,train_only,SUPPORTED
13,session-1,dataset-primary4,1.0.0,hand_close,mendeley-S013-grip-R01,mendeley-S013-grip-R05,within_subject_same_session_same_class,0.5741235017776489,0.4974307475594774,0.514414370059967,ALL14,train_only,SUPPORTED
13,session-1,dataset-primary4,1.0.0,hand_close,mendeley-S013-grip-R02,mendeley-S013-grip-R03,within_subject_same_session_same_class,0.4892773926258087,0.4105805738498709,0.5018749833106995,ALL14,train_only,SUPPORTED
13,session-1,dataset-primary4,1.0.0,hand_close,mendeley-S013-grip-R02,mendeley-S013-grip-R04,within_subject_same_session_same_class,0.5289727449417114,0.42925780364199395,0.5158956050872803,ALL14,train_only,SUPPORTED
13,session-1,dataset-primary4,1.0.0,hand_close,mendeley-S013-grip-R02,mendeley-S013-grip-R05,within_subject_same_session_same_class,0.3226962983608246,0.22528143791014013,0.6256818175315857,ALL14,train_only,SUPPORTED
13,session-1,dataset-primary4,1.0.0,hand_close,mendeley-S013-grip-R03,mendeley-S013-grip-R04,within_subject_same_session_same_class,0.8488284349441528,0.8271165589558882,0.26281067728996277,ALL14,train_only,SUPPORTED
13,session-1,dataset-primary4,1.0.0,hand_close,mendeley-S013-grip-R03,mendeley-S013-grip-R05,within_subject_same_session_same_class,0.7292016744613647,0.69363249520337,0.3480798900127411,ALL14,train_only,SUPPORTED
13,session-1,dataset-primary4,1.0.0,hand_close,mendeley-S013-grip-R04,mendeley-S013-grip-R05,within_subject_same_session_same_class,0.8852426409721375,0.875735438059611,0.24008135497570038,ALL14,train_only,SUPPORTED
13,session-1,dataset-primary4,1.0.0,rest,mendeley-S013-rest-R01,mendeley-S013-rest-R02,within_subject_same_session_same_class,0.8723686337471008,0.8173061810157648,0.34239256381988525,ALL14,train_only,SUPPORTED
13,session-1,dataset-primary4,1.0.0,rest,mendeley-S013-rest-R01,mendeley-S013-rest-R03,within_subject_same_session_same_class,0.738213837146759,0.6284806577620432,0.4782206118106842,ALL14,train_only,SUPPORTED
13,session-1,dataset-primary4,1.0.0,rest,mendeley-S013-rest-R01,mendeley-S013-rest-R04,within_subject_same_session_same_class,0.5836483240127563,0.4251745762958293,0.5761595964431763,ALL14,train_only,SUPPORTED
13,session-1,dataset-primary4,1.0.0,rest,mendeley-S013-rest-R01,mendeley-S013-rest-R05,within_subject_same_session_same_class,0.838327169418335,0.761832152151465,0.3789881765842438,ALL14,train_only,SUPPORTED
13,session-1,dataset-primary4,1.0.0,rest,mendeley-S013-rest-R02,mendeley-S013-rest-R03,within_subject_same_session_same_class,0.7448270320892334,0.6478565669975177,0.45009851455688477,ALL14,train_only,SUPPORTED
13,session-1,dataset-primary4,1.0.0,rest,mendeley-S013-rest-R02,mendeley-S013-rest-R04,within_subject_same_session_same_class,0.7173629403114319,0.6205923917366728,0.4552103579044342,ALL14,train_only,SUPPORTED
13,session-1,dataset-primary4,1.0.0,rest,mendeley-S013-rest-R02,mendeley-S013-rest-R05,within_subject_same_session_same_class,0.9404441714286804,0.9159014620808699,0.22153158485889435,ALL14,train_only,SUPPORTED
13,session-1,dataset-primary4,1.0.0,rest,mendeley-S013-rest-R03,mendeley-S013-rest-R04,within_subject_same_session_same_class,0.9027004837989807,0.8710652521993628,0.262567400932312,ALL14,train_only,SUPPORTED
13,session-1,dataset-primary4,1.0.0,rest,mendeley-S013-rest-R03,mendeley-S013-rest-R05,within_subject_same_session_same_class,0.8119894862174988,0.7370119776093608,0.3667547404766083,ALL14,train_only,SUPPORTED
13,session-1,dataset-primary4,1.0.0,rest,mendeley-S013-rest-R04,mendeley-S013-rest-R05,within_subject_same_session_same_class,0.8220474720001221,0.7602324326545767,0.3367629051208496,ALL14,train_only,SUPPORTED
13,session-1,dataset-primary4,1.0.0,wrist_extension,mendeley-S013-wrist_extension-R01,mendeley-S013-wrist_extension-R02,within_subject_same_session_same_class,0.9361327886581421,0.9118611280280864,0.2723558247089386,ALL14,train_only,SUPPORTED
13,session-1,dataset-primary4,1.0.0,wrist_extension,mendeley-S013-wrist_extension-R01,mendeley-S013-wrist_extension-R03,within_subject_same_session_same_class,0.8040083050727844,0.7281396087701532,0.5101190209388733,ALL14,train_only,SUPPORTED
13,session-1,dataset-primary4,1.0.0,wrist_extension,mendeley-S013-wrist_extension-R01,mendeley-S013-wrist_extension-R04,within_subject_same_session_same_class,0.8338525891304016,0.7698526879776002,0.5558915734291077,ALL14,train_only,SUPPORTED
13,session-1,dataset-primary4,1.0.0,wrist_extension,mendeley-S013-wrist_extension-R01,mendeley-S013-wrist_extension-R05,within_subject_same_session_same_class,0.9505537748336792,0.9325339612436931,0.2823682725429535,ALL14,train_only,SUPPORTED
13,session-1,dataset-primary4,1.0.0,wrist_extension,mendeley-S013-wrist_extension-R02,mendeley-S013-wrist_extension-R03,within_subject_same_session_same_class,0.8989673852920532,0.8579489493269443,0.3703523576259613,ALL14,train_only,SUPPORTED
13,session-1,dataset-primary4,1.0.0,wrist_extension,mendeley-S013-wrist_extension-R02,mendeley-S013-wrist_extension-R04,within_subject_same_session_same_class,0.876288115978241,0.8262841277946901,0.4960814416408539,ALL14,train_only,SUPPORTED
13,session-1,dataset-primary4,1.0.0,wrist_extension,mendeley-S013-wrist_extension-R02,mendeley-S013-wrist_extension-R05,within_subject_same_session_same_class,0.9587292075157166,0.9433642370763169,0.26496443152427673,ALL14,train_only,SUPPORTED
13,session-1,dataset-primary4,1.0.0,wrist_extension,mendeley-S013-wrist_extension-R03,mendeley-S013-wrist_extension-R04,within_subject_same_session_same_class,0.9263905882835388,0.8962430345955292,0.3849591612815857,ALL14,train_only,SUPPORTED
13,session-1,dataset-primary4,1.0.0,wrist_extension,mendeley-S013-wrist_extension-R03,mendeley-S013-wrist_extension-R05,within_subject_same_session_same_class,0.8774248957633972,0.8306429201000592,0.4285840690135956,ALL14,train_only,SUPPORTED
13,session-1,dataset-primary4,1.0.0,wrist_extension,mendeley-S013-wrist_extension-R04,mendeley-S013-wrist_extension-R05,within_subject_same_session_same_class,0.8840305209159851,0.8399402945722182,0.46727830171585083,ALL14,train_only,SUPPORTED
13,session-1,dataset-primary4,1.0.0,wrist_flexion,mendeley-S013-wrist_flexion-R01,mendeley-S013-wrist_flexion-R02,within_subject_same_session_same_class,0.8873026371002197,0.8000174152846037,0.38554272055625916,ALL14,train_only,SUPPORTED
13,session-1,dataset-primary4,1.0.0,wrist_flexion,mendeley-S013-wrist_flexion-R01,mendeley-S013-wrist_flexion-R03,within_subject_same_session_same_class,0.8429378867149353,0.74028460700566,0.4410416781902313,ALL14,train_only,SUPPORTED
13,session-1,dataset-primary4,1.0.0,wrist_flexion,mendeley-S013-wrist_flexion-R01,mendeley-S013-wrist_flexion-R04,within_subject_same_session_same_class,0.7299315929412842,0.6195299332412522,0.5589233040809631,ALL14,train_only,SUPPORTED
13,session-1,dataset-primary4,1.0.0,wrist_flexion,mendeley-S013-wrist_flexion-R01,mendeley-S013-wrist_flexion-R05,within_subject_same_session_same_class,0.8274020552635193,0.7429591394927341,0.4586827754974365,ALL14,train_only,SUPPORTED
13,session-1,dataset-primary4,1.0.0,wrist_flexion,mendeley-S013-wrist_flexion-R02,mendeley-S013-wrist_flexion-R03,within_subject_same_session_same_class,0.9004851579666138,0.8339392263346752,0.35113242268562317,ALL14,train_only,SUPPORTED
13,session-1,dataset-primary4,1.0.0,wrist_flexion,mendeley-S013-wrist_flexion-R02,mendeley-S013-wrist_flexion-R04,within_subject_same_session_same_class,0.8367347717285156,0.7872128622152671,0.44467893242836,ALL14,train_only,SUPPORTED
13,session-1,dataset-primary4,1.0.0,wrist_flexion,mendeley-S013-wrist_flexion-R02,mendeley-S013-wrist_flexion-R05,within_subject_same_session_same_class,0.8715823888778687,0.8159502264441344,0.3960877060890198,ALL14,train_only,SUPPORTED
13,session-1,dataset-primary4,1.0.0,wrist_flexion,mendeley-S013-wrist_flexion-R03,mendeley-S013-wrist_flexion-R04,within_subject_same_session_same_class,0.773273229598999,0.6851449657157368,0.46636784076690674,ALL14,train_only,SUPPORTED
13,session-1,dataset-primary4,1.0.0,wrist_flexion,mendeley-S013-wrist_flexion-R03,mendeley-S013-wrist_flexion-R05,within_subject_same_session_same_class,0.9863656759262085,0.9851578014538656,0.12331736087799072,ALL14,train_only,SUPPORTED
13,session-1,dataset-primary4,1.0.0,wrist_flexion,mendeley-S013-wrist_flexion-R04,mendeley-S013-wrist_flexion-R05,within_subject_same_session_same_class,0.7895896434783936,0.7141420076479925,0.43127575516700745,ALL14,train_only,SUPPORTED
14,session-1,dataset-primary4,1.0.0,hand_close,mendeley-S014-grip-R01,mendeley-S014-grip-R02,within_subject_same_session_same_class,0.8414552211761475,0.8520475150647521,0.2461564689874649,ALL14,train_only,SUPPORTED
14,session-1,dataset-primary4,1.0.0,hand_close,mendeley-S014-grip-R01,mendeley-S014-grip-R03,within_subject_same_session_same_class,0.8903581500053406,0.8878425831473786,0.19326330721378326,ALL14,train_only,SUPPORTED
14,session-1,dataset-primary4,1.0.0,hand_close,mendeley-S014-grip-R01,mendeley-S014-grip-R04,within_subject_same_session_same_class,0.8334351181983948,0.8548679872286374,0.24888987839221954,ALL14,train_only,SUPPORTED
14,session-1,dataset-primary4,1.0.0,hand_close,mendeley-S014-grip-R01,mendeley-S014-grip-R05,within_subject_same_session_same_class,0.9062175750732422,0.9041932688105109,0.18688228726387024,ALL14,train_only,SUPPORTED
14,session-1,dataset-primary4,1.0.0,hand_close,mendeley-S014-grip-R02,mendeley-S014-grip-R03,within_subject_same_session_same_class,0.7987801432609558,0.808575587520717,0.2708161473274231,ALL14,train_only,SUPPORTED
14,session-1,dataset-primary4,1.0.0,hand_close,mendeley-S014-grip-R02,mendeley-S014-grip-R04,within_subject_same_session_same_class,0.7511653900146484,0.7089272690905725,0.3121087849140167,ALL14,train_only,SUPPORTED
14,session-1,dataset-primary4,1.0.0,hand_close,mendeley-S014-grip-R02,mendeley-S014-grip-R05,within_subject_same_session_same_class,0.8502864241600037,0.8506385299709235,0.24208524823188782,ALL14,train_only,SUPPORTED
14,session-1,dataset-primary4,1.0.0,hand_close,mendeley-S014-grip-R03,mendeley-S014-grip-R04,within_subject_same_session_same_class,0.6669616103172302,0.673510865603213,0.34020787477493286,ALL14,train_only,SUPPORTED
14,session-1,dataset-primary4,1.0.0,hand_close,mendeley-S014-grip-R03,mendeley-S014-grip-R05,within_subject_same_session_same_class,0.9237247705459595,0.9230263364640937,0.16810725629329681,ALL14,train_only,SUPPORTED
14,session-1,dataset-primary4,1.0.0,hand_close,mendeley-S014-grip-R04,mendeley-S014-grip-R05,within_subject_same_session_same_class,0.7854078412055969,0.7866220307969133,0.2865152359008789,ALL14,train_only,SUPPORTED
14,session-1,dataset-primary4,1.0.0,rest,mendeley-S014-rest-R01,mendeley-S014-rest-R02,within_subject_same_session_same_class,0.8628844022750854,0.7970689695928701,0.21902777254581451,ALL14,train_only,SUPPORTED
14,session-1,dataset-primary4,1.0.0,rest,mendeley-S014-rest-R01,mendeley-S014-rest-R03,within_subject_same_session_same_class,0.7513833045959473,0.633501478168576,0.3195814788341522,ALL14,train_only,SUPPORTED
14,session-1,dataset-primary4,1.0.0,rest,mendeley-S014-rest-R01,mendeley-S014-rest-R04,within_subject_same_session_same_class,0.8743110299110413,0.8139914972001534,0.23529945313930511,ALL14,train_only,SUPPORTED
14,session-1,dataset-primary4,1.0.0,rest,mendeley-S014-rest-R01,mendeley-S014-rest-R05,within_subject_same_session_same_class,0.9526315927505493,0.9317601487027254,0.1314854770898819,ALL14,train_only,SUPPORTED
14,session-1,dataset-primary4,1.0.0,rest,mendeley-S014-rest-R02,mendeley-S014-rest-R03,within_subject_same_session_same_class,0.8726765513420105,0.8027514842318545,0.23087693750858307,ALL14,train_only,SUPPORTED
14,session-1,dataset-primary4,1.0.0,rest,mendeley-S014-rest-R02,mendeley-S014-rest-R04,within_subject_same_session_same_class,0.9780892729759216,0.9652736919615905,0.11941031366586685,ALL14,train_only,SUPPORTED
14,session-1,dataset-primary4,1.0.0,rest,mendeley-S014-rest-R02,mendeley-S014-rest-R05,within_subject_same_session_same_class,0.8629469275474548,0.7955901620047948,0.22055771946907043,ALL14,train_only,SUPPORTED
14,session-1,dataset-primary4,1.0.0,rest,mendeley-S014-rest-R03,mendeley-S014-rest-R04,within_subject_same_session_same_class,0.9093250632286072,0.8591247374843404,0.20423036813735962,ALL14,train_only,SUPPORTED
14,session-1,dataset-primary4,1.0.0,rest,mendeley-S014-rest-R03,mendeley-S014-rest-R05,within_subject_same_session_same_class,0.7383627891540527,0.612060581222785,0.32878753542900085,ALL14,train_only,SUPPORTED
14,session-1,dataset-primary4,1.0.0,rest,mendeley-S014-rest-R04,mendeley-S014-rest-R05,within_subject_same_session_same_class,0.8406935930252075,0.7613071695199064,0.26341545581817627,ALL14,train_only,SUPPORTED
14,session-1,dataset-primary4,1.0.0,wrist_extension,mendeley-S014-wrist_extension-R01,mendeley-S014-wrist_extension-R02,within_subject_same_session_same_class,0.9849345684051514,0.9808607715221854,0.17785976827144623,ALL14,train_only,SUPPORTED
14,session-1,dataset-primary4,1.0.0,wrist_extension,mendeley-S014-wrist_extension-R01,mendeley-S014-wrist_extension-R03,within_subject_same_session_same_class,0.9872616529464722,0.9834369472094201,0.1725999265909195,ALL14,train_only,SUPPORTED
14,session-1,dataset-primary4,1.0.0,wrist_extension,mendeley-S014-wrist_extension-R01,mendeley-S014-wrist_extension-R04,within_subject_same_session_same_class,0.9948988556861877,0.9933592548944715,0.11483248323202133,ALL14,train_only,SUPPORTED
14,session-1,dataset-primary4,1.0.0,wrist_extension,mendeley-S014-wrist_extension-R01,mendeley-S014-wrist_extension-R05,within_subject_same_session_same_class,0.9849280714988708,0.9811377565002747,0.18249906599521637,ALL14,train_only,SUPPORTED
14,session-1,dataset-primary4,1.0.0,wrist_extension,mendeley-S014-wrist_extension-R02,mendeley-S014-wrist_extension-R03,within_subject_same_session_same_class,0.976304829120636,0.9696992697825588,0.2333102822303772,ALL14,train_only,SUPPORTED
14,session-1,dataset-primary4,1.0.0,wrist_extension,mendeley-S014-wrist_extension-R02,mendeley-S014-wrist_extension-R04,within_subject_same_session_same_class,0.9790749549865723,0.9734467416936062,0.2079707384109497,ALL14,train_only,SUPPORTED
14,session-1,dataset-primary4,1.0.0,wrist_extension,mendeley-S014-wrist_extension-R02,mendeley-S014-wrist_extension-R05,within_subject_same_session_same_class,0.9672831296920776,0.9584671621202511,0.2581404149532318,ALL14,train_only,SUPPORTED
14,session-1,dataset-primary4,1.0.0,wrist_extension,mendeley-S014-wrist_extension-R03,mendeley-S014-wrist_extension-R04,within_subject_same_session_same_class,0.9797817468643188,0.9736736921504329,0.2267826497554779,ALL14,train_only,SUPPORTED
14,session-1,dataset-primary4,1.0.0,wrist_extension,mendeley-S014-wrist_extension-R03,mendeley-S014-wrist_extension-R05,within_subject_same_session_same_class,0.9688714742660522,0.9604575449792734,0.27278631925582886,ALL14,train_only,SUPPORTED
14,session-1,dataset-primary4,1.0.0,wrist_extension,mendeley-S014-wrist_extension-R04,mendeley-S014-wrist_extension-R05,within_subject_same_session_same_class,0.9913100004196167,0.9896220590517547,0.1282677948474884,ALL14,train_only,SUPPORTED
14,session-1,dataset-primary4,1.0.0,wrist_flexion,mendeley-S014-wrist_flexion-R01,mendeley-S014-wrist_flexion-R02,within_subject_same_session_same_class,0.9422646760940552,0.9258516337826828,0.15504470467567444,ALL14,train_only,SUPPORTED
14,session-1,dataset-primary4,1.0.0,wrist_flexion,mendeley-S014-wrist_flexion-R01,mendeley-S014-wrist_flexion-R03,within_subject_same_session_same_class,0.5402108430862427,0.4530900815083277,0.5903903245925903,ALL14,train_only,SUPPORTED
14,session-1,dataset-primary4,1.0.0,wrist_flexion,mendeley-S014-wrist_flexion-R01,mendeley-S014-wrist_flexion-R04,within_subject_same_session_same_class,0.5616529583930969,0.4273309340788192,0.4944233298301697,ALL14,train_only,SUPPORTED
14,session-1,dataset-primary4,1.0.0,wrist_flexion,mendeley-S014-wrist_flexion-R01,mendeley-S014-wrist_flexion-R05,within_subject_same_session_same_class,0.6414034962654114,0.5272155062909566,0.46210670471191406,ALL14,train_only,SUPPORTED
14,session-1,dataset-primary4,1.0.0,wrist_flexion,mendeley-S014-wrist_flexion-R02,mendeley-S014-wrist_flexion-R03,within_subject_same_session_same_class,0.563703715801239,0.4749881701093287,0.576884388923645,ALL14,train_only,SUPPORTED
14,session-1,dataset-primary4,1.0.0,wrist_flexion,mendeley-S014-wrist_flexion-R02,mendeley-S014-wrist_flexion-R04,within_subject_same_session_same_class,0.6264165639877319,0.49380277250506033,0.4573071300983429,ALL14,train_only,SUPPORTED
14,session-1,dataset-primary4,1.0.0,wrist_flexion,mendeley-S014-wrist_flexion-R02,mendeley-S014-wrist_flexion-R05,within_subject_same_session_same_class,0.6990867853164673,0.5869352721618869,0.4261552691459656,ALL14,train_only,SUPPORTED
14,session-1,dataset-primary4,1.0.0,wrist_flexion,mendeley-S014-wrist_flexion-R03,mendeley-S014-wrist_flexion-R04,within_subject_same_session_same_class,0.9248687028884888,0.9235654726490873,0.2726784646511078,ALL14,train_only,SUPPORTED
14,session-1,dataset-primary4,1.0.0,wrist_flexion,mendeley-S014-wrist_flexion-R03,mendeley-S014-wrist_flexion-R05,within_subject_same_session_same_class,0.9202371835708618,0.9212395090369345,0.27555611729621887,ALL14,train_only,SUPPORTED
14,session-1,dataset-primary4,1.0.0,wrist_flexion,mendeley-S014-wrist_flexion-R04,mendeley-S014-wrist_flexion-R05,within_subject_same_session_same_class,0.9826474189758301,0.9768446182474848,0.11047055572271347,ALL14,train_only,SUPPORTED
15,session-1,dataset-primary4,1.0.0,hand_close,mendeley-S015-grip-R01,mendeley-S015-grip-R02,within_subject_same_session_same_class,0.5011368989944458,0.5802323529283678,2.591554880142212,ALL14,train_only,SUPPORTED
15,session-1,dataset-primary4,1.0.0,hand_close,mendeley-S015-grip-R01,mendeley-S015-grip-R03,within_subject_same_session_same_class,0.0435112789273262,0.20273977867600687,2.9708094596862793,ALL14,train_only,SUPPORTED
15,session-1,dataset-primary4,1.0.0,hand_close,mendeley-S015-grip-R01,mendeley-S015-grip-R04,within_subject_same_session_same_class,0.16277268528938293,0.35461451601558963,2.9127399921417236,ALL14,train_only,SUPPORTED
15,session-1,dataset-primary4,1.0.0,hand_close,mendeley-S015-grip-R01,mendeley-S015-grip-R05,within_subject_same_session_same_class,0.04410097748041153,0.22283323403259228,2.983102321624756,ALL14,train_only,SUPPORTED
15,session-1,dataset-primary4,1.0.0,hand_close,mendeley-S015-grip-R02,mendeley-S015-grip-R03,within_subject_same_session_same_class,0.4415847659111023,0.3498688508312761,0.9113980531692505,ALL14,train_only,SUPPORTED
15,session-1,dataset-primary4,1.0.0,hand_close,mendeley-S015-grip-R02,mendeley-S015-grip-R04,within_subject_same_session_same_class,0.5318096876144409,0.47286814885267114,0.865871787071228,ALL14,train_only,SUPPORTED
15,session-1,dataset-primary4,1.0.0,hand_close,mendeley-S015-grip-R02,mendeley-S015-grip-R05,within_subject_same_session_same_class,0.46524274349212646,0.38538087857078857,0.9069927334785461,ALL14,train_only,SUPPORTED
15,session-1,dataset-primary4,1.0.0,hand_close,mendeley-S015-grip-R03,mendeley-S015-grip-R04,within_subject_same_session_same_class,0.9087696671485901,0.8424518538855584,0.2867818772792816,ALL14,train_only,SUPPORTED
15,session-1,dataset-primary4,1.0.0,hand_close,mendeley-S015-grip-R03,mendeley-S015-grip-R05,within_subject_same_session_same_class,0.9444108009338379,0.9001023986842213,0.2086106687784195,ALL14,train_only,SUPPORTED
15,session-1,dataset-primary4,1.0.0,hand_close,mendeley-S015-grip-R04,mendeley-S015-grip-R05,within_subject_same_session_same_class,0.9339412450790405,0.8845665435962817,0.23762626945972443,ALL14,train_only,SUPPORTED
15,session-1,dataset-primary4,1.0.0,rest,mendeley-S015-rest-R01,mendeley-S015-rest-R02,within_subject_same_session_same_class,0.729596734046936,0.6361228987306575,0.5349348783493042,ALL14,train_only,SUPPORTED
15,session-1,dataset-primary4,1.0.0,rest,mendeley-S015-rest-R01,mendeley-S015-rest-R03,within_subject_same_session_same_class,0.6113314032554626,0.46577723551382116,0.6400757431983948,ALL14,train_only,SUPPORTED
15,session-1,dataset-primary4,1.0.0,rest,mendeley-S015-rest-R01,mendeley-S015-rest-R04,within_subject_same_session_same_class,0.4448193311691284,0.3179316997676917,0.7491100430488586,ALL14,train_only,SUPPORTED
15,session-1,dataset-primary4,1.0.0,rest,mendeley-S015-rest-R01,mendeley-S015-rest-R05,within_subject_same_session_same_class,0.4680279791355133,0.2910178946145195,0.7509129047393799,ALL14,train_only,SUPPORTED
15,session-1,dataset-primary4,1.0.0,rest,mendeley-S015-rest-R02,mendeley-S015-rest-R03,within_subject_same_session_same_class,0.8326407074928284,0.7542926858286999,0.44950157403945923,ALL14,train_only,SUPPORTED
15,session-1,dataset-primary4,1.0.0,rest,mendeley-S015-rest-R02,mendeley-S015-rest-R04,within_subject_same_session_same_class,0.7618066668510437,0.710367613398013,0.5305060744285583,ALL14,train_only,SUPPORTED
15,session-1,dataset-primary4,1.0.0,rest,mendeley-S015-rest-R02,mendeley-S015-rest-R05,within_subject_same_session_same_class,0.8275318741798401,0.7583073880085923,0.45956018567085266,ALL14,train_only,SUPPORTED
15,session-1,dataset-primary4,1.0.0,rest,mendeley-S015-rest-R03,mendeley-S015-rest-R04,within_subject_same_session_same_class,0.7080228328704834,0.6408576300577181,0.5902575254440308,ALL14,train_only,SUPPORTED
15,session-1,dataset-primary4,1.0.0,rest,mendeley-S015-rest-R03,mendeley-S015-rest-R05,within_subject_same_session_same_class,0.8946324586868286,0.8514967533086848,0.360774964094162,ALL14,train_only,SUPPORTED
15,session-1,dataset-primary4,1.0.0,rest,mendeley-S015-rest-R04,mendeley-S015-rest-R05,within_subject_same_session_same_class,0.7591325640678406,0.7061929117198673,0.5400642156600952,ALL14,train_only,SUPPORTED
15,session-1,dataset-primary4,1.0.0,wrist_extension,mendeley-S015-wrist_extension-R01,mendeley-S015-wrist_extension-R02,within_subject_same_session_same_class,0.6921349167823792,0.6510490200444728,0.9367254972457886,ALL14,train_only,SUPPORTED
15,session-1,dataset-primary4,1.0.0,wrist_extension,mendeley-S015-wrist_extension-R01,mendeley-S015-wrist_extension-R03,within_subject_same_session_same_class,0.24649442732334137,0.12400019877338943,0.690858781337738,ALL14,train_only,SUPPORTED
15,session-1,dataset-primary4,1.0.0,wrist_extension,mendeley-S015-wrist_extension-R01,mendeley-S015-wrist_extension-R04,within_subject_same_session_same_class,0.46502000093460083,0.393389376268673,0.5711356997489929,ALL14,train_only,SUPPORTED
15,session-1,dataset-primary4,1.0.0,wrist_extension,mendeley-S015-wrist_extension-R01,mendeley-S015-wrist_extension-R05,within_subject_same_session_same_class,0.18442533910274506,0.019967286006129494,0.8546363711357117,ALL14,train_only,SUPPORTED
15,session-1,dataset-primary4,1.0.0,wrist_extension,mendeley-S015-wrist_extension-R02,mendeley-S015-wrist_extension-R03,within_subject_same_session_same_class,0.5639942288398743,0.48198292719787333,1.0258334875106812,ALL14,train_only,SUPPORTED
15,session-1,dataset-primary4,1.0.0,wrist_extension,mendeley-S015-wrist_extension-R02,mendeley-S015-wrist_extension-R04,within_subject_same_session_same_class,0.4906836748123169,0.410921003085776,1.0755246877670288,ALL14,train_only,SUPPORTED
15,session-1,dataset-primary4,1.0.0,wrist_extension,mendeley-S015-wrist_extension-R02,mendeley-S015-wrist_extension-R05,within_subject_same_session_same_class,0.2240661084651947,0.04047269649327336,1.293941855430603,ALL14,train_only,SUPPORTED
15,session-1,dataset-primary4,1.0.0,wrist_extension,mendeley-S015-wrist_extension-R03,mendeley-S015-wrist_extension-R04,within_subject_same_session_same_class,0.7153518795967102,0.6637231963650075,0.4195314347743988,ALL14,train_only,SUPPORTED
15,session-1,dataset-primary4,1.0.0,wrist_extension,mendeley-S015-wrist_extension-R03,mendeley-S015-wrist_extension-R05,within_subject_same_session_same_class,0.7351256012916565,0.6620348557141963,0.5136144161224365,ALL14,train_only,SUPPORTED
15,session-1,dataset-primary4,1.0.0,wrist_extension,mendeley-S015-wrist_extension-R04,mendeley-S015-wrist_extension-R05,within_subject_same_session_same_class,0.6732373833656311,0.6075078339342014,0.5611861348152161,ALL14,train_only,SUPPORTED
15,session-1,dataset-primary4,1.0.0,wrist_flexion,mendeley-S015-wrist_flexion-R01,mendeley-S015-wrist_flexion-R02,within_subject_same_session_same_class,0.8504523634910583,0.7649569626730184,0.48790112137794495,ALL14,train_only,SUPPORTED
15,session-1,dataset-primary4,1.0.0,wrist_flexion,mendeley-S015-wrist_flexion-R01,mendeley-S015-wrist_flexion-R03,within_subject_same_session_same_class,0.6470922827720642,0.46314491729958057,0.6923828125,ALL14,train_only,SUPPORTED
15,session-1,dataset-primary4,1.0.0,wrist_flexion,mendeley-S015-wrist_flexion-R01,mendeley-S015-wrist_flexion-R04,within_subject_same_session_same_class,0.6894364953041077,0.5345766219563457,0.6554763913154602,ALL14,train_only,SUPPORTED
15,session-1,dataset-primary4,1.0.0,wrist_flexion,mendeley-S015-wrist_flexion-R01,mendeley-S015-wrist_flexion-R05,within_subject_same_session_same_class,0.7740145325660706,0.6756850328118318,0.5734413862228394,ALL14,train_only,SUPPORTED
15,session-1,dataset-primary4,1.0.0,wrist_flexion,mendeley-S015-wrist_flexion-R02,mendeley-S015-wrist_flexion-R03,within_subject_same_session_same_class,0.8714075684547424,0.7929796222732061,0.3285779356956482,ALL14,train_only,SUPPORTED
15,session-1,dataset-primary4,1.0.0,wrist_flexion,mendeley-S015-wrist_flexion-R02,mendeley-S015-wrist_flexion-R04,within_subject_same_session_same_class,0.8788114786148071,0.8120110507553358,0.3156713545322418,ALL14,train_only,SUPPORTED
15,session-1,dataset-primary4,1.0.0,wrist_flexion,mendeley-S015-wrist_flexion-R02,mendeley-S015-wrist_flexion-R05,within_subject_same_session_same_class,0.8315922617912292,0.7562806347849641,0.38550567626953125,ALL14,train_only,SUPPORTED
15,session-1,dataset-primary4,1.0.0,wrist_flexion,mendeley-S015-wrist_flexion-R03,mendeley-S015-wrist_flexion-R04,within_subject_same_session_same_class,0.8433207869529724,0.7621131528549362,0.32188084721565247,ALL14,train_only,SUPPORTED
15,session-1,dataset-primary4,1.0.0,wrist_flexion,mendeley-S015-wrist_flexion-R03,mendeley-S015-wrist_flexion-R05,within_subject_same_session_same_class,0.6955346465110779,0.5578157575049891,0.4831200838088989,ALL14,train_only,SUPPORTED
15,session-1,dataset-primary4,1.0.0,wrist_flexion,mendeley-S015-wrist_flexion-R04,mendeley-S015-wrist_flexion-R05,within_subject_same_session_same_class,0.699188768863678,0.5678744005134378,0.4951334297657013,ALL14,train_only,SUPPORTED
16,session-1,dataset-primary4,1.0.0,hand_close,mendeley-S016-grip-R01,mendeley-S016-grip-R02,within_subject_same_session_same_class,0.7694671154022217,0.7649567540574653,0.39982983469963074,ALL14,train_only,SUPPORTED
16,session-1,dataset-primary4,1.0.0,hand_close,mendeley-S016-grip-R01,mendeley-S016-grip-R03,within_subject_same_session_same_class,0.7490280866622925,0.7635495871852049,0.40999722480773926,ALL14,train_only,SUPPORTED
16,session-1,dataset-primary4,1.0.0,hand_close,mendeley-S016-grip-R01,mendeley-S016-grip-R04,within_subject_same_session_same_class,0.8869199156761169,0.8863234610012178,0.2817985415458679,ALL14,train_only,SUPPORTED
16,session-1,dataset-primary4,1.0.0,hand_close,mendeley-S016-grip-R01,mendeley-S016-grip-R05,within_subject_same_session_same_class,0.6703476309776306,0.691288916277583,0.4878692328929901,ALL14,train_only,SUPPORTED
16,session-1,dataset-primary4,1.0.0,hand_close,mendeley-S016-grip-R02,mendeley-S016-grip-R03,within_subject_same_session_same_class,0.9259696006774902,0.9271213310148887,0.21623031795024872,ALL14,train_only,SUPPORTED
16,session-1,dataset-primary4,1.0.0,hand_close,mendeley-S016-grip-R02,mendeley-S016-grip-R04,within_subject_same_session_same_class,0.867154061794281,0.861646184738286,0.29612448811531067,ALL14,train_only,SUPPORTED
16,session-1,dataset-primary4,1.0.0,hand_close,mendeley-S016-grip-R02,mendeley-S016-grip-R05,within_subject_same_session_same_class,0.8189034461975098,0.82188895831768,0.3530011773109436,ALL14,train_only,SUPPORTED
16,session-1,dataset-primary4,1.0.0,hand_close,mendeley-S016-grip-R03,mendeley-S016-grip-R04,within_subject_same_session_same_class,0.9222837090492249,0.9262545442707912,0.22346121072769165,ALL14,train_only,SUPPORTED
16,session-1,dataset-primary4,1.0.0,hand_close,mendeley-S016-grip-R03,mendeley-S016-grip-R05,within_subject_same_session_same_class,0.9303770661354065,0.9304847000430131,0.2198428362607956,ALL14,train_only,SUPPORTED
16,session-1,dataset-primary4,1.0.0,hand_close,mendeley-S016-grip-R04,mendeley-S016-grip-R05,within_subject_same_session_same_class,0.8836228251457214,0.8921068717530959,0.2844242751598358,ALL14,train_only,SUPPORTED
16,session-1,dataset-primary4,1.0.0,rest,mendeley-S016-rest-R01,mendeley-S016-rest-R02,within_subject_same_session_same_class,0.7317136526107788,0.7174142492717069,0.4603068232536316,ALL14,train_only,SUPPORTED
16,session-1,dataset-primary4,1.0.0,rest,mendeley-S016-rest-R01,mendeley-S016-rest-R03,within_subject_same_session_same_class,0.769323468208313,0.7460269236167625,0.40402138233184814,ALL14,train_only,SUPPORTED
16,session-1,dataset-primary4,1.0.0,rest,mendeley-S016-rest-R01,mendeley-S016-rest-R04,within_subject_same_session_same_class,0.7099258303642273,0.7030268766921176,0.47160694003105164,ALL14,train_only,SUPPORTED
16,session-1,dataset-primary4,1.0.0,rest,mendeley-S016-rest-R01,mendeley-S016-rest-R05,within_subject_same_session_same_class,0.7679844498634338,0.7405390376333656,0.4492000937461853,ALL14,train_only,SUPPORTED
16,session-1,dataset-primary4,1.0.0,rest,mendeley-S016-rest-R02,mendeley-S016-rest-R03,within_subject_same_session_same_class,0.6288014054298401,0.5884469331211364,0.5285123586654663,ALL14,train_only,SUPPORTED
16,session-1,dataset-primary4,1.0.0,rest,mendeley-S016-rest-R02,mendeley-S016-rest-R04,within_subject_same_session_same_class,0.8417605757713318,0.745465603851856,0.3577177822589874,ALL14,train_only,SUPPORTED
16,session-1,dataset-primary4,1.0.0,rest,mendeley-S016-rest-R02,mendeley-S016-rest-R05,within_subject_same_session_same_class,0.704703152179718,0.6108675553827565,0.5141425728797913,ALL14,train_only,SUPPORTED
16,session-1,dataset-primary4,1.0.0,rest,mendeley-S016-rest-R03,mendeley-S016-rest-R04,within_subject_same_session_same_class,0.605504035949707,0.5662965708232932,0.5358976125717163,ALL14,train_only,SUPPORTED
16,session-1,dataset-primary4,1.0.0,rest,mendeley-S016-rest-R03,mendeley-S016-rest-R05,within_subject_same_session_same_class,0.7067465782165527,0.671564615263211,0.4958608150482178,ALL14,train_only,SUPPORTED
16,session-1,dataset-primary4,1.0.0,rest,mendeley-S016-rest-R04,mendeley-S016-rest-R05,within_subject_same_session_same_class,0.8034045100212097,0.7541493838812675,0.4172135591506958,ALL14,train_only,SUPPORTED
16,session-1,dataset-primary4,1.0.0,wrist_extension,mendeley-S016-wrist_extension-R01,mendeley-S016-wrist_extension-R02,within_subject_same_session_same_class,0.9267745018005371,0.9167305920889951,0.30982378125190735,ALL14,train_only,SUPPORTED
16,session-1,dataset-primary4,1.0.0,wrist_extension,mendeley-S016-wrist_extension-R01,mendeley-S016-wrist_extension-R03,within_subject_same_session_same_class,0.9146122932434082,0.8994266132894866,0.36380159854888916,ALL14,train_only,SUPPORTED
16,session-1,dataset-primary4,1.0.0,wrist_extension,mendeley-S016-wrist_extension-R01,mendeley-S016-wrist_extension-R04,within_subject_same_session_same_class,0.9181351065635681,0.9050849877544183,0.46043455600738525,ALL14,train_only,SUPPORTED
16,session-1,dataset-primary4,1.0.0,wrist_extension,mendeley-S016-wrist_extension-R01,mendeley-S016-wrist_extension-R05,within_subject_same_session_same_class,0.899256706237793,0.8853753988161469,0.49595576524734497,ALL14,train_only,SUPPORTED
16,session-1,dataset-primary4,1.0.0,wrist_extension,mendeley-S016-wrist_extension-R02,mendeley-S016-wrist_extension-R03,within_subject_same_session_same_class,0.9599815011024475,0.9479997554446049,0.2470463067293167,ALL14,train_only,SUPPORTED
16,session-1,dataset-primary4,1.0.0,wrist_extension,mendeley-S016-wrist_extension-R02,mendeley-S016-wrist_extension-R04,within_subject_same_session_same_class,0.9553722739219666,0.9409112899045317,0.34219568967819214,ALL14,train_only,SUPPORTED
16,session-1,dataset-primary4,1.0.0,wrist_extension,mendeley-S016-wrist_extension-R02,mendeley-S016-wrist_extension-R05,within_subject_same_session_same_class,0.9587459564208984,0.9446784530712826,0.3395214378833771,ALL14,train_only,SUPPORTED
16,session-1,dataset-primary4,1.0.0,wrist_extension,mendeley-S016-wrist_extension-R03,mendeley-S016-wrist_extension-R04,within_subject_same_session_same_class,0.9695809483528137,0.9605235005873733,0.2761053442955017,ALL14,train_only,SUPPORTED
16,session-1,dataset-primary4,1.0.0,wrist_extension,mendeley-S016-wrist_extension-R03,mendeley-S016-wrist_extension-R05,within_subject_same_session_same_class,0.9510391354560852,0.9369059826280949,0.3356483280658722,ALL14,train_only,SUPPORTED
16,session-1,dataset-primary4,1.0.0,wrist_extension,mendeley-S016-wrist_extension-R04,mendeley-S016-wrist_extension-R05,within_subject_same_session_same_class,0.9823951125144958,0.9773647657740699,0.1931777000427246,ALL14,train_only,SUPPORTED
16,session-1,dataset-primary4,1.0.0,wrist_flexion,mendeley-S016-wrist_flexion-R01,mendeley-S016-wrist_flexion-R02,within_subject_same_session_same_class,0.8597152233123779,0.8111332559364958,0.2891204059123993,ALL14,train_only,SUPPORTED
16,session-1,dataset-primary4,1.0.0,wrist_flexion,mendeley-S016-wrist_flexion-R01,mendeley-S016-wrist_flexion-R03,within_subject_same_session_same_class,0.5329756736755371,0.44654219736035755,0.6009070873260498,ALL14,train_only,SUPPORTED
16,session-1,dataset-primary4,1.0.0,wrist_flexion,mendeley-S016-wrist_flexion-R01,mendeley-S016-wrist_flexion-R04,within_subject_same_session_same_class,0.24474917352199554,0.20002029868965415,0.755975067615509,ALL14,train_only,SUPPORTED
16,session-1,dataset-primary4,1.0.0,wrist_flexion,mendeley-S016-wrist_flexion-R01,mendeley-S016-wrist_flexion-R05,within_subject_same_session_same_class,0.4469982087612152,0.3822756095306565,0.6175276041030884,ALL14,train_only,SUPPORTED
16,session-1,dataset-primary4,1.0.0,wrist_flexion,mendeley-S016-wrist_flexion-R02,mendeley-S016-wrist_flexion-R03,within_subject_same_session_same_class,0.47664427757263184,0.3843886079578435,0.6142394542694092,ALL14,train_only,SUPPORTED
16,session-1,dataset-primary4,1.0.0,wrist_flexion,mendeley-S016-wrist_flexion-R02,mendeley-S016-wrist_flexion-R04,within_subject_same_session_same_class,0.5085245370864868,0.5081670579329768,0.5925169587135315,ALL14,train_only,SUPPORTED
16,session-1,dataset-primary4,1.0.0,wrist_flexion,mendeley-S016-wrist_flexion-R02,mendeley-S016-wrist_flexion-R05,within_subject_same_session_same_class,0.6447811126708984,0.6180304179826973,0.4779447317123413,ALL14,train_only,SUPPORTED
16,session-1,dataset-primary4,1.0.0,wrist_flexion,mendeley-S016-wrist_flexion-R03,mendeley-S016-wrist_flexion-R04,within_subject_same_session_same_class,0.5725952982902527,0.5617879139526947,0.612410843372345,ALL14,train_only,SUPPORTED
16,session-1,dataset-primary4,1.0.0,wrist_flexion,mendeley-S016-wrist_flexion-R03,mendeley-S016-wrist_flexion-R05,within_subject_same_session_same_class,0.5647982358932495,0.5274841447432822,0.5959557294845581,ALL14,train_only,SUPPORTED
16,session-1,dataset-primary4,1.0.0,wrist_flexion,mendeley-S016-wrist_flexion-R04,mendeley-S016-wrist_flexion-R05,within_subject_same_session_same_class,0.9295973181724548,0.9328635667366806,0.24309946596622467,ALL14,train_only,SUPPORTED
17,session-1,dataset-primary4,1.0.0,hand_close,mendeley-S017-grip-R01,mendeley-S017-grip-R02,within_subject_same_session_same_class,0.5491195917129517,0.5442854542235364,1.3416295051574707,ALL14,train_only,SUPPORTED
17,session-1,dataset-primary4,1.0.0,hand_close,mendeley-S017-grip-R01,mendeley-S017-grip-R03,within_subject_same_session_same_class,0.6335510611534119,0.6286205162383313,1.2014182806015015,ALL14,train_only,SUPPORTED
17,session-1,dataset-primary4,1.0.0,hand_close,mendeley-S017-grip-R01,mendeley-S017-grip-R04,within_subject_same_session_same_class,0.587449312210083,0.5991184892473526,1.2544420957565308,ALL14,train_only,SUPPORTED
17,session-1,dataset-primary4,1.0.0,hand_close,mendeley-S017-grip-R01,mendeley-S017-grip-R05,within_subject_same_session_same_class,0.77958744764328,0.8084329120179546,1.039611577987671,ALL14,train_only,SUPPORTED
17,session-1,dataset-primary4,1.0.0,hand_close,mendeley-S017-grip-R02,mendeley-S017-grip-R03,within_subject_same_session_same_class,0.655682384967804,0.6512614003796757,0.9444793462753296,ALL14,train_only,SUPPORTED
17,session-1,dataset-primary4,1.0.0,hand_close,mendeley-S017-grip-R02,mendeley-S017-grip-R04,within_subject_same_session_same_class,0.7021364569664001,0.7146875414579177,0.8578163981437683,ALL14,train_only,SUPPORTED
17,session-1,dataset-primary4,1.0.0,hand_close,mendeley-S017-grip-R02,mendeley-S017-grip-R05,within_subject_same_session_same_class,0.6411001086235046,0.667605229110247,0.9234464168548584,ALL14,train_only,SUPPORTED
17,session-1,dataset-primary4,1.0.0,hand_close,mendeley-S017-grip-R03,mendeley-S017-grip-R04,within_subject_same_session_same_class,0.6885902285575867,0.7151468929236013,0.7877671718597412,ALL14,train_only,SUPPORTED
17,session-1,dataset-primary4,1.0.0,hand_close,mendeley-S017-grip-R03,mendeley-S017-grip-R05,within_subject_same_session_same_class,0.6495031714439392,0.6968112529934685,0.8153010010719299,ALL14,train_only,SUPPORTED
17,session-1,dataset-primary4,1.0.0,hand_close,mendeley-S017-grip-R04,mendeley-S017-grip-R05,within_subject_same_session_same_class,0.7527565360069275,0.7527271001248158,0.6215605139732361,ALL14,train_only,SUPPORTED
17,session-1,dataset-primary4,1.0.0,rest,mendeley-S017-rest-R01,mendeley-S017-rest-R02,within_subject_same_session_same_class,0.6254437565803528,0.6119557468059996,0.5854229927062988,ALL14,train_only,SUPPORTED
17,session-1,dataset-primary4,1.0.0,rest,mendeley-S017-rest-R01,mendeley-S017-rest-R03,within_subject_same_session_same_class,0.7020648717880249,0.687561127608048,0.5396229028701782,ALL14,train_only,SUPPORTED
17,session-1,dataset-primary4,1.0.0,rest,mendeley-S017-rest-R01,mendeley-S017-rest-R04,within_subject_same_session_same_class,0.7906114459037781,0.785275709605999,0.4172326922416687,ALL14,train_only,SUPPORTED
17,session-1,dataset-primary4,1.0.0,rest,mendeley-S017-rest-R01,mendeley-S017-rest-R05,within_subject_same_session_same_class,0.6858382821083069,0.7132108929822859,0.555692195892334,ALL14,train_only,SUPPORTED
17,session-1,dataset-primary4,1.0.0,rest,mendeley-S017-rest-R02,mendeley-S017-rest-R03,within_subject_same_session_same_class,0.41490811109542847,0.3875125521295212,0.750495195388794,ALL14,train_only,SUPPORTED
17,session-1,dataset-primary4,1.0.0,rest,mendeley-S017-rest-R02,mendeley-S017-rest-R04,within_subject_same_session_same_class,0.497638076543808,0.48418736870470047,0.6199073791503906,ALL14,train_only,SUPPORTED
17,session-1,dataset-primary4,1.0.0,rest,mendeley-S017-rest-R02,mendeley-S017-rest-R05,within_subject_same_session_same_class,0.12261033803224564,0.13614118063051356,0.9210201501846313,ALL14,train_only,SUPPORTED
17,session-1,dataset-primary4,1.0.0,rest,mendeley-S017-rest-R03,mendeley-S017-rest-R04,within_subject_same_session_same_class,0.5730563998222351,0.5596957919366014,0.6014622449874878,ALL14,train_only,SUPPORTED
17,session-1,dataset-primary4,1.0.0,rest,mendeley-S017-rest-R03,mendeley-S017-rest-R05,within_subject_same_session_same_class,0.5243673324584961,0.5617781203437453,0.6987208127975464,ALL14,train_only,SUPPORTED
17,session-1,dataset-primary4,1.0.0,rest,mendeley-S017-rest-R04,mendeley-S017-rest-R05,within_subject_same_session_same_class,0.7416831851005554,0.7607894964695076,0.4819338023662567,ALL14,train_only,SUPPORTED
17,session-1,dataset-primary4,1.0.0,wrist_extension,mendeley-S017-wrist_extension-R01,mendeley-S017-wrist_extension-R02,within_subject_same_session_same_class,0.9722033739089966,0.9634665791344765,0.6407006978988647,ALL14,train_only,SUPPORTED
17,session-1,dataset-primary4,1.0.0,wrist_extension,mendeley-S017-wrist_extension-R01,mendeley-S017-wrist_extension-R03,within_subject_same_session_same_class,0.9656158685684204,0.9553935890340565,0.6576809883117676,ALL14,train_only,SUPPORTED
17,session-1,dataset-primary4,1.0.0,wrist_extension,mendeley-S017-wrist_extension-R01,mendeley-S017-wrist_extension-R04,within_subject_same_session_same_class,0.9767323136329651,0.9693976321691933,0.5407332181930542,ALL14,train_only,SUPPORTED
17,session-1,dataset-primary4,1.0.0,wrist_extension,mendeley-S017-wrist_extension-R01,mendeley-S017-wrist_extension-R05,within_subject_same_session_same_class,0.9829646348953247,0.9770224328855693,0.4393002390861511,ALL14,train_only,SUPPORTED
17,session-1,dataset-primary4,1.0.0,wrist_extension,mendeley-S017-wrist_extension-R02,mendeley-S017-wrist_extension-R03,within_subject_same_session_same_class,0.9710896015167236,0.9624035387298084,0.4519275426864624,ALL14,train_only,SUPPORTED
17,session-1,dataset-primary4,1.0.0,wrist_extension,mendeley-S017-wrist_extension-R02,mendeley-S017-wrist_extension-R04,within_subject_same_session_same_class,0.9831290245056152,0.9778702191099549,0.37431231141090393,ALL14,train_only,SUPPORTED
17,session-1,dataset-primary4,1.0.0,wrist_extension,mendeley-S017-wrist_extension-R02,mendeley-S017-wrist_extension-R05,within_subject_same_session_same_class,0.9820977449417114,0.9773393700180213,0.443560928106308,ALL14,train_only,SUPPORTED
17,session-1,dataset-primary4,1.0.0,wrist_extension,mendeley-S017-wrist_extension-R03,mendeley-S017-wrist_extension-R04,within_subject_same_session_same_class,0.9875256419181824,0.9838293822656825,0.3157842755317688,ALL14,train_only,SUPPORTED
17,session-1,dataset-primary4,1.0.0,wrist_extension,mendeley-S017-wrist_extension-R03,mendeley-S017-wrist_extension-R05,within_subject_same_session_same_class,0.9818586111068726,0.9778758896513627,0.42431554198265076,ALL14,train_only,SUPPORTED
17,session-1,dataset-primary4,1.0.0,wrist_extension,mendeley-S017-wrist_extension-R04,mendeley-S017-wrist_extension-R05,within_subject_same_session_same_class,0.9899815917015076,0.9878318957675388,0.3079661726951599,ALL14,train_only,SUPPORTED
17,session-1,dataset-primary4,1.0.0,wrist_flexion,mendeley-S017-wrist_flexion-R01,mendeley-S017-wrist_flexion-R02,within_subject_same_session_same_class,0.6509630084037781,0.6312925632823349,0.6007634401321411,ALL14,train_only,SUPPORTED
17,session-1,dataset-primary4,1.0.0,wrist_flexion,mendeley-S017-wrist_flexion-R01,mendeley-S017-wrist_flexion-R03,within_subject_same_session_same_class,0.8709366917610168,0.8656442226730607,0.31147637963294983,ALL14,train_only,SUPPORTED
17,session-1,dataset-primary4,1.0.0,wrist_flexion,mendeley-S017-wrist_flexion-R01,mendeley-S017-wrist_flexion-R04,within_subject_same_session_same_class,0.8734276294708252,0.8676745534837308,0.42090386152267456,ALL14,train_only,SUPPORTED
17,session-1,dataset-primary4,1.0.0,wrist_flexion,mendeley-S017-wrist_flexion-R01,mendeley-S017-wrist_flexion-R05,within_subject_same_session_same_class,0.8432067036628723,0.8332225394365775,0.5401200652122498,ALL14,train_only,SUPPORTED
17,session-1,dataset-primary4,1.0.0,wrist_flexion,mendeley-S017-wrist_flexion-R02,mendeley-S017-wrist_flexion-R03,within_subject_same_session_same_class,0.7790318131446838,0.7693903403028146,0.4961455166339874,ALL14,train_only,SUPPORTED
17,session-1,dataset-primary4,1.0.0,wrist_flexion,mendeley-S017-wrist_flexion-R02,mendeley-S017-wrist_flexion-R04,within_subject_same_session_same_class,0.7865538001060486,0.7766368825017741,0.5133211612701416,ALL14,train_only,SUPPORTED
17,session-1,dataset-primary4,1.0.0,wrist_flexion,mendeley-S017-wrist_flexion-R02,mendeley-S017-wrist_flexion-R05,within_subject_same_session_same_class,0.8094971776008606,0.7982941316151633,0.5272315144538879,ALL14,train_only,SUPPORTED
17,session-1,dataset-primary4,1.0.0,wrist_flexion,mendeley-S017-wrist_flexion-R03,mendeley-S017-wrist_flexion-R04,within_subject_same_session_same_class,0.9097259640693665,0.9060927655588374,0.33416077494621277,ALL14,train_only,SUPPORTED
17,session-1,dataset-primary4,1.0.0,wrist_flexion,mendeley-S017-wrist_flexion-R03,mendeley-S017-wrist_flexion-R05,within_subject_same_session_same_class,0.8569080233573914,0.8512748257275365,0.4783497154712677,ALL14,train_only,SUPPORTED
17,session-1,dataset-primary4,1.0.0,wrist_flexion,mendeley-S017-wrist_flexion-R04,mendeley-S017-wrist_flexion-R05,within_subject_same_session_same_class,0.9521810412406921,0.9511075483402618,0.28013160824775696,ALL14,train_only,SUPPORTED
18,session-1,dataset-primary4,1.0.0,hand_close,mendeley-S018-grip-R01,mendeley-S018-grip-R02,within_subject_same_session_same_class,0.8948559761047363,0.9081114646535552,0.27958181500434875,ALL14,train_only,SUPPORTED
18,session-1,dataset-primary4,1.0.0,hand_close,mendeley-S018-grip-R01,mendeley-S018-grip-R03,within_subject_same_session_same_class,0.6058878898620605,0.6523277559295708,0.48243820667266846,ALL14,train_only,SUPPORTED
18,session-1,dataset-primary4,1.0.0,hand_close,mendeley-S018-grip-R01,mendeley-S018-grip-R04,within_subject_same_session_same_class,0.8421422839164734,0.8468337464458054,0.3708541691303253,ALL14,train_only,SUPPORTED
18,session-1,dataset-primary4,1.0.0,hand_close,mendeley-S018-grip-R01,mendeley-S018-grip-R05,within_subject_same_session_same_class,0.7536946535110474,0.7915162465302751,0.4193727672100067,ALL14,train_only,SUPPORTED
18,session-1,dataset-primary4,1.0.0,hand_close,mendeley-S018-grip-R02,mendeley-S018-grip-R03,within_subject_same_session_same_class,0.7714799046516418,0.7733613261558324,0.3007735013961792,ALL14,train_only,SUPPORTED
18,session-1,dataset-primary4,1.0.0,hand_close,mendeley-S018-grip-R02,mendeley-S018-grip-R04,within_subject_same_session_same_class,0.818058431148529,0.8160538432561559,0.27480068802833557,ALL14,train_only,SUPPORTED
18,session-1,dataset-primary4,1.0.0,hand_close,mendeley-S018-grip-R02,mendeley-S018-grip-R05,within_subject_same_session_same_class,0.7396634221076965,0.7318536338286604,0.3169698715209961,ALL14,train_only,SUPPORTED
18,session-1,dataset-primary4,1.0.0,hand_close,mendeley-S018-grip-R03,mendeley-S018-grip-R04,within_subject_same_session_same_class,0.7736246585845947,0.7950097951284887,0.2527346909046173,ALL14,train_only,SUPPORTED
18,session-1,dataset-primary4,1.0.0,hand_close,mendeley-S018-grip-R03,mendeley-S018-grip-R05,within_subject_same_session_same_class,0.7922873497009277,0.7662283196932452,0.24216313660144806,ALL14,train_only,SUPPORTED
18,session-1,dataset-primary4,1.0.0,hand_close,mendeley-S018-grip-R04,mendeley-S018-grip-R05,within_subject_same_session_same_class,0.8872748017311096,0.9028169991491465,0.15629607439041138,ALL14,train_only,SUPPORTED
18,session-1,dataset-primary4,1.0.0,rest,mendeley-S018-rest-R01,mendeley-S018-rest-R02,within_subject_same_session_same_class,0.9620934128761292,0.9622632536974506,0.2030850052833557,ALL14,train_only,SUPPORTED
18,session-1,dataset-primary4,1.0.0,rest,mendeley-S018-rest-R01,mendeley-S018-rest-R03,within_subject_same_session_same_class,0.7489035725593567,0.7921610921900627,0.4462050497531891,ALL14,train_only,SUPPORTED
18,session-1,dataset-primary4,1.0.0,rest,mendeley-S018-rest-R01,mendeley-S018-rest-R04,within_subject_same_session_same_class,0.8838568925857544,0.8838557031081171,0.37194105982780457,ALL14,train_only,SUPPORTED
18,session-1,dataset-primary4,1.0.0,rest,mendeley-S018-rest-R01,mendeley-S018-rest-R05,within_subject_same_session_same_class,0.7562597990036011,0.7693931430055617,0.4842272102832794,ALL14,train_only,SUPPORTED
18,session-1,dataset-primary4,1.0.0,rest,mendeley-S018-rest-R02,mendeley-S018-rest-R03,within_subject_same_session_same_class,0.6918291449546814,0.7246591459900728,0.5303952097892761,ALL14,train_only,SUPPORTED
18,session-1,dataset-primary4,1.0.0,rest,mendeley-S018-rest-R02,mendeley-S018-rest-R04,within_subject_same_session_same_class,0.8343201875686646,0.8345263103989797,0.4431963562965393,ALL14,train_only,SUPPORTED
18,session-1,dataset-primary4,1.0.0,rest,mendeley-S018-rest-R02,mendeley-S018-rest-R05,within_subject_same_session_same_class,0.8217594623565674,0.8326105435009495,0.4319271743297577,ALL14,train_only,SUPPORTED
18,session-1,dataset-primary4,1.0.0,rest,mendeley-S018-rest-R03,mendeley-S018-rest-R04,within_subject_same_session_same_class,0.7272437810897827,0.7707948019437493,0.5489654541015625,ALL14,train_only,SUPPORTED
18,session-1,dataset-primary4,1.0.0,rest,mendeley-S018-rest-R03,mendeley-S018-rest-R05,within_subject_same_session_same_class,0.47963207960128784,0.44667729595782635,0.6445282697677612,ALL14,train_only,SUPPORTED
18,session-1,dataset-primary4,1.0.0,rest,mendeley-S018-rest-R04,mendeley-S018-rest-R05,within_subject_same_session_same_class,0.6977097988128662,0.7105605374401422,0.5893521904945374,ALL14,train_only,SUPPORTED
18,session-1,dataset-primary4,1.0.0,wrist_extension,mendeley-S018-wrist_extension-R01,mendeley-S018-wrist_extension-R02,within_subject_same_session_same_class,0.9675543308258057,0.9610655426744118,0.630707323551178,ALL14,train_only,SUPPORTED
18,session-1,dataset-primary4,1.0.0,wrist_extension,mendeley-S018-wrist_extension-R01,mendeley-S018-wrist_extension-R03,within_subject_same_session_same_class,0.9802839756011963,0.9758083650099884,0.4871397912502289,ALL14,train_only,SUPPORTED
18,session-1,dataset-primary4,1.0.0,wrist_extension,mendeley-S018-wrist_extension-R01,mendeley-S018-wrist_extension-R04,within_subject_same_session_same_class,0.9583421945571899,0.9487884489019996,0.6702009439468384,ALL14,train_only,SUPPORTED
18,session-1,dataset-primary4,1.0.0,wrist_extension,mendeley-S018-wrist_extension-R01,mendeley-S018-wrist_extension-R05,within_subject_same_session_same_class,0.9750096201896667,0.9693046408375394,0.4738770127296448,ALL14,train_only,SUPPORTED
18,session-1,dataset-primary4,1.0.0,wrist_extension,mendeley-S018-wrist_extension-R02,mendeley-S018-wrist_extension-R03,within_subject_same_session_same_class,0.9771285653114319,0.9727647332635851,0.37097135186195374,ALL14,train_only,SUPPORTED
18,session-1,dataset-primary4,1.0.0,wrist_extension,mendeley-S018-wrist_extension-R02,mendeley-S018-wrist_extension-R04,within_subject_same_session_same_class,0.9689030647277832,0.9628873384537177,0.397853285074234,ALL14,train_only,SUPPORTED
18,session-1,dataset-primary4,1.0.0,wrist_extension,mendeley-S018-wrist_extension-R02,mendeley-S018-wrist_extension-R05,within_subject_same_session_same_class,0.9516530632972717,0.9418943463379205,0.5789945125579834,ALL14,train_only,SUPPORTED
18,session-1,dataset-primary4,1.0.0,wrist_extension,mendeley-S018-wrist_extension-R03,mendeley-S018-wrist_extension-R04,within_subject_same_session_same_class,0.9608458876609802,0.9516996468339434,0.4742085635662079,ALL14,train_only,SUPPORTED
18,session-1,dataset-primary4,1.0.0,wrist_extension,mendeley-S018-wrist_extension-R03,mendeley-S018-wrist_extension-R05,within_subject_same_session_same_class,0.9834684729576111,0.9796155652381977,0.34166184067726135,ALL14,train_only,SUPPORTED
18,session-1,dataset-primary4,1.0.0,wrist_extension,mendeley-S018-wrist_extension-R04,mendeley-S018-wrist_extension-R05,within_subject_same_session_same_class,0.9443894028663635,0.9311952012808155,0.611897885799408,ALL14,train_only,SUPPORTED
18,session-1,dataset-primary4,1.0.0,wrist_flexion,mendeley-S018-wrist_flexion-R01,mendeley-S018-wrist_flexion-R02,within_subject_same_session_same_class,0.8418097496032715,0.8207612802971903,0.2764708995819092,ALL14,train_only,SUPPORTED
18,session-1,dataset-primary4,1.0.0,wrist_flexion,mendeley-S018-wrist_flexion-R01,mendeley-S018-wrist_flexion-R03,within_subject_same_session_same_class,0.9270452260971069,0.9138110333495109,0.2204618602991104,ALL14,train_only,SUPPORTED
18,session-1,dataset-primary4,1.0.0,wrist_flexion,mendeley-S018-wrist_flexion-R01,mendeley-S018-wrist_flexion-R04,within_subject_same_session_same_class,0.7163481712341309,0.6350995076247326,0.42420729994773865,ALL14,train_only,SUPPORTED
18,session-1,dataset-primary4,1.0.0,wrist_flexion,mendeley-S018-wrist_flexion-R01,mendeley-S018-wrist_flexion-R05,within_subject_same_session_same_class,0.6688257455825806,0.582036869574699,0.4574491083621979,ALL14,train_only,SUPPORTED
18,session-1,dataset-primary4,1.0.0,wrist_flexion,mendeley-S018-wrist_flexion-R02,mendeley-S018-wrist_flexion-R03,within_subject_same_session_same_class,0.7521041035652161,0.7165969724140898,0.3844864070415497,ALL14,train_only,SUPPORTED
18,session-1,dataset-primary4,1.0.0,wrist_flexion,mendeley-S018-wrist_flexion-R02,mendeley-S018-wrist_flexion-R04,within_subject_same_session_same_class,0.45086830854415894,0.34201630252203624,0.5706466436386108,ALL14,train_only,SUPPORTED
18,session-1,dataset-primary4,1.0.0,wrist_flexion,mendeley-S018-wrist_flexion-R02,mendeley-S018-wrist_flexion-R05,within_subject_same_session_same_class,0.2993975579738617,0.16865119151122218,0.641960859298706,ALL14,train_only,SUPPORTED
18,session-1,dataset-primary4,1.0.0,wrist_flexion,mendeley-S018-wrist_flexion-R03,mendeley-S018-wrist_flexion-R04,within_subject_same_session_same_class,0.7334902882575989,0.6756057857899653,0.43068644404411316,ALL14,train_only,SUPPORTED
18,session-1,dataset-primary4,1.0.0,wrist_flexion,mendeley-S018-wrist_flexion-R03,mendeley-S018-wrist_flexion-R05,within_subject_same_session_same_class,0.7288839817047119,0.6714060451867346,0.4348573684692383,ALL14,train_only,SUPPORTED
18,session-1,dataset-primary4,1.0.0,wrist_flexion,mendeley-S018-wrist_flexion-R04,mendeley-S018-wrist_flexion-R05,within_subject_same_session_same_class,0.8935826420783997,0.8594798722401105,0.27614688873291016,ALL14,train_only,SUPPORTED
19,session-1,dataset-primary4,1.0.0,hand_close,mendeley-S019-grip-R01,mendeley-S019-grip-R02,within_subject_same_session_same_class,0.05998167023062706,-0.011669265704063434,1.5194040536880493,ALL14,train_only,SUPPORTED
19,session-1,dataset-primary4,1.0.0,hand_close,mendeley-S019-grip-R01,mendeley-S019-grip-R03,within_subject_same_session_same_class,0.9747682809829712,0.9617602917945308,0.12749558687210083,ALL14,train_only,SUPPORTED
19,session-1,dataset-primary4,1.0.0,hand_close,mendeley-S019-grip-R01,mendeley-S019-grip-R04,within_subject_same_session_same_class,0.8651927709579468,0.8237449389669843,0.2891412079334259,ALL14,train_only,SUPPORTED
19,session-1,dataset-primary4,1.0.0,hand_close,mendeley-S019-grip-R01,mendeley-S019-grip-R05,within_subject_same_session_same_class,0.8819815516471863,0.8180867840737869,0.2862338125705719,ALL14,train_only,SUPPORTED
19,session-1,dataset-primary4,1.0.0,hand_close,mendeley-S019-grip-R02,mendeley-S019-grip-R03,within_subject_same_session_same_class,0.1508733034133911,0.10131415877542214,1.4651516675949097,ALL14,train_only,SUPPORTED
19,session-1,dataset-primary4,1.0.0,hand_close,mendeley-S019-grip-R02,mendeley-S019-grip-R04,within_subject_same_session_same_class,-0.02069101296365261,-0.08768462412660716,1.5488160848617554,ALL14,train_only,SUPPORTED
19,session-1,dataset-primary4,1.0.0,hand_close,mendeley-S019-grip-R02,mendeley-S019-grip-R05,within_subject_same_session_same_class,0.22813676297664642,0.19766267120324527,1.4307544231414795,ALL14,train_only,SUPPORTED
19,session-1,dataset-primary4,1.0.0,hand_close,mendeley-S019-grip-R03,mendeley-S019-grip-R04,within_subject_same_session_same_class,0.8521613478660583,0.8053837841593993,0.2962779104709625,ALL14,train_only,SUPPORTED
19,session-1,dataset-primary4,1.0.0,hand_close,mendeley-S019-grip-R03,mendeley-S019-grip-R05,within_subject_same_session_same_class,0.9104089140892029,0.8624361766883728,0.2487766295671463,ALL14,train_only,SUPPORTED
19,session-1,dataset-primary4,1.0.0,hand_close,mendeley-S019-grip-R04,mendeley-S019-grip-R05,within_subject_same_session_same_class,0.6887457370758057,0.574506421430251,0.4521414637565613,ALL14,train_only,SUPPORTED
19,session-1,dataset-primary4,1.0.0,rest,mendeley-S019-rest-R01,mendeley-S019-rest-R02,within_subject_same_session_same_class,0.5909810066223145,0.4834507681286076,0.4919578731060028,ALL14,train_only,SUPPORTED
19,session-1,dataset-primary4,1.0.0,rest,mendeley-S019-rest-R01,mendeley-S019-rest-R03,within_subject_same_session_same_class,0.7044546604156494,0.5868595912536049,0.43757015466690063,ALL14,train_only,SUPPORTED
19,session-1,dataset-primary4,1.0.0,rest,mendeley-S019-rest-R01,mendeley-S019-rest-R04,within_subject_same_session_same_class,0.5423937439918518,0.42597093224860333,0.5244988799095154,ALL14,train_only,SUPPORTED
19,session-1,dataset-primary4,1.0.0,rest,mendeley-S019-rest-R01,mendeley-S019-rest-R05,within_subject_same_session_same_class,0.8924288749694824,0.8128751426323322,0.2681792080402374,ALL14,train_only,SUPPORTED
19,session-1,dataset-primary4,1.0.0,rest,mendeley-S019-rest-R02,mendeley-S019-rest-R03,within_subject_same_session_same_class,0.7810322642326355,0.7352872516030149,0.3594511151313782,ALL14,train_only,SUPPORTED
19,session-1,dataset-primary4,1.0.0,rest,mendeley-S019-rest-R02,mendeley-S019-rest-R04,within_subject_same_session_same_class,0.9829726815223694,0.9802329908799722,0.09557083249092102,ALL14,train_only,SUPPORTED
19,session-1,dataset-primary4,1.0.0,rest,mendeley-S019-rest-R02,mendeley-S019-rest-R05,within_subject_same_session_same_class,0.4507365822792053,0.26999478710109803,0.5753555297851562,ALL14,train_only,SUPPORTED
19,session-1,dataset-primary4,1.0.0,rest,mendeley-S019-rest-R03,mendeley-S019-rest-R04,within_subject_same_session_same_class,0.8339104652404785,0.8046379788207947,0.31592264771461487,ALL14,train_only,SUPPORTED
19,session-1,dataset-primary4,1.0.0,rest,mendeley-S019-rest-R03,mendeley-S019-rest-R05,within_subject_same_session_same_class,0.6940572261810303,0.567404731723209,0.44961610436439514,ALL14,train_only,SUPPORTED
19,session-1,dataset-primary4,1.0.0,rest,mendeley-S019-rest-R04,mendeley-S019-rest-R05,within_subject_same_session_same_class,0.4475633502006531,0.2797166877764859,0.5821561813354492,ALL14,train_only,SUPPORTED
19,session-1,dataset-primary4,1.0.0,wrist_extension,mendeley-S019-wrist_extension-R01,mendeley-S019-wrist_extension-R02,within_subject_same_session_same_class,0.952122151851654,0.9346474143705285,0.21396903693675995,ALL14,train_only,SUPPORTED
19,session-1,dataset-primary4,1.0.0,wrist_extension,mendeley-S019-wrist_extension-R01,mendeley-S019-wrist_extension-R03,within_subject_same_session_same_class,0.9566637873649597,0.94139336330563,0.18795230984687805,ALL14,train_only,SUPPORTED
19,session-1,dataset-primary4,1.0.0,wrist_extension,mendeley-S019-wrist_extension-R01,mendeley-S019-wrist_extension-R04,within_subject_same_session_same_class,0.9296953082084656,0.9046039812511001,0.24774499237537384,ALL14,train_only,SUPPORTED
19,session-1,dataset-primary4,1.0.0,wrist_extension,mendeley-S019-wrist_extension-R01,mendeley-S019-wrist_extension-R05,within_subject_same_session_same_class,0.9437282681465149,0.9230611953716099,0.2286025583744049,ALL14,train_only,SUPPORTED
19,session-1,dataset-primary4,1.0.0,wrist_extension,mendeley-S019-wrist_extension-R02,mendeley-S019-wrist_extension-R03,within_subject_same_session_same_class,0.9680658578872681,0.9567286601476337,0.17882072925567627,ALL14,train_only,SUPPORTED
19,session-1,dataset-primary4,1.0.0,wrist_extension,mendeley-S019-wrist_extension-R02,mendeley-S019-wrist_extension-R04,within_subject_same_session_same_class,0.9595820903778076,0.9445587125523666,0.1959630846977234,ALL14,train_only,SUPPORTED
19,session-1,dataset-primary4,1.0.0,wrist_extension,mendeley-S019-wrist_extension-R02,mendeley-S019-wrist_extension-R05,within_subject_same_session_same_class,0.9400274753570557,0.915065105640286,0.2401999980211258,ALL14,train_only,SUPPORTED
19,session-1,dataset-primary4,1.0.0,wrist_extension,mendeley-S019-wrist_extension-R03,mendeley-S019-wrist_extension-R04,within_subject_same_session_same_class,0.9806919693946838,0.9738310029114376,0.13319779932498932,ALL14,train_only,SUPPORTED
19,session-1,dataset-primary4,1.0.0,wrist_extension,mendeley-S019-wrist_extension-R03,mendeley-S019-wrist_extension-R05,within_subject_same_session_same_class,0.9507362842559814,0.9328531366728307,0.21511222422122955,ALL14,train_only,SUPPORTED
19,session-1,dataset-primary4,1.0.0,wrist_extension,mendeley-S019-wrist_extension-R04,mendeley-S019-wrist_extension-R05,within_subject_same_session_same_class,0.9462245106697083,0.9260247068745221,0.22407415509223938,ALL14,train_only,SUPPORTED
19,session-1,dataset-primary4,1.0.0,wrist_flexion,mendeley-S019-wrist_flexion-R01,mendeley-S019-wrist_flexion-R02,within_subject_same_session_same_class,0.6474180221557617,0.6644903589827724,0.750051736831665,ALL14,train_only,SUPPORTED
19,session-1,dataset-primary4,1.0.0,wrist_flexion,mendeley-S019-wrist_flexion-R01,mendeley-S019-wrist_flexion-R03,within_subject_same_session_same_class,0.4071526527404785,0.3942165406534393,0.8531618714332581,ALL14,train_only,SUPPORTED
19,session-1,dataset-primary4,1.0.0,wrist_flexion,mendeley-S019-wrist_flexion-R01,mendeley-S019-wrist_flexion-R04,within_subject_same_session_same_class,0.5656362771987915,0.5450949528551469,0.8298665881156921,ALL14,train_only,SUPPORTED
19,session-1,dataset-primary4,1.0.0,wrist_flexion,mendeley-S019-wrist_flexion-R01,mendeley-S019-wrist_flexion-R05,within_subject_same_session_same_class,0.6382904052734375,0.5702719258701265,0.6878162622451782,ALL14,train_only,SUPPORTED
19,session-1,dataset-primary4,1.0.0,wrist_flexion,mendeley-S019-wrist_flexion-R02,mendeley-S019-wrist_flexion-R03,within_subject_same_session_same_class,0.6256792545318604,0.6121580167348301,0.7995398044586182,ALL14,train_only,SUPPORTED
19,session-1,dataset-primary4,1.0.0,wrist_flexion,mendeley-S019-wrist_flexion-R02,mendeley-S019-wrist_flexion-R04,within_subject_same_session_same_class,0.9253103137016296,0.9210092655226187,0.3810841143131256,ALL14,train_only,SUPPORTED
19,session-1,dataset-primary4,1.0.0,wrist_flexion,mendeley-S019-wrist_flexion-R02,mendeley-S019-wrist_flexion-R05,within_subject_same_session_same_class,0.8232294917106628,0.815395788986279,0.5602434873580933,ALL14,train_only,SUPPORTED
19,session-1,dataset-primary4,1.0.0,wrist_flexion,mendeley-S019-wrist_flexion-R03,mendeley-S019-wrist_flexion-R04,within_subject_same_session_same_class,0.8240541219711304,0.8193587097115994,0.5623818039894104,ALL14,train_only,SUPPORTED
19,session-1,dataset-primary4,1.0.0,wrist_flexion,mendeley-S019-wrist_flexion-R03,mendeley-S019-wrist_flexion-R05,within_subject_same_session_same_class,0.8609718680381775,0.8700491555806393,0.4542721211910248,ALL14,train_only,SUPPORTED
19,session-1,dataset-primary4,1.0.0,wrist_flexion,mendeley-S019-wrist_flexion-R04,mendeley-S019-wrist_flexion-R05,within_subject_same_session_same_class,0.9204550385475159,0.9195735724310597,0.38942307233810425,ALL14,train_only,SUPPORTED
2,session-1,dataset-primary4,1.0.0,hand_close,mendeley-S002-grip-R01,mendeley-S002-grip-R02,within_subject_same_session_same_class,0.5697683095932007,0.5729273558124883,0.8447293043136597,ALL14,train_only,SUPPORTED
2,session-1,dataset-primary4,1.0.0,hand_close,mendeley-S002-grip-R01,mendeley-S002-grip-R03,within_subject_same_session_same_class,0.8657407760620117,0.8567744352832688,0.3647151589393616,ALL14,train_only,SUPPORTED
2,session-1,dataset-primary4,1.0.0,hand_close,mendeley-S002-grip-R01,mendeley-S002-grip-R04,within_subject_same_session_same_class,-0.10229799151420593,-0.060297942913727726,7.028569221496582,ALL14,train_only,SUPPORTED
2,session-1,dataset-primary4,1.0.0,hand_close,mendeley-S002-grip-R01,mendeley-S002-grip-R05,within_subject_same_session_same_class,0.359817236661911,0.33104435109612496,1.0380216836929321,ALL14,train_only,SUPPORTED
2,session-1,dataset-primary4,1.0.0,hand_close,mendeley-S002-grip-R02,mendeley-S002-grip-R03,within_subject_same_session_same_class,0.6700906157493591,0.6739093187580987,0.7564490437507629,ALL14,train_only,SUPPORTED
2,session-1,dataset-primary4,1.0.0,hand_close,mendeley-S002-grip-R02,mendeley-S002-grip-R04,within_subject_same_session_same_class,0.08298546075820923,0.0967504919560536,6.913747787475586,ALL14,train_only,SUPPORTED
2,session-1,dataset-primary4,1.0.0,hand_close,mendeley-S002-grip-R02,mendeley-S002-grip-R05,within_subject_same_session_same_class,0.7111862301826477,0.710752092915448,0.7909814119338989,ALL14,train_only,SUPPORTED
2,session-1,dataset-primary4,1.0.0,hand_close,mendeley-S002-grip-R03,mendeley-S002-grip-R04,within_subject_same_session_same_class,-0.1300262212753296,-0.09439741385481562,7.05120849609375,ALL14,train_only,SUPPORTED
2,session-1,dataset-primary4,1.0.0,hand_close,mendeley-S002-grip-R03,mendeley-S002-grip-R05,within_subject_same_session_same_class,0.31856340169906616,0.29071189957712396,1.0724433660507202,ALL14,train_only,SUPPORTED
2,session-1,dataset-primary4,1.0.0,hand_close,mendeley-S002-grip-R04,mendeley-S002-grip-R05,within_subject_same_session_same_class,0.5005592703819275,0.5431167735623929,6.458080768585205,ALL14,train_only,SUPPORTED
2,session-1,dataset-primary4,1.0.0,rest,mendeley-S002-rest-R01,mendeley-S002-rest-R02,within_subject_same_session_same_class,0.8635197877883911,0.8254253948019046,0.2800239026546478,ALL14,train_only,SUPPORTED
2,session-1,dataset-primary4,1.0.0,rest,mendeley-S002-rest-R01,mendeley-S002-rest-R03,within_subject_same_session_same_class,0.7921939492225647,0.7443745422947495,0.3654971718788147,ALL14,train_only,SUPPORTED
2,session-1,dataset-primary4,1.0.0,rest,mendeley-S002-rest-R01,mendeley-S002-rest-R04,within_subject_same_session_same_class,0.35689857602119446,0.35051574190701495,0.8583580255508423,ALL14,train_only,SUPPORTED
2,session-1,dataset-primary4,1.0.0,rest,mendeley-S002-rest-R01,mendeley-S002-rest-R05,within_subject_same_session_same_class,0.46317970752716064,0.43856612329522204,0.7179454565048218,ALL14,train_only,SUPPORTED
2,session-1,dataset-primary4,1.0.0,rest,mendeley-S002-rest-R02,mendeley-S002-rest-R03,within_subject_same_session_same_class,0.8378267884254456,0.8009456436805557,0.32830125093460083,ALL14,train_only,SUPPORTED
2,session-1,dataset-primary4,1.0.0,rest,mendeley-S002-rest-R02,mendeley-S002-rest-R04,within_subject_same_session_same_class,0.29224705696105957,0.2771079495262846,0.9020832777023315,ALL14,train_only,SUPPORTED
2,session-1,dataset-primary4,1.0.0,rest,mendeley-S002-rest-R02,mendeley-S002-rest-R05,within_subject_same_session_same_class,0.6073071360588074,0.6042770713588924,0.6329926252365112,ALL14,train_only,SUPPORTED
2,session-1,dataset-primary4,1.0.0,rest,mendeley-S002-rest-R03,mendeley-S002-rest-R04,within_subject_same_session_same_class,0.4434012472629547,0.4420238704185136,0.8254481554031372,ALL14,train_only,SUPPORTED
2,session-1,dataset-primary4,1.0.0,rest,mendeley-S002-rest-R03,mendeley-S002-rest-R05,within_subject_same_session_same_class,0.3945808708667755,0.35985309114887293,0.7804635167121887,ALL14,train_only,SUPPORTED
2,session-1,dataset-primary4,1.0.0,rest,mendeley-S002-rest-R04,mendeley-S002-rest-R05,within_subject_same_session_same_class,0.35805967450141907,0.3471086482959572,0.9590745568275452,ALL14,train_only,SUPPORTED
2,session-1,dataset-primary4,1.0.0,wrist_extension,mendeley-S002-wrist_extension-R01,mendeley-S002-wrist_extension-R02,within_subject_same_session_same_class,0.6712312698364258,0.574227251640245,1.3566213846206665,ALL14,train_only,SUPPORTED
2,session-1,dataset-primary4,1.0.0,wrist_extension,mendeley-S002-wrist_extension-R01,mendeley-S002-wrist_extension-R03,within_subject_same_session_same_class,0.8909491300582886,0.8525689602836435,0.751826822757721,ALL14,train_only,SUPPORTED
2,session-1,dataset-primary4,1.0.0,wrist_extension,mendeley-S002-wrist_extension-R01,mendeley-S002-wrist_extension-R04,within_subject_same_session_same_class,0.9588976502418518,0.9500544318149486,0.4619581401348114,ALL14,train_only,SUPPORTED
2,session-1,dataset-primary4,1.0.0,wrist_extension,mendeley-S002-wrist_extension-R01,mendeley-S002-wrist_extension-R05,within_subject_same_session_same_class,0.7760077118873596,0.729138304321161,1.10323166847229,ALL14,train_only,SUPPORTED
2,session-1,dataset-primary4,1.0.0,wrist_extension,mendeley-S002-wrist_extension-R02,mendeley-S002-wrist_extension-R03,within_subject_same_session_same_class,0.9115548729896545,0.8870514633899005,0.7066895365715027,ALL14,train_only,SUPPORTED
2,session-1,dataset-primary4,1.0.0,wrist_extension,mendeley-S002-wrist_extension-R02,mendeley-S002-wrist_extension-R04,within_subject_same_session_same_class,0.6284559369087219,0.5345372793683669,1.405232310295105,ALL14,train_only,SUPPORTED
2,session-1,dataset-primary4,1.0.0,wrist_extension,mendeley-S002-wrist_extension-R02,mendeley-S002-wrist_extension-R05,within_subject_same_session_same_class,0.6974455118179321,0.6344561042317819,1.279792070388794,ALL14,train_only,SUPPORTED
2,session-1,dataset-primary4,1.0.0,wrist_extension,mendeley-S002-wrist_extension-R03,mendeley-S002-wrist_extension-R04,within_subject_same_session_same_class,0.855045735836029,0.8159789384517264,0.8412415385246277,ALL14,train_only,SUPPORTED
2,session-1,dataset-primary4,1.0.0,wrist_extension,mendeley-S002-wrist_extension-R03,mendeley-S002-wrist_extension-R05,within_subject_same_session_same_class,0.7827800512313843,0.7380052510264778,1.071808099746704,ALL14,train_only,SUPPORTED
2,session-1,dataset-primary4,1.0.0,wrist_extension,mendeley-S002-wrist_extension-R04,mendeley-S002-wrist_extension-R05,within_subject_same_session_same_class,0.8111660480499268,0.7737016827419628,0.9660104513168335,ALL14,train_only,SUPPORTED
2,session-1,dataset-primary4,1.0.0,wrist_flexion,mendeley-S002-wrist_flexion-R01,mendeley-S002-wrist_flexion-R02,within_subject_same_session_same_class,0.14982330799102783,0.04172635446337568,1.4428080320358276,ALL14,train_only,SUPPORTED
2,session-1,dataset-primary4,1.0.0,wrist_flexion,mendeley-S002-wrist_flexion-R01,mendeley-S002-wrist_flexion-R03,within_subject_same_session_same_class,0.4754164218902588,0.38053667304829714,0.8548678159713745,ALL14,train_only,SUPPORTED
2,session-1,dataset-primary4,1.0.0,wrist_flexion,mendeley-S002-wrist_flexion-R01,mendeley-S002-wrist_flexion-R04,within_subject_same_session_same_class,0.00407390808686614,0.1461817190447556,2.2341701984405518,ALL14,train_only,SUPPORTED
2,session-1,dataset-primary4,1.0.0,wrist_flexion,mendeley-S002-wrist_flexion-R01,mendeley-S002-wrist_flexion-R05,within_subject_same_session_same_class,0.3749038279056549,0.15931112551386847,0.8968478441238403,ALL14,train_only,SUPPORTED
2,session-1,dataset-primary4,1.0.0,wrist_flexion,mendeley-S002-wrist_flexion-R02,mendeley-S002-wrist_flexion-R03,within_subject_same_session_same_class,0.44323572516441345,0.4130423925274528,1.3178282976150513,ALL14,train_only,SUPPORTED
2,session-1,dataset-primary4,1.0.0,wrist_flexion,mendeley-S002-wrist_flexion-R02,mendeley-S002-wrist_flexion-R04,within_subject_same_session_same_class,0.18986886739730835,0.22799670753940576,2.3573710918426514,ALL14,train_only,SUPPORTED
2,session-1,dataset-primary4,1.0.0,wrist_flexion,mendeley-S002-wrist_flexion-R02,mendeley-S002-wrist_flexion-R05,within_subject_same_session_same_class,0.6298046112060547,0.6181539744545652,1.105044960975647,ALL14,train_only,SUPPORTED
2,session-1,dataset-primary4,1.0.0,wrist_flexion,mendeley-S002-wrist_flexion-R03,mendeley-S002-wrist_flexion-R04,within_subject_same_session_same_class,0.2106575220823288,0.27963288320247937,2.1817517280578613,ALL14,train_only,SUPPORTED
2,session-1,dataset-primary4,1.0.0,wrist_flexion,mendeley-S002-wrist_flexion-R03,mendeley-S002-wrist_flexion-R05,within_subject_same_session_same_class,0.638957679271698,0.5906057851385351,0.8133233785629272,ALL14,train_only,SUPPORTED
2,session-1,dataset-primary4,1.0.0,wrist_flexion,mendeley-S002-wrist_flexion-R04,mendeley-S002-wrist_flexion-R05,within_subject_same_session_same_class,0.5710670351982117,0.7126544137615292,1.8052186965942383,ALL14,train_only,SUPPORTED
20,session-1,dataset-primary4,1.0.0,hand_close,mendeley-S020-grip-R01,mendeley-S020-grip-R02,within_subject_same_session_same_class,0.05235001817345619,-0.0011601418143950438,0.7230485677719116,ALL14,train_only,SUPPORTED
20,session-1,dataset-primary4,1.0.0,hand_close,mendeley-S020-grip-R01,mendeley-S020-grip-R03,within_subject_same_session_same_class,0.6497944593429565,0.645981767814388,0.4794825315475464,ALL14,train_only,SUPPORTED
20,session-1,dataset-primary4,1.0.0,hand_close,mendeley-S020-grip-R01,mendeley-S020-grip-R04,within_subject_same_session_same_class,0.4048408567905426,0.3870094360800303,0.6552406549453735,ALL14,train_only,SUPPORTED
20,session-1,dataset-primary4,1.0.0,hand_close,mendeley-S020-grip-R01,mendeley-S020-grip-R05,within_subject_same_session_same_class,0.318965882062912,0.2797272307691674,0.6556520462036133,ALL14,train_only,SUPPORTED
20,session-1,dataset-primary4,1.0.0,hand_close,mendeley-S020-grip-R02,mendeley-S020-grip-R03,within_subject_same_session_same_class,0.4126143455505371,0.32583283727510176,0.5009176135063171,ALL14,train_only,SUPPORTED
20,session-1,dataset-primary4,1.0.0,hand_close,mendeley-S020-grip-R02,mendeley-S020-grip-R04,within_subject_same_session_same_class,0.4159140884876251,0.2908502445120955,0.5568845868110657,ALL14,train_only,SUPPORTED
20,session-1,dataset-primary4,1.0.0,hand_close,mendeley-S020-grip-R02,mendeley-S020-grip-R05,within_subject_same_session_same_class,0.7244214415550232,0.685044145437336,0.3447762727737427,ALL14,train_only,SUPPORTED
20,session-1,dataset-primary4,1.0.0,hand_close,mendeley-S020-grip-R03,mendeley-S020-grip-R04,within_subject_same_session_same_class,0.7160860896110535,0.6536339318410194,0.4159645438194275,ALL14,train_only,SUPPORTED
20,session-1,dataset-primary4,1.0.0,hand_close,mendeley-S020-grip-R03,mendeley-S020-grip-R05,within_subject_same_session_same_class,0.8029412031173706,0.7642993522007215,0.3127947449684143,ALL14,train_only,SUPPORTED
20,session-1,dataset-primary4,1.0.0,hand_close,mendeley-S020-grip-R04,mendeley-S020-grip-R05,within_subject_same_session_same_class,0.6467192769050598,0.4931115377460934,0.4601513147354126,ALL14,train_only,SUPPORTED
20,session-1,dataset-primary4,1.0.0,rest,mendeley-S020-rest-R01,mendeley-S020-rest-R02,within_subject_same_session_same_class,0.5963642597198486,0.48626078424107533,0.5605512261390686,ALL14,train_only,SUPPORTED
20,session-1,dataset-primary4,1.0.0,rest,mendeley-S020-rest-R01,mendeley-S020-rest-R03,within_subject_same_session_same_class,0.0388806127011776,0.06867368631259489,1.449141025543213,ALL14,train_only,SUPPORTED
20,session-1,dataset-primary4,1.0.0,rest,mendeley-S020-rest-R01,mendeley-S020-rest-R04,within_subject_same_session_same_class,0.43198010325431824,0.43818559721535216,0.9456737637519836,ALL14,train_only,SUPPORTED
20,session-1,dataset-primary4,1.0.0,rest,mendeley-S020-rest-R01,mendeley-S020-rest-R05,within_subject_same_session_same_class,0.633801281452179,0.5828194409775932,0.5862468481063843,ALL14,train_only,SUPPORTED
20,session-1,dataset-primary4,1.0.0,rest,mendeley-S020-rest-R02,mendeley-S020-rest-R03,within_subject_same_session_same_class,0.16621629893779755,0.21083259959424452,1.3259503841400146,ALL14,train_only,SUPPORTED
20,session-1,dataset-primary4,1.0.0,rest,mendeley-S020-rest-R02,mendeley-S020-rest-R04,within_subject_same_session_same_class,0.11920275539159775,0.08299842871071311,1.0869840383529663,ALL14,train_only,SUPPORTED
20,session-1,dataset-primary4,1.0.0,rest,mendeley-S020-rest-R02,mendeley-S020-rest-R05,within_subject_same_session_same_class,0.7244659066200256,0.690154997699058,0.4763927459716797,ALL14,train_only,SUPPORTED
20,session-1,dataset-primary4,1.0.0,rest,mendeley-S020-rest-R03,mendeley-S020-rest-R04,within_subject_same_session_same_class,0.574516236782074,0.5826931970790958,1.1009995937347412,ALL14,train_only,SUPPORTED
20,session-1,dataset-primary4,1.0.0,rest,mendeley-S020-rest-R03,mendeley-S020-rest-R05,within_subject_same_session_same_class,0.6007709503173828,0.6467957996437222,1.0485401153564453,ALL14,train_only,SUPPORTED
20,session-1,dataset-primary4,1.0.0,rest,mendeley-S020-rest-R04,mendeley-S020-rest-R05,within_subject_same_session_same_class,0.5509960055351257,0.5493982476872993,0.8558430075645447,ALL14,train_only,SUPPORTED
20,session-1,dataset-primary4,1.0.0,wrist_extension,mendeley-S020-wrist_extension-R01,mendeley-S020-wrist_extension-R02,within_subject_same_session_same_class,0.867131769657135,0.8044588131948284,0.5665816068649292,ALL14,train_only,SUPPORTED
20,session-1,dataset-primary4,1.0.0,wrist_extension,mendeley-S020-wrist_extension-R01,mendeley-S020-wrist_extension-R03,within_subject_same_session_same_class,0.6978868842124939,0.5445367477936677,0.8769677877426147,ALL14,train_only,SUPPORTED
20,session-1,dataset-primary4,1.0.0,wrist_extension,mendeley-S020-wrist_extension-R01,mendeley-S020-wrist_extension-R04,within_subject_same_session_same_class,0.8293070197105408,0.7576671089853276,0.678285539150238,ALL14,train_only,SUPPORTED
20,session-1,dataset-primary4,1.0.0,wrist_extension,mendeley-S020-wrist_extension-R01,mendeley-S020-wrist_extension-R05,within_subject_same_session_same_class,0.5586659908294678,0.40340162154076,0.9869381189346313,ALL14,train_only,SUPPORTED
20,session-1,dataset-primary4,1.0.0,wrist_extension,mendeley-S020-wrist_extension-R02,mendeley-S020-wrist_extension-R03,within_subject_same_session_same_class,0.9182737469673157,0.8682416223376134,0.44608190655708313,ALL14,train_only,SUPPORTED
20,session-1,dataset-primary4,1.0.0,wrist_extension,mendeley-S020-wrist_extension-R02,mendeley-S020-wrist_extension-R04,within_subject_same_session_same_class,0.9050107598304749,0.8627204038029147,0.5107387900352478,ALL14,train_only,SUPPORTED
20,session-1,dataset-primary4,1.0.0,wrist_extension,mendeley-S020-wrist_extension-R02,mendeley-S020-wrist_extension-R05,within_subject_same_session_same_class,0.8246793150901794,0.7650337212829527,0.564475417137146,ALL14,train_only,SUPPORTED
20,session-1,dataset-primary4,1.0.0,wrist_extension,mendeley-S020-wrist_extension-R03,mendeley-S020-wrist_extension-R04,within_subject_same_session_same_class,0.7806608080863953,0.6736837053941227,0.7635247111320496,ALL14,train_only,SUPPORTED
20,session-1,dataset-primary4,1.0.0,wrist_extension,mendeley-S020-wrist_extension-R03,mendeley-S020-wrist_extension-R05,within_subject_same_session_same_class,0.8207991123199463,0.7606523824973282,0.6390479803085327,ALL14,train_only,SUPPORTED
20,session-1,dataset-primary4,1.0.0,wrist_extension,mendeley-S020-wrist_extension-R04,mendeley-S020-wrist_extension-R05,within_subject_same_session_same_class,0.853672444820404,0.8050663873516679,0.6200931072235107,ALL14,train_only,SUPPORTED
20,session-1,dataset-primary4,1.0.0,wrist_flexion,mendeley-S020-wrist_flexion-R01,mendeley-S020-wrist_flexion-R02,within_subject_same_session_same_class,0.6695001125335693,0.6084563295475185,0.4021570086479187,ALL14,train_only,SUPPORTED
20,session-1,dataset-primary4,1.0.0,wrist_flexion,mendeley-S020-wrist_flexion-R01,mendeley-S020-wrist_flexion-R03,within_subject_same_session_same_class,-0.029139962047338486,-0.06663379447197625,1.4392682313919067,ALL14,train_only,SUPPORTED
20,session-1,dataset-primary4,1.0.0,wrist_flexion,mendeley-S020-wrist_flexion-R01,mendeley-S020-wrist_flexion-R04,within_subject_same_session_same_class,0.4274294376373291,0.2925697495684504,0.5079594850540161,ALL14,train_only,SUPPORTED
20,session-1,dataset-primary4,1.0.0,wrist_flexion,mendeley-S020-wrist_flexion-R01,mendeley-S020-wrist_flexion-R05,within_subject_same_session_same_class,0.4777791500091553,0.3801199721146189,0.5380033254623413,ALL14,train_only,SUPPORTED
20,session-1,dataset-primary4,1.0.0,wrist_flexion,mendeley-S020-wrist_flexion-R02,mendeley-S020-wrist_flexion-R03,within_subject_same_session_same_class,0.3330034911632538,0.33030119627705096,1.2753151655197144,ALL14,train_only,SUPPORTED
20,session-1,dataset-primary4,1.0.0,wrist_flexion,mendeley-S020-wrist_flexion-R02,mendeley-S020-wrist_flexion-R04,within_subject_same_session_same_class,0.8207302093505859,0.7593819972391305,0.30341506004333496,ALL14,train_only,SUPPORTED
20,session-1,dataset-primary4,1.0.0,wrist_flexion,mendeley-S020-wrist_flexion-R02,mendeley-S020-wrist_flexion-R05,within_subject_same_session_same_class,0.5851189494132996,0.4704337985262573,0.5011259317398071,ALL14,train_only,SUPPORTED
20,session-1,dataset-primary4,1.0.0,wrist_flexion,mendeley-S020-wrist_flexion-R03,mendeley-S020-wrist_flexion-R04,within_subject_same_session_same_class,0.27125072479248047,0.2671999908475142,1.3055334091186523,ALL14,train_only,SUPPORTED
20,session-1,dataset-primary4,1.0.0,wrist_flexion,mendeley-S020-wrist_flexion-R03,mendeley-S020-wrist_flexion-R05,within_subject_same_session_same_class,0.008672616444528103,-0.03742013644999331,1.463158369064331,ALL14,train_only,SUPPORTED
20,session-1,dataset-primary4,1.0.0,wrist_flexion,mendeley-S020-wrist_flexion-R04,mendeley-S020-wrist_flexion-R05,within_subject_same_session_same_class,0.45281487703323364,0.2654086987328376,0.561047375202179,ALL14,train_only,SUPPORTED
21,session-1,dataset-primary4,1.0.0,hand_close,mendeley-S021-grip-R01,mendeley-S021-grip-R02,within_subject_same_session_same_class,0.5371667146682739,0.5679982772026307,0.8190193772315979,ALL14,train_only,SUPPORTED
21,session-1,dataset-primary4,1.0.0,hand_close,mendeley-S021-grip-R01,mendeley-S021-grip-R03,within_subject_same_session_same_class,0.8343219757080078,0.8343978817689374,0.5906240940093994,ALL14,train_only,SUPPORTED
21,session-1,dataset-primary4,1.0.0,hand_close,mendeley-S021-grip-R01,mendeley-S021-grip-R04,within_subject_same_session_same_class,0.5159317255020142,0.6175750451279272,0.6879847645759583,ALL14,train_only,SUPPORTED
21,session-1,dataset-primary4,1.0.0,hand_close,mendeley-S021-grip-R01,mendeley-S021-grip-R05,within_subject_same_session_same_class,0.11530707031488419,0.1494068312738832,0.8374968767166138,ALL14,train_only,SUPPORTED
21,session-1,dataset-primary4,1.0.0,hand_close,mendeley-S021-grip-R02,mendeley-S021-grip-R03,within_subject_same_session_same_class,0.5774140954017639,0.6034940476095116,0.9085705280303955,ALL14,train_only,SUPPORTED
21,session-1,dataset-primary4,1.0.0,hand_close,mendeley-S021-grip-R02,mendeley-S021-grip-R04,within_subject_same_session_same_class,0.5668669939041138,0.5209534345056331,0.8068037629127502,ALL14,train_only,SUPPORTED
21,session-1,dataset-primary4,1.0.0,hand_close,mendeley-S021-grip-R02,mendeley-S021-grip-R05,within_subject_same_session_same_class,0.19657614827156067,0.09031626857914077,1.0163829326629639,ALL14,train_only,SUPPORTED
21,session-1,dataset-primary4,1.0.0,hand_close,mendeley-S021-grip-R03,mendeley-S021-grip-R04,within_subject_same_session_same_class,0.6662099361419678,0.7780361540060289,0.7616642117500305,ALL14,train_only,SUPPORTED
21,session-1,dataset-primary4,1.0.0,hand_close,mendeley-S021-grip-R03,mendeley-S021-grip-R05,within_subject_same_session_same_class,0.35181811451911926,0.40356064691634225,0.9811912775039673,ALL14,train_only,SUPPORTED
21,session-1,dataset-primary4,1.0.0,hand_close,mendeley-S021-grip-R04,mendeley-S021-grip-R05,within_subject_same_session_same_class,0.5988801717758179,0.48361014132348124,0.6010470390319824,ALL14,train_only,SUPPORTED
21,session-1,dataset-primary4,1.0.0,rest,mendeley-S021-rest-R01,mendeley-S021-rest-R02,within_subject_same_session_same_class,0.4820917248725891,0.4981319167201914,0.8432580828666687,ALL14,train_only,SUPPORTED
21,session-1,dataset-primary4,1.0.0,rest,mendeley-S021-rest-R01,mendeley-S021-rest-R03,within_subject_same_session_same_class,0.5990309119224548,0.6112997112510875,0.7397691607475281,ALL14,train_only,SUPPORTED
21,session-1,dataset-primary4,1.0.0,rest,mendeley-S021-rest-R01,mendeley-S021-rest-R04,within_subject_same_session_same_class,0.8889617919921875,0.8921001385369514,0.3860345482826233,ALL14,train_only,SUPPORTED
21,session-1,dataset-primary4,1.0.0,rest,mendeley-S021-rest-R01,mendeley-S021-rest-R05,within_subject_same_session_same_class,0.788668692111969,0.839209932765402,0.46639516949653625,ALL14,train_only,SUPPORTED
21,session-1,dataset-primary4,1.0.0,rest,mendeley-S021-rest-R02,mendeley-S021-rest-R03,within_subject_same_session_same_class,0.7675614953041077,0.7627714662223192,0.6262598037719727,ALL14,train_only,SUPPORTED
21,session-1,dataset-primary4,1.0.0,rest,mendeley-S021-rest-R02,mendeley-S021-rest-R04,within_subject_same_session_same_class,0.666137158870697,0.6705824980170262,0.7235089540481567,ALL14,train_only,SUPPORTED
21,session-1,dataset-primary4,1.0.0,rest,mendeley-S021-rest-R02,mendeley-S021-rest-R05,within_subject_same_session_same_class,0.7232338786125183,0.7142342877464763,0.6444456577301025,ALL14,train_only,SUPPORTED
21,session-1,dataset-primary4,1.0.0,rest,mendeley-S021-rest-R03,mendeley-S021-rest-R04,within_subject_same_session_same_class,0.7547889947891235,0.7573313889130178,0.6139296293258667,ALL14,train_only,SUPPORTED
21,session-1,dataset-primary4,1.0.0,rest,mendeley-S021-rest-R03,mendeley-S021-rest-R05,within_subject_same_session_same_class,0.8338707685470581,0.8385644373277042,0.5022444725036621,ALL14,train_only,SUPPORTED
21,session-1,dataset-primary4,1.0.0,rest,mendeley-S021-rest-R04,mendeley-S021-rest-R05,within_subject_same_session_same_class,0.9008499383926392,0.931365701985949,0.36080673336982727,ALL14,train_only,SUPPORTED
21,session-1,dataset-primary4,1.0.0,wrist_extension,mendeley-S021-wrist_extension-R01,mendeley-S021-wrist_extension-R02,within_subject_same_session_same_class,0.8601349592208862,0.8069869531303091,1.3197368383407593,ALL14,train_only,SUPPORTED
21,session-1,dataset-primary4,1.0.0,wrist_extension,mendeley-S021-wrist_extension-R01,mendeley-S021-wrist_extension-R03,within_subject_same_session_same_class,0.862183153629303,0.8184435893893887,1.222102403640747,ALL14,train_only,SUPPORTED
21,session-1,dataset-primary4,1.0.0,wrist_extension,mendeley-S021-wrist_extension-R01,mendeley-S021-wrist_extension-R04,within_subject_same_session_same_class,0.8895683884620667,0.8479793167866139,1.1164442300796509,ALL14,train_only,SUPPORTED
21,session-1,dataset-primary4,1.0.0,wrist_extension,mendeley-S021-wrist_extension-R01,mendeley-S021-wrist_extension-R05,within_subject_same_session_same_class,0.8833766579627991,0.8398406624870319,1.317484736442566,ALL14,train_only,SUPPORTED
21,session-1,dataset-primary4,1.0.0,wrist_extension,mendeley-S021-wrist_extension-R02,mendeley-S021-wrist_extension-R03,within_subject_same_session_same_class,0.795686662197113,0.7259234469756823,1.5461302995681763,ALL14,train_only,SUPPORTED
21,session-1,dataset-primary4,1.0.0,wrist_extension,mendeley-S021-wrist_extension-R02,mendeley-S021-wrist_extension-R04,within_subject_same_session_same_class,0.8153875470161438,0.7272203274419682,1.4822282791137695,ALL14,train_only,SUPPORTED
21,session-1,dataset-primary4,1.0.0,wrist_extension,mendeley-S021-wrist_extension-R02,mendeley-S021-wrist_extension-R05,within_subject_same_session_same_class,0.7840104103088379,0.6919030460901109,1.676346778869629,ALL14,train_only,SUPPORTED
21,session-1,dataset-primary4,1.0.0,wrist_extension,mendeley-S021-wrist_extension-R03,mendeley-S021-wrist_extension-R04,within_subject_same_session_same_class,0.9247130155563354,0.906258838914364,0.7835622429847717,ALL14,train_only,SUPPORTED
21,session-1,dataset-primary4,1.0.0,wrist_extension,mendeley-S021-wrist_extension-R03,mendeley-S021-wrist_extension-R05,within_subject_same_session_same_class,0.9340717792510986,0.9143162972914526,0.865745484828949,ALL14,train_only,SUPPORTED
21,session-1,dataset-primary4,1.0.0,wrist_extension,mendeley-S021-wrist_extension-R04,mendeley-S021-wrist_extension-R05,within_subject_same_session_same_class,0.9691169261932373,0.9570720409440664,0.661314070224762,ALL14,train_only,SUPPORTED
21,session-1,dataset-primary4,1.0.0,wrist_flexion,mendeley-S021-wrist_flexion-R01,mendeley-S021-wrist_flexion-R02,within_subject_same_session_same_class,0.5909901857376099,0.5658361726736862,3.532219171524048,ALL14,train_only,SUPPORTED
21,session-1,dataset-primary4,1.0.0,wrist_flexion,mendeley-S021-wrist_flexion-R01,mendeley-S021-wrist_flexion-R03,within_subject_same_session_same_class,0.26758018136024475,0.25624194148953267,3.864572525024414,ALL14,train_only,SUPPORTED
21,session-1,dataset-primary4,1.0.0,wrist_flexion,mendeley-S021-wrist_flexion-R01,mendeley-S021-wrist_flexion-R04,within_subject_same_session_same_class,0.03027346543967724,0.06913620385801739,4.025918006896973,ALL14,train_only,SUPPORTED
21,session-1,dataset-primary4,1.0.0,wrist_flexion,mendeley-S021-wrist_flexion-R01,mendeley-S021-wrist_flexion-R05,within_subject_same_session_same_class,0.6617432236671448,0.687799880531804,3.499887704849243,ALL14,train_only,SUPPORTED
21,session-1,dataset-primary4,1.0.0,wrist_flexion,mendeley-S021-wrist_flexion-R02,mendeley-S021-wrist_flexion-R03,within_subject_same_session_same_class,0.6636383533477783,0.6677554700023174,0.7553448677062988,ALL14,train_only,SUPPORTED
21,session-1,dataset-primary4,1.0.0,wrist_flexion,mendeley-S021-wrist_flexion-R02,mendeley-S021-wrist_flexion-R04,within_subject_same_session_same_class,0.5282453894615173,0.6013086052609738,0.8014763593673706,ALL14,train_only,SUPPORTED
21,session-1,dataset-primary4,1.0.0,wrist_flexion,mendeley-S021-wrist_flexion-R02,mendeley-S021-wrist_flexion-R05,within_subject_same_session_same_class,0.5833191275596619,0.616144453782555,0.8245534896850586,ALL14,train_only,SUPPORTED
21,session-1,dataset-primary4,1.0.0,wrist_flexion,mendeley-S021-wrist_flexion-R03,mendeley-S021-wrist_flexion-R04,within_subject_same_session_same_class,0.7721215486526489,0.799247226262288,0.5909964442253113,ALL14,train_only,SUPPORTED
21,session-1,dataset-primary4,1.0.0,wrist_flexion,mendeley-S021-wrist_flexion-R03,mendeley-S021-wrist_flexion-R05,within_subject_same_session_same_class,0.1439225971698761,0.1477048925789505,1.1461108922958374,ALL14,train_only,SUPPORTED
21,session-1,dataset-primary4,1.0.0,wrist_flexion,mendeley-S021-wrist_flexion-R04,mendeley-S021-wrist_flexion-R05,within_subject_same_session_same_class,0.2604643702507019,0.25795238960997774,0.882148027420044,ALL14,train_only,SUPPORTED
22,session-1,dataset-primary4,1.0.0,hand_close,mendeley-S022-grip-R01,mendeley-S022-grip-R02,within_subject_same_session_same_class,0.23039039969444275,0.1972511645828157,0.8453691005706787,ALL14,train_only,SUPPORTED
22,session-1,dataset-primary4,1.0.0,hand_close,mendeley-S022-grip-R01,mendeley-S022-grip-R03,within_subject_same_session_same_class,0.19651779532432556,0.11672607045692357,0.8109025955200195,ALL14,train_only,SUPPORTED
22,session-1,dataset-primary4,1.0.0,hand_close,mendeley-S022-grip-R01,mendeley-S022-grip-R04,within_subject_same_session_same_class,0.3319914937019348,0.21885041612359318,0.7161929607391357,ALL14,train_only,SUPPORTED
22,session-1,dataset-primary4,1.0.0,hand_close,mendeley-S022-grip-R01,mendeley-S022-grip-R05,within_subject_same_session_same_class,0.16491462290287018,0.08744834996878162,0.8192775845527649,ALL14,train_only,SUPPORTED
22,session-1,dataset-primary4,1.0.0,hand_close,mendeley-S022-grip-R02,mendeley-S022-grip-R03,within_subject_same_session_same_class,0.6799744367599487,0.6738901030452111,0.526788055896759,ALL14,train_only,SUPPORTED
22,session-1,dataset-primary4,1.0.0,hand_close,mendeley-S022-grip-R02,mendeley-S022-grip-R04,within_subject_same_session_same_class,0.6235279440879822,0.6356829984201758,0.5574465990066528,ALL14,train_only,SUPPORTED
22,session-1,dataset-primary4,1.0.0,hand_close,mendeley-S022-grip-R02,mendeley-S022-grip-R05,within_subject_same_session_same_class,0.5732297301292419,0.5611999969303785,0.6021861433982849,ALL14,train_only,SUPPORTED
22,session-1,dataset-primary4,1.0.0,hand_close,mendeley-S022-grip-R03,mendeley-S022-grip-R04,within_subject_same_session_same_class,0.7297452688217163,0.7044838526980844,0.4323015809059143,ALL14,train_only,SUPPORTED
22,session-1,dataset-primary4,1.0.0,hand_close,mendeley-S022-grip-R03,mendeley-S022-grip-R05,within_subject_same_session_same_class,0.5334042310714722,0.4957316401310954,0.5821195244789124,ALL14,train_only,SUPPORTED
22,session-1,dataset-primary4,1.0.0,hand_close,mendeley-S022-grip-R04,mendeley-S022-grip-R05,within_subject_same_session_same_class,0.888026773929596,0.8952064588229558,0.2760290503501892,ALL14,train_only,SUPPORTED
22,session-1,dataset-primary4,1.0.0,rest,mendeley-S022-rest-R01,mendeley-S022-rest-R02,within_subject_same_session_same_class,0.5900669097900391,0.4187543560410455,0.6454098224639893,ALL14,train_only,SUPPORTED
22,session-1,dataset-primary4,1.0.0,rest,mendeley-S022-rest-R01,mendeley-S022-rest-R03,within_subject_same_session_same_class,0.6629741787910461,0.5147510746469053,0.5961068272590637,ALL14,train_only,SUPPORTED
22,session-1,dataset-primary4,1.0.0,rest,mendeley-S022-rest-R01,mendeley-S022-rest-R04,within_subject_same_session_same_class,0.6520988941192627,0.5305522947655095,0.6163724064826965,ALL14,train_only,SUPPORTED
22,session-1,dataset-primary4,1.0.0,rest,mendeley-S022-rest-R01,mendeley-S022-rest-R05,within_subject_same_session_same_class,0.5871987342834473,0.40831595561310546,0.6477366089820862,ALL14,train_only,SUPPORTED
22,session-1,dataset-primary4,1.0.0,rest,mendeley-S022-rest-R02,mendeley-S022-rest-R03,within_subject_same_session_same_class,0.9441025257110596,0.9105355662828509,0.1891157031059265,ALL14,train_only,SUPPORTED
22,session-1,dataset-primary4,1.0.0,rest,mendeley-S022-rest-R02,mendeley-S022-rest-R04,within_subject_same_session_same_class,0.7063614130020142,0.5753444378077307,0.4686541259288788,ALL14,train_only,SUPPORTED
22,session-1,dataset-primary4,1.0.0,rest,mendeley-S022-rest-R02,mendeley-S022-rest-R05,within_subject_same_session_same_class,0.9312243461608887,0.8899514194578695,0.20281527936458588,ALL14,train_only,SUPPORTED
22,session-1,dataset-primary4,1.0.0,rest,mendeley-S022-rest-R03,mendeley-S022-rest-R04,within_subject_same_session_same_class,0.770522952079773,0.6653467406869189,0.42116111516952515,ALL14,train_only,SUPPORTED
22,session-1,dataset-primary4,1.0.0,rest,mendeley-S022-rest-R03,mendeley-S022-rest-R05,within_subject_same_session_same_class,0.9471086859703064,0.9117675927983131,0.18414102494716644,ALL14,train_only,SUPPORTED
22,session-1,dataset-primary4,1.0.0,rest,mendeley-S022-rest-R04,mendeley-S022-rest-R05,within_subject_same_session_same_class,0.792655885219574,0.7007226965438241,0.39822688698768616,ALL14,train_only,SUPPORTED
22,session-1,dataset-primary4,1.0.0,wrist_extension,mendeley-S022-wrist_extension-R01,mendeley-S022-wrist_extension-R02,within_subject_same_session_same_class,0.8755117058753967,0.8358919958663411,0.6530535817146301,ALL14,train_only,SUPPORTED
22,session-1,dataset-primary4,1.0.0,wrist_extension,mendeley-S022-wrist_extension-R01,mendeley-S022-wrist_extension-R03,within_subject_same_session_same_class,0.8434582352638245,0.7931450176863288,0.7925145030021667,ALL14,train_only,SUPPORTED
22,session-1,dataset-primary4,1.0.0,wrist_extension,mendeley-S022-wrist_extension-R01,mendeley-S022-wrist_extension-R04,within_subject_same_session_same_class,0.8387399911880493,0.7987956473612777,0.7296518087387085,ALL14,train_only,SUPPORTED
22,session-1,dataset-primary4,1.0.0,wrist_extension,mendeley-S022-wrist_extension-R01,mendeley-S022-wrist_extension-R05,within_subject_same_session_same_class,0.8879425525665283,0.8523167974654904,0.7067514061927795,ALL14,train_only,SUPPORTED
22,session-1,dataset-primary4,1.0.0,wrist_extension,mendeley-S022-wrist_extension-R02,mendeley-S022-wrist_extension-R03,within_subject_same_session_same_class,0.9616995453834534,0.9475914734097651,0.4246005117893219,ALL14,train_only,SUPPORTED
22,session-1,dataset-primary4,1.0.0,wrist_extension,mendeley-S022-wrist_extension-R02,mendeley-S022-wrist_extension-R04,within_subject_same_session_same_class,0.9528191685676575,0.9456491967620771,0.38614964485168457,ALL14,train_only,SUPPORTED
22,session-1,dataset-primary4,1.0.0,wrist_extension,mendeley-S022-wrist_extension-R02,mendeley-S022-wrist_extension-R05,within_subject_same_session_same_class,0.9717020392417908,0.9612220714414534,0.42673107981681824,ALL14,train_only,SUPPORTED
22,session-1,dataset-primary4,1.0.0,wrist_extension,mendeley-S022-wrist_extension-R03,mendeley-S022-wrist_extension-R04,within_subject_same_session_same_class,0.9459950923919678,0.9369840771426148,0.518915593624115,ALL14,train_only,SUPPORTED
22,session-1,dataset-primary4,1.0.0,wrist_extension,mendeley-S022-wrist_extension-R03,mendeley-S022-wrist_extension-R05,within_subject_same_session_same_class,0.9562406539916992,0.9399531921376651,0.44927898049354553,ALL14,train_only,SUPPORTED
22,session-1,dataset-primary4,1.0.0,wrist_extension,mendeley-S022-wrist_extension-R04,mendeley-S022-wrist_extension-R05,within_subject_same_session_same_class,0.9098544120788574,0.8903731277271656,0.6752899289131165,ALL14,train_only,SUPPORTED
22,session-1,dataset-primary4,1.0.0,wrist_flexion,mendeley-S022-wrist_flexion-R01,mendeley-S022-wrist_flexion-R02,within_subject_same_session_same_class,0.5934816598892212,0.5855507251341722,0.7472829818725586,ALL14,train_only,SUPPORTED
22,session-1,dataset-primary4,1.0.0,wrist_flexion,mendeley-S022-wrist_flexion-R01,mendeley-S022-wrist_flexion-R03,within_subject_same_session_same_class,0.5709371566772461,0.4542828082342956,0.6775191426277161,ALL14,train_only,SUPPORTED
22,session-1,dataset-primary4,1.0.0,wrist_flexion,mendeley-S022-wrist_flexion-R01,mendeley-S022-wrist_flexion-R04,within_subject_same_session_same_class,0.432472825050354,0.2999663513065146,0.7514501214027405,ALL14,train_only,SUPPORTED
22,session-1,dataset-primary4,1.0.0,wrist_flexion,mendeley-S022-wrist_flexion-R01,mendeley-S022-wrist_flexion-R05,within_subject_same_session_same_class,0.6050058603286743,0.4998161597013434,0.6546516418457031,ALL14,train_only,SUPPORTED
22,session-1,dataset-primary4,1.0.0,wrist_flexion,mendeley-S022-wrist_flexion-R02,mendeley-S022-wrist_flexion-R03,within_subject_same_session_same_class,0.47042492032051086,0.47177779008448784,0.7492572665214539,ALL14,train_only,SUPPORTED
22,session-1,dataset-primary4,1.0.0,wrist_flexion,mendeley-S022-wrist_flexion-R02,mendeley-S022-wrist_flexion-R04,within_subject_same_session_same_class,0.5909762978553772,0.5944048040213542,0.6738848686218262,ALL14,train_only,SUPPORTED
22,session-1,dataset-primary4,1.0.0,wrist_flexion,mendeley-S022-wrist_flexion-R02,mendeley-S022-wrist_flexion-R05,within_subject_same_session_same_class,0.5090228915214539,0.5208838448302996,0.7218705415725708,ALL14,train_only,SUPPORTED
22,session-1,dataset-primary4,1.0.0,wrist_flexion,mendeley-S022-wrist_flexion-R03,mendeley-S022-wrist_flexion-R04,within_subject_same_session_same_class,0.7418083548545837,0.6478946368412523,0.3645854890346527,ALL14,train_only,SUPPORTED
22,session-1,dataset-primary4,1.0.0,wrist_flexion,mendeley-S022-wrist_flexion-R03,mendeley-S022-wrist_flexion-R05,within_subject_same_session_same_class,0.8182194232940674,0.7224986097170392,0.3091697692871094,ALL14,train_only,SUPPORTED
22,session-1,dataset-primary4,1.0.0,wrist_flexion,mendeley-S022-wrist_flexion-R04,mendeley-S022-wrist_flexion-R05,within_subject_same_session_same_class,0.8431390523910522,0.7905063967893172,0.27176782488822937,ALL14,train_only,SUPPORTED
23,session-1,dataset-primary4,1.0.0,hand_close,mendeley-S023-grip-R01,mendeley-S023-grip-R02,within_subject_same_session_same_class,0.7629783749580383,0.6565845752170498,0.38960567116737366,ALL14,train_only,SUPPORTED
23,session-1,dataset-primary4,1.0.0,hand_close,mendeley-S023-grip-R01,mendeley-S023-grip-R03,within_subject_same_session_same_class,0.685982882976532,0.5636943117808975,0.41222453117370605,ALL14,train_only,SUPPORTED
23,session-1,dataset-primary4,1.0.0,hand_close,mendeley-S023-grip-R01,mendeley-S023-grip-R04,within_subject_same_session_same_class,0.654102087020874,0.47825617624785544,0.48192527890205383,ALL14,train_only,SUPPORTED
23,session-1,dataset-primary4,1.0.0,hand_close,mendeley-S023-grip-R01,mendeley-S023-grip-R05,within_subject_same_session_same_class,0.7332425117492676,0.6252549311717921,0.44299039244651794,ALL14,train_only,SUPPORTED
23,session-1,dataset-primary4,1.0.0,hand_close,mendeley-S023-grip-R02,mendeley-S023-grip-R03,within_subject_same_session_same_class,0.894335925579071,0.8484223331336551,0.2684447467327118,ALL14,train_only,SUPPORTED
23,session-1,dataset-primary4,1.0.0,hand_close,mendeley-S023-grip-R02,mendeley-S023-grip-R04,within_subject_same_session_same_class,0.8878124356269836,0.8132944316385684,0.2918517291545868,ALL14,train_only,SUPPORTED
23,session-1,dataset-primary4,1.0.0,hand_close,mendeley-S023-grip-R02,mendeley-S023-grip-R05,within_subject_same_session_same_class,0.8490033745765686,0.7751456812139255,0.34720125794410706,ALL14,train_only,SUPPORTED
23,session-1,dataset-primary4,1.0.0,hand_close,mendeley-S023-grip-R03,mendeley-S023-grip-R04,within_subject_same_session_same_class,0.8758564591407776,0.8255537131858954,0.3028195798397064,ALL14,train_only,SUPPORTED
23,session-1,dataset-primary4,1.0.0,hand_close,mendeley-S023-grip-R03,mendeley-S023-grip-R05,within_subject_same_session_same_class,0.8242230415344238,0.7507405556873895,0.36864155530929565,ALL14,train_only,SUPPORTED
23,session-1,dataset-primary4,1.0.0,hand_close,mendeley-S023-grip-R04,mendeley-S023-grip-R05,within_subject_same_session_same_class,0.8821709752082825,0.8282745659479681,0.3111020624637604,ALL14,train_only,SUPPORTED
23,session-1,dataset-primary4,1.0.0,rest,mendeley-S023-rest-R01,mendeley-S023-rest-R02,within_subject_same_session_same_class,0.8569211363792419,0.8466794898272079,0.25309911370277405,ALL14,train_only,SUPPORTED
23,session-1,dataset-primary4,1.0.0,rest,mendeley-S023-rest-R01,mendeley-S023-rest-R03,within_subject_same_session_same_class,0.8454245328903198,0.8360200024957295,0.2900654375553131,ALL14,train_only,SUPPORTED
23,session-1,dataset-primary4,1.0.0,rest,mendeley-S023-rest-R01,mendeley-S023-rest-R04,within_subject_same_session_same_class,0.8353868722915649,0.8173468608739187,0.2744735777378082,ALL14,train_only,SUPPORTED
23,session-1,dataset-primary4,1.0.0,rest,mendeley-S023-rest-R01,mendeley-S023-rest-R05,within_subject_same_session_same_class,0.8087208271026611,0.8228076471770788,0.30622267723083496,ALL14,train_only,SUPPORTED
23,session-1,dataset-primary4,1.0.0,rest,mendeley-S023-rest-R02,mendeley-S023-rest-R03,within_subject_same_session_same_class,0.9426518678665161,0.9259194369889897,0.18683934211730957,ALL14,train_only,SUPPORTED
23,session-1,dataset-primary4,1.0.0,rest,mendeley-S023-rest-R02,mendeley-S023-rest-R04,within_subject_same_session_same_class,0.7393313646316528,0.7053503236816137,0.3387966752052307,ALL14,train_only,SUPPORTED
23,session-1,dataset-primary4,1.0.0,rest,mendeley-S023-rest-R02,mendeley-S023-rest-R05,within_subject_same_session_same_class,0.9189906716346741,0.9053550325833263,0.19952060282230377,ALL14,train_only,SUPPORTED
23,session-1,dataset-primary4,1.0.0,rest,mendeley-S023-rest-R03,mendeley-S023-rest-R04,within_subject_same_session_same_class,0.7234476208686829,0.6873959487764042,0.3829440176486969,ALL14,train_only,SUPPORTED
23,session-1,dataset-primary4,1.0.0,rest,mendeley-S023-rest-R03,mendeley-S023-rest-R05,within_subject_same_session_same_class,0.9466978907585144,0.9387643598929085,0.17448075115680695,ALL14,train_only,SUPPORTED
23,session-1,dataset-primary4,1.0.0,rest,mendeley-S023-rest-R04,mendeley-S023-rest-R05,within_subject_same_session_same_class,0.746614933013916,0.7377989237491281,0.3504454791545868,ALL14,train_only,SUPPORTED
23,session-1,dataset-primary4,1.0.0,wrist_extension,mendeley-S023-wrist_extension-R01,mendeley-S023-wrist_extension-R02,within_subject_same_session_same_class,0.9398812055587769,0.9191249334768196,0.6119134426116943,ALL14,train_only,SUPPORTED
23,session-1,dataset-primary4,1.0.0,wrist_extension,mendeley-S023-wrist_extension-R01,mendeley-S023-wrist_extension-R03,within_subject_same_session_same_class,0.9339809417724609,0.9136880518134801,0.8216789364814758,ALL14,train_only,SUPPORTED
23,session-1,dataset-primary4,1.0.0,wrist_extension,mendeley-S023-wrist_extension-R01,mendeley-S023-wrist_extension-R04,within_subject_same_session_same_class,0.920234203338623,0.8934428320405852,0.9320787787437439,ALL14,train_only,SUPPORTED
23,session-1,dataset-primary4,1.0.0,wrist_extension,mendeley-S023-wrist_extension-R01,mendeley-S023-wrist_extension-R05,within_subject_same_session_same_class,0.9297245740890503,0.9086923838421784,0.7912793159484863,ALL14,train_only,SUPPORTED
23,session-1,dataset-primary4,1.0.0,wrist_extension,mendeley-S023-wrist_extension-R02,mendeley-S023-wrist_extension-R03,within_subject_same_session_same_class,0.9654584527015686,0.9551403710675961,0.5492879748344421,ALL14,train_only,SUPPORTED
23,session-1,dataset-primary4,1.0.0,wrist_extension,mendeley-S023-wrist_extension-R02,mendeley-S023-wrist_extension-R04,within_subject_same_session_same_class,0.9446643590927124,0.926443401741191,0.6877535581588745,ALL14,train_only,SUPPORTED
23,session-1,dataset-primary4,1.0.0,wrist_extension,mendeley-S023-wrist_extension-R02,mendeley-S023-wrist_extension-R05,within_subject_same_session_same_class,0.9830515384674072,0.9786060080395096,0.43741270899772644,ALL14,train_only,SUPPORTED
23,session-1,dataset-primary4,1.0.0,wrist_extension,mendeley-S023-wrist_extension-R03,mendeley-S023-wrist_extension-R04,within_subject_same_session_same_class,0.9842192530632019,0.9796222737869728,0.22424444556236267,ALL14,train_only,SUPPORTED
23,session-1,dataset-primary4,1.0.0,wrist_extension,mendeley-S023-wrist_extension-R03,mendeley-S023-wrist_extension-R05,within_subject_same_session_same_class,0.9802316427230835,0.9745297150568517,0.23862908780574799,ALL14,train_only,SUPPORTED
23,session-1,dataset-primary4,1.0.0,wrist_extension,mendeley-S023-wrist_extension-R04,mendeley-S023-wrist_extension-R05,within_subject_same_session_same_class,0.9622770547866821,0.9512504354284351,0.3540751039981842,ALL14,train_only,SUPPORTED
23,session-1,dataset-primary4,1.0.0,wrist_flexion,mendeley-S023-wrist_flexion-R01,mendeley-S023-wrist_flexion-R02,within_subject_same_session_same_class,0.8999127149581909,0.8627004231533996,0.302693635225296,ALL14,train_only,SUPPORTED
23,session-1,dataset-primary4,1.0.0,wrist_flexion,mendeley-S023-wrist_flexion-R01,mendeley-S023-wrist_flexion-R03,within_subject_same_session_same_class,0.9562339186668396,0.9395158714550647,0.20259353518486023,ALL14,train_only,SUPPORTED
23,session-1,dataset-primary4,1.0.0,wrist_flexion,mendeley-S023-wrist_flexion-R01,mendeley-S023-wrist_flexion-R04,within_subject_same_session_same_class,0.8010283708572388,0.7507022394980414,0.4144929051399231,ALL14,train_only,SUPPORTED
23,session-1,dataset-primary4,1.0.0,wrist_flexion,mendeley-S023-wrist_flexion-R01,mendeley-S023-wrist_flexion-R05,within_subject_same_session_same_class,0.8557785749435425,0.7957425551158562,0.37729883193969727,ALL14,train_only,SUPPORTED
23,session-1,dataset-primary4,1.0.0,wrist_flexion,mendeley-S023-wrist_flexion-R02,mendeley-S023-wrist_flexion-R03,within_subject_same_session_same_class,0.9584701061248779,0.9426286995364491,0.19118259847164154,ALL14,train_only,SUPPORTED
23,session-1,dataset-primary4,1.0.0,wrist_flexion,mendeley-S023-wrist_flexion-R02,mendeley-S023-wrist_flexion-R04,within_subject_same_session_same_class,0.9446633458137512,0.9363639391384141,0.1975366473197937,ALL14,train_only,SUPPORTED
23,session-1,dataset-primary4,1.0.0,wrist_flexion,mendeley-S023-wrist_flexion-R02,mendeley-S023-wrist_flexion-R05,within_subject_same_session_same_class,0.7497534155845642,0.641685177721521,0.47546011209487915,ALL14,train_only,SUPPORTED
23,session-1,dataset-primary4,1.0.0,wrist_flexion,mendeley-S023-wrist_flexion-R03,mendeley-S023-wrist_flexion-R04,within_subject_same_session_same_class,0.9108428359031677,0.8941711329303403,0.2761978209018707,ALL14,train_only,SUPPORTED
23,session-1,dataset-primary4,1.0.0,wrist_flexion,mendeley-S023-wrist_flexion-R03,mendeley-S023-wrist_flexion-R05,within_subject_same_session_same_class,0.8727797269821167,0.8166009096136884,0.34941139817237854,ALL14,train_only,SUPPORTED
23,session-1,dataset-primary4,1.0.0,wrist_flexion,mendeley-S023-wrist_flexion-R04,mendeley-S023-wrist_flexion-R05,within_subject_same_session_same_class,0.711998462677002,0.6319922033301169,0.5020434260368347,ALL14,train_only,SUPPORTED
24,session-1,dataset-primary4,1.0.0,hand_close,mendeley-S024-grip-R01,mendeley-S024-grip-R02,within_subject_same_session_same_class,0.9432583451271057,0.9418698985029651,0.3386628031730652,ALL14,train_only,SUPPORTED
24,session-1,dataset-primary4,1.0.0,hand_close,mendeley-S024-grip-R01,mendeley-S024-grip-R03,within_subject_same_session_same_class,0.6029351949691772,0.5957057047183445,0.7352436184883118,ALL14,train_only,SUPPORTED
24,session-1,dataset-primary4,1.0.0,hand_close,mendeley-S024-grip-R01,mendeley-S024-grip-R04,within_subject_same_session_same_class,0.22416138648986816,0.15810976497032234,0.9748923182487488,ALL14,train_only,SUPPORTED
24,session-1,dataset-primary4,1.0.0,hand_close,mendeley-S024-grip-R01,mendeley-S024-grip-R05,within_subject_same_session_same_class,0.6657150387763977,0.6699072037138342,0.6876097917556763,ALL14,train_only,SUPPORTED
24,session-1,dataset-primary4,1.0.0,hand_close,mendeley-S024-grip-R02,mendeley-S024-grip-R03,within_subject_same_session_same_class,0.5631157159805298,0.5555900365034834,0.8388007879257202,ALL14,train_only,SUPPORTED
24,session-1,dataset-primary4,1.0.0,hand_close,mendeley-S024-grip-R02,mendeley-S024-grip-R04,within_subject_same_session_same_class,0.2972908020019531,0.2619708307769936,1.0094106197357178,ALL14,train_only,SUPPORTED
24,session-1,dataset-primary4,1.0.0,hand_close,mendeley-S024-grip-R02,mendeley-S024-grip-R05,within_subject_same_session_same_class,0.6993375420570374,0.7121446668550029,0.7301125526428223,ALL14,train_only,SUPPORTED
24,session-1,dataset-primary4,1.0.0,hand_close,mendeley-S024-grip-R03,mendeley-S024-grip-R04,within_subject_same_session_same_class,0.6890206933021545,0.606699825214393,0.4459344148635864,ALL14,train_only,SUPPORTED
24,session-1,dataset-primary4,1.0.0,hand_close,mendeley-S024-grip-R03,mendeley-S024-grip-R05,within_subject_same_session_same_class,0.7297739386558533,0.6705008743162958,0.4344238042831421,ALL14,train_only,SUPPORTED
24,session-1,dataset-primary4,1.0.0,hand_close,mendeley-S024-grip-R04,mendeley-S024-grip-R05,within_subject_same_session_same_class,0.7292386889457703,0.6487337824637693,0.4463295042514801,ALL14,train_only,SUPPORTED
24,session-1,dataset-primary4,1.0.0,rest,mendeley-S024-rest-R01,mendeley-S024-rest-R02,within_subject_same_session_same_class,0.7420604228973389,0.7306220636515192,0.35647743940353394,ALL14,train_only,SUPPORTED
24,session-1,dataset-primary4,1.0.0,rest,mendeley-S024-rest-R01,mendeley-S024-rest-R03,within_subject_same_session_same_class,0.8439301252365112,0.8385771228291573,0.28472352027893066,ALL14,train_only,SUPPORTED
24,session-1,dataset-primary4,1.0.0,rest,mendeley-S024-rest-R01,mendeley-S024-rest-R04,within_subject_same_session_same_class,0.4287305176258087,0.438140925706696,0.5620006322860718,ALL14,train_only,SUPPORTED
24,session-1,dataset-primary4,1.0.0,rest,mendeley-S024-rest-R01,mendeley-S024-rest-R05,within_subject_same_session_same_class,0.6887143850326538,0.6774770965667053,0.4120832681655884,ALL14,train_only,SUPPORTED
24,session-1,dataset-primary4,1.0.0,rest,mendeley-S024-rest-R02,mendeley-S024-rest-R03,within_subject_same_session_same_class,0.9227765202522278,0.9177764586316642,0.1790238320827484,ALL14,train_only,SUPPORTED
24,session-1,dataset-primary4,1.0.0,rest,mendeley-S024-rest-R02,mendeley-S024-rest-R04,within_subject_same_session_same_class,0.8360925316810608,0.8637323951300374,0.28645628690719604,ALL14,train_only,SUPPORTED
24,session-1,dataset-primary4,1.0.0,rest,mendeley-S024-rest-R02,mendeley-S024-rest-R05,within_subject_same_session_same_class,0.5872589349746704,0.5520231588137103,0.4337348937988281,ALL14,train_only,SUPPORTED
24,session-1,dataset-primary4,1.0.0,rest,mendeley-S024-rest-R03,mendeley-S024-rest-R04,within_subject_same_session_same_class,0.6783025860786438,0.707387953863669,0.3989745080471039,ALL14,train_only,SUPPORTED
24,session-1,dataset-primary4,1.0.0,rest,mendeley-S024-rest-R03,mendeley-S024-rest-R05,within_subject_same_session_same_class,0.6699715852737427,0.6364761945086397,0.40010350942611694,ALL14,train_only,SUPPORTED
24,session-1,dataset-primary4,1.0.0,rest,mendeley-S024-rest-R04,mendeley-S024-rest-R05,within_subject_same_session_same_class,0.16104961931705475,0.17584668216666116,0.6709089279174805,ALL14,train_only,SUPPORTED
24,session-1,dataset-primary4,1.0.0,wrist_extension,mendeley-S024-wrist_extension-R01,mendeley-S024-wrist_extension-R02,within_subject_same_session_same_class,0.9819485545158386,0.9764234078895881,0.669664204120636,ALL14,train_only,SUPPORTED
24,session-1,dataset-primary4,1.0.0,wrist_extension,mendeley-S024-wrist_extension-R01,mendeley-S024-wrist_extension-R03,within_subject_same_session_same_class,0.9479228854179382,0.9316670779774658,1.233945369720459,ALL14,train_only,SUPPORTED
24,session-1,dataset-primary4,1.0.0,wrist_extension,mendeley-S024-wrist_extension-R01,mendeley-S024-wrist_extension-R04,within_subject_same_session_same_class,0.9683623909950256,0.9587391838422032,0.8933978080749512,ALL14,train_only,SUPPORTED
24,session-1,dataset-primary4,1.0.0,wrist_extension,mendeley-S024-wrist_extension-R01,mendeley-S024-wrist_extension-R05,within_subject_same_session_same_class,0.8479916453361511,0.7991081230394448,1.6339346170425415,ALL14,train_only,SUPPORTED
24,session-1,dataset-primary4,1.0.0,wrist_extension,mendeley-S024-wrist_extension-R02,mendeley-S024-wrist_extension-R03,within_subject_same_session_same_class,0.9763033390045166,0.968593406891255,0.6622493863105774,ALL14,train_only,SUPPORTED
24,session-1,dataset-primary4,1.0.0,wrist_extension,mendeley-S024-wrist_extension-R02,mendeley-S024-wrist_extension-R04,within_subject_same_session_same_class,0.9828633666038513,0.9775641911989655,0.39861199259757996,ALL14,train_only,SUPPORTED
24,session-1,dataset-primary4,1.0.0,wrist_extension,mendeley-S024-wrist_extension-R02,mendeley-S024-wrist_extension-R05,within_subject_same_session_same_class,0.9107721447944641,0.8810527761261071,1.037731409072876,ALL14,train_only,SUPPORTED
24,session-1,dataset-primary4,1.0.0,wrist_extension,mendeley-S024-wrist_extension-R03,mendeley-S024-wrist_extension-R04,within_subject_same_session_same_class,0.9814102053642273,0.9756804469084118,0.46715283393859863,ALL14,train_only,SUPPORTED
24,session-1,dataset-primary4,1.0.0,wrist_extension,mendeley-S024-wrist_extension-R03,mendeley-S024-wrist_extension-R05,within_subject_same_session_same_class,0.9615755677223206,0.9486076544906905,0.4425101578235626,ALL14,train_only,SUPPORTED
24,session-1,dataset-primary4,1.0.0,wrist_extension,mendeley-S024-wrist_extension-R04,mendeley-S024-wrist_extension-R05,within_subject_same_session_same_class,0.9179055094718933,0.8915800445177284,0.8477837443351746,ALL14,train_only,SUPPORTED
24,session-1,dataset-primary4,1.0.0,wrist_flexion,mendeley-S024-wrist_flexion-R01,mendeley-S024-wrist_flexion-R02,within_subject_same_session_same_class,0.7270314693450928,0.6926474923579086,0.4026198983192444,ALL14,train_only,SUPPORTED
24,session-1,dataset-primary4,1.0.0,wrist_flexion,mendeley-S024-wrist_flexion-R01,mendeley-S024-wrist_flexion-R03,within_subject_same_session_same_class,0.153635174036026,0.0934466041110442,0.5942712426185608,ALL14,train_only,SUPPORTED
24,session-1,dataset-primary4,1.0.0,wrist_flexion,mendeley-S024-wrist_flexion-R01,mendeley-S024-wrist_flexion-R04,within_subject_same_session_same_class,0.8277840614318848,0.8080267041130746,0.30824241042137146,ALL14,train_only,SUPPORTED
24,session-1,dataset-primary4,1.0.0,wrist_flexion,mendeley-S024-wrist_flexion-R01,mendeley-S024-wrist_flexion-R05,within_subject_same_session_same_class,0.8076791167259216,0.7903836974415447,0.3975737988948822,ALL14,train_only,SUPPORTED
24,session-1,dataset-primary4,1.0.0,wrist_flexion,mendeley-S024-wrist_flexion-R02,mendeley-S024-wrist_flexion-R03,within_subject_same_session_same_class,0.06784884631633759,-0.03613536872021844,0.6369472146034241,ALL14,train_only,SUPPORTED
24,session-1,dataset-primary4,1.0.0,wrist_flexion,mendeley-S024-wrist_flexion-R02,mendeley-S024-wrist_flexion-R04,within_subject_same_session_same_class,0.5662876963615417,0.46915639342108345,0.4983654320240021,ALL14,train_only,SUPPORTED
24,session-1,dataset-primary4,1.0.0,wrist_flexion,mendeley-S024-wrist_flexion-R02,mendeley-S024-wrist_flexion-R05,within_subject_same_session_same_class,0.8765038251876831,0.8781899681128393,0.3265845775604248,ALL14,train_only,SUPPORTED
24,session-1,dataset-primary4,1.0.0,wrist_flexion,mendeley-S024-wrist_flexion-R03,mendeley-S024-wrist_flexion-R04,within_subject_same_session_same_class,0.3350617587566376,0.27729399643931457,0.5168669819831848,ALL14,train_only,SUPPORTED
24,session-1,dataset-primary4,1.0.0,wrist_flexion,mendeley-S024-wrist_flexion-R03,mendeley-S024-wrist_flexion-R05,within_subject_same_session_same_class,-0.03149617090821266,-0.09700230465547385,0.7712514996528625,ALL14,train_only,SUPPORTED
24,session-1,dataset-primary4,1.0.0,wrist_flexion,mendeley-S024-wrist_flexion-R04,mendeley-S024-wrist_flexion-R05,within_subject_same_session_same_class,0.5841867923736572,0.5379827045059428,0.5600225329399109,ALL14,train_only,SUPPORTED
25,session-1,dataset-primary4,1.0.0,hand_close,mendeley-S025-grip-R01,mendeley-S025-grip-R02,within_subject_same_session_same_class,0.4494584798812866,0.4988527471822249,2.099228858947754,ALL14,train_only,SUPPORTED
25,session-1,dataset-primary4,1.0.0,hand_close,mendeley-S025-grip-R01,mendeley-S025-grip-R03,within_subject_same_session_same_class,0.17669308185577393,0.17483515783941386,2.265693187713623,ALL14,train_only,SUPPORTED
25,session-1,dataset-primary4,1.0.0,hand_close,mendeley-S025-grip-R01,mendeley-S025-grip-R04,within_subject_same_session_same_class,0.17174987494945526,0.1736803534413362,2.2932052612304688,ALL14,train_only,SUPPORTED
25,session-1,dataset-primary4,1.0.0,hand_close,mendeley-S025-grip-R01,mendeley-S025-grip-R05,within_subject_same_session_same_class,0.2726999521255493,0.32619610753997375,2.2169196605682373,ALL14,train_only,SUPPORTED
25,session-1,dataset-primary4,1.0.0,hand_close,mendeley-S025-grip-R02,mendeley-S025-grip-R03,within_subject_same_session_same_class,0.6888813972473145,0.606894523082069,0.44443479180336,ALL14,train_only,SUPPORTED
25,session-1,dataset-primary4,1.0.0,hand_close,mendeley-S025-grip-R02,mendeley-S025-grip-R04,within_subject_same_session_same_class,0.7194266319274902,0.6210454721206387,0.5226058959960938,ALL14,train_only,SUPPORTED
25,session-1,dataset-primary4,1.0.0,hand_close,mendeley-S025-grip-R02,mendeley-S025-grip-R05,within_subject_same_session_same_class,0.8226476907730103,0.7496784934051675,0.3439677953720093,ALL14,train_only,SUPPORTED
25,session-1,dataset-primary4,1.0.0,hand_close,mendeley-S025-grip-R03,mendeley-S025-grip-R04,within_subject_same_session_same_class,0.5209376215934753,0.39386537084861784,0.6446022391319275,ALL14,train_only,SUPPORTED
25,session-1,dataset-primary4,1.0.0,hand_close,mendeley-S025-grip-R03,mendeley-S025-grip-R05,within_subject_same_session_same_class,0.6699021458625793,0.575115078840589,0.4014359712600708,ALL14,train_only,SUPPORTED
25,session-1,dataset-primary4,1.0.0,hand_close,mendeley-S025-grip-R04,mendeley-S025-grip-R05,within_subject_same_session_same_class,0.8744567632675171,0.8356859501833444,0.39302605390548706,ALL14,train_only,SUPPORTED
25,session-1,dataset-primary4,1.0.0,rest,mendeley-S025-rest-R01,mendeley-S025-rest-R02,within_subject_same_session_same_class,0.41867250204086304,0.2552173868927014,0.4931356906890869,ALL14,train_only,SUPPORTED
25,session-1,dataset-primary4,1.0.0,rest,mendeley-S025-rest-R01,mendeley-S025-rest-R03,within_subject_same_session_same_class,0.3680003583431244,0.16178628735261896,0.48496538400650024,ALL14,train_only,SUPPORTED
25,session-1,dataset-primary4,1.0.0,rest,mendeley-S025-rest-R01,mendeley-S025-rest-R04,within_subject_same_session_same_class,0.4706788659095764,0.3145059544143799,0.45018497109413147,ALL14,train_only,SUPPORTED
25,session-1,dataset-primary4,1.0.0,rest,mendeley-S025-rest-R01,mendeley-S025-rest-R05,within_subject_same_session_same_class,0.49678677320480347,0.35127893836988283,0.45304617285728455,ALL14,train_only,SUPPORTED
25,session-1,dataset-primary4,1.0.0,rest,mendeley-S025-rest-R02,mendeley-S025-rest-R03,within_subject_same_session_same_class,0.6579249501228333,0.4998764890753047,0.39719897508621216,ALL14,train_only,SUPPORTED
25,session-1,dataset-primary4,1.0.0,rest,mendeley-S025-rest-R02,mendeley-S025-rest-R04,within_subject_same_session_same_class,0.8581714630126953,0.7984600430384359,0.2590806782245636,ALL14,train_only,SUPPORTED
25,session-1,dataset-primary4,1.0.0,rest,mendeley-S025-rest-R02,mendeley-S025-rest-R05,within_subject_same_session_same_class,0.7002918124198914,0.5755037707282965,0.38248294591903687,ALL14,train_only,SUPPORTED
25,session-1,dataset-primary4,1.0.0,rest,mendeley-S025-rest-R03,mendeley-S025-rest-R04,within_subject_same_session_same_class,0.7855041027069092,0.6781696258357036,0.3021809756755829,ALL14,train_only,SUPPORTED
25,session-1,dataset-primary4,1.0.0,rest,mendeley-S025-rest-R03,mendeley-S025-rest-R05,within_subject_same_session_same_class,0.6703834533691406,0.5082998326770608,0.38460928201675415,ALL14,train_only,SUPPORTED
25,session-1,dataset-primary4,1.0.0,rest,mendeley-S025-rest-R04,mendeley-S025-rest-R05,within_subject_same_session_same_class,0.7546851634979248,0.6446717225269747,0.3348626494407654,ALL14,train_only,SUPPORTED
25,session-1,dataset-primary4,1.0.0,wrist_extension,mendeley-S025-wrist_extension-R01,mendeley-S025-wrist_extension-R02,within_subject_same_session_same_class,0.9461560249328613,0.9400817801183697,0.841094434261322,ALL14,train_only,SUPPORTED
25,session-1,dataset-primary4,1.0.0,wrist_extension,mendeley-S025-wrist_extension-R01,mendeley-S025-wrist_extension-R03,within_subject_same_session_same_class,0.9634845852851868,0.9583727286188747,0.7765361070632935,ALL14,train_only,SUPPORTED
25,session-1,dataset-primary4,1.0.0,wrist_extension,mendeley-S025-wrist_extension-R01,mendeley-S025-wrist_extension-R04,within_subject_same_session_same_class,0.9675161838531494,0.9601595779857719,0.6627383828163147,ALL14,train_only,SUPPORTED
25,session-1,dataset-primary4,1.0.0,wrist_extension,mendeley-S025-wrist_extension-R01,mendeley-S025-wrist_extension-R05,within_subject_same_session_same_class,0.7919477820396423,0.775320390722777,1.344103455543518,ALL14,train_only,SUPPORTED
25,session-1,dataset-primary4,1.0.0,wrist_extension,mendeley-S025-wrist_extension-R02,mendeley-S025-wrist_extension-R03,within_subject_same_session_same_class,0.9037375450134277,0.8893019936420559,0.6989341378211975,ALL14,train_only,SUPPORTED
25,session-1,dataset-primary4,1.0.0,wrist_extension,mendeley-S025-wrist_extension-R02,mendeley-S025-wrist_extension-R04,within_subject_same_session_same_class,0.8711208701133728,0.851667902781856,0.8574677109718323,ALL14,train_only,SUPPORTED
25,session-1,dataset-primary4,1.0.0,wrist_extension,mendeley-S025-wrist_extension-R02,mendeley-S025-wrist_extension-R05,within_subject_same_session_same_class,0.7052927613258362,0.6757409975122061,1.3852148056030273,ALL14,train_only,SUPPORTED
25,session-1,dataset-primary4,1.0.0,wrist_extension,mendeley-S025-wrist_extension-R03,mendeley-S025-wrist_extension-R04,within_subject_same_session_same_class,0.96694415807724,0.9630418827439724,0.45303159952163696,ALL14,train_only,SUPPORTED
25,session-1,dataset-primary4,1.0.0,wrist_extension,mendeley-S025-wrist_extension-R03,mendeley-S025-wrist_extension-R05,within_subject_same_session_same_class,0.8750856518745422,0.8657829243189801,0.9361037611961365,ALL14,train_only,SUPPORTED
25,session-1,dataset-primary4,1.0.0,wrist_extension,mendeley-S025-wrist_extension-R04,mendeley-S025-wrist_extension-R05,within_subject_same_session_same_class,0.8411149978637695,0.832962818072034,1.0471079349517822,ALL14,train_only,SUPPORTED
25,session-1,dataset-primary4,1.0.0,wrist_flexion,mendeley-S025-wrist_flexion-R01,mendeley-S025-wrist_flexion-R02,within_subject_same_session_same_class,0.4789203405380249,0.4533028286517205,0.4737764298915863,ALL14,train_only,SUPPORTED
25,session-1,dataset-primary4,1.0.0,wrist_flexion,mendeley-S025-wrist_flexion-R01,mendeley-S025-wrist_flexion-R03,within_subject_same_session_same_class,0.508589506149292,0.42097357621141396,0.44106948375701904,ALL14,train_only,SUPPORTED
25,session-1,dataset-primary4,1.0.0,wrist_flexion,mendeley-S025-wrist_flexion-R01,mendeley-S025-wrist_flexion-R04,within_subject_same_session_same_class,0.5823970437049866,0.5579201664053599,0.3907455503940582,ALL14,train_only,SUPPORTED
25,session-1,dataset-primary4,1.0.0,wrist_flexion,mendeley-S025-wrist_flexion-R01,mendeley-S025-wrist_flexion-R05,within_subject_same_session_same_class,0.6323873400688171,0.6163162814753009,0.3393057584762573,ALL14,train_only,SUPPORTED
25,session-1,dataset-primary4,1.0.0,wrist_flexion,mendeley-S025-wrist_flexion-R02,mendeley-S025-wrist_flexion-R03,within_subject_same_session_same_class,0.756004273891449,0.7567517347373274,0.34821799397468567,ALL14,train_only,SUPPORTED
25,session-1,dataset-primary4,1.0.0,wrist_flexion,mendeley-S025-wrist_flexion-R02,mendeley-S025-wrist_flexion-R04,within_subject_same_session_same_class,0.7095257043838501,0.6990798099501372,0.371677964925766,ALL14,train_only,SUPPORTED
25,session-1,dataset-primary4,1.0.0,wrist_flexion,mendeley-S025-wrist_flexion-R02,mendeley-S025-wrist_flexion-R05,within_subject_same_session_same_class,0.7070441842079163,0.6967942097468701,0.36366647481918335,ALL14,train_only,SUPPORTED
25,session-1,dataset-primary4,1.0.0,wrist_flexion,mendeley-S025-wrist_flexion-R03,mendeley-S025-wrist_flexion-R04,within_subject_same_session_same_class,0.7773327231407166,0.7722323069763668,0.31295111775398254,ALL14,train_only,SUPPORTED
25,session-1,dataset-primary4,1.0.0,wrist_flexion,mendeley-S025-wrist_flexion-R03,mendeley-S025-wrist_flexion-R05,within_subject_same_session_same_class,0.7508955597877502,0.7451951784289762,0.3199887275695801,ALL14,train_only,SUPPORTED
25,session-1,dataset-primary4,1.0.0,wrist_flexion,mendeley-S025-wrist_flexion-R04,mendeley-S025-wrist_flexion-R05,within_subject_same_session_same_class,0.9062498211860657,0.9023430449114538,0.19185484945774078,ALL14,train_only,SUPPORTED
26,session-1,dataset-primary4,1.0.0,hand_close,mendeley-S026-grip-R01,mendeley-S026-grip-R02,within_subject_same_session_same_class,0.5414887070655823,0.4595272990342206,0.6600825190544128,ALL14,train_only,SUPPORTED
26,session-1,dataset-primary4,1.0.0,hand_close,mendeley-S026-grip-R01,mendeley-S026-grip-R03,within_subject_same_session_same_class,0.2301090806722641,0.06081774352119231,0.7791590690612793,ALL14,train_only,SUPPORTED
26,session-1,dataset-primary4,1.0.0,hand_close,mendeley-S026-grip-R01,mendeley-S026-grip-R04,within_subject_same_session_same_class,0.3699820339679718,0.24246752600214858,0.6259454488754272,ALL14,train_only,SUPPORTED
26,session-1,dataset-primary4,1.0.0,hand_close,mendeley-S026-grip-R01,mendeley-S026-grip-R05,within_subject_same_session_same_class,0.2866884171962738,0.19933799467069707,0.626635730266571,ALL14,train_only,SUPPORTED
26,session-1,dataset-primary4,1.0.0,hand_close,mendeley-S026-grip-R02,mendeley-S026-grip-R03,within_subject_same_session_same_class,0.5760619044303894,0.40001040013793726,0.6324402689933777,ALL14,train_only,SUPPORTED
26,session-1,dataset-primary4,1.0.0,hand_close,mendeley-S026-grip-R02,mendeley-S026-grip-R04,within_subject_same_session_same_class,0.40152886509895325,0.1618701201838689,0.6896932125091553,ALL14,train_only,SUPPORTED
26,session-1,dataset-primary4,1.0.0,hand_close,mendeley-S026-grip-R02,mendeley-S026-grip-R05,within_subject_same_session_same_class,0.009429252706468105,-0.2076384374084603,0.806379497051239,ALL14,train_only,SUPPORTED
26,session-1,dataset-primary4,1.0.0,hand_close,mendeley-S026-grip-R03,mendeley-S026-grip-R04,within_subject_same_session_same_class,0.6297323107719421,0.46934348836126444,0.48769113421440125,ALL14,train_only,SUPPORTED
26,session-1,dataset-primary4,1.0.0,hand_close,mendeley-S026-grip-R03,mendeley-S026-grip-R05,within_subject_same_session_same_class,0.471937894821167,0.3654898706681713,0.551679790019989,ALL14,train_only,SUPPORTED
26,session-1,dataset-primary4,1.0.0,hand_close,mendeley-S026-grip-R04,mendeley-S026-grip-R05,within_subject_same_session_same_class,0.6117727160453796,0.5440598741801106,0.36212027072906494,ALL14,train_only,SUPPORTED
26,session-1,dataset-primary4,1.0.0,rest,mendeley-S026-rest-R01,mendeley-S026-rest-R02,within_subject_same_session_same_class,0.64519864320755,0.60544756931975,0.7839100360870361,ALL14,train_only,SUPPORTED
26,session-1,dataset-primary4,1.0.0,rest,mendeley-S026-rest-R01,mendeley-S026-rest-R03,within_subject_same_session_same_class,0.8109480738639832,0.7948069629894181,0.5886054039001465,ALL14,train_only,SUPPORTED
26,session-1,dataset-primary4,1.0.0,rest,mendeley-S026-rest-R01,mendeley-S026-rest-R04,within_subject_same_session_same_class,0.743392825126648,0.7186566929073356,0.6772947311401367,ALL14,train_only,SUPPORTED
26,session-1,dataset-primary4,1.0.0,rest,mendeley-S026-rest-R01,mendeley-S026-rest-R05,within_subject_same_session_same_class,0.4400007128715515,0.3492175242174947,0.9349038600921631,ALL14,train_only,SUPPORTED
26,session-1,dataset-primary4,1.0.0,rest,mendeley-S026-rest-R02,mendeley-S026-rest-R03,within_subject_same_session_same_class,0.5136895179748535,0.45273048810704625,0.7951799035072327,ALL14,train_only,SUPPORTED
26,session-1,dataset-primary4,1.0.0,rest,mendeley-S026-rest-R02,mendeley-S026-rest-R04,within_subject_same_session_same_class,0.5832817554473877,0.5238222480053182,0.7439682483673096,ALL14,train_only,SUPPORTED
26,session-1,dataset-primary4,1.0.0,rest,mendeley-S026-rest-R02,mendeley-S026-rest-R05,within_subject_same_session_same_class,0.6697750091552734,0.5287239006525098,0.6141803860664368,ALL14,train_only,SUPPORTED
26,session-1,dataset-primary4,1.0.0,rest,mendeley-S026-rest-R03,mendeley-S026-rest-R04,within_subject_same_session_same_class,0.9572152495384216,0.9538761998752517,0.23966149985790253,ALL14,train_only,SUPPORTED
26,session-1,dataset-primary4,1.0.0,rest,mendeley-S026-rest-R03,mendeley-S026-rest-R05,within_subject_same_session_same_class,0.628872811794281,0.5971984061785715,0.6528549790382385,ALL14,train_only,SUPPORTED
26,session-1,dataset-primary4,1.0.0,rest,mendeley-S026-rest-R04,mendeley-S026-rest-R05,within_subject_same_session_same_class,0.6440568566322327,0.6012052104697663,0.6496405005455017,ALL14,train_only,SUPPORTED
26,session-1,dataset-primary4,1.0.0,wrist_extension,mendeley-S026-wrist_extension-R01,mendeley-S026-wrist_extension-R02,within_subject_same_session_same_class,0.9683312773704529,0.9605837763390296,0.4827705919742584,ALL14,train_only,SUPPORTED
26,session-1,dataset-primary4,1.0.0,wrist_extension,mendeley-S026-wrist_extension-R01,mendeley-S026-wrist_extension-R03,within_subject_same_session_same_class,0.9577369689941406,0.9455968490204245,0.3586835265159607,ALL14,train_only,SUPPORTED
26,session-1,dataset-primary4,1.0.0,wrist_extension,mendeley-S026-wrist_extension-R01,mendeley-S026-wrist_extension-R04,within_subject_same_session_same_class,0.9455860257148743,0.9306987971543884,0.5532413721084595,ALL14,train_only,SUPPORTED
26,session-1,dataset-primary4,1.0.0,wrist_extension,mendeley-S026-wrist_extension-R01,mendeley-S026-wrist_extension-R05,within_subject_same_session_same_class,0.8333330750465393,0.7880566925994448,0.9464241862297058,ALL14,train_only,SUPPORTED
26,session-1,dataset-primary4,1.0.0,wrist_extension,mendeley-S026-wrist_extension-R02,mendeley-S026-wrist_extension-R03,within_subject_same_session_same_class,0.9695894122123718,0.9585756411148598,0.4584558606147766,ALL14,train_only,SUPPORTED
26,session-1,dataset-primary4,1.0.0,wrist_extension,mendeley-S026-wrist_extension-R02,mendeley-S026-wrist_extension-R04,within_subject_same_session_same_class,0.9802848696708679,0.9725279445195181,0.306581050157547,ALL14,train_only,SUPPORTED
26,session-1,dataset-primary4,1.0.0,wrist_extension,mendeley-S026-wrist_extension-R02,mendeley-S026-wrist_extension-R05,within_subject_same_session_same_class,0.8411563038825989,0.7947502033589107,0.9181286096572876,ALL14,train_only,SUPPORTED
26,session-1,dataset-primary4,1.0.0,wrist_extension,mendeley-S026-wrist_extension-R03,mendeley-S026-wrist_extension-R04,within_subject_same_session_same_class,0.9835593700408936,0.9779373198195902,0.3824905455112457,ALL14,train_only,SUPPORTED
26,session-1,dataset-primary4,1.0.0,wrist_extension,mendeley-S026-wrist_extension-R03,mendeley-S026-wrist_extension-R05,within_subject_same_session_same_class,0.7961131930351257,0.7364188264763867,1.0198122262954712,ALL14,train_only,SUPPORTED
26,session-1,dataset-primary4,1.0.0,wrist_extension,mendeley-S026-wrist_extension-R04,mendeley-S026-wrist_extension-R05,within_subject_same_session_same_class,0.8306766152381897,0.7807091331729631,0.944903552532196,ALL14,train_only,SUPPORTED
26,session-1,dataset-primary4,1.0.0,wrist_flexion,mendeley-S026-wrist_flexion-R01,mendeley-S026-wrist_flexion-R02,within_subject_same_session_same_class,0.3057186007499695,0.36115111193198873,4.474567890167236,ALL14,train_only,SUPPORTED
26,session-1,dataset-primary4,1.0.0,wrist_flexion,mendeley-S026-wrist_flexion-R01,mendeley-S026-wrist_flexion-R03,within_subject_same_session_same_class,0.8012583255767822,0.8481591556556581,0.48547399044036865,ALL14,train_only,SUPPORTED
26,session-1,dataset-primary4,1.0.0,wrist_flexion,mendeley-S026-wrist_flexion-R01,mendeley-S026-wrist_flexion-R04,within_subject_same_session_same_class,0.8599494099617004,0.8770423387697003,0.4113093614578247,ALL14,train_only,SUPPORTED
26,session-1,dataset-primary4,1.0.0,wrist_flexion,mendeley-S026-wrist_flexion-R01,mendeley-S026-wrist_flexion-R05,within_subject_same_session_same_class,0.8814870119094849,0.8951717586980593,0.407743901014328,ALL14,train_only,SUPPORTED
26,session-1,dataset-primary4,1.0.0,wrist_flexion,mendeley-S026-wrist_flexion-R02,mendeley-S026-wrist_flexion-R03,within_subject_same_session_same_class,0.23337647318840027,0.4284910640512289,4.540683746337891,ALL14,train_only,SUPPORTED
26,session-1,dataset-primary4,1.0.0,wrist_flexion,mendeley-S026-wrist_flexion-R02,mendeley-S026-wrist_flexion-R04,within_subject_same_session_same_class,0.16749471426010132,0.2929428978929098,4.588631629943848,ALL14,train_only,SUPPORTED
26,session-1,dataset-primary4,1.0.0,wrist_flexion,mendeley-S026-wrist_flexion-R02,mendeley-S026-wrist_flexion-R05,within_subject_same_session_same_class,0.3711813986301422,0.5101622486955634,4.4082207679748535,ALL14,train_only,SUPPORTED
26,session-1,dataset-primary4,1.0.0,wrist_flexion,mendeley-S026-wrist_flexion-R03,mendeley-S026-wrist_flexion-R04,within_subject_same_session_same_class,0.891452968120575,0.8699642118253018,0.33724021911621094,ALL14,train_only,SUPPORTED
26,session-1,dataset-primary4,1.0.0,wrist_flexion,mendeley-S026-wrist_flexion-R03,mendeley-S026-wrist_flexion-R05,within_subject_same_session_same_class,0.8916093111038208,0.8774057111472287,0.39157944917678833,ALL14,train_only,SUPPORTED
26,session-1,dataset-primary4,1.0.0,wrist_flexion,mendeley-S026-wrist_flexion-R04,mendeley-S026-wrist_flexion-R05,within_subject_same_session_same_class,0.8483045697212219,0.818311186340858,0.4543575644493103,ALL14,train_only,SUPPORTED
27,session-1,dataset-primary4,1.0.0,hand_close,mendeley-S027-grip-R01,mendeley-S027-grip-R02,within_subject_same_session_same_class,0.7459344863891602,0.7453450404206027,0.48711225390434265,ALL14,train_only,SUPPORTED
27,session-1,dataset-primary4,1.0.0,hand_close,mendeley-S027-grip-R01,mendeley-S027-grip-R03,within_subject_same_session_same_class,0.7383283376693726,0.7358214670755381,0.4970442056655884,ALL14,train_only,SUPPORTED
27,session-1,dataset-primary4,1.0.0,hand_close,mendeley-S027-grip-R01,mendeley-S027-grip-R04,within_subject_same_session_same_class,0.8491031527519226,0.845583158110816,0.3672230839729309,ALL14,train_only,SUPPORTED
27,session-1,dataset-primary4,1.0.0,hand_close,mendeley-S027-grip-R01,mendeley-S027-grip-R05,within_subject_same_session_same_class,0.6992148160934448,0.6950732522582476,0.467414528131485,ALL14,train_only,SUPPORTED
27,session-1,dataset-primary4,1.0.0,hand_close,mendeley-S027-grip-R02,mendeley-S027-grip-R03,within_subject_same_session_same_class,0.8849415183067322,0.8733562761253393,0.35191231966018677,ALL14,train_only,SUPPORTED
27,session-1,dataset-primary4,1.0.0,hand_close,mendeley-S027-grip-R02,mendeley-S027-grip-R04,within_subject_same_session_same_class,0.8205733895301819,0.8183666448666443,0.4281246066093445,ALL14,train_only,SUPPORTED
27,session-1,dataset-primary4,1.0.0,hand_close,mendeley-S027-grip-R02,mendeley-S027-grip-R05,within_subject_same_session_same_class,0.902777373790741,0.8925949935430704,0.31569015979766846,ALL14,train_only,SUPPORTED
27,session-1,dataset-primary4,1.0.0,hand_close,mendeley-S027-grip-R03,mendeley-S027-grip-R04,within_subject_same_session_same_class,0.7558481693267822,0.7481981734518109,0.5012233257293701,ALL14,train_only,SUPPORTED
27,session-1,dataset-primary4,1.0.0,hand_close,mendeley-S027-grip-R03,mendeley-S027-grip-R05,within_subject_same_session_same_class,0.9301737546920776,0.9232807165534931,0.27578204870224,ALL14,train_only,SUPPORTED
27,session-1,dataset-primary4,1.0.0,hand_close,mendeley-S027-grip-R04,mendeley-S027-grip-R05,within_subject_same_session_same_class,0.7745667099952698,0.7686621359106288,0.44848909974098206,ALL14,train_only,SUPPORTED
27,session-1,dataset-primary4,1.0.0,rest,mendeley-S027-rest-R01,mendeley-S027-rest-R02,within_subject_same_session_same_class,0.7460119724273682,0.7422082055036637,0.3276757597923279,ALL14,train_only,SUPPORTED
27,session-1,dataset-primary4,1.0.0,rest,mendeley-S027-rest-R01,mendeley-S027-rest-R03,within_subject_same_session_same_class,0.7305757403373718,0.7253857307223489,0.35222339630126953,ALL14,train_only,SUPPORTED
27,session-1,dataset-primary4,1.0.0,rest,mendeley-S027-rest-R01,mendeley-S027-rest-R04,within_subject_same_session_same_class,0.5165420174598694,0.48597314794528096,0.49245792627334595,ALL14,train_only,SUPPORTED
27,session-1,dataset-primary4,1.0.0,rest,mendeley-S027-rest-R01,mendeley-S027-rest-R05,within_subject_same_session_same_class,0.9411066174507141,0.940467685731705,0.1776346117258072,ALL14,train_only,SUPPORTED
27,session-1,dataset-primary4,1.0.0,rest,mendeley-S027-rest-R02,mendeley-S027-rest-R03,within_subject_same_session_same_class,0.9330883622169495,0.9187976049490842,0.17432273924350739,ALL14,train_only,SUPPORTED
27,session-1,dataset-primary4,1.0.0,rest,mendeley-S027-rest-R02,mendeley-S027-rest-R04,within_subject_same_session_same_class,0.7869392037391663,0.7362695931373844,0.32330581545829773,ALL14,train_only,SUPPORTED
27,session-1,dataset-primary4,1.0.0,rest,mendeley-S027-rest-R02,mendeley-S027-rest-R05,within_subject_same_session_same_class,0.7721038460731506,0.7507889612655422,0.33420321345329285,ALL14,train_only,SUPPORTED
27,session-1,dataset-primary4,1.0.0,rest,mendeley-S027-rest-R03,mendeley-S027-rest-R04,within_subject_same_session_same_class,0.8484982848167419,0.8124502569945382,0.2792406976222992,ALL14,train_only,SUPPORTED
27,session-1,dataset-primary4,1.0.0,rest,mendeley-S027-rest-R03,mendeley-S027-rest-R05,within_subject_same_session_same_class,0.8100388050079346,0.7946182990112284,0.3125036954879761,ALL14,train_only,SUPPORTED
27,session-1,dataset-primary4,1.0.0,rest,mendeley-S027-rest-R04,mendeley-S027-rest-R05,within_subject_same_session_same_class,0.6227095127105713,0.5791432119365463,0.4540228545665741,ALL14,train_only,SUPPORTED
27,session-1,dataset-primary4,1.0.0,wrist_extension,mendeley-S027-wrist_extension-R01,mendeley-S027-wrist_extension-R02,within_subject_same_session_same_class,0.8383494019508362,0.7618966182795067,1.3267422914505005,ALL14,train_only,SUPPORTED
27,session-1,dataset-primary4,1.0.0,wrist_extension,mendeley-S027-wrist_extension-R01,mendeley-S027-wrist_extension-R03,within_subject_same_session_same_class,0.9773765802383423,0.9693356799781581,0.6358857750892639,ALL14,train_only,SUPPORTED
27,session-1,dataset-primary4,1.0.0,wrist_extension,mendeley-S027-wrist_extension-R01,mendeley-S027-wrist_extension-R04,within_subject_same_session_same_class,0.970065712928772,0.9586218094494517,0.7884764671325684,ALL14,train_only,SUPPORTED
27,session-1,dataset-primary4,1.0.0,wrist_extension,mendeley-S027-wrist_extension-R01,mendeley-S027-wrist_extension-R05,within_subject_same_session_same_class,0.9866201281547546,0.9812110817715175,0.3983083665370941,ALL14,train_only,SUPPORTED
27,session-1,dataset-primary4,1.0.0,wrist_extension,mendeley-S027-wrist_extension-R02,mendeley-S027-wrist_extension-R03,within_subject_same_session_same_class,0.9099846482276917,0.8587999861193825,0.8435811996459961,ALL14,train_only,SUPPORTED
27,session-1,dataset-primary4,1.0.0,wrist_extension,mendeley-S027-wrist_extension-R02,mendeley-S027-wrist_extension-R04,within_subject_same_session_same_class,0.9152103662490845,0.8668092123196517,1.3374223709106445,ALL14,train_only,SUPPORTED
27,session-1,dataset-primary4,1.0.0,wrist_extension,mendeley-S027-wrist_extension-R02,mendeley-S027-wrist_extension-R05,within_subject_same_session_same_class,0.8817100524902344,0.8211702025003512,1.1178513765335083,ALL14,train_only,SUPPORTED
27,session-1,dataset-primary4,1.0.0,wrist_extension,mendeley-S027-wrist_extension-R03,mendeley-S027-wrist_extension-R04,within_subject_same_session_same_class,0.9807500839233398,0.9702658434113295,0.9974335432052612,ALL14,train_only,SUPPORTED
27,session-1,dataset-primary4,1.0.0,wrist_extension,mendeley-S027-wrist_extension-R03,mendeley-S027-wrist_extension-R05,within_subject_same_session_same_class,0.9892020225524902,0.9846533150789636,0.4788300096988678,ALL14,train_only,SUPPORTED
27,session-1,dataset-primary4,1.0.0,wrist_extension,mendeley-S027-wrist_extension-R04,mendeley-S027-wrist_extension-R05,within_subject_same_session_same_class,0.9789460301399231,0.9692634371572206,0.7475905418395996,ALL14,train_only,SUPPORTED
27,session-1,dataset-primary4,1.0.0,wrist_flexion,mendeley-S027-wrist_flexion-R01,mendeley-S027-wrist_flexion-R02,within_subject_same_session_same_class,0.8536307215690613,0.8468963737470475,0.3345179259777069,ALL14,train_only,SUPPORTED
27,session-1,dataset-primary4,1.0.0,wrist_flexion,mendeley-S027-wrist_flexion-R01,mendeley-S027-wrist_flexion-R03,within_subject_same_session_same_class,0.6428641080856323,0.5990124705098306,0.5719694495201111,ALL14,train_only,SUPPORTED
27,session-1,dataset-primary4,1.0.0,wrist_flexion,mendeley-S027-wrist_flexion-R01,mendeley-S027-wrist_flexion-R04,within_subject_same_session_same_class,0.8035032749176025,0.8054958196064963,0.38834208250045776,ALL14,train_only,SUPPORTED
27,session-1,dataset-primary4,1.0.0,wrist_flexion,mendeley-S027-wrist_flexion-R01,mendeley-S027-wrist_flexion-R05,within_subject_same_session_same_class,0.8713890910148621,0.8946542948063353,0.292100727558136,ALL14,train_only,SUPPORTED
27,session-1,dataset-primary4,1.0.0,wrist_flexion,mendeley-S027-wrist_flexion-R02,mendeley-S027-wrist_flexion-R03,within_subject_same_session_same_class,0.6912742853164673,0.6220467937548322,0.5421344041824341,ALL14,train_only,SUPPORTED
27,session-1,dataset-primary4,1.0.0,wrist_flexion,mendeley-S027-wrist_flexion-R02,mendeley-S027-wrist_flexion-R04,within_subject_same_session_same_class,0.8190786838531494,0.7613471213246539,0.3823939859867096,ALL14,train_only,SUPPORTED
27,session-1,dataset-primary4,1.0.0,wrist_flexion,mendeley-S027-wrist_flexion-R02,mendeley-S027-wrist_flexion-R05,within_subject_same_session_same_class,0.8859766125679016,0.8531406255805566,0.2994637191295624,ALL14,train_only,SUPPORTED
27,session-1,dataset-primary4,1.0.0,wrist_flexion,mendeley-S027-wrist_flexion-R03,mendeley-S027-wrist_flexion-R04,within_subject_same_session_same_class,0.7759045362472534,0.7260007751537975,0.4650527536869049,ALL14,train_only,SUPPORTED
27,session-1,dataset-primary4,1.0.0,wrist_flexion,mendeley-S027-wrist_flexion-R03,mendeley-S027-wrist_flexion-R05,within_subject_same_session_same_class,0.7163901329040527,0.6476793477784409,0.5083469748497009,ALL14,train_only,SUPPORTED
27,session-1,dataset-primary4,1.0.0,wrist_flexion,mendeley-S027-wrist_flexion-R04,mendeley-S027-wrist_flexion-R05,within_subject_same_session_same_class,0.936204731464386,0.9066470903124189,0.24227873980998993,ALL14,train_only,SUPPORTED
28,session-1,dataset-primary4,1.0.0,hand_close,mendeley-S028-grip-R01,mendeley-S028-grip-R02,within_subject_same_session_same_class,0.7338843941688538,0.7416146074119854,0.3294840455055237,ALL14,train_only,SUPPORTED
28,session-1,dataset-primary4,1.0.0,hand_close,mendeley-S028-grip-R01,mendeley-S028-grip-R03,within_subject_same_session_same_class,0.7613075971603394,0.7592627463849391,0.3216000199317932,ALL14,train_only,SUPPORTED
28,session-1,dataset-primary4,1.0.0,hand_close,mendeley-S028-grip-R01,mendeley-S028-grip-R04,within_subject_same_session_same_class,0.8896318674087524,0.9015299250592039,0.2210446298122406,ALL14,train_only,SUPPORTED
28,session-1,dataset-primary4,1.0.0,hand_close,mendeley-S028-grip-R01,mendeley-S028-grip-R05,within_subject_same_session_same_class,0.6964302659034729,0.7174020278186883,0.34539976716041565,ALL14,train_only,SUPPORTED
28,session-1,dataset-primary4,1.0.0,hand_close,mendeley-S028-grip-R02,mendeley-S028-grip-R03,within_subject_same_session_same_class,0.8872655630111694,0.8795774794028473,0.20848287642002106,ALL14,train_only,SUPPORTED
28,session-1,dataset-primary4,1.0.0,hand_close,mendeley-S028-grip-R02,mendeley-S028-grip-R04,within_subject_same_session_same_class,0.8201804757118225,0.7966516077717972,0.26621970534324646,ALL14,train_only,SUPPORTED
28,session-1,dataset-primary4,1.0.0,hand_close,mendeley-S028-grip-R02,mendeley-S028-grip-R05,within_subject_same_session_same_class,0.7712365984916687,0.7287623777440014,0.2685290575027466,ALL14,train_only,SUPPORTED
28,session-1,dataset-primary4,1.0.0,hand_close,mendeley-S028-grip-R03,mendeley-S028-grip-R04,within_subject_same_session_same_class,0.8762573599815369,0.8655105828171128,0.22748680412769318,ALL14,train_only,SUPPORTED
28,session-1,dataset-primary4,1.0.0,hand_close,mendeley-S028-grip-R03,mendeley-S028-grip-R05,within_subject_same_session_same_class,0.7385995388031006,0.7167137114671601,0.3077540099620819,ALL14,train_only,SUPPORTED
28,session-1,dataset-primary4,1.0.0,hand_close,mendeley-S028-grip-R04,mendeley-S028-grip-R05,within_subject_same_session_same_class,0.8602392077445984,0.845766682803908,0.23636381328105927,ALL14,train_only,SUPPORTED
28,session-1,dataset-primary4,1.0.0,rest,mendeley-S028-rest-R01,mendeley-S028-rest-R02,within_subject_same_session_same_class,0.8099409937858582,0.7888012773775582,0.3220563530921936,ALL14,train_only,SUPPORTED
28,session-1,dataset-primary4,1.0.0,rest,mendeley-S028-rest-R01,mendeley-S028-rest-R03,within_subject_same_session_same_class,0.7490289807319641,0.7210761892759533,0.32393163442611694,ALL14,train_only,SUPPORTED
28,session-1,dataset-primary4,1.0.0,rest,mendeley-S028-rest-R01,mendeley-S028-rest-R04,within_subject_same_session_same_class,0.853274941444397,0.8522000972207724,0.25529927015304565,ALL14,train_only,SUPPORTED
28,session-1,dataset-primary4,1.0.0,rest,mendeley-S028-rest-R01,mendeley-S028-rest-R05,within_subject_same_session_same_class,0.8930092453956604,0.8922736418746343,0.224437415599823,ALL14,train_only,SUPPORTED
28,session-1,dataset-primary4,1.0.0,rest,mendeley-S028-rest-R02,mendeley-S028-rest-R03,within_subject_same_session_same_class,0.45342910289764404,0.35311491818039936,0.5266397595405579,ALL14,train_only,SUPPORTED
28,session-1,dataset-primary4,1.0.0,rest,mendeley-S028-rest-R02,mendeley-S028-rest-R04,within_subject_same_session_same_class,0.8098501563072205,0.7847476433756845,0.3228520154953003,ALL14,train_only,SUPPORTED
28,session-1,dataset-primary4,1.0.0,rest,mendeley-S028-rest-R02,mendeley-S028-rest-R05,within_subject_same_session_same_class,0.6734341382980347,0.6588257203188508,0.42432674765586853,ALL14,train_only,SUPPORTED
28,session-1,dataset-primary4,1.0.0,rest,mendeley-S028-rest-R03,mendeley-S028-rest-R04,within_subject_same_session_same_class,0.7589989900588989,0.6864231983246062,0.3209816813468933,ALL14,train_only,SUPPORTED
28,session-1,dataset-primary4,1.0.0,rest,mendeley-S028-rest-R03,mendeley-S028-rest-R05,within_subject_same_session_same_class,0.7508276700973511,0.760238160236454,0.33569493889808655,ALL14,train_only,SUPPORTED
28,session-1,dataset-primary4,1.0.0,rest,mendeley-S028-rest-R04,mendeley-S028-rest-R05,within_subject_same_session_same_class,0.762825071811676,0.7859810484457165,0.3349805772304535,ALL14,train_only,SUPPORTED
28,session-1,dataset-primary4,1.0.0,wrist_extension,mendeley-S028-wrist_extension-R01,mendeley-S028-wrist_extension-R02,within_subject_same_session_same_class,0.699044406414032,0.63709841371298,0.8072779774665833,ALL14,train_only,SUPPORTED
28,session-1,dataset-primary4,1.0.0,wrist_extension,mendeley-S028-wrist_extension-R01,mendeley-S028-wrist_extension-R03,within_subject_same_session_same_class,0.7228955626487732,0.6517720798135997,0.8522462844848633,ALL14,train_only,SUPPORTED
28,session-1,dataset-primary4,1.0.0,wrist_extension,mendeley-S028-wrist_extension-R01,mendeley-S028-wrist_extension-R04,within_subject_same_session_same_class,0.7193483710289001,0.6369099983953722,0.8873443603515625,ALL14,train_only,SUPPORTED
28,session-1,dataset-primary4,1.0.0,wrist_extension,mendeley-S028-wrist_extension-R01,mendeley-S028-wrist_extension-R05,within_subject_same_session_same_class,0.8872940540313721,0.8436999835374049,0.5185130834579468,ALL14,train_only,SUPPORTED
28,session-1,dataset-primary4,1.0.0,wrist_extension,mendeley-S028-wrist_extension-R02,mendeley-S028-wrist_extension-R03,within_subject_same_session_same_class,0.8922529220581055,0.8735669758121185,0.5555283427238464,ALL14,train_only,SUPPORTED
28,session-1,dataset-primary4,1.0.0,wrist_extension,mendeley-S028-wrist_extension-R02,mendeley-S028-wrist_extension-R04,within_subject_same_session_same_class,0.8912333846092224,0.8727761005804175,0.5802017450332642,ALL14,train_only,SUPPORTED
28,session-1,dataset-primary4,1.0.0,wrist_extension,mendeley-S028-wrist_extension-R02,mendeley-S028-wrist_extension-R05,within_subject_same_session_same_class,0.8354555368423462,0.8100290844621743,0.6371759176254272,ALL14,train_only,SUPPORTED
28,session-1,dataset-primary4,1.0.0,wrist_extension,mendeley-S028-wrist_extension-R03,mendeley-S028-wrist_extension-R04,within_subject_same_session_same_class,0.9787732362747192,0.9745867865799195,0.26233235001564026,ALL14,train_only,SUPPORTED
28,session-1,dataset-primary4,1.0.0,wrist_extension,mendeley-S028-wrist_extension-R03,mendeley-S028-wrist_extension-R05,within_subject_same_session_same_class,0.8749986886978149,0.8486325914306184,0.5972195863723755,ALL14,train_only,SUPPORTED
28,session-1,dataset-primary4,1.0.0,wrist_extension,mendeley-S028-wrist_extension-R04,mendeley-S028-wrist_extension-R05,within_subject_same_session_same_class,0.8745330572128296,0.8410799641888623,0.6191093325614929,ALL14,train_only,SUPPORTED
28,session-1,dataset-primary4,1.0.0,wrist_flexion,mendeley-S028-wrist_flexion-R01,mendeley-S028-wrist_flexion-R02,within_subject_same_session_same_class,0.8131824135780334,0.8207050015583652,0.24122899770736694,ALL14,train_only,SUPPORTED
28,session-1,dataset-primary4,1.0.0,wrist_flexion,mendeley-S028-wrist_flexion-R01,mendeley-S028-wrist_flexion-R03,within_subject_same_session_same_class,0.17035457491874695,0.1539686340557646,0.5434255003929138,ALL14,train_only,SUPPORTED
28,session-1,dataset-primary4,1.0.0,wrist_flexion,mendeley-S028-wrist_flexion-R01,mendeley-S028-wrist_flexion-R04,within_subject_same_session_same_class,0.679702639579773,0.7025085665231647,0.3071163594722748,ALL14,train_only,SUPPORTED
28,session-1,dataset-primary4,1.0.0,wrist_flexion,mendeley-S028-wrist_flexion-R01,mendeley-S028-wrist_flexion-R05,within_subject_same_session_same_class,0.6960127949714661,0.6967083634737219,0.2880115211009979,ALL14,train_only,SUPPORTED
28,session-1,dataset-primary4,1.0.0,wrist_flexion,mendeley-S028-wrist_flexion-R02,mendeley-S028-wrist_flexion-R03,within_subject_same_session_same_class,0.5777349472045898,0.5463658381348854,0.3965510129928589,ALL14,train_only,SUPPORTED
28,session-1,dataset-primary4,1.0.0,wrist_flexion,mendeley-S028-wrist_flexion-R02,mendeley-S028-wrist_flexion-R04,within_subject_same_session_same_class,0.943359375,0.9475873385416776,0.13354067504405975,ALL14,train_only,SUPPORTED
28,session-1,dataset-primary4,1.0.0,wrist_flexion,mendeley-S028-wrist_flexion-R02,mendeley-S028-wrist_flexion-R05,within_subject_same_session_same_class,0.9316414594650269,0.9285941747485976,0.1485476940870285,ALL14,train_only,SUPPORTED
28,session-1,dataset-primary4,1.0.0,wrist_flexion,mendeley-S028-wrist_flexion-R03,mendeley-S028-wrist_flexion-R04,within_subject_same_session_same_class,0.6917344927787781,0.6569067476739265,0.3352887034416199,ALL14,train_only,SUPPORTED
28,session-1,dataset-primary4,1.0.0,wrist_flexion,mendeley-S028-wrist_flexion-R03,mendeley-S028-wrist_flexion-R05,within_subject_same_session_same_class,0.5561744570732117,0.5295171653587684,0.389841228723526,ALL14,train_only,SUPPORTED
28,session-1,dataset-primary4,1.0.0,wrist_flexion,mendeley-S028-wrist_flexion-R04,mendeley-S028-wrist_flexion-R05,within_subject_same_session_same_class,0.9187328815460205,0.9268248626071891,0.1510276049375534,ALL14,train_only,SUPPORTED
29,session-1,dataset-primary4,1.0.0,hand_close,mendeley-S029-grip-R01,mendeley-S029-grip-R02,within_subject_same_session_same_class,0.7595038414001465,0.8013269024692148,0.3196355104446411,ALL14,train_only,SUPPORTED
29,session-1,dataset-primary4,1.0.0,hand_close,mendeley-S029-grip-R01,mendeley-S029-grip-R03,within_subject_same_session_same_class,0.7028315663337708,0.6597059984832211,0.3699742555618286,ALL14,train_only,SUPPORTED
29,session-1,dataset-primary4,1.0.0,hand_close,mendeley-S029-grip-R01,mendeley-S029-grip-R04,within_subject_same_session_same_class,0.43380388617515564,0.40161763715229876,0.509962797164917,ALL14,train_only,SUPPORTED
29,session-1,dataset-primary4,1.0.0,hand_close,mendeley-S029-grip-R01,mendeley-S029-grip-R05,within_subject_same_session_same_class,0.5372456312179565,0.5722613557424227,0.45439860224723816,ALL14,train_only,SUPPORTED
29,session-1,dataset-primary4,1.0.0,hand_close,mendeley-S029-grip-R02,mendeley-S029-grip-R03,within_subject_same_session_same_class,0.591982364654541,0.6540742062702981,0.38830190896987915,ALL14,train_only,SUPPORTED
29,session-1,dataset-primary4,1.0.0,hand_close,mendeley-S029-grip-R02,mendeley-S029-grip-R04,within_subject_same_session_same_class,0.643237829208374,0.6539460622341594,0.3643847107887268,ALL14,train_only,SUPPORTED
29,session-1,dataset-primary4,1.0.0,hand_close,mendeley-S029-grip-R02,mendeley-S029-grip-R05,within_subject_same_session_same_class,0.8150773644447327,0.8152055972002693,0.26096615195274353,ALL14,train_only,SUPPORTED
29,session-1,dataset-primary4,1.0.0,hand_close,mendeley-S029-grip-R03,mendeley-S029-grip-R04,within_subject_same_session_same_class,0.7487428784370422,0.7538544198859554,0.33064529299736023,ALL14,train_only,SUPPORTED
29,session-1,dataset-primary4,1.0.0,hand_close,mendeley-S029-grip-R03,mendeley-S029-grip-R05,within_subject_same_session_same_class,0.6258857250213623,0.6998389265220064,0.39685019850730896,ALL14,train_only,SUPPORTED
29,session-1,dataset-primary4,1.0.0,hand_close,mendeley-S029-grip-R04,mendeley-S029-grip-R05,within_subject_same_session_same_class,0.8159171938896179,0.8330188817139025,0.2784889340400696,ALL14,train_only,SUPPORTED
29,session-1,dataset-primary4,1.0.0,rest,mendeley-S029-rest-R01,mendeley-S029-rest-R02,within_subject_same_session_same_class,0.7792273163795471,0.7675246775501917,0.35125577449798584,ALL14,train_only,SUPPORTED
29,session-1,dataset-primary4,1.0.0,rest,mendeley-S029-rest-R01,mendeley-S029-rest-R03,within_subject_same_session_same_class,0.9722235798835754,0.9770033997358345,0.12763983011245728,ALL14,train_only,SUPPORTED
29,session-1,dataset-primary4,1.0.0,rest,mendeley-S029-rest-R01,mendeley-S029-rest-R04,within_subject_same_session_same_class,0.7784969806671143,0.7636975191985822,0.34741684794425964,ALL14,train_only,SUPPORTED
29,session-1,dataset-primary4,1.0.0,rest,mendeley-S029-rest-R01,mendeley-S029-rest-R05,within_subject_same_session_same_class,0.6244494915008545,0.5945436446627245,0.5127853751182556,ALL14,train_only,SUPPORTED
29,session-1,dataset-primary4,1.0.0,rest,mendeley-S029-rest-R02,mendeley-S029-rest-R03,within_subject_same_session_same_class,0.7920796275138855,0.7844028008921632,0.3290075957775116,ALL14,train_only,SUPPORTED
29,session-1,dataset-primary4,1.0.0,rest,mendeley-S029-rest-R02,mendeley-S029-rest-R04,within_subject_same_session_same_class,0.9489603042602539,0.957702681030431,0.16394458711147308,ALL14,train_only,SUPPORTED
29,session-1,dataset-primary4,1.0.0,rest,mendeley-S029-rest-R02,mendeley-S029-rest-R05,within_subject_same_session_same_class,0.6787324547767639,0.6595720017871581,0.4717544615268707,ALL14,train_only,SUPPORTED
29,session-1,dataset-primary4,1.0.0,rest,mendeley-S029-rest-R03,mendeley-S029-rest-R04,within_subject_same_session_same_class,0.8202277421951294,0.793436315461341,0.3004726469516754,ALL14,train_only,SUPPORTED
29,session-1,dataset-primary4,1.0.0,rest,mendeley-S029-rest-R03,mendeley-S029-rest-R05,within_subject_same_session_same_class,0.6656139492988586,0.622426488281512,0.4772217571735382,ALL14,train_only,SUPPORTED
29,session-1,dataset-primary4,1.0.0,rest,mendeley-S029-rest-R04,mendeley-S029-rest-R05,within_subject_same_session_same_class,0.8170168399810791,0.793326367451503,0.36366090178489685,ALL14,train_only,SUPPORTED
29,session-1,dataset-primary4,1.0.0,wrist_extension,mendeley-S029-wrist_extension-R01,mendeley-S029-wrist_extension-R02,within_subject_same_session_same_class,0.9579356908798218,0.946257284435251,0.40895017981529236,ALL14,train_only,SUPPORTED
29,session-1,dataset-primary4,1.0.0,wrist_extension,mendeley-S029-wrist_extension-R01,mendeley-S029-wrist_extension-R03,within_subject_same_session_same_class,0.966152012348175,0.9564267458446396,0.29214128851890564,ALL14,train_only,SUPPORTED
29,session-1,dataset-primary4,1.0.0,wrist_extension,mendeley-S029-wrist_extension-R01,mendeley-S029-wrist_extension-R04,within_subject_same_session_same_class,0.9786556363105774,0.9723797879160444,0.22746248543262482,ALL14,train_only,SUPPORTED
29,session-1,dataset-primary4,1.0.0,wrist_extension,mendeley-S029-wrist_extension-R01,mendeley-S029-wrist_extension-R05,within_subject_same_session_same_class,0.9437464475631714,0.926792588965672,0.6388024091720581,ALL14,train_only,SUPPORTED
29,session-1,dataset-primary4,1.0.0,wrist_extension,mendeley-S029-wrist_extension-R02,mendeley-S029-wrist_extension-R03,within_subject_same_session_same_class,0.9394593238830566,0.9174493654236593,0.5087586641311646,ALL14,train_only,SUPPORTED
29,session-1,dataset-primary4,1.0.0,wrist_extension,mendeley-S029-wrist_extension-R02,mendeley-S029-wrist_extension-R04,within_subject_same_session_same_class,0.9715040922164917,0.9630887601148337,0.37942400574684143,ALL14,train_only,SUPPORTED
29,session-1,dataset-primary4,1.0.0,wrist_extension,mendeley-S029-wrist_extension-R02,mendeley-S029-wrist_extension-R05,within_subject_same_session_same_class,0.965721070766449,0.9540580337499758,0.45133736729621887,ALL14,train_only,SUPPORTED
29,session-1,dataset-primary4,1.0.0,wrist_extension,mendeley-S029-wrist_extension-R03,mendeley-S029-wrist_extension-R04,within_subject_same_session_same_class,0.9643004536628723,0.9529796316531803,0.28229841589927673,ALL14,train_only,SUPPORTED
29,session-1,dataset-primary4,1.0.0,wrist_extension,mendeley-S029-wrist_extension-R03,mendeley-S029-wrist_extension-R05,within_subject_same_session_same_class,0.9058400988578796,0.873633088368331,0.7839124798774719,ALL14,train_only,SUPPORTED
29,session-1,dataset-primary4,1.0.0,wrist_extension,mendeley-S029-wrist_extension-R04,mendeley-S029-wrist_extension-R05,within_subject_same_session_same_class,0.9466641545295715,0.9296503017225514,0.6564539670944214,ALL14,train_only,SUPPORTED
29,session-1,dataset-primary4,1.0.0,wrist_flexion,mendeley-S029-wrist_flexion-R01,mendeley-S029-wrist_flexion-R02,within_subject_same_session_same_class,0.7560735940933228,0.7471167659612266,0.29906177520751953,ALL14,train_only,SUPPORTED
29,session-1,dataset-primary4,1.0.0,wrist_flexion,mendeley-S029-wrist_flexion-R01,mendeley-S029-wrist_flexion-R03,within_subject_same_session_same_class,0.6727675795555115,0.6671406045882218,0.5052647590637207,ALL14,train_only,SUPPORTED
29,session-1,dataset-primary4,1.0.0,wrist_flexion,mendeley-S029-wrist_flexion-R01,mendeley-S029-wrist_flexion-R04,within_subject_same_session_same_class,0.8912432789802551,0.8875937030394865,0.1984539031982422,ALL14,train_only,SUPPORTED
29,session-1,dataset-primary4,1.0.0,wrist_flexion,mendeley-S029-wrist_flexion-R01,mendeley-S029-wrist_flexion-R05,within_subject_same_session_same_class,0.891631543636322,0.8880477967062128,0.20434100925922394,ALL14,train_only,SUPPORTED
29,session-1,dataset-primary4,1.0.0,wrist_flexion,mendeley-S029-wrist_flexion-R02,mendeley-S029-wrist_flexion-R03,within_subject_same_session_same_class,0.4239780008792877,0.37564802571158956,0.6311137676239014,ALL14,train_only,SUPPORTED
29,session-1,dataset-primary4,1.0.0,wrist_flexion,mendeley-S029-wrist_flexion-R02,mendeley-S029-wrist_flexion-R04,within_subject_same_session_same_class,0.7323711514472961,0.7204034957198293,0.2991260290145874,ALL14,train_only,SUPPORTED
29,session-1,dataset-primary4,1.0.0,wrist_flexion,mendeley-S029-wrist_flexion-R02,mendeley-S029-wrist_flexion-R05,within_subject_same_session_same_class,0.7919490337371826,0.782058194237254,0.25512391328811646,ALL14,train_only,SUPPORTED
29,session-1,dataset-primary4,1.0.0,wrist_flexion,mendeley-S029-wrist_flexion-R03,mendeley-S029-wrist_flexion-R04,within_subject_same_session_same_class,0.6235981583595276,0.6058989882619996,0.5340443253517151,ALL14,train_only,SUPPORTED
29,session-1,dataset-primary4,1.0.0,wrist_flexion,mendeley-S029-wrist_flexion-R03,mendeley-S029-wrist_flexion-R05,within_subject_same_session_same_class,0.6466621160507202,0.6285050236372419,0.530391275882721,ALL14,train_only,SUPPORTED
29,session-1,dataset-primary4,1.0.0,wrist_flexion,mendeley-S029-wrist_flexion-R04,mendeley-S029-wrist_flexion-R05,within_subject_same_session_same_class,0.8712263703346252,0.8658152718161897,0.19588395953178406,ALL14,train_only,SUPPORTED
3,session-1,dataset-primary4,1.0.0,hand_close,mendeley-S003-grip-R01,mendeley-S003-grip-R02,within_subject_same_session_same_class,0.6820420622825623,0.6734684736149164,0.7115288376808167,ALL14,train_only,SUPPORTED
3,session-1,dataset-primary4,1.0.0,hand_close,mendeley-S003-grip-R01,mendeley-S003-grip-R03,within_subject_same_session_same_class,0.46602863073349,0.4673069166570986,1.383326768875122,ALL14,train_only,SUPPORTED
3,session-1,dataset-primary4,1.0.0,hand_close,mendeley-S003-grip-R01,mendeley-S003-grip-R04,within_subject_same_session_same_class,0.736660897731781,0.6826696567566207,0.48773470520973206,ALL14,train_only,SUPPORTED
3,session-1,dataset-primary4,1.0.0,hand_close,mendeley-S003-grip-R01,mendeley-S003-grip-R05,within_subject_same_session_same_class,0.7503992319107056,0.6998236512582646,0.45424678921699524,ALL14,train_only,SUPPORTED
3,session-1,dataset-primary4,1.0.0,hand_close,mendeley-S003-grip-R02,mendeley-S003-grip-R03,within_subject_same_session_same_class,0.06461147964000702,0.04799578857895814,1.7863972187042236,ALL14,train_only,SUPPORTED
3,session-1,dataset-primary4,1.0.0,hand_close,mendeley-S003-grip-R02,mendeley-S003-grip-R04,within_subject_same_session_same_class,0.4025733768939972,0.36877258433702276,0.9311199188232422,ALL14,train_only,SUPPORTED
3,session-1,dataset-primary4,1.0.0,hand_close,mendeley-S003-grip-R02,mendeley-S003-grip-R05,within_subject_same_session_same_class,0.35163813829421997,0.30477412665643927,0.9405329823493958,ALL14,train_only,SUPPORTED
3,session-1,dataset-primary4,1.0.0,hand_close,mendeley-S003-grip-R03,mendeley-S003-grip-R04,within_subject_same_session_same_class,0.3753504157066345,0.3945704385665806,1.450345516204834,ALL14,train_only,SUPPORTED
3,session-1,dataset-primary4,1.0.0,hand_close,mendeley-S003-grip-R03,mendeley-S003-grip-R05,within_subject_same_session_same_class,0.4799407124519348,0.5193884539172634,1.3816008567810059,ALL14,train_only,SUPPORTED
3,session-1,dataset-primary4,1.0.0,hand_close,mendeley-S003-grip-R04,mendeley-S003-grip-R05,within_subject_same_session_same_class,0.8253369331359863,0.739898571425797,0.37605342268943787,ALL14,train_only,SUPPORTED
3,session-1,dataset-primary4,1.0.0,rest,mendeley-S003-rest-R01,mendeley-S003-rest-R02,within_subject_same_session_same_class,0.8548961281776428,0.7974093712249855,0.31261447072029114,ALL14,train_only,SUPPORTED
3,session-1,dataset-primary4,1.0.0,rest,mendeley-S003-rest-R01,mendeley-S003-rest-R03,within_subject_same_session_same_class,0.8684434294700623,0.8170128157590452,0.31402209401130676,ALL14,train_only,SUPPORTED
3,session-1,dataset-primary4,1.0.0,rest,mendeley-S003-rest-R01,mendeley-S003-rest-R05,within_subject_same_session_same_class,0.7078461050987244,0.5943630442684106,0.49992963671684265,ALL14,train_only,SUPPORTED
3,session-1,dataset-primary4,1.0.0,rest,mendeley-S003-rest-R02,mendeley-S003-rest-R03,within_subject_same_session_same_class,0.8113346099853516,0.7137267710752753,0.3697536885738373,ALL14,train_only,SUPPORTED
3,session-1,dataset-primary4,1.0.0,rest,mendeley-S003-rest-R02,mendeley-S003-rest-R05,within_subject_same_session_same_class,0.7959315776824951,0.6942525878459426,0.4195092022418976,ALL14,train_only,SUPPORTED
3,session-1,dataset-primary4,1.0.0,rest,mendeley-S003-rest-R03,mendeley-S003-rest-R05,within_subject_same_session_same_class,0.8390025496482849,0.7694213608241713,0.37950247526168823,ALL14,train_only,SUPPORTED
3,session-1,dataset-primary4,1.0.0,wrist_extension,mendeley-S003-wrist_extension-R01,mendeley-S003-wrist_extension-R02,within_subject_same_session_same_class,0.3969098925590515,0.3686510143398914,1.8133550882339478,ALL14,train_only,SUPPORTED
3,session-1,dataset-primary4,1.0.0,wrist_extension,mendeley-S003-wrist_extension-R01,mendeley-S003-wrist_extension-R03,within_subject_same_session_same_class,0.6489080786705017,0.6367170844685911,1.506170392036438,ALL14,train_only,SUPPORTED
3,session-1,dataset-primary4,1.0.0,wrist_extension,mendeley-S003-wrist_extension-R01,mendeley-S003-wrist_extension-R04,within_subject_same_session_same_class,0.5788617134094238,0.5582199200814667,1.6119577884674072,ALL14,train_only,SUPPORTED
3,session-1,dataset-primary4,1.0.0,wrist_extension,mendeley-S003-wrist_extension-R01,mendeley-S003-wrist_extension-R05,within_subject_same_session_same_class,0.5792814493179321,0.5797007986087365,1.6693060398101807,ALL14,train_only,SUPPORTED
3,session-1,dataset-primary4,1.0.0,wrist_extension,mendeley-S003-wrist_extension-R02,mendeley-S003-wrist_extension-R03,within_subject_same_session_same_class,0.5193629860877991,0.4980788293578455,1.0186957120895386,ALL14,train_only,SUPPORTED
3,session-1,dataset-primary4,1.0.0,wrist_extension,mendeley-S003-wrist_extension-R02,mendeley-S003-wrist_extension-R04,within_subject_same_session_same_class,0.7087932825088501,0.6868646451821779,0.7606600522994995,ALL14,train_only,SUPPORTED
3,session-1,dataset-primary4,1.0.0,wrist_extension,mendeley-S003-wrist_extension-R02,mendeley-S003-wrist_extension-R05,within_subject_same_session_same_class,0.7385001182556152,0.7488259689024314,0.5255510807037354,ALL14,train_only,SUPPORTED
3,session-1,dataset-primary4,1.0.0,wrist_extension,mendeley-S003-wrist_extension-R03,mendeley-S003-wrist_extension-R04,within_subject_same_session_same_class,0.8110479116439819,0.8061885621552183,0.7016814351081848,ALL14,train_only,SUPPORTED
3,session-1,dataset-primary4,1.0.0,wrist_extension,mendeley-S003-wrist_extension-R03,mendeley-S003-wrist_extension-R05,within_subject_same_session_same_class,0.7396280765533447,0.7427451597428449,0.8136726021766663,ALL14,train_only,SUPPORTED
3,session-1,dataset-primary4,1.0.0,wrist_extension,mendeley-S003-wrist_extension-R04,mendeley-S003-wrist_extension-R05,within_subject_same_session_same_class,0.8443111181259155,0.8671052103768644,0.6135611534118652,ALL14,train_only,SUPPORTED
3,session-1,dataset-primary4,1.0.0,wrist_flexion,mendeley-S003-wrist_flexion-R01,mendeley-S003-wrist_flexion-R02,within_subject_same_session_same_class,0.693824291229248,0.6792459201346797,0.6689358949661255,ALL14,train_only,SUPPORTED
3,session-1,dataset-primary4,1.0.0,wrist_flexion,mendeley-S003-wrist_flexion-R01,mendeley-S003-wrist_flexion-R03,within_subject_same_session_same_class,0.6913468241691589,0.6576595942912545,0.6464524865150452,ALL14,train_only,SUPPORTED
3,session-1,dataset-primary4,1.0.0,wrist_flexion,mendeley-S003-wrist_flexion-R01,mendeley-S003-wrist_flexion-R04,within_subject_same_session_same_class,-0.022773493081331253,0.024911246159118557,5.342565059661865,ALL14,train_only,SUPPORTED
3,session-1,dataset-primary4,1.0.0,wrist_flexion,mendeley-S003-wrist_flexion-R01,mendeley-S003-wrist_flexion-R05,within_subject_same_session_same_class,0.6034700274467468,0.5586254970547968,0.7326121926307678,ALL14,train_only,SUPPORTED
3,session-1,dataset-primary4,1.0.0,wrist_flexion,mendeley-S003-wrist_flexion-R02,mendeley-S003-wrist_flexion-R03,within_subject_same_session_same_class,0.7903181314468384,0.7984263492491483,0.5306326746940613,ALL14,train_only,SUPPORTED
3,session-1,dataset-primary4,1.0.0,wrist_flexion,mendeley-S003-wrist_flexion-R02,mendeley-S003-wrist_flexion-R04,within_subject_same_session_same_class,0.021586917340755463,0.05484639173101112,5.303588390350342,ALL14,train_only,SUPPORTED
3,session-1,dataset-primary4,1.0.0,wrist_flexion,mendeley-S003-wrist_flexion-R02,mendeley-S003-wrist_flexion-R05,within_subject_same_session_same_class,0.7087403535842896,0.7004223001028789,0.6246294975280762,ALL14,train_only,SUPPORTED
3,session-1,dataset-primary4,1.0.0,wrist_flexion,mendeley-S003-wrist_flexion-R03,mendeley-S003-wrist_flexion-R04,within_subject_same_session_same_class,-0.011072294786572456,0.06634108230738732,5.318546772003174,ALL14,train_only,SUPPORTED
3,session-1,dataset-primary4,1.0.0,wrist_flexion,mendeley-S003-wrist_flexion-R03,mendeley-S003-wrist_flexion-R05,within_subject_same_session_same_class,0.9174728989601135,0.9026340807246502,0.31509286165237427,ALL14,train_only,SUPPORTED
3,session-1,dataset-primary4,1.0.0,wrist_flexion,mendeley-S003-wrist_flexion-R04,mendeley-S003-wrist_flexion-R05,within_subject_same_session_same_class,0.034934379160404205,0.10696983742142839,5.283697128295898,ALL14,train_only,SUPPORTED
30,session-1,dataset-primary4,1.0.0,hand_close,mendeley-S030-grip-R01,mendeley-S030-grip-R02,within_subject_same_session_same_class,0.5877074003219604,0.5072381514056638,0.48324212431907654,ALL14,train_only,SUPPORTED
30,session-1,dataset-primary4,1.0.0,hand_close,mendeley-S030-grip-R01,mendeley-S030-grip-R03,within_subject_same_session_same_class,0.5533164143562317,0.4806116950563321,0.4994460940361023,ALL14,train_only,SUPPORTED
30,session-1,dataset-primary4,1.0.0,hand_close,mendeley-S030-grip-R01,mendeley-S030-grip-R04,within_subject_same_session_same_class,0.5361130237579346,0.44939546733414215,0.5158876776695251,ALL14,train_only,SUPPORTED
30,session-1,dataset-primary4,1.0.0,hand_close,mendeley-S030-grip-R01,mendeley-S030-grip-R05,within_subject_same_session_same_class,0.5758564472198486,0.4997926243533897,0.49166804552078247,ALL14,train_only,SUPPORTED
30,session-1,dataset-primary4,1.0.0,hand_close,mendeley-S030-grip-R02,mendeley-S030-grip-R03,within_subject_same_session_same_class,0.7513664960861206,0.6980174359381708,0.29418522119522095,ALL14,train_only,SUPPORTED
30,session-1,dataset-primary4,1.0.0,hand_close,mendeley-S030-grip-R02,mendeley-S030-grip-R04,within_subject_same_session_same_class,0.7366214394569397,0.6381758904250674,0.31695184111595154,ALL14,train_only,SUPPORTED
30,session-1,dataset-primary4,1.0.0,hand_close,mendeley-S030-grip-R02,mendeley-S030-grip-R05,within_subject_same_session_same_class,0.7393668293952942,0.6521997282459157,0.3085147440433502,ALL14,train_only,SUPPORTED
30,session-1,dataset-primary4,1.0.0,hand_close,mendeley-S030-grip-R03,mendeley-S030-grip-R04,within_subject_same_session_same_class,0.8249735832214355,0.7852799734359239,0.2578219175338745,ALL14,train_only,SUPPORTED
30,session-1,dataset-primary4,1.0.0,hand_close,mendeley-S030-grip-R03,mendeley-S030-grip-R05,within_subject_same_session_same_class,0.9172768592834473,0.8998509200216473,0.1734618991613388,ALL14,train_only,SUPPORTED
30,session-1,dataset-primary4,1.0.0,hand_close,mendeley-S030-grip-R04,mendeley-S030-grip-R05,within_subject_same_session_same_class,0.9090080857276917,0.8836003265680882,0.18911299109458923,ALL14,train_only,SUPPORTED
30,session-1,dataset-primary4,1.0.0,rest,mendeley-S030-rest-R01,mendeley-S030-rest-R02,within_subject_same_session_same_class,0.8793649077415466,0.8796925673374972,0.2555028200149536,ALL14,train_only,SUPPORTED
30,session-1,dataset-primary4,1.0.0,rest,mendeley-S030-rest-R01,mendeley-S030-rest-R03,within_subject_same_session_same_class,0.9105778336524963,0.9149435930250087,0.21634088456630707,ALL14,train_only,SUPPORTED
30,session-1,dataset-primary4,1.0.0,rest,mendeley-S030-rest-R01,mendeley-S030-rest-R04,within_subject_same_session_same_class,0.8926311135292053,0.8999488461190254,0.23636281490325928,ALL14,train_only,SUPPORTED
30,session-1,dataset-primary4,1.0.0,rest,mendeley-S030-rest-R01,mendeley-S030-rest-R05,within_subject_same_session_same_class,0.5357912182807922,0.5558954287647853,0.47996997833251953,ALL14,train_only,SUPPORTED
30,session-1,dataset-primary4,1.0.0,rest,mendeley-S030-rest-R02,mendeley-S030-rest-R03,within_subject_same_session_same_class,0.9557522535324097,0.953866836383713,0.15922686457633972,ALL14,train_only,SUPPORTED
30,session-1,dataset-primary4,1.0.0,rest,mendeley-S030-rest-R02,mendeley-S030-rest-R04,within_subject_same_session_same_class,0.968524694442749,0.9687286848447325,0.14537884294986725,ALL14,train_only,SUPPORTED
30,session-1,dataset-primary4,1.0.0,rest,mendeley-S030-rest-R02,mendeley-S030-rest-R05,within_subject_same_session_same_class,0.6955317854881287,0.700827867423972,0.38926857709884644,ALL14,train_only,SUPPORTED
30,session-1,dataset-primary4,1.0.0,rest,mendeley-S030-rest-R03,mendeley-S030-rest-R04,within_subject_same_session_same_class,0.9646211862564087,0.9625322283434128,0.11919403076171875,ALL14,train_only,SUPPORTED
30,session-1,dataset-primary4,1.0.0,rest,mendeley-S030-rest-R03,mendeley-S030-rest-R05,within_subject_same_session_same_class,0.7468123435974121,0.7476898867917339,0.3291427195072174,ALL14,train_only,SUPPORTED
30,session-1,dataset-primary4,1.0.0,rest,mendeley-S030-rest-R04,mendeley-S030-rest-R05,within_subject_same_session_same_class,0.7482749223709106,0.7366284235131482,0.3239300847053528,ALL14,train_only,SUPPORTED
30,session-1,dataset-primary4,1.0.0,wrist_extension,mendeley-S030-wrist_extension-R01,mendeley-S030-wrist_extension-R02,within_subject_same_session_same_class,0.9549031257629395,0.9332455590453224,0.6586425304412842,ALL14,train_only,SUPPORTED
30,session-1,dataset-primary4,1.0.0,wrist_extension,mendeley-S030-wrist_extension-R01,mendeley-S030-wrist_extension-R03,within_subject_same_session_same_class,0.9443808794021606,0.9133248494244592,0.6274121403694153,ALL14,train_only,SUPPORTED
30,session-1,dataset-primary4,1.0.0,wrist_extension,mendeley-S030-wrist_extension-R01,mendeley-S030-wrist_extension-R04,within_subject_same_session_same_class,0.9600130915641785,0.9398561210758957,0.685082197189331,ALL14,train_only,SUPPORTED
30,session-1,dataset-primary4,1.0.0,wrist_extension,mendeley-S030-wrist_extension-R01,mendeley-S030-wrist_extension-R05,within_subject_same_session_same_class,0.9467691779136658,0.9191674759695528,0.8154792189598083,ALL14,train_only,SUPPORTED
30,session-1,dataset-primary4,1.0.0,wrist_extension,mendeley-S030-wrist_extension-R02,mendeley-S030-wrist_extension-R03,within_subject_same_session_same_class,0.9751954078674316,0.9638548057578092,0.5036572217941284,ALL14,train_only,SUPPORTED
30,session-1,dataset-primary4,1.0.0,wrist_extension,mendeley-S030-wrist_extension-R02,mendeley-S030-wrist_extension-R04,within_subject_same_session_same_class,0.9840422868728638,0.9765194455951457,0.40023159980773926,ALL14,train_only,SUPPORTED
30,session-1,dataset-primary4,1.0.0,wrist_extension,mendeley-S030-wrist_extension-R02,mendeley-S030-wrist_extension-R05,within_subject_same_session_same_class,0.9878065586090088,0.9821174833850355,0.38968560099601746,ALL14,train_only,SUPPORTED
30,session-1,dataset-primary4,1.0.0,wrist_extension,mendeley-S030-wrist_extension-R03,mendeley-S030-wrist_extension-R04,within_subject_same_session_same_class,0.9729335308074951,0.9595124996947292,0.5780107975006104,ALL14,train_only,SUPPORTED
30,session-1,dataset-primary4,1.0.0,wrist_extension,mendeley-S030-wrist_extension-R03,mendeley-S030-wrist_extension-R05,within_subject_same_session_same_class,0.9805920124053955,0.9708632879351937,0.5806923508644104,ALL14,train_only,SUPPORTED
30,session-1,dataset-primary4,1.0.0,wrist_extension,mendeley-S030-wrist_extension-R04,mendeley-S030-wrist_extension-R05,within_subject_same_session_same_class,0.9824755787849426,0.9738380435034729,0.43255916237831116,ALL14,train_only,SUPPORTED
30,session-1,dataset-primary4,1.0.0,wrist_flexion,mendeley-S030-wrist_flexion-R01,mendeley-S030-wrist_flexion-R02,within_subject_same_session_same_class,0.9341640472412109,0.9328252452769338,0.2328162044286728,ALL14,train_only,SUPPORTED
30,session-1,dataset-primary4,1.0.0,wrist_flexion,mendeley-S030-wrist_flexion-R01,mendeley-S030-wrist_flexion-R03,within_subject_same_session_same_class,0.8290923237800598,0.8055867996004382,0.3365355134010315,ALL14,train_only,SUPPORTED
30,session-1,dataset-primary4,1.0.0,wrist_flexion,mendeley-S030-wrist_flexion-R01,mendeley-S030-wrist_flexion-R04,within_subject_same_session_same_class,0.9071041941642761,0.8926796423004539,0.25354433059692383,ALL14,train_only,SUPPORTED
30,session-1,dataset-primary4,1.0.0,wrist_flexion,mendeley-S030-wrist_flexion-R01,mendeley-S030-wrist_flexion-R05,within_subject_same_session_same_class,0.7208664417266846,0.661329576720969,0.4156246483325958,ALL14,train_only,SUPPORTED
30,session-1,dataset-primary4,1.0.0,wrist_flexion,mendeley-S030-wrist_flexion-R02,mendeley-S030-wrist_flexion-R03,within_subject_same_session_same_class,0.9258733987808228,0.9181832088417463,0.25223544239997864,ALL14,train_only,SUPPORTED
30,session-1,dataset-primary4,1.0.0,wrist_flexion,mendeley-S030-wrist_flexion-R02,mendeley-S030-wrist_flexion-R04,within_subject_same_session_same_class,0.9380918145179749,0.9326077562664747,0.2274935096502304,ALL14,train_only,SUPPORTED
30,session-1,dataset-primary4,1.0.0,wrist_flexion,mendeley-S030-wrist_flexion-R02,mendeley-S030-wrist_flexion-R05,within_subject_same_session_same_class,0.7875143885612488,0.7639937425610891,0.40220633149147034,ALL14,train_only,SUPPORTED
30,session-1,dataset-primary4,1.0.0,wrist_flexion,mendeley-S030-wrist_flexion-R03,mendeley-S030-wrist_flexion-R04,within_subject_same_session_same_class,0.9538202285766602,0.9480450334726198,0.17473341524600983,ALL14,train_only,SUPPORTED
30,session-1,dataset-primary4,1.0.0,wrist_flexion,mendeley-S030-wrist_flexion-R03,mendeley-S030-wrist_flexion-R05,within_subject_same_session_same_class,0.8874072432518005,0.8739500954519469,0.2523038387298584,ALL14,train_only,SUPPORTED
30,session-1,dataset-primary4,1.0.0,wrist_flexion,mendeley-S030-wrist_flexion-R04,mendeley-S030-wrist_flexion-R05,within_subject_same_session_same_class,0.7775498032569885,0.7396473310940073,0.36707738041877747,ALL14,train_only,SUPPORTED
31,session-1,dataset-primary4,1.0.0,hand_close,mendeley-S031-grip-R01,mendeley-S031-grip-R02,within_subject_same_session_same_class,0.8460888862609863,0.8384380232733959,0.4776112735271454,ALL14,train_only,SUPPORTED
31,session-1,dataset-primary4,1.0.0,hand_close,mendeley-S031-grip-R01,mendeley-S031-grip-R03,within_subject_same_session_same_class,0.8151640892028809,0.7507411658108765,0.41235634684562683,ALL14,train_only,SUPPORTED
31,session-1,dataset-primary4,1.0.0,hand_close,mendeley-S031-grip-R01,mendeley-S031-grip-R04,within_subject_same_session_same_class,0.9245760440826416,0.902285922821229,0.27600347995758057,ALL14,train_only,SUPPORTED
31,session-1,dataset-primary4,1.0.0,hand_close,mendeley-S031-grip-R01,mendeley-S031-grip-R05,within_subject_same_session_same_class,0.6459741592407227,0.5395942244508186,0.5776259303092957,ALL14,train_only,SUPPORTED
31,session-1,dataset-primary4,1.0.0,hand_close,mendeley-S031-grip-R02,mendeley-S031-grip-R03,within_subject_same_session_same_class,0.5859522223472595,0.5259980869610426,0.7351164221763611,ALL14,train_only,SUPPORTED
31,session-1,dataset-primary4,1.0.0,hand_close,mendeley-S031-grip-R02,mendeley-S031-grip-R04,within_subject_same_session_same_class,0.7535165548324585,0.7418757561385952,0.5855458378791809,ALL14,train_only,SUPPORTED
31,session-1,dataset-primary4,1.0.0,hand_close,mendeley-S031-grip-R02,mendeley-S031-grip-R05,within_subject_same_session_same_class,0.45149821043014526,0.3658526590502641,0.8430030941963196,ALL14,train_only,SUPPORTED
31,session-1,dataset-primary4,1.0.0,hand_close,mendeley-S031-grip-R03,mendeley-S031-grip-R04,within_subject_same_session_same_class,0.8288257122039795,0.7501445573274492,0.4118540287017822,ALL14,train_only,SUPPORTED
31,session-1,dataset-primary4,1.0.0,hand_close,mendeley-S031-grip-R03,mendeley-S031-grip-R05,within_subject_same_session_same_class,0.6622681617736816,0.5449571018699556,0.5617583394050598,ALL14,train_only,SUPPORTED
31,session-1,dataset-primary4,1.0.0,hand_close,mendeley-S031-grip-R04,mendeley-S031-grip-R05,within_subject_same_session_same_class,0.8194162845611572,0.7583730261403147,0.42636552453041077,ALL14,train_only,SUPPORTED
31,session-1,dataset-primary4,1.0.0,rest,mendeley-S031-rest-R01,mendeley-S031-rest-R02,within_subject_same_session_same_class,0.9087562561035156,0.9110435642273034,0.32888469099998474,ALL14,train_only,SUPPORTED
31,session-1,dataset-primary4,1.0.0,rest,mendeley-S031-rest-R01,mendeley-S031-rest-R03,within_subject_same_session_same_class,0.8507117033004761,0.8209942997441941,0.4403829276561737,ALL14,train_only,SUPPORTED
31,session-1,dataset-primary4,1.0.0,rest,mendeley-S031-rest-R01,mendeley-S031-rest-R04,within_subject_same_session_same_class,0.889106810092926,0.8776819871776115,0.36243557929992676,ALL14,train_only,SUPPORTED
31,session-1,dataset-primary4,1.0.0,rest,mendeley-S031-rest-R01,mendeley-S031-rest-R05,within_subject_same_session_same_class,0.6760547757148743,0.5976376959273753,0.5959394574165344,ALL14,train_only,SUPPORTED
31,session-1,dataset-primary4,1.0.0,rest,mendeley-S031-rest-R02,mendeley-S031-rest-R03,within_subject_same_session_same_class,0.795753538608551,0.7482942536697291,0.4999420642852783,ALL14,train_only,SUPPORTED
31,session-1,dataset-primary4,1.0.0,rest,mendeley-S031-rest-R02,mendeley-S031-rest-R04,within_subject_same_session_same_class,0.9329311847686768,0.899716211058769,0.26620355248451233,ALL14,train_only,SUPPORTED
31,session-1,dataset-primary4,1.0.0,rest,mendeley-S031-rest-R02,mendeley-S031-rest-R05,within_subject_same_session_same_class,0.8169524669647217,0.706164594717811,0.41869616508483887,ALL14,train_only,SUPPORTED
31,session-1,dataset-primary4,1.0.0,rest,mendeley-S031-rest-R03,mendeley-S031-rest-R04,within_subject_same_session_same_class,0.8468632698059082,0.8142024688060586,0.4381054937839508,ALL14,train_only,SUPPORTED
31,session-1,dataset-primary4,1.0.0,rest,mendeley-S031-rest-R03,mendeley-S031-rest-R05,within_subject_same_session_same_class,0.7473050951957703,0.6864106944731055,0.5475548505783081,ALL14,train_only,SUPPORTED
31,session-1,dataset-primary4,1.0.0,rest,mendeley-S031-rest-R04,mendeley-S031-rest-R05,within_subject_same_session_same_class,0.8571277260780334,0.7811058142076511,0.3810790777206421,ALL14,train_only,SUPPORTED
31,session-1,dataset-primary4,1.0.0,wrist_extension,mendeley-S031-wrist_extension-R01,mendeley-S031-wrist_extension-R02,within_subject_same_session_same_class,0.2682710289955139,0.22308567386508932,0.6497116684913635,ALL14,train_only,SUPPORTED
31,session-1,dataset-primary4,1.0.0,wrist_extension,mendeley-S031-wrist_extension-R01,mendeley-S031-wrist_extension-R03,within_subject_same_session_same_class,0.2218407243490219,0.23966068315634345,0.6099987030029297,ALL14,train_only,SUPPORTED
31,session-1,dataset-primary4,1.0.0,wrist_extension,mendeley-S031-wrist_extension-R01,mendeley-S031-wrist_extension-R04,within_subject_same_session_same_class,0.8499602675437927,0.8400689981930004,0.276110976934433,ALL14,train_only,SUPPORTED
31,session-1,dataset-primary4,1.0.0,wrist_extension,mendeley-S031-wrist_extension-R01,mendeley-S031-wrist_extension-R05,within_subject_same_session_same_class,0.8410418629646301,0.8305606547468483,0.3197833299636841,ALL14,train_only,SUPPORTED
31,session-1,dataset-primary4,1.0.0,wrist_extension,mendeley-S031-wrist_extension-R02,mendeley-S031-wrist_extension-R03,within_subject_same_session_same_class,0.5840301513671875,0.6136153992204861,0.484602153301239,ALL14,train_only,SUPPORTED
31,session-1,dataset-primary4,1.0.0,wrist_extension,mendeley-S031-wrist_extension-R02,mendeley-S031-wrist_extension-R04,within_subject_same_session_same_class,0.3564206659793854,0.3066873361039821,0.6133020520210266,ALL14,train_only,SUPPORTED
31,session-1,dataset-primary4,1.0.0,wrist_extension,mendeley-S031-wrist_extension-R02,mendeley-S031-wrist_extension-R05,within_subject_same_session_same_class,0.30448633432388306,0.2569435941305825,0.6848672032356262,ALL14,train_only,SUPPORTED
31,session-1,dataset-primary4,1.0.0,wrist_extension,mendeley-S031-wrist_extension-R03,mendeley-S031-wrist_extension-R04,within_subject_same_session_same_class,-0.024715205654501915,-0.012074752931118897,0.7051032185554504,ALL14,train_only,SUPPORTED
31,session-1,dataset-primary4,1.0.0,wrist_extension,mendeley-S031-wrist_extension-R03,mendeley-S031-wrist_extension-R05,within_subject_same_session_same_class,-0.07187287509441376,-0.06248432981777004,0.7859034538269043,ALL14,train_only,SUPPORTED
31,session-1,dataset-primary4,1.0.0,wrist_extension,mendeley-S031-wrist_extension-R04,mendeley-S031-wrist_extension-R05,within_subject_same_session_same_class,0.9416580200195312,0.9373185541737825,0.20493298768997192,ALL14,train_only,SUPPORTED
31,session-1,dataset-primary4,1.0.0,wrist_flexion,mendeley-S031-wrist_flexion-R01,mendeley-S031-wrist_flexion-R02,within_subject_same_session_same_class,0.4517457187175751,0.3759793364885015,0.8058239221572876,ALL14,train_only,SUPPORTED
31,session-1,dataset-primary4,1.0.0,wrist_flexion,mendeley-S031-wrist_flexion-R01,mendeley-S031-wrist_flexion-R03,within_subject_same_session_same_class,0.5862231254577637,0.4350388139684735,0.6407540440559387,ALL14,train_only,SUPPORTED
31,session-1,dataset-primary4,1.0.0,wrist_flexion,mendeley-S031-wrist_flexion-R01,mendeley-S031-wrist_flexion-R04,within_subject_same_session_same_class,0.8053374886512756,0.7373146052844317,0.3996025323867798,ALL14,train_only,SUPPORTED
31,session-1,dataset-primary4,1.0.0,wrist_flexion,mendeley-S031-wrist_flexion-R01,mendeley-S031-wrist_flexion-R05,within_subject_same_session_same_class,0.8180543184280396,0.7528844797769764,0.3895224630832672,ALL14,train_only,SUPPORTED
31,session-1,dataset-primary4,1.0.0,wrist_flexion,mendeley-S031-wrist_flexion-R02,mendeley-S031-wrist_flexion-R03,within_subject_same_session_same_class,0.8123267889022827,0.8185654604176789,0.4936659336090088,ALL14,train_only,SUPPORTED
31,session-1,dataset-primary4,1.0.0,wrist_flexion,mendeley-S031-wrist_flexion-R02,mendeley-S031-wrist_flexion-R04,within_subject_same_session_same_class,0.4653356373310089,0.39076872355721975,0.7683848142623901,ALL14,train_only,SUPPORTED
31,session-1,dataset-primary4,1.0.0,wrist_flexion,mendeley-S031-wrist_flexion-R02,mendeley-S031-wrist_flexion-R05,within_subject_same_session_same_class,0.4727674424648285,0.3992079845157336,0.7695637345314026,ALL14,train_only,SUPPORTED
31,session-1,dataset-primary4,1.0.0,wrist_flexion,mendeley-S031-wrist_flexion-R03,mendeley-S031-wrist_flexion-R04,within_subject_same_session_same_class,0.5435990691184998,0.3655186493749103,0.6403528451919556,ALL14,train_only,SUPPORTED
31,session-1,dataset-primary4,1.0.0,wrist_flexion,mendeley-S031-wrist_flexion-R03,mendeley-S031-wrist_flexion-R05,within_subject_same_session_same_class,0.5298610329627991,0.33993212891952124,0.6566570401191711,ALL14,train_only,SUPPORTED
31,session-1,dataset-primary4,1.0.0,wrist_flexion,mendeley-S031-wrist_flexion-R04,mendeley-S031-wrist_flexion-R05,within_subject_same_session_same_class,0.9691201448440552,0.957345720949153,0.14831139147281647,ALL14,train_only,SUPPORTED
32,session-1,dataset-primary4,1.0.0,hand_close,mendeley-S032-grip-R01,mendeley-S032-grip-R02,within_subject_same_session_same_class,0.39272060990333557,0.20207713585061937,0.6662169098854065,ALL14,train_only,SUPPORTED
32,session-1,dataset-primary4,1.0.0,hand_close,mendeley-S032-grip-R01,mendeley-S032-grip-R03,within_subject_same_session_same_class,0.4212164580821991,0.27437628522832974,0.4571222960948944,ALL14,train_only,SUPPORTED
32,session-1,dataset-primary4,1.0.0,hand_close,mendeley-S032-grip-R01,mendeley-S032-grip-R04,within_subject_same_session_same_class,0.7323282957077026,0.6423361927683977,0.35618793964385986,ALL14,train_only,SUPPORTED
32,session-1,dataset-primary4,1.0.0,hand_close,mendeley-S032-grip-R01,mendeley-S032-grip-R05,within_subject_same_session_same_class,0.7104511857032776,0.6125619667683739,0.39312222599983215,ALL14,train_only,SUPPORTED
32,session-1,dataset-primary4,1.0.0,hand_close,mendeley-S032-grip-R02,mendeley-S032-grip-R03,within_subject_same_session_same_class,0.43462085723876953,0.2697369336748744,0.63406902551651,ALL14,train_only,SUPPORTED
32,session-1,dataset-primary4,1.0.0,hand_close,mendeley-S032-grip-R02,mendeley-S032-grip-R04,within_subject_same_session_same_class,0.8287093043327332,0.757482026512165,0.3963259160518646,ALL14,train_only,SUPPORTED
32,session-1,dataset-primary4,1.0.0,hand_close,mendeley-S032-grip-R02,mendeley-S032-grip-R05,within_subject_same_session_same_class,0.8342702984809875,0.7659871918172401,0.3857269585132599,ALL14,train_only,SUPPORTED
32,session-1,dataset-primary4,1.0.0,hand_close,mendeley-S032-grip-R03,mendeley-S032-grip-R04,within_subject_same_session_same_class,0.4724273383617401,0.2957046965912668,0.4730571210384369,ALL14,train_only,SUPPORTED
32,session-1,dataset-primary4,1.0.0,hand_close,mendeley-S032-grip-R03,mendeley-S032-grip-R05,within_subject_same_session_same_class,0.33197933435440063,0.10621599756147666,0.5598343014717102,ALL14,train_only,SUPPORTED
32,session-1,dataset-primary4,1.0.0,hand_close,mendeley-S032-grip-R04,mendeley-S032-grip-R05,within_subject_same_session_same_class,0.9274194836616516,0.8900611747511703,0.20631924271583557,ALL14,train_only,SUPPORTED
32,session-1,dataset-primary4,1.0.0,rest,mendeley-S032-rest-R01,mendeley-S032-rest-R02,within_subject_same_session_same_class,0.8507058620452881,0.8573202470298106,0.3843654990196228,ALL14,train_only,SUPPORTED
32,session-1,dataset-primary4,1.0.0,rest,mendeley-S032-rest-R01,mendeley-S032-rest-R03,within_subject_same_session_same_class,0.7151575088500977,0.6837682853898436,0.5217018723487854,ALL14,train_only,SUPPORTED
32,session-1,dataset-primary4,1.0.0,rest,mendeley-S032-rest-R01,mendeley-S032-rest-R04,within_subject_same_session_same_class,0.5179124474525452,0.4560608526555552,0.6106778979301453,ALL14,train_only,SUPPORTED
32,session-1,dataset-primary4,1.0.0,rest,mendeley-S032-rest-R01,mendeley-S032-rest-R05,within_subject_same_session_same_class,0.6141533255577087,0.5743790909145877,0.5386165976524353,ALL14,train_only,SUPPORTED
32,session-1,dataset-primary4,1.0.0,rest,mendeley-S032-rest-R02,mendeley-S032-rest-R03,within_subject_same_session_same_class,0.6459344625473022,0.6504052923008324,0.6168079376220703,ALL14,train_only,SUPPORTED
32,session-1,dataset-primary4,1.0.0,rest,mendeley-S032-rest-R02,mendeley-S032-rest-R04,within_subject_same_session_same_class,0.3786732852458954,0.36170163125131105,0.7617210149765015,ALL14,train_only,SUPPORTED
32,session-1,dataset-primary4,1.0.0,rest,mendeley-S032-rest-R02,mendeley-S032-rest-R05,within_subject_same_session_same_class,0.4922649562358856,0.4809505937111288,0.6834354996681213,ALL14,train_only,SUPPORTED
32,session-1,dataset-primary4,1.0.0,rest,mendeley-S032-rest-R03,mendeley-S032-rest-R04,within_subject_same_session_same_class,0.612425684928894,0.5409591929880877,0.6070943474769592,ALL14,train_only,SUPPORTED
32,session-1,dataset-primary4,1.0.0,rest,mendeley-S032-rest-R03,mendeley-S032-rest-R05,within_subject_same_session_same_class,0.5359816551208496,0.47233048169741787,0.6565657258033752,ALL14,train_only,SUPPORTED
32,session-1,dataset-primary4,1.0.0,rest,mendeley-S032-rest-R04,mendeley-S032-rest-R05,within_subject_same_session_same_class,0.8904057741165161,0.8783098924729582,0.2897220551967621,ALL14,train_only,SUPPORTED
32,session-1,dataset-primary4,1.0.0,wrist_extension,mendeley-S032-wrist_extension-R01,mendeley-S032-wrist_extension-R02,within_subject_same_session_same_class,0.9029449224472046,0.8778447757350424,0.5032217502593994,ALL14,train_only,SUPPORTED
32,session-1,dataset-primary4,1.0.0,wrist_extension,mendeley-S032-wrist_extension-R01,mendeley-S032-wrist_extension-R03,within_subject_same_session_same_class,0.9494004845619202,0.93650698717734,0.37367042899131775,ALL14,train_only,SUPPORTED
32,session-1,dataset-primary4,1.0.0,wrist_extension,mendeley-S032-wrist_extension-R01,mendeley-S032-wrist_extension-R04,within_subject_same_session_same_class,0.9319421052932739,0.9145735670180113,0.40942782163619995,ALL14,train_only,SUPPORTED
32,session-1,dataset-primary4,1.0.0,wrist_extension,mendeley-S032-wrist_extension-R01,mendeley-S032-wrist_extension-R05,within_subject_same_session_same_class,0.954594075679779,0.9430658431440959,0.35366877913475037,ALL14,train_only,SUPPORTED
32,session-1,dataset-primary4,1.0.0,wrist_extension,mendeley-S032-wrist_extension-R02,mendeley-S032-wrist_extension-R03,within_subject_same_session_same_class,0.9413424730300903,0.9247062925644086,0.40308529138565063,ALL14,train_only,SUPPORTED
32,session-1,dataset-primary4,1.0.0,wrist_extension,mendeley-S032-wrist_extension-R02,mendeley-S032-wrist_extension-R04,within_subject_same_session_same_class,0.9420264959335327,0.926370373593606,0.387947678565979,ALL14,train_only,SUPPORTED
32,session-1,dataset-primary4,1.0.0,wrist_extension,mendeley-S032-wrist_extension-R02,mendeley-S032-wrist_extension-R05,within_subject_same_session_same_class,0.9451951384544373,0.9304596668945616,0.38901427388191223,ALL14,train_only,SUPPORTED
32,session-1,dataset-primary4,1.0.0,wrist_extension,mendeley-S032-wrist_extension-R03,mendeley-S032-wrist_extension-R04,within_subject_same_session_same_class,0.9546339511871338,0.9421932103022492,0.3575090765953064,ALL14,train_only,SUPPORTED
32,session-1,dataset-primary4,1.0.0,wrist_extension,mendeley-S032-wrist_extension-R03,mendeley-S032-wrist_extension-R05,within_subject_same_session_same_class,0.947644054889679,0.933321556477044,0.38450178503990173,ALL14,train_only,SUPPORTED
32,session-1,dataset-primary4,1.0.0,wrist_extension,mendeley-S032-wrist_extension-R04,mendeley-S032-wrist_extension-R05,within_subject_same_session_same_class,0.9757574200630188,0.9693292363733849,0.26912370324134827,ALL14,train_only,SUPPORTED
32,session-1,dataset-primary4,1.0.0,wrist_flexion,mendeley-S032-wrist_flexion-R01,mendeley-S032-wrist_flexion-R02,within_subject_same_session_same_class,0.8000470399856567,0.7310922016508007,0.49459922313690186,ALL14,train_only,SUPPORTED
32,session-1,dataset-primary4,1.0.0,wrist_flexion,mendeley-S032-wrist_flexion-R01,mendeley-S032-wrist_flexion-R03,within_subject_same_session_same_class,0.8203973770141602,0.8041943246745948,0.4644840657711029,ALL14,train_only,SUPPORTED
32,session-1,dataset-primary4,1.0.0,wrist_flexion,mendeley-S032-wrist_flexion-R01,mendeley-S032-wrist_flexion-R04,within_subject_same_session_same_class,0.7684813737869263,0.6732350844438766,0.5206085443496704,ALL14,train_only,SUPPORTED
32,session-1,dataset-primary4,1.0.0,wrist_flexion,mendeley-S032-wrist_flexion-R01,mendeley-S032-wrist_flexion-R05,within_subject_same_session_same_class,0.7651304006576538,0.664112941790243,0.5317244529724121,ALL14,train_only,SUPPORTED
32,session-1,dataset-primary4,1.0.0,wrist_flexion,mendeley-S032-wrist_flexion-R02,mendeley-S032-wrist_flexion-R03,within_subject_same_session_same_class,0.770077645778656,0.7415099192590038,0.5132262110710144,ALL14,train_only,SUPPORTED
32,session-1,dataset-primary4,1.0.0,wrist_flexion,mendeley-S032-wrist_flexion-R02,mendeley-S032-wrist_flexion-R04,within_subject_same_session_same_class,0.8841568827629089,0.8417778535247777,0.3605184555053711,ALL14,train_only,SUPPORTED
32,session-1,dataset-primary4,1.0.0,wrist_flexion,mendeley-S032-wrist_flexion-R02,mendeley-S032-wrist_flexion-R05,within_subject_same_session_same_class,0.870833694934845,0.8257157659682974,0.3859049081802368,ALL14,train_only,SUPPORTED
32,session-1,dataset-primary4,1.0.0,wrist_flexion,mendeley-S032-wrist_flexion-R03,mendeley-S032-wrist_flexion-R04,within_subject_same_session_same_class,0.7277272939682007,0.7009155865949509,0.5417860746383667,ALL14,train_only,SUPPORTED
32,session-1,dataset-primary4,1.0.0,wrist_flexion,mendeley-S032-wrist_flexion-R03,mendeley-S032-wrist_flexion-R05,within_subject_same_session_same_class,0.7681397795677185,0.7670891551590411,0.5100030899047852,ALL14,train_only,SUPPORTED
32,session-1,dataset-primary4,1.0.0,wrist_flexion,mendeley-S032-wrist_flexion-R04,mendeley-S032-wrist_flexion-R05,within_subject_same_session_same_class,0.9333655834197998,0.895859917823171,0.27033865451812744,ALL14,train_only,SUPPORTED
33,session-1,dataset-primary4,1.0.0,hand_close,mendeley-S033-grip-R01,mendeley-S033-grip-R02,within_subject_same_session_same_class,0.7417411804199219,0.6531397247952723,0.2842007279396057,ALL14,train_only,SUPPORTED
33,session-1,dataset-primary4,1.0.0,hand_close,mendeley-S033-grip-R01,mendeley-S033-grip-R03,within_subject_same_session_same_class,0.7074480652809143,0.6333044154435541,0.2854194939136505,ALL14,train_only,SUPPORTED
33,session-1,dataset-primary4,1.0.0,hand_close,mendeley-S033-grip-R01,mendeley-S033-grip-R04,within_subject_same_session_same_class,0.7988564372062683,0.7319022150766515,0.28154340386390686,ALL14,train_only,SUPPORTED
33,session-1,dataset-primary4,1.0.0,hand_close,mendeley-S033-grip-R01,mendeley-S033-grip-R05,within_subject_same_session_same_class,0.373391330242157,0.26756102720177954,0.43673238158226013,ALL14,train_only,SUPPORTED
33,session-1,dataset-primary4,1.0.0,hand_close,mendeley-S033-grip-R02,mendeley-S033-grip-R03,within_subject_same_session_same_class,0.746591329574585,0.6884782383937506,0.27900493144989014,ALL14,train_only,SUPPORTED
33,session-1,dataset-primary4,1.0.0,hand_close,mendeley-S033-grip-R02,mendeley-S033-grip-R04,within_subject_same_session_same_class,0.5810409784317017,0.46145927363206685,0.40470895171165466,ALL14,train_only,SUPPORTED
33,session-1,dataset-primary4,1.0.0,hand_close,mendeley-S033-grip-R02,mendeley-S033-grip-R05,within_subject_same_session_same_class,0.6078440546989441,0.5596639321434326,0.358747661113739,ALL14,train_only,SUPPORTED
33,session-1,dataset-primary4,1.0.0,hand_close,mendeley-S033-grip-R03,mendeley-S033-grip-R04,within_subject_same_session_same_class,0.5751692056655884,0.47572676229190386,0.3953006863594055,ALL14,train_only,SUPPORTED
33,session-1,dataset-primary4,1.0.0,hand_close,mendeley-S033-grip-R03,mendeley-S033-grip-R05,within_subject_same_session_same_class,0.8360610008239746,0.822210441114193,0.2225073128938675,ALL14,train_only,SUPPORTED
33,session-1,dataset-primary4,1.0.0,hand_close,mendeley-S033-grip-R04,mendeley-S033-grip-R05,within_subject_same_session_same_class,0.2888249456882477,0.18223930294742047,0.5211359858512878,ALL14,train_only,SUPPORTED
33,session-1,dataset-primary4,1.0.0,rest,mendeley-S033-rest-R01,mendeley-S033-rest-R02,within_subject_same_session_same_class,0.1795881986618042,0.10848361494453793,0.7532317042350769,ALL14,train_only,SUPPORTED
33,session-1,dataset-primary4,1.0.0,rest,mendeley-S033-rest-R01,mendeley-S033-rest-R03,within_subject_same_session_same_class,0.35236725211143494,0.32853703315011645,0.6867414712905884,ALL14,train_only,SUPPORTED
33,session-1,dataset-primary4,1.0.0,rest,mendeley-S033-rest-R01,mendeley-S033-rest-R04,within_subject_same_session_same_class,0.3314650356769562,0.2949962482011109,0.6902223825454712,ALL14,train_only,SUPPORTED
33,session-1,dataset-primary4,1.0.0,rest,mendeley-S033-rest-R01,mendeley-S033-rest-R05,within_subject_same_session_same_class,0.1722356677055359,0.11490658409375773,0.7766202688217163,ALL14,train_only,SUPPORTED
33,session-1,dataset-primary4,1.0.0,rest,mendeley-S033-rest-R02,mendeley-S033-rest-R03,within_subject_same_session_same_class,0.5909455418586731,0.5759841623428141,0.41692686080932617,ALL14,train_only,SUPPORTED
33,session-1,dataset-primary4,1.0.0,rest,mendeley-S033-rest-R02,mendeley-S033-rest-R04,within_subject_same_session_same_class,0.8109117746353149,0.7854358943752802,0.27728208899497986,ALL14,train_only,SUPPORTED
33,session-1,dataset-primary4,1.0.0,rest,mendeley-S033-rest-R02,mendeley-S033-rest-R05,within_subject_same_session_same_class,0.813500702381134,0.7705633699167154,0.2899371385574341,ALL14,train_only,SUPPORTED
33,session-1,dataset-primary4,1.0.0,rest,mendeley-S033-rest-R03,mendeley-S033-rest-R04,within_subject_same_session_same_class,0.8621944785118103,0.8608117597284167,0.24410660564899445,ALL14,train_only,SUPPORTED
33,session-1,dataset-primary4,1.0.0,rest,mendeley-S033-rest-R03,mendeley-S033-rest-R05,within_subject_same_session_same_class,0.5898839831352234,0.5633803229932711,0.43732577562332153,ALL14,train_only,SUPPORTED
33,session-1,dataset-primary4,1.0.0,rest,mendeley-S033-rest-R04,mendeley-S033-rest-R05,within_subject_same_session_same_class,0.868971049785614,0.8483983111057071,0.24488800764083862,ALL14,train_only,SUPPORTED
33,session-1,dataset-primary4,1.0.0,wrist_extension,mendeley-S033-wrist_extension-R01,mendeley-S033-wrist_extension-R02,within_subject_same_session_same_class,0.9752527475357056,0.9692196683235681,0.5022507309913635,ALL14,train_only,SUPPORTED
33,session-1,dataset-primary4,1.0.0,wrist_extension,mendeley-S033-wrist_extension-R01,mendeley-S033-wrist_extension-R03,within_subject_same_session_same_class,0.986397922039032,0.9834232389369147,0.32409751415252686,ALL14,train_only,SUPPORTED
33,session-1,dataset-primary4,1.0.0,wrist_extension,mendeley-S033-wrist_extension-R01,mendeley-S033-wrist_extension-R04,within_subject_same_session_same_class,0.973990797996521,0.9659954480738232,0.7162056565284729,ALL14,train_only,SUPPORTED
33,session-1,dataset-primary4,1.0.0,wrist_extension,mendeley-S033-wrist_extension-R01,mendeley-S033-wrist_extension-R05,within_subject_same_session_same_class,0.988121509552002,0.9849853955097251,0.31190529465675354,ALL14,train_only,SUPPORTED
33,session-1,dataset-primary4,1.0.0,wrist_extension,mendeley-S033-wrist_extension-R02,mendeley-S033-wrist_extension-R03,within_subject_same_session_same_class,0.9875633120536804,0.9838711920404634,0.34213384985923767,ALL14,train_only,SUPPORTED
33,session-1,dataset-primary4,1.0.0,wrist_extension,mendeley-S033-wrist_extension-R02,mendeley-S033-wrist_extension-R04,within_subject_same_session_same_class,0.9535808563232422,0.9395160853007128,1.0315669775009155,ALL14,train_only,SUPPORTED
33,session-1,dataset-primary4,1.0.0,wrist_extension,mendeley-S033-wrist_extension-R02,mendeley-S033-wrist_extension-R05,within_subject_same_session_same_class,0.9765813946723938,0.9696015556787441,0.5561853051185608,ALL14,train_only,SUPPORTED
33,session-1,dataset-primary4,1.0.0,wrist_extension,mendeley-S033-wrist_extension-R03,mendeley-S033-wrist_extension-R04,within_subject_same_session_same_class,0.9743475317955017,0.9663500619579757,0.7856906056404114,ALL14,train_only,SUPPORTED
33,session-1,dataset-primary4,1.0.0,wrist_extension,mendeley-S033-wrist_extension-R03,mendeley-S033-wrist_extension-R05,within_subject_same_session_same_class,0.9846063256263733,0.9798305651192787,0.3821190595626831,ALL14,train_only,SUPPORTED
33,session-1,dataset-primary4,1.0.0,wrist_extension,mendeley-S033-wrist_extension-R04,mendeley-S033-wrist_extension-R05,within_subject_same_session_same_class,0.985228955745697,0.9804787914893657,0.5793083310127258,ALL14,train_only,SUPPORTED
33,session-1,dataset-primary4,1.0.0,wrist_flexion,mendeley-S033-wrist_flexion-R01,mendeley-S033-wrist_flexion-R02,within_subject_same_session_same_class,0.6761952042579651,0.5930045112522406,0.46301326155662537,ALL14,train_only,SUPPORTED
33,session-1,dataset-primary4,1.0.0,wrist_flexion,mendeley-S033-wrist_flexion-R01,mendeley-S033-wrist_flexion-R03,within_subject_same_session_same_class,0.6922261118888855,0.6758837836774948,0.41564011573791504,ALL14,train_only,SUPPORTED
33,session-1,dataset-primary4,1.0.0,wrist_flexion,mendeley-S033-wrist_flexion-R01,mendeley-S033-wrist_flexion-R04,within_subject_same_session_same_class,0.9290968179702759,0.9104744953184462,0.21468079090118408,ALL14,train_only,SUPPORTED
33,session-1,dataset-primary4,1.0.0,wrist_flexion,mendeley-S033-wrist_flexion-R01,mendeley-S033-wrist_flexion-R05,within_subject_same_session_same_class,0.8849003911018372,0.8626886371203915,0.2941593527793884,ALL14,train_only,SUPPORTED
33,session-1,dataset-primary4,1.0.0,wrist_flexion,mendeley-S033-wrist_flexion-R02,mendeley-S033-wrist_flexion-R03,within_subject_same_session_same_class,0.5764892101287842,0.5332283446267697,0.47588133811950684,ALL14,train_only,SUPPORTED
33,session-1,dataset-primary4,1.0.0,wrist_flexion,mendeley-S033-wrist_flexion-R02,mendeley-S033-wrist_flexion-R04,within_subject_same_session_same_class,0.8131304383277893,0.7710048509413433,0.33706337213516235,ALL14,train_only,SUPPORTED
33,session-1,dataset-primary4,1.0.0,wrist_flexion,mendeley-S033-wrist_flexion-R02,mendeley-S033-wrist_flexion-R05,within_subject_same_session_same_class,0.6923139691352844,0.6298010888183242,0.47548362612724304,ALL14,train_only,SUPPORTED
33,session-1,dataset-primary4,1.0.0,wrist_flexion,mendeley-S033-wrist_flexion-R03,mendeley-S033-wrist_flexion-R04,within_subject_same_session_same_class,0.7543120980262756,0.7395924347899545,0.3342674970626831,ALL14,train_only,SUPPORTED
33,session-1,dataset-primary4,1.0.0,wrist_flexion,mendeley-S033-wrist_flexion-R03,mendeley-S033-wrist_flexion-R05,within_subject_same_session_same_class,0.6236782073974609,0.5868865860942574,0.4929483234882355,ALL14,train_only,SUPPORTED
33,session-1,dataset-primary4,1.0.0,wrist_flexion,mendeley-S033-wrist_flexion-R04,mendeley-S033-wrist_flexion-R05,within_subject_same_session_same_class,0.8913205862045288,0.867737811252489,0.2908565104007721,ALL14,train_only,SUPPORTED
34,session-1,dataset-primary4,1.0.0,hand_close,mendeley-S034-grip-R01,mendeley-S034-grip-R02,within_subject_same_session_same_class,0.9507997035980225,0.9360488218503724,0.23943458497524261,ALL14,train_only,SUPPORTED
34,session-1,dataset-primary4,1.0.0,hand_close,mendeley-S034-grip-R01,mendeley-S034-grip-R03,within_subject_same_session_same_class,0.6893016695976257,0.5735375783481946,0.6249971389770508,ALL14,train_only,SUPPORTED
34,session-1,dataset-primary4,1.0.0,hand_close,mendeley-S034-grip-R01,mendeley-S034-grip-R04,within_subject_same_session_same_class,0.538690447807312,0.3663386779543619,0.7285890579223633,ALL14,train_only,SUPPORTED
34,session-1,dataset-primary4,1.0.0,hand_close,mendeley-S034-grip-R01,mendeley-S034-grip-R05,within_subject_same_session_same_class,0.6031659245491028,0.45922325418351123,0.6600040793418884,ALL14,train_only,SUPPORTED
34,session-1,dataset-primary4,1.0.0,hand_close,mendeley-S034-grip-R02,mendeley-S034-grip-R03,within_subject_same_session_same_class,0.7904139161109924,0.7109897900728024,0.5024207234382629,ALL14,train_only,SUPPORTED
34,session-1,dataset-primary4,1.0.0,hand_close,mendeley-S034-grip-R02,mendeley-S034-grip-R04,within_subject_same_session_same_class,0.6892706155776978,0.5691917161248898,0.5716747641563416,ALL14,train_only,SUPPORTED
34,session-1,dataset-primary4,1.0.0,hand_close,mendeley-S034-grip-R02,mendeley-S034-grip-R05,within_subject_same_session_same_class,0.7279878854751587,0.6254560164751729,0.5183840394020081,ALL14,train_only,SUPPORTED
34,session-1,dataset-primary4,1.0.0,hand_close,mendeley-S034-grip-R03,mendeley-S034-grip-R04,within_subject_same_session_same_class,0.9158487915992737,0.8704053260415716,0.3281046450138092,ALL14,train_only,SUPPORTED
34,session-1,dataset-primary4,1.0.0,hand_close,mendeley-S034-grip-R03,mendeley-S034-grip-R05,within_subject_same_session_same_class,0.9251682758331299,0.886566938092024,0.31285911798477173,ALL14,train_only,SUPPORTED
34,session-1,dataset-primary4,1.0.0,hand_close,mendeley-S034-grip-R04,mendeley-S034-grip-R05,within_subject_same_session_same_class,0.9533026218414307,0.9300340529733251,0.22749115526676178,ALL14,train_only,SUPPORTED
34,session-1,dataset-primary4,1.0.0,rest,mendeley-S034-rest-R01,mendeley-S034-rest-R02,within_subject_same_session_same_class,0.9015406370162964,0.8553743239538717,0.2505023777484894,ALL14,train_only,SUPPORTED
34,session-1,dataset-primary4,1.0.0,rest,mendeley-S034-rest-R01,mendeley-S034-rest-R03,within_subject_same_session_same_class,0.6407227516174316,0.5381168475498845,0.4506915807723999,ALL14,train_only,SUPPORTED
34,session-1,dataset-primary4,1.0.0,rest,mendeley-S034-rest-R01,mendeley-S034-rest-R04,within_subject_same_session_same_class,0.8427268862724304,0.7699512148006397,0.3147321045398712,ALL14,train_only,SUPPORTED
34,session-1,dataset-primary4,1.0.0,rest,mendeley-S034-rest-R01,mendeley-S034-rest-R05,within_subject_same_session_same_class,0.7619097232818604,0.7187905206001678,0.38309019804000854,ALL14,train_only,SUPPORTED
34,session-1,dataset-primary4,1.0.0,rest,mendeley-S034-rest-R02,mendeley-S034-rest-R03,within_subject_same_session_same_class,0.48029541969299316,0.33202048292214864,0.5248746275901794,ALL14,train_only,SUPPORTED
34,session-1,dataset-primary4,1.0.0,rest,mendeley-S034-rest-R02,mendeley-S034-rest-R04,within_subject_same_session_same_class,0.7418942451477051,0.6329392399201973,0.39489397406578064,ALL14,train_only,SUPPORTED
34,session-1,dataset-primary4,1.0.0,rest,mendeley-S034-rest-R02,mendeley-S034-rest-R05,within_subject_same_session_same_class,0.7190638184547424,0.6571929085786762,0.40722352266311646,ALL14,train_only,SUPPORTED
34,session-1,dataset-primary4,1.0.0,rest,mendeley-S034-rest-R03,mendeley-S034-rest-R04,within_subject_same_session_same_class,0.612586259841919,0.5075390908214451,0.4511622488498688,ALL14,train_only,SUPPORTED
34,session-1,dataset-primary4,1.0.0,rest,mendeley-S034-rest-R03,mendeley-S034-rest-R05,within_subject_same_session_same_class,0.7655532956123352,0.7210871214156779,0.34738391637802124,ALL14,train_only,SUPPORTED
34,session-1,dataset-primary4,1.0.0,rest,mendeley-S034-rest-R04,mendeley-S034-rest-R05,within_subject_same_session_same_class,0.5675521492958069,0.46184775270598083,0.5015137195587158,ALL14,train_only,SUPPORTED
34,session-1,dataset-primary4,1.0.0,wrist_extension,mendeley-S034-wrist_extension-R01,mendeley-S034-wrist_extension-R02,within_subject_same_session_same_class,0.8789613246917725,0.8887784505996871,0.3171736001968384,ALL14,train_only,SUPPORTED
34,session-1,dataset-primary4,1.0.0,wrist_extension,mendeley-S034-wrist_extension-R01,mendeley-S034-wrist_extension-R03,within_subject_same_session_same_class,0.464248925447464,0.4603062108479028,0.6217631101608276,ALL14,train_only,SUPPORTED
34,session-1,dataset-primary4,1.0.0,wrist_extension,mendeley-S034-wrist_extension-R01,mendeley-S034-wrist_extension-R04,within_subject_same_session_same_class,0.6671255826950073,0.6659167367782388,0.4986225962638855,ALL14,train_only,SUPPORTED
34,session-1,dataset-primary4,1.0.0,wrist_extension,mendeley-S034-wrist_extension-R01,mendeley-S034-wrist_extension-R05,within_subject_same_session_same_class,0.7419812083244324,0.7481488105999375,0.44939124584198,ALL14,train_only,SUPPORTED
34,session-1,dataset-primary4,1.0.0,wrist_extension,mendeley-S034-wrist_extension-R02,mendeley-S034-wrist_extension-R03,within_subject_same_session_same_class,0.6756706833839417,0.6627388135295761,0.4528871476650238,ALL14,train_only,SUPPORTED
34,session-1,dataset-primary4,1.0.0,wrist_extension,mendeley-S034-wrist_extension-R02,mendeley-S034-wrist_extension-R04,within_subject_same_session_same_class,0.8129906058311462,0.8235441366444181,0.3483453691005707,ALL14,train_only,SUPPORTED
34,session-1,dataset-primary4,1.0.0,wrist_extension,mendeley-S034-wrist_extension-R02,mendeley-S034-wrist_extension-R05,within_subject_same_session_same_class,0.8736981749534607,0.8665615237051263,0.29221880435943604,ALL14,train_only,SUPPORTED
34,session-1,dataset-primary4,1.0.0,wrist_extension,mendeley-S034-wrist_extension-R03,mendeley-S034-wrist_extension-R04,within_subject_same_session_same_class,0.8469950556755066,0.8521460547540456,0.2800360918045044,ALL14,train_only,SUPPORTED
34,session-1,dataset-primary4,1.0.0,wrist_extension,mendeley-S034-wrist_extension-R03,mendeley-S034-wrist_extension-R05,within_subject_same_session_same_class,0.872182309627533,0.8680378427330729,0.27149468660354614,ALL14,train_only,SUPPORTED
34,session-1,dataset-primary4,1.0.0,wrist_extension,mendeley-S034-wrist_extension-R04,mendeley-S034-wrist_extension-R05,within_subject_same_session_same_class,0.9173048138618469,0.9315650814568802,0.21988554298877716,ALL14,train_only,SUPPORTED
34,session-1,dataset-primary4,1.0.0,wrist_flexion,mendeley-S034-wrist_flexion-R01,mendeley-S034-wrist_flexion-R02,within_subject_same_session_same_class,0.934950590133667,0.9103124263246983,0.29364973306655884,ALL14,train_only,SUPPORTED
34,session-1,dataset-primary4,1.0.0,wrist_flexion,mendeley-S034-wrist_flexion-R01,mendeley-S034-wrist_flexion-R03,within_subject_same_session_same_class,0.8991978764533997,0.8628523206135591,0.32690343260765076,ALL14,train_only,SUPPORTED
34,session-1,dataset-primary4,1.0.0,wrist_flexion,mendeley-S034-wrist_flexion-R01,mendeley-S034-wrist_flexion-R04,within_subject_same_session_same_class,0.8786199688911438,0.8321585142301874,0.35663944482803345,ALL14,train_only,SUPPORTED
34,session-1,dataset-primary4,1.0.0,wrist_flexion,mendeley-S034-wrist_flexion-R01,mendeley-S034-wrist_flexion-R05,within_subject_same_session_same_class,0.8453767895698547,0.7907255788953331,0.4132632613182068,ALL14,train_only,SUPPORTED
34,session-1,dataset-primary4,1.0.0,wrist_flexion,mendeley-S034-wrist_flexion-R02,mendeley-S034-wrist_flexion-R03,within_subject_same_session_same_class,0.8143778443336487,0.7452948263241659,0.47922006249427795,ALL14,train_only,SUPPORTED
34,session-1,dataset-primary4,1.0.0,wrist_flexion,mendeley-S034-wrist_flexion-R02,mendeley-S034-wrist_flexion-R04,within_subject_same_session_same_class,0.8042595386505127,0.7262551786174459,0.49116575717926025,ALL14,train_only,SUPPORTED
34,session-1,dataset-primary4,1.0.0,wrist_flexion,mendeley-S034-wrist_flexion-R02,mendeley-S034-wrist_flexion-R05,within_subject_same_session_same_class,0.7986763715744019,0.7253260591497217,0.5030027627944946,ALL14,train_only,SUPPORTED
34,session-1,dataset-primary4,1.0.0,wrist_flexion,mendeley-S034-wrist_flexion-R03,mendeley-S034-wrist_flexion-R04,within_subject_same_session_same_class,0.7903967499732971,0.711728567056091,0.4124794900417328,ALL14,train_only,SUPPORTED
34,session-1,dataset-primary4,1.0.0,wrist_flexion,mendeley-S034-wrist_flexion-R03,mendeley-S034-wrist_flexion-R05,within_subject_same_session_same_class,0.8756102919578552,0.8323992015892028,0.35810819268226624,ALL14,train_only,SUPPORTED
34,session-1,dataset-primary4,1.0.0,wrist_flexion,mendeley-S034-wrist_flexion-R04,mendeley-S034-wrist_flexion-R05,within_subject_same_session_same_class,0.7964964509010315,0.721807879346861,0.4498741626739502,ALL14,train_only,SUPPORTED
35,session-1,dataset-primary4,1.0.0,hand_close,mendeley-S035-grip-R01,mendeley-S035-grip-R02,within_subject_same_session_same_class,0.7671739459037781,0.6317291893003599,0.4408254623413086,ALL14,train_only,SUPPORTED
35,session-1,dataset-primary4,1.0.0,hand_close,mendeley-S035-grip-R01,mendeley-S035-grip-R03,within_subject_same_session_same_class,0.9139971137046814,0.8704418101757528,0.27429595589637756,ALL14,train_only,SUPPORTED
35,session-1,dataset-primary4,1.0.0,hand_close,mendeley-S035-grip-R01,mendeley-S035-grip-R04,within_subject_same_session_same_class,0.851094126701355,0.7713821336327568,0.3647148609161377,ALL14,train_only,SUPPORTED
35,session-1,dataset-primary4,1.0.0,hand_close,mendeley-S035-grip-R01,mendeley-S035-grip-R05,within_subject_same_session_same_class,0.8924534916877747,0.837065557045891,0.3364713788032532,ALL14,train_only,SUPPORTED
35,session-1,dataset-primary4,1.0.0,hand_close,mendeley-S035-grip-R02,mendeley-S035-grip-R03,within_subject_same_session_same_class,0.7959665060043335,0.6533356243697038,0.3879639208316803,ALL14,train_only,SUPPORTED
35,session-1,dataset-primary4,1.0.0,hand_close,mendeley-S035-grip-R02,mendeley-S035-grip-R04,within_subject_same_session_same_class,0.7231093049049377,0.5075660176833144,0.4712291359901428,ALL14,train_only,SUPPORTED
35,session-1,dataset-primary4,1.0.0,hand_close,mendeley-S035-grip-R02,mendeley-S035-grip-R05,within_subject_same_session_same_class,0.7563338875770569,0.5805402812238586,0.48884865641593933,ALL14,train_only,SUPPORTED
35,session-1,dataset-primary4,1.0.0,hand_close,mendeley-S035-grip-R03,mendeley-S035-grip-R04,within_subject_same_session_same_class,0.8440189361572266,0.7432082278658789,0.3584986925125122,ALL14,train_only,SUPPORTED
35,session-1,dataset-primary4,1.0.0,hand_close,mendeley-S035-grip-R03,mendeley-S035-grip-R05,within_subject_same_session_same_class,0.8502428531646729,0.7581865776151451,0.3928152918815613,ALL14,train_only,SUPPORTED
35,session-1,dataset-primary4,1.0.0,hand_close,mendeley-S035-grip-R04,mendeley-S035-grip-R05,within_subject_same_session_same_class,0.8942047357559204,0.8245740323831967,0.33378374576568604,ALL14,train_only,SUPPORTED
35,session-1,dataset-primary4,1.0.0,rest,mendeley-S035-rest-R01,mendeley-S035-rest-R02,within_subject_same_session_same_class,0.700964093208313,0.6076537712698783,0.4362122118473053,ALL14,train_only,SUPPORTED
35,session-1,dataset-primary4,1.0.0,rest,mendeley-S035-rest-R01,mendeley-S035-rest-R03,within_subject_same_session_same_class,0.7433696389198303,0.6515501225538486,0.405345618724823,ALL14,train_only,SUPPORTED
35,session-1,dataset-primary4,1.0.0,rest,mendeley-S035-rest-R01,mendeley-S035-rest-R04,within_subject_same_session_same_class,0.32807067036628723,0.1438746734310556,0.6150174736976624,ALL14,train_only,SUPPORTED
35,session-1,dataset-primary4,1.0.0,rest,mendeley-S035-rest-R01,mendeley-S035-rest-R05,within_subject_same_session_same_class,0.8862237334251404,0.8511430438276243,0.30068498849868774,ALL14,train_only,SUPPORTED
35,session-1,dataset-primary4,1.0.0,rest,mendeley-S035-rest-R02,mendeley-S035-rest-R03,within_subject_same_session_same_class,0.8312720060348511,0.7648207251620682,0.31667864322662354,ALL14,train_only,SUPPORTED
35,session-1,dataset-primary4,1.0.0,rest,mendeley-S035-rest-R02,mendeley-S035-rest-R04,within_subject_same_session_same_class,0.6396207213401794,0.5324558740501283,0.4346497356891632,ALL14,train_only,SUPPORTED
35,session-1,dataset-primary4,1.0.0,rest,mendeley-S035-rest-R02,mendeley-S035-rest-R05,within_subject_same_session_same_class,0.703124463558197,0.5892646334553988,0.4695754647254944,ALL14,train_only,SUPPORTED
35,session-1,dataset-primary4,1.0.0,rest,mendeley-S035-rest-R03,mendeley-S035-rest-R04,within_subject_same_session_same_class,0.49103498458862305,0.2945103983097054,0.5164381861686707,ALL14,train_only,SUPPORTED
35,session-1,dataset-primary4,1.0.0,rest,mendeley-S035-rest-R03,mendeley-S035-rest-R05,within_subject_same_session_same_class,0.7833536267280579,0.6730584545276368,0.4051998257637024,ALL14,train_only,SUPPORTED
35,session-1,dataset-primary4,1.0.0,rest,mendeley-S035-rest-R04,mendeley-S035-rest-R05,within_subject_same_session_same_class,0.28267720341682434,0.04230651242879199,0.6843773722648621,ALL14,train_only,SUPPORTED
35,session-1,dataset-primary4,1.0.0,wrist_extension,mendeley-S035-wrist_extension-R01,mendeley-S035-wrist_extension-R02,within_subject_same_session_same_class,0.7402900457382202,0.7179308346105863,0.7650786638259888,ALL14,train_only,SUPPORTED
35,session-1,dataset-primary4,1.0.0,wrist_extension,mendeley-S035-wrist_extension-R01,mendeley-S035-wrist_extension-R03,within_subject_same_session_same_class,0.8473489284515381,0.8340457935915224,0.5682260990142822,ALL14,train_only,SUPPORTED
35,session-1,dataset-primary4,1.0.0,wrist_extension,mendeley-S035-wrist_extension-R01,mendeley-S035-wrist_extension-R04,within_subject_same_session_same_class,0.6334502696990967,0.5886985408855889,0.8421583771705627,ALL14,train_only,SUPPORTED
35,session-1,dataset-primary4,1.0.0,wrist_extension,mendeley-S035-wrist_extension-R01,mendeley-S035-wrist_extension-R05,within_subject_same_session_same_class,0.3417101204395294,0.26525568271381017,1.3103829622268677,ALL14,train_only,SUPPORTED
35,session-1,dataset-primary4,1.0.0,wrist_extension,mendeley-S035-wrist_extension-R02,mendeley-S035-wrist_extension-R03,within_subject_same_session_same_class,0.8081799149513245,0.8041492696860916,0.6242847442626953,ALL14,train_only,SUPPORTED
35,session-1,dataset-primary4,1.0.0,wrist_extension,mendeley-S035-wrist_extension-R02,mendeley-S035-wrist_extension-R04,within_subject_same_session_same_class,0.9430170655250549,0.9307280575491832,0.3818361461162567,ALL14,train_only,SUPPORTED
35,session-1,dataset-primary4,1.0.0,wrist_extension,mendeley-S035-wrist_extension-R02,mendeley-S035-wrist_extension-R05,within_subject_same_session_same_class,0.45123833417892456,0.33509379292100694,1.1962336301803589,ALL14,train_only,SUPPORTED
35,session-1,dataset-primary4,1.0.0,wrist_extension,mendeley-S035-wrist_extension-R03,mendeley-S035-wrist_extension-R04,within_subject_same_session_same_class,0.765845000743866,0.7454623153010923,0.5788102149963379,ALL14,train_only,SUPPORTED
35,session-1,dataset-primary4,1.0.0,wrist_extension,mendeley-S035-wrist_extension-R03,mendeley-S035-wrist_extension-R05,within_subject_same_session_same_class,0.39251574873924255,0.3260330335732698,1.1714075803756714,ALL14,train_only,SUPPORTED
35,session-1,dataset-primary4,1.0.0,wrist_extension,mendeley-S035-wrist_extension-R04,mendeley-S035-wrist_extension-R05,within_subject_same_session_same_class,0.3225586712360382,0.19765150279298618,1.2357404232025146,ALL14,train_only,SUPPORTED
35,session-1,dataset-primary4,1.0.0,wrist_flexion,mendeley-S035-wrist_flexion-R01,mendeley-S035-wrist_flexion-R02,within_subject_same_session_same_class,0.6971502900123596,0.47424858361003536,0.5359160304069519,ALL14,train_only,SUPPORTED
35,session-1,dataset-primary4,1.0.0,wrist_flexion,mendeley-S035-wrist_flexion-R01,mendeley-S035-wrist_flexion-R03,within_subject_same_session_same_class,0.8619670867919922,0.750528998560291,0.41017234325408936,ALL14,train_only,SUPPORTED
35,session-1,dataset-primary4,1.0.0,wrist_flexion,mendeley-S035-wrist_flexion-R01,mendeley-S035-wrist_flexion-R04,within_subject_same_session_same_class,0.7439610362052917,0.5654419291737027,0.496212363243103,ALL14,train_only,SUPPORTED
35,session-1,dataset-primary4,1.0.0,wrist_flexion,mendeley-S035-wrist_flexion-R01,mendeley-S035-wrist_flexion-R05,within_subject_same_session_same_class,0.6749404668807983,0.6511878680260246,0.7455088496208191,ALL14,train_only,SUPPORTED
35,session-1,dataset-primary4,1.0.0,wrist_flexion,mendeley-S035-wrist_flexion-R02,mendeley-S035-wrist_flexion-R03,within_subject_same_session_same_class,0.6991680264472961,0.4463641905257022,0.574883759021759,ALL14,train_only,SUPPORTED
35,session-1,dataset-primary4,1.0.0,wrist_flexion,mendeley-S035-wrist_flexion-R02,mendeley-S035-wrist_flexion-R04,within_subject_same_session_same_class,0.749433159828186,0.5722872576079167,0.41346365213394165,ALL14,train_only,SUPPORTED
35,session-1,dataset-primary4,1.0.0,wrist_flexion,mendeley-S035-wrist_flexion-R02,mendeley-S035-wrist_flexion-R05,within_subject_same_session_same_class,0.4639572203159332,0.3589977076987759,0.8998868465423584,ALL14,train_only,SUPPORTED
35,session-1,dataset-primary4,1.0.0,wrist_flexion,mendeley-S035-wrist_flexion-R03,mendeley-S035-wrist_flexion-R04,within_subject_same_session_same_class,0.8380067348480225,0.7136765786951642,0.4477868676185608,ALL14,train_only,SUPPORTED
35,session-1,dataset-primary4,1.0.0,wrist_flexion,mendeley-S035-wrist_flexion-R03,mendeley-S035-wrist_flexion-R05,within_subject_same_session_same_class,0.6919852495193481,0.6956986042543477,0.7346620559692383,ALL14,train_only,SUPPORTED
35,session-1,dataset-primary4,1.0.0,wrist_flexion,mendeley-S035-wrist_flexion-R04,mendeley-S035-wrist_flexion-R05,within_subject_same_session_same_class,0.4505172669887543,0.3414610089803235,0.908011257648468,ALL14,train_only,SUPPORTED
36,session-1,dataset-primary4,1.0.0,hand_close,mendeley-S036-grip-R01,mendeley-S036-grip-R02,within_subject_same_session_same_class,0.6809433698654175,0.6562262614338917,0.5095354318618774,ALL14,train_only,SUPPORTED
36,session-1,dataset-primary4,1.0.0,hand_close,mendeley-S036-grip-R01,mendeley-S036-grip-R03,within_subject_same_session_same_class,0.7294706106185913,0.7396184434648068,0.4996167719364166,ALL14,train_only,SUPPORTED
36,session-1,dataset-primary4,1.0.0,hand_close,mendeley-S036-grip-R01,mendeley-S036-grip-R04,within_subject_same_session_same_class,0.775262176990509,0.7706950758403465,0.4540359079837799,ALL14,train_only,SUPPORTED
36,session-1,dataset-primary4,1.0.0,hand_close,mendeley-S036-grip-R01,mendeley-S036-grip-R05,within_subject_same_session_same_class,0.7045031189918518,0.6732887677594475,0.5579123497009277,ALL14,train_only,SUPPORTED
36,session-1,dataset-primary4,1.0.0,hand_close,mendeley-S036-grip-R02,mendeley-S036-grip-R03,within_subject_same_session_same_class,0.4318932294845581,0.48162571244073704,0.6978934407234192,ALL14,train_only,SUPPORTED
36,session-1,dataset-primary4,1.0.0,hand_close,mendeley-S036-grip-R02,mendeley-S036-grip-R04,within_subject_same_session_same_class,0.5028839707374573,0.5159767761915433,0.651239275932312,ALL14,train_only,SUPPORTED
36,session-1,dataset-primary4,1.0.0,hand_close,mendeley-S036-grip-R02,mendeley-S036-grip-R05,within_subject_same_session_same_class,0.570581316947937,0.5141235085438227,0.6527792811393738,ALL14,train_only,SUPPORTED
36,session-1,dataset-primary4,1.0.0,hand_close,mendeley-S036-grip-R03,mendeley-S036-grip-R04,within_subject_same_session_same_class,0.9837988018989563,0.9865144423594373,0.12467841804027557,ALL14,train_only,SUPPORTED
36,session-1,dataset-primary4,1.0.0,hand_close,mendeley-S036-grip-R03,mendeley-S036-grip-R05,within_subject_same_session_same_class,0.8009369969367981,0.8130611416989507,0.46631601452827454,ALL14,train_only,SUPPORTED
36,session-1,dataset-primary4,1.0.0,hand_close,mendeley-S036-grip-R04,mendeley-S036-grip-R05,within_subject_same_session_same_class,0.8512866497039795,0.8507370498166976,0.40435048937797546,ALL14,train_only,SUPPORTED
36,session-1,dataset-primary4,1.0.0,rest,mendeley-S036-rest-R01,mendeley-S036-rest-R02,within_subject_same_session_same_class,0.8936011791229248,0.891055743654575,0.26204949617385864,ALL14,train_only,SUPPORTED
36,session-1,dataset-primary4,1.0.0,rest,mendeley-S036-rest-R01,mendeley-S036-rest-R03,within_subject_same_session_same_class,0.6592816710472107,0.6715867508204251,0.44224780797958374,ALL14,train_only,SUPPORTED
36,session-1,dataset-primary4,1.0.0,rest,mendeley-S036-rest-R01,mendeley-S036-rest-R04,within_subject_same_session_same_class,0.9383844137191772,0.9402723623965905,0.21024033427238464,ALL14,train_only,SUPPORTED
36,session-1,dataset-primary4,1.0.0,rest,mendeley-S036-rest-R01,mendeley-S036-rest-R05,within_subject_same_session_same_class,0.644780695438385,0.6400440676734941,0.46791139245033264,ALL14,train_only,SUPPORTED
36,session-1,dataset-primary4,1.0.0,rest,mendeley-S036-rest-R02,mendeley-S036-rest-R03,within_subject_same_session_same_class,0.7910167574882507,0.8166111050746122,0.323064923286438,ALL14,train_only,SUPPORTED
36,session-1,dataset-primary4,1.0.0,rest,mendeley-S036-rest-R02,mendeley-S036-rest-R04,within_subject_same_session_same_class,0.9366331100463867,0.9393410489675003,0.21668913960456848,ALL14,train_only,SUPPORTED
36,session-1,dataset-primary4,1.0.0,rest,mendeley-S036-rest-R02,mendeley-S036-rest-R05,within_subject_same_session_same_class,0.8424979448318481,0.8508355757485073,0.29314926266670227,ALL14,train_only,SUPPORTED
36,session-1,dataset-primary4,1.0.0,rest,mendeley-S036-rest-R03,mendeley-S036-rest-R04,within_subject_same_session_same_class,0.6275282502174377,0.6677631137850515,0.4761820435523987,ALL14,train_only,SUPPORTED
36,session-1,dataset-primary4,1.0.0,rest,mendeley-S036-rest-R03,mendeley-S036-rest-R05,within_subject_same_session_same_class,0.9132446646690369,0.9033430247880295,0.2133759707212448,ALL14,train_only,SUPPORTED
36,session-1,dataset-primary4,1.0.0,rest,mendeley-S036-rest-R04,mendeley-S036-rest-R05,within_subject_same_session_same_class,0.6811426281929016,0.7014048914328087,0.45638731122016907,ALL14,train_only,SUPPORTED
36,session-1,dataset-primary4,1.0.0,wrist_extension,mendeley-S036-wrist_extension-R01,mendeley-S036-wrist_extension-R02,within_subject_same_session_same_class,0.9744423627853394,0.9664284188895156,0.3821726441383362,ALL14,train_only,SUPPORTED
36,session-1,dataset-primary4,1.0.0,wrist_extension,mendeley-S036-wrist_extension-R01,mendeley-S036-wrist_extension-R03,within_subject_same_session_same_class,0.9812474846839905,0.9746212702514616,0.3141276240348816,ALL14,train_only,SUPPORTED
36,session-1,dataset-primary4,1.0.0,wrist_extension,mendeley-S036-wrist_extension-R01,mendeley-S036-wrist_extension-R04,within_subject_same_session_same_class,0.9622141718864441,0.9504908602921914,0.517420768737793,ALL14,train_only,SUPPORTED
36,session-1,dataset-primary4,1.0.0,wrist_extension,mendeley-S036-wrist_extension-R01,mendeley-S036-wrist_extension-R05,within_subject_same_session_same_class,0.971872866153717,0.9613140160833713,0.39054805040359497,ALL14,train_only,SUPPORTED
36,session-1,dataset-primary4,1.0.0,wrist_extension,mendeley-S036-wrist_extension-R02,mendeley-S036-wrist_extension-R03,within_subject_same_session_same_class,0.9842326045036316,0.9790693431949821,0.2501624524593353,ALL14,train_only,SUPPORTED
36,session-1,dataset-primary4,1.0.0,wrist_extension,mendeley-S036-wrist_extension-R02,mendeley-S036-wrist_extension-R04,within_subject_same_session_same_class,0.9831135869026184,0.9777291855111367,0.27709612250328064,ALL14,train_only,SUPPORTED
36,session-1,dataset-primary4,1.0.0,wrist_extension,mendeley-S036-wrist_extension-R02,mendeley-S036-wrist_extension-R05,within_subject_same_session_same_class,0.9706383347511292,0.9608871069991448,0.4765956401824951,ALL14,train_only,SUPPORTED
36,session-1,dataset-primary4,1.0.0,wrist_extension,mendeley-S036-wrist_extension-R03,mendeley-S036-wrist_extension-R04,within_subject_same_session_same_class,0.9839611649513245,0.9790239471940866,0.3215831518173218,ALL14,train_only,SUPPORTED
36,session-1,dataset-primary4,1.0.0,wrist_extension,mendeley-S036-wrist_extension-R03,mendeley-S036-wrist_extension-R05,within_subject_same_session_same_class,0.9836047887802124,0.977722550447045,0.3685436248779297,ALL14,train_only,SUPPORTED
36,session-1,dataset-primary4,1.0.0,wrist_extension,mendeley-S036-wrist_extension-R04,mendeley-S036-wrist_extension-R05,within_subject_same_session_same_class,0.9650876522064209,0.9539227490947769,0.5985358357429504,ALL14,train_only,SUPPORTED
36,session-1,dataset-primary4,1.0.0,wrist_flexion,mendeley-S036-wrist_flexion-R01,mendeley-S036-wrist_flexion-R02,within_subject_same_session_same_class,0.8693839907646179,0.8809597247024591,0.4020889401435852,ALL14,train_only,SUPPORTED
36,session-1,dataset-primary4,1.0.0,wrist_flexion,mendeley-S036-wrist_flexion-R01,mendeley-S036-wrist_flexion-R03,within_subject_same_session_same_class,0.755280613899231,0.7617110997026588,0.5210863351821899,ALL14,train_only,SUPPORTED
36,session-1,dataset-primary4,1.0.0,wrist_flexion,mendeley-S036-wrist_flexion-R01,mendeley-S036-wrist_flexion-R04,within_subject_same_session_same_class,0.9727263450622559,0.9726124090345983,0.18437445163726807,ALL14,train_only,SUPPORTED
36,session-1,dataset-primary4,1.0.0,wrist_flexion,mendeley-S036-wrist_flexion-R01,mendeley-S036-wrist_flexion-R05,within_subject_same_session_same_class,0.2960244119167328,0.3222832564020693,0.8258646130561829,ALL14,train_only,SUPPORTED
36,session-1,dataset-primary4,1.0.0,wrist_flexion,mendeley-S036-wrist_flexion-R02,mendeley-S036-wrist_flexion-R03,within_subject_same_session_same_class,0.9513139724731445,0.9516947615537189,0.18647755682468414,ALL14,train_only,SUPPORTED
36,session-1,dataset-primary4,1.0.0,wrist_flexion,mendeley-S036-wrist_flexion-R02,mendeley-S036-wrist_flexion-R04,within_subject_same_session_same_class,0.9212637543678284,0.9340010001105395,0.3222513496875763,ALL14,train_only,SUPPORTED
36,session-1,dataset-primary4,1.0.0,wrist_flexion,mendeley-S036-wrist_flexion-R02,mendeley-S036-wrist_flexion-R05,within_subject_same_session_same_class,0.6709684729576111,0.6716093230119721,0.4742225110530853,ALL14,train_only,SUPPORTED
36,session-1,dataset-primary4,1.0.0,wrist_flexion,mendeley-S036-wrist_flexion-R03,mendeley-S036-wrist_flexion-R04,within_subject_same_session_same_class,0.8377695679664612,0.8451090397672065,0.42971310019493103,ALL14,train_only,SUPPORTED
36,session-1,dataset-primary4,1.0.0,wrist_flexion,mendeley-S036-wrist_flexion-R03,mendeley-S036-wrist_flexion-R05,within_subject_same_session_same_class,0.7871536612510681,0.7988250605811642,0.3739190995693207,ALL14,train_only,SUPPORTED
36,session-1,dataset-primary4,1.0.0,wrist_flexion,mendeley-S036-wrist_flexion-R04,mendeley-S036-wrist_flexion-R05,within_subject_same_session_same_class,0.46389344334602356,0.4972183024065263,0.7170175909996033,ALL14,train_only,SUPPORTED
37,session-1,dataset-primary4,1.0.0,hand_close,mendeley-S037-grip-R01,mendeley-S037-grip-R02,within_subject_same_session_same_class,0.19296292960643768,0.23239427497744153,1.5311625003814697,ALL14,train_only,SUPPORTED
37,session-1,dataset-primary4,1.0.0,hand_close,mendeley-S037-grip-R01,mendeley-S037-grip-R03,within_subject_same_session_same_class,0.7976106405258179,0.797833185124822,0.926590621471405,ALL14,train_only,SUPPORTED
37,session-1,dataset-primary4,1.0.0,hand_close,mendeley-S037-grip-R01,mendeley-S037-grip-R04,within_subject_same_session_same_class,0.4814381003379822,0.4791899498466161,1.4972398281097412,ALL14,train_only,SUPPORTED
37,session-1,dataset-primary4,1.0.0,hand_close,mendeley-S037-grip-R01,mendeley-S037-grip-R05,within_subject_same_session_same_class,-0.09381218999624252,-0.08045287460537938,1.5867187976837158,ALL14,train_only,SUPPORTED
37,session-1,dataset-primary4,1.0.0,hand_close,mendeley-S037-grip-R02,mendeley-S037-grip-R03,within_subject_same_session_same_class,0.5489331483840942,0.6007639673252575,0.8422821164131165,ALL14,train_only,SUPPORTED
37,session-1,dataset-primary4,1.0.0,hand_close,mendeley-S037-grip-R02,mendeley-S037-grip-R04,within_subject_same_session_same_class,0.4018287658691406,0.5132143028186806,1.3289977312088013,ALL14,train_only,SUPPORTED
37,session-1,dataset-primary4,1.0.0,hand_close,mendeley-S037-grip-R02,mendeley-S037-grip-R05,within_subject_same_session_same_class,0.4891350567340851,0.43526375926874233,0.6333098411560059,ALL14,train_only,SUPPORTED
37,session-1,dataset-primary4,1.0.0,hand_close,mendeley-S037-grip-R03,mendeley-S037-grip-R04,within_subject_same_session_same_class,0.8053876757621765,0.8146948387432245,0.8736676573753357,ALL14,train_only,SUPPORTED
37,session-1,dataset-primary4,1.0.0,hand_close,mendeley-S037-grip-R03,mendeley-S037-grip-R05,within_subject_same_session_same_class,0.13203857839107513,0.1441006175333912,1.0131899118423462,ALL14,train_only,SUPPORTED
37,session-1,dataset-primary4,1.0.0,hand_close,mendeley-S037-grip-R04,mendeley-S037-grip-R05,within_subject_same_session_same_class,0.29306840896606445,0.36125717263330415,1.3795431852340698,ALL14,train_only,SUPPORTED
37,session-1,dataset-primary4,1.0.0,rest,mendeley-S037-rest-R01,mendeley-S037-rest-R02,within_subject_same_session_same_class,0.3032621443271637,0.40688897148662917,4.184211730957031,ALL14,train_only,SUPPORTED
37,session-1,dataset-primary4,1.0.0,rest,mendeley-S037-rest-R01,mendeley-S037-rest-R03,within_subject_same_session_same_class,0.5884543657302856,0.6812828319095163,3.8757004737854004,ALL14,train_only,SUPPORTED
37,session-1,dataset-primary4,1.0.0,rest,mendeley-S037-rest-R01,mendeley-S037-rest-R04,within_subject_same_session_same_class,0.2769072651863098,0.2842198721716623,4.205338954925537,ALL14,train_only,SUPPORTED
37,session-1,dataset-primary4,1.0.0,rest,mendeley-S037-rest-R01,mendeley-S037-rest-R05,within_subject_same_session_same_class,-0.23161737620830536,-0.20895465110799774,4.475003719329834,ALL14,train_only,SUPPORTED
37,session-1,dataset-primary4,1.0.0,rest,mendeley-S037-rest-R02,mendeley-S037-rest-R03,within_subject_same_session_same_class,0.7956214547157288,0.7822342219122348,0.5729888677597046,ALL14,train_only,SUPPORTED
37,session-1,dataset-primary4,1.0.0,rest,mendeley-S037-rest-R02,mendeley-S037-rest-R04,within_subject_same_session_same_class,0.5150452256202698,0.5424832163653137,0.7781849503517151,ALL14,train_only,SUPPORTED
37,session-1,dataset-primary4,1.0.0,rest,mendeley-S037-rest-R02,mendeley-S037-rest-R05,within_subject_same_session_same_class,0.1257324367761612,0.09132829363809844,0.8495560884475708,ALL14,train_only,SUPPORTED
37,session-1,dataset-primary4,1.0.0,rest,mendeley-S037-rest-R03,mendeley-S037-rest-R04,within_subject_same_session_same_class,0.636046826839447,0.6549513687225742,0.753221333026886,ALL14,train_only,SUPPORTED
37,session-1,dataset-primary4,1.0.0,rest,mendeley-S037-rest-R03,mendeley-S037-rest-R05,within_subject_same_session_same_class,-0.0053591919131577015,-0.03668331835601292,1.0400338172912598,ALL14,train_only,SUPPORTED
37,session-1,dataset-primary4,1.0.0,rest,mendeley-S037-rest-R04,mendeley-S037-rest-R05,within_subject_same_session_same_class,-0.00784316100180149,-0.0075215576061012064,0.905306339263916,ALL14,train_only,SUPPORTED
37,session-1,dataset-primary4,1.0.0,wrist_extension,mendeley-S037-wrist_extension-R01,mendeley-S037-wrist_extension-R02,within_subject_same_session_same_class,0.8914902806282043,0.8202648862331184,0.8565531373023987,ALL14,train_only,SUPPORTED
37,session-1,dataset-primary4,1.0.0,wrist_extension,mendeley-S037-wrist_extension-R01,mendeley-S037-wrist_extension-R03,within_subject_same_session_same_class,0.856170654296875,0.7666186395443105,1.1246020793914795,ALL14,train_only,SUPPORTED
37,session-1,dataset-primary4,1.0.0,wrist_extension,mendeley-S037-wrist_extension-R01,mendeley-S037-wrist_extension-R04,within_subject_same_session_same_class,0.9450734853744507,0.911905081467901,0.6349843144416809,ALL14,train_only,SUPPORTED
37,session-1,dataset-primary4,1.0.0,wrist_extension,mendeley-S037-wrist_extension-R01,mendeley-S037-wrist_extension-R05,within_subject_same_session_same_class,0.9331731200218201,0.8924249343182983,0.9719447493553162,ALL14,train_only,SUPPORTED
37,session-1,dataset-primary4,1.0.0,wrist_extension,mendeley-S037-wrist_extension-R02,mendeley-S037-wrist_extension-R03,within_subject_same_session_same_class,0.9444077014923096,0.9072698798926071,0.7361571788787842,ALL14,train_only,SUPPORTED
37,session-1,dataset-primary4,1.0.0,wrist_extension,mendeley-S037-wrist_extension-R02,mendeley-S037-wrist_extension-R04,within_subject_same_session_same_class,0.952865719795227,0.9236269070828556,0.5885545015335083,ALL14,train_only,SUPPORTED
37,session-1,dataset-primary4,1.0.0,wrist_extension,mendeley-S037-wrist_extension-R02,mendeley-S037-wrist_extension-R05,within_subject_same_session_same_class,0.871129035949707,0.7860436519366039,1.196916103363037,ALL14,train_only,SUPPORTED
37,session-1,dataset-primary4,1.0.0,wrist_extension,mendeley-S037-wrist_extension-R03,mendeley-S037-wrist_extension-R04,within_subject_same_session_same_class,0.9262566566467285,0.8808504485350176,0.8219634890556335,ALL14,train_only,SUPPORTED
37,session-1,dataset-primary4,1.0.0,wrist_extension,mendeley-S037-wrist_extension-R03,mendeley-S037-wrist_extension-R05,within_subject_same_session_same_class,0.8547543883323669,0.7642191945328712,1.2504040002822876,ALL14,train_only,SUPPORTED
37,session-1,dataset-primary4,1.0.0,wrist_extension,mendeley-S037-wrist_extension-R04,mendeley-S037-wrist_extension-R05,within_subject_same_session_same_class,0.9273045659065247,0.8833599664488032,0.941594123840332,ALL14,train_only,SUPPORTED
37,session-1,dataset-primary4,1.0.0,wrist_flexion,mendeley-S037-wrist_flexion-R01,mendeley-S037-wrist_flexion-R02,within_subject_same_session_same_class,0.674843966960907,0.695815651695896,0.777905285358429,ALL14,train_only,SUPPORTED
37,session-1,dataset-primary4,1.0.0,wrist_flexion,mendeley-S037-wrist_flexion-R01,mendeley-S037-wrist_flexion-R03,within_subject_same_session_same_class,0.35705187916755676,0.35849992567203093,1.0362886190414429,ALL14,train_only,SUPPORTED
37,session-1,dataset-primary4,1.0.0,wrist_flexion,mendeley-S037-wrist_flexion-R01,mendeley-S037-wrist_flexion-R04,within_subject_same_session_same_class,0.5550976395606995,0.5708391312084814,1.6142319440841675,ALL14,train_only,SUPPORTED
37,session-1,dataset-primary4,1.0.0,wrist_flexion,mendeley-S037-wrist_flexion-R01,mendeley-S037-wrist_flexion-R05,within_subject_same_session_same_class,0.0662030354142189,0.04464907989055378,1.1687754392623901,ALL14,train_only,SUPPORTED
37,session-1,dataset-primary4,1.0.0,wrist_flexion,mendeley-S037-wrist_flexion-R02,mendeley-S037-wrist_flexion-R03,within_subject_same_session_same_class,0.6760627627372742,0.6380055779779509,0.5447584986686707,ALL14,train_only,SUPPORTED
37,session-1,dataset-primary4,1.0.0,wrist_flexion,mendeley-S037-wrist_flexion-R02,mendeley-S037-wrist_flexion-R04,within_subject_same_session_same_class,0.5794032216072083,0.6726308873627027,1.6587541103363037,ALL14,train_only,SUPPORTED
37,session-1,dataset-primary4,1.0.0,wrist_flexion,mendeley-S037-wrist_flexion-R02,mendeley-S037-wrist_flexion-R05,within_subject_same_session_same_class,0.4639173150062561,0.36968396416424854,0.6297627091407776,ALL14,train_only,SUPPORTED
37,session-1,dataset-primary4,1.0.0,wrist_flexion,mendeley-S037-wrist_flexion-R03,mendeley-S037-wrist_flexion-R04,within_subject_same_session_same_class,0.12622471153736115,0.18611172998205675,1.9812003374099731,ALL14,train_only,SUPPORTED
37,session-1,dataset-primary4,1.0.0,wrist_flexion,mendeley-S037-wrist_flexion-R03,mendeley-S037-wrist_flexion-R05,within_subject_same_session_same_class,0.6427258253097534,0.5880319138864581,0.562842845916748,ALL14,train_only,SUPPORTED
37,session-1,dataset-primary4,1.0.0,wrist_flexion,mendeley-S037-wrist_flexion-R04,mendeley-S037-wrist_flexion-R05,within_subject_same_session_same_class,0.16195842623710632,0.2702594311299403,1.9346956014633179,ALL14,train_only,SUPPORTED
38,session-1,dataset-primary4,1.0.0,hand_close,mendeley-S038-grip-R01,mendeley-S038-grip-R02,within_subject_same_session_same_class,0.9193029403686523,0.9148773162850989,0.2412584275007248,ALL14,train_only,SUPPORTED
38,session-1,dataset-primary4,1.0.0,hand_close,mendeley-S038-grip-R01,mendeley-S038-grip-R03,within_subject_same_session_same_class,0.9183111190795898,0.921504449271251,0.24308961629867554,ALL14,train_only,SUPPORTED
38,session-1,dataset-primary4,1.0.0,hand_close,mendeley-S038-grip-R01,mendeley-S038-grip-R04,within_subject_same_session_same_class,0.854550838470459,0.8473473935042818,0.3218277394771576,ALL14,train_only,SUPPORTED
38,session-1,dataset-primary4,1.0.0,hand_close,mendeley-S038-grip-R01,mendeley-S038-grip-R05,within_subject_same_session_same_class,0.9387964606285095,0.9343459684257628,0.21397338807582855,ALL14,train_only,SUPPORTED
38,session-1,dataset-primary4,1.0.0,hand_close,mendeley-S038-grip-R02,mendeley-S038-grip-R03,within_subject_same_session_same_class,0.9691796898841858,0.9635551036435497,0.14924626052379608,ALL14,train_only,SUPPORTED
38,session-1,dataset-primary4,1.0.0,hand_close,mendeley-S038-grip-R02,mendeley-S038-grip-R04,within_subject_same_session_same_class,0.9572900533676147,0.9494329368120624,0.16821834444999695,ALL14,train_only,SUPPORTED
38,session-1,dataset-primary4,1.0.0,hand_close,mendeley-S038-grip-R02,mendeley-S038-grip-R05,within_subject_same_session_same_class,0.9578112363815308,0.9502382680716893,0.15503284335136414,ALL14,train_only,SUPPORTED
38,session-1,dataset-primary4,1.0.0,hand_close,mendeley-S038-grip-R03,mendeley-S038-grip-R04,within_subject_same_session_same_class,0.9371341466903687,0.9185537620041614,0.20719139277935028,ALL14,train_only,SUPPORTED
38,session-1,dataset-primary4,1.0.0,hand_close,mendeley-S038-grip-R03,mendeley-S038-grip-R05,within_subject_same_session_same_class,0.9574400186538696,0.952871418367386,0.1729695200920105,ALL14,train_only,SUPPORTED
38,session-1,dataset-primary4,1.0.0,hand_close,mendeley-S038-grip-R04,mendeley-S038-grip-R05,within_subject_same_session_same_class,0.9057736992835999,0.8901059241200142,0.2452256977558136,ALL14,train_only,SUPPORTED
38,session-1,dataset-primary4,1.0.0,rest,mendeley-S038-rest-R01,mendeley-S038-rest-R02,within_subject_same_session_same_class,0.9334877729415894,0.9236600635782861,0.15570050477981567,ALL14,train_only,SUPPORTED
38,session-1,dataset-primary4,1.0.0,rest,mendeley-S038-rest-R01,mendeley-S038-rest-R03,within_subject_same_session_same_class,0.9403926134109497,0.9329108721987481,0.1471080332994461,ALL14,train_only,SUPPORTED
38,session-1,dataset-primary4,1.0.0,rest,mendeley-S038-rest-R01,mendeley-S038-rest-R04,within_subject_same_session_same_class,0.9139801859855652,0.9038715584405,0.17432822287082672,ALL14,train_only,SUPPORTED
38,session-1,dataset-primary4,1.0.0,rest,mendeley-S038-rest-R01,mendeley-S038-rest-R05,within_subject_same_session_same_class,0.912257194519043,0.9042927770433173,0.17602656781673431,ALL14,train_only,SUPPORTED
38,session-1,dataset-primary4,1.0.0,rest,mendeley-S038-rest-R02,mendeley-S038-rest-R03,within_subject_same_session_same_class,0.9118137359619141,0.8973144347929,0.1776597648859024,ALL14,train_only,SUPPORTED
38,session-1,dataset-primary4,1.0.0,rest,mendeley-S038-rest-R02,mendeley-S038-rest-R04,within_subject_same_session_same_class,0.8889971971511841,0.871144454310805,0.19436484575271606,ALL14,train_only,SUPPORTED
38,session-1,dataset-primary4,1.0.0,rest,mendeley-S038-rest-R02,mendeley-S038-rest-R05,within_subject_same_session_same_class,0.8999055027961731,0.886046469166433,0.1858782172203064,ALL14,train_only,SUPPORTED
38,session-1,dataset-primary4,1.0.0,rest,mendeley-S038-rest-R03,mendeley-S038-rest-R04,within_subject_same_session_same_class,0.9419959783554077,0.9290469235856416,0.14216011762619019,ALL14,train_only,SUPPORTED
38,session-1,dataset-primary4,1.0.0,rest,mendeley-S038-rest-R03,mendeley-S038-rest-R05,within_subject_same_session_same_class,0.9324213862419128,0.9176357967452872,0.15260179340839386,ALL14,train_only,SUPPORTED
38,session-1,dataset-primary4,1.0.0,rest,mendeley-S038-rest-R04,mendeley-S038-rest-R05,within_subject_same_session_same_class,0.9434995055198669,0.9284368804621368,0.13279001414775848,ALL14,train_only,SUPPORTED
38,session-1,dataset-primary4,1.0.0,wrist_extension,mendeley-S038-wrist_extension-R01,mendeley-S038-wrist_extension-R02,within_subject_same_session_same_class,0.8746668100357056,0.8470680598553861,0.37317171692848206,ALL14,train_only,SUPPORTED
38,session-1,dataset-primary4,1.0.0,wrist_extension,mendeley-S038-wrist_extension-R01,mendeley-S038-wrist_extension-R03,within_subject_same_session_same_class,0.8902466297149658,0.8722421193629795,0.3513762354850769,ALL14,train_only,SUPPORTED
38,session-1,dataset-primary4,1.0.0,wrist_extension,mendeley-S038-wrist_extension-R01,mendeley-S038-wrist_extension-R04,within_subject_same_session_same_class,0.823893129825592,0.7962192078964779,0.439742773771286,ALL14,train_only,SUPPORTED
38,session-1,dataset-primary4,1.0.0,wrist_extension,mendeley-S038-wrist_extension-R01,mendeley-S038-wrist_extension-R05,within_subject_same_session_same_class,0.9024595618247986,0.881137089476242,0.33608198165893555,ALL14,train_only,SUPPORTED
38,session-1,dataset-primary4,1.0.0,wrist_extension,mendeley-S038-wrist_extension-R02,mendeley-S038-wrist_extension-R03,within_subject_same_session_same_class,0.9621127843856812,0.9569046539638224,0.18121616542339325,ALL14,train_only,SUPPORTED
38,session-1,dataset-primary4,1.0.0,wrist_extension,mendeley-S038-wrist_extension-R02,mendeley-S038-wrist_extension-R04,within_subject_same_session_same_class,0.9657999277114868,0.9628744324023064,0.18065974116325378,ALL14,train_only,SUPPORTED
38,session-1,dataset-primary4,1.0.0,wrist_extension,mendeley-S038-wrist_extension-R02,mendeley-S038-wrist_extension-R05,within_subject_same_session_same_class,0.9677202701568604,0.9609538287573995,0.2008921355009079,ALL14,train_only,SUPPORTED
38,session-1,dataset-primary4,1.0.0,wrist_extension,mendeley-S038-wrist_extension-R03,mendeley-S038-wrist_extension-R04,within_subject_same_session_same_class,0.9716589450836182,0.9676560187702845,0.1680772751569748,ALL14,train_only,SUPPORTED
38,session-1,dataset-primary4,1.0.0,wrist_extension,mendeley-S038-wrist_extension-R03,mendeley-S038-wrist_extension-R05,within_subject_same_session_same_class,0.9806358218193054,0.978750342383136,0.16600367426872253,ALL14,train_only,SUPPORTED
38,session-1,dataset-primary4,1.0.0,wrist_extension,mendeley-S038-wrist_extension-R04,mendeley-S038-wrist_extension-R05,within_subject_same_session_same_class,0.9573680758476257,0.9528965198755813,0.259039968252182,ALL14,train_only,SUPPORTED
38,session-1,dataset-primary4,1.0.0,wrist_flexion,mendeley-S038-wrist_flexion-R01,mendeley-S038-wrist_flexion-R02,within_subject_same_session_same_class,0.9129971265792847,0.8877232376270193,0.2662491500377655,ALL14,train_only,SUPPORTED
38,session-1,dataset-primary4,1.0.0,wrist_flexion,mendeley-S038-wrist_flexion-R01,mendeley-S038-wrist_flexion-R03,within_subject_same_session_same_class,0.9481461644172668,0.9358328594852768,0.21956442296504974,ALL14,train_only,SUPPORTED
38,session-1,dataset-primary4,1.0.0,wrist_flexion,mendeley-S038-wrist_flexion-R01,mendeley-S038-wrist_flexion-R04,within_subject_same_session_same_class,0.8902246356010437,0.8563143438782375,0.3516376316547394,ALL14,train_only,SUPPORTED
38,session-1,dataset-primary4,1.0.0,wrist_flexion,mendeley-S038-wrist_flexion-R01,mendeley-S038-wrist_flexion-R05,within_subject_same_session_same_class,0.7359660267829895,0.6818042146144574,0.4735032916069031,ALL14,train_only,SUPPORTED
38,session-1,dataset-primary4,1.0.0,wrist_flexion,mendeley-S038-wrist_flexion-R02,mendeley-S038-wrist_flexion-R03,within_subject_same_session_same_class,0.934166431427002,0.9162016644598424,0.24671733379364014,ALL14,train_only,SUPPORTED
38,session-1,dataset-primary4,1.0.0,wrist_flexion,mendeley-S038-wrist_flexion-R02,mendeley-S038-wrist_flexion-R04,within_subject_same_session_same_class,0.93506920337677,0.9169373773061079,0.2857610285282135,ALL14,train_only,SUPPORTED
38,session-1,dataset-primary4,1.0.0,wrist_flexion,mendeley-S038-wrist_flexion-R02,mendeley-S038-wrist_flexion-R05,within_subject_same_session_same_class,0.9076352119445801,0.892904575375941,0.2781260311603546,ALL14,train_only,SUPPORTED
38,session-1,dataset-primary4,1.0.0,wrist_flexion,mendeley-S038-wrist_flexion-R03,mendeley-S038-wrist_flexion-R04,within_subject_same_session_same_class,0.9273284077644348,0.8948860048721282,0.28797370195388794,ALL14,train_only,SUPPORTED
38,session-1,dataset-primary4,1.0.0,wrist_flexion,mendeley-S038-wrist_flexion-R03,mendeley-S038-wrist_flexion-R05,within_subject_same_session_same_class,0.7669488191604614,0.721962444937752,0.461192786693573,ALL14,train_only,SUPPORTED
38,session-1,dataset-primary4,1.0.0,wrist_flexion,mendeley-S038-wrist_flexion-R04,mendeley-S038-wrist_flexion-R05,within_subject_same_session_same_class,0.8178194761276245,0.7875613469392699,0.44263312220573425,ALL14,train_only,SUPPORTED
39,session-1,dataset-primary4,1.0.0,hand_close,mendeley-S039-grip-R01,mendeley-S039-grip-R02,within_subject_same_session_same_class,0.7004354596138,0.5075487846112222,0.5496410727500916,ALL14,train_only,SUPPORTED
39,session-1,dataset-primary4,1.0.0,hand_close,mendeley-S039-grip-R01,mendeley-S039-grip-R03,within_subject_same_session_same_class,0.8678240180015564,0.7780193741372547,0.44422799348831177,ALL14,train_only,SUPPORTED
39,session-1,dataset-primary4,1.0.0,hand_close,mendeley-S039-grip-R01,mendeley-S039-grip-R04,within_subject_same_session_same_class,0.8542436361312866,0.7417306173796602,0.39973974227905273,ALL14,train_only,SUPPORTED
39,session-1,dataset-primary4,1.0.0,hand_close,mendeley-S039-grip-R01,mendeley-S039-grip-R05,within_subject_same_session_same_class,0.6255278587341309,0.3850369395134356,0.6156037449836731,ALL14,train_only,SUPPORTED
39,session-1,dataset-primary4,1.0.0,hand_close,mendeley-S039-grip-R02,mendeley-S039-grip-R03,within_subject_same_session_same_class,0.6034165024757385,0.3570471026079001,0.7203227877616882,ALL14,train_only,SUPPORTED
39,session-1,dataset-primary4,1.0.0,hand_close,mendeley-S039-grip-R02,mendeley-S039-grip-R04,within_subject_same_session_same_class,0.737872302532196,0.555802220648234,0.503768265247345,ALL14,train_only,SUPPORTED
39,session-1,dataset-primary4,1.0.0,hand_close,mendeley-S039-grip-R02,mendeley-S039-grip-R05,within_subject_same_session_same_class,0.9107842445373535,0.8582607069001497,0.27641716599464417,ALL14,train_only,SUPPORTED
39,session-1,dataset-primary4,1.0.0,hand_close,mendeley-S039-grip-R03,mendeley-S039-grip-R04,within_subject_same_session_same_class,0.848950207233429,0.7387328812719346,0.47273898124694824,ALL14,train_only,SUPPORTED
39,session-1,dataset-primary4,1.0.0,hand_close,mendeley-S039-grip-R03,mendeley-S039-grip-R05,within_subject_same_session_same_class,0.6204013228416443,0.3855803088321176,0.7080431580543518,ALL14,train_only,SUPPORTED
39,session-1,dataset-primary4,1.0.0,hand_close,mendeley-S039-grip-R04,mendeley-S039-grip-R05,within_subject_same_session_same_class,0.8328545093536377,0.7202721292904858,0.4063454866409302,ALL14,train_only,SUPPORTED
39,session-1,dataset-primary4,1.0.0,rest,mendeley-S039-rest-R01,mendeley-S039-rest-R02,within_subject_same_session_same_class,0.7488723397254944,0.639351410212744,0.48473504185676575,ALL14,train_only,SUPPORTED
39,session-1,dataset-primary4,1.0.0,rest,mendeley-S039-rest-R01,mendeley-S039-rest-R03,within_subject_same_session_same_class,0.641937255859375,0.4678073467671782,0.6337083578109741,ALL14,train_only,SUPPORTED
39,session-1,dataset-primary4,1.0.0,rest,mendeley-S039-rest-R01,mendeley-S039-rest-R04,within_subject_same_session_same_class,0.7016096115112305,0.554749082117249,0.5547977089881897,ALL14,train_only,SUPPORTED
39,session-1,dataset-primary4,1.0.0,rest,mendeley-S039-rest-R01,mendeley-S039-rest-R05,within_subject_same_session_same_class,0.5077954530715942,0.28323415800260315,0.639559268951416,ALL14,train_only,SUPPORTED
39,session-1,dataset-primary4,1.0.0,rest,mendeley-S039-rest-R02,mendeley-S039-rest-R03,within_subject_same_session_same_class,0.870198130607605,0.794936429599894,0.4009690284729004,ALL14,train_only,SUPPORTED
39,session-1,dataset-primary4,1.0.0,rest,mendeley-S039-rest-R02,mendeley-S039-rest-R04,within_subject_same_session_same_class,0.9430478811264038,0.9136719422200937,0.2552253007888794,ALL14,train_only,SUPPORTED
39,session-1,dataset-primary4,1.0.0,rest,mendeley-S039-rest-R02,mendeley-S039-rest-R05,within_subject_same_session_same_class,0.6439144015312195,0.45059966770008075,0.5814862251281738,ALL14,train_only,SUPPORTED
39,session-1,dataset-primary4,1.0.0,rest,mendeley-S039-rest-R03,mendeley-S039-rest-R04,within_subject_same_session_same_class,0.9284296631813049,0.8766301517537841,0.30249080061912537,ALL14,train_only,SUPPORTED
39,session-1,dataset-primary4,1.0.0,rest,mendeley-S039-rest-R03,mendeley-S039-rest-R05,within_subject_same_session_same_class,0.719057023525238,0.5458103363316166,0.569747805595398,ALL14,train_only,SUPPORTED
39,session-1,dataset-primary4,1.0.0,rest,mendeley-S039-rest-R04,mendeley-S039-rest-R05,within_subject_same_session_same_class,0.7313387989997864,0.5576770971476416,0.5314888954162598,ALL14,train_only,SUPPORTED
39,session-1,dataset-primary4,1.0.0,wrist_extension,mendeley-S039-wrist_extension-R01,mendeley-S039-wrist_extension-R02,within_subject_same_session_same_class,0.8265354633331299,0.8274304702986959,0.4633552134037018,ALL14,train_only,SUPPORTED
39,session-1,dataset-primary4,1.0.0,wrist_extension,mendeley-S039-wrist_extension-R01,mendeley-S039-wrist_extension-R03,within_subject_same_session_same_class,0.6856978535652161,0.6684989224543769,0.5460273623466492,ALL14,train_only,SUPPORTED
39,session-1,dataset-primary4,1.0.0,wrist_extension,mendeley-S039-wrist_extension-R01,mendeley-S039-wrist_extension-R04,within_subject_same_session_same_class,0.8184507489204407,0.8192412315127625,0.45098018646240234,ALL14,train_only,SUPPORTED
39,session-1,dataset-primary4,1.0.0,wrist_extension,mendeley-S039-wrist_extension-R01,mendeley-S039-wrist_extension-R05,within_subject_same_session_same_class,0.7129411101341248,0.6966670530847515,0.47995197772979736,ALL14,train_only,SUPPORTED
39,session-1,dataset-primary4,1.0.0,wrist_extension,mendeley-S039-wrist_extension-R02,mendeley-S039-wrist_extension-R03,within_subject_same_session_same_class,0.8402565121650696,0.8330807809027759,0.44642162322998047,ALL14,train_only,SUPPORTED
39,session-1,dataset-primary4,1.0.0,wrist_extension,mendeley-S039-wrist_extension-R02,mendeley-S039-wrist_extension-R04,within_subject_same_session_same_class,0.9717606902122498,0.966448862179605,0.19479012489318848,ALL14,train_only,SUPPORTED
39,session-1,dataset-primary4,1.0.0,wrist_extension,mendeley-S039-wrist_extension-R02,mendeley-S039-wrist_extension-R05,within_subject_same_session_same_class,0.8279268741607666,0.8063888925382099,0.4710884392261505,ALL14,train_only,SUPPORTED
39,session-1,dataset-primary4,1.0.0,wrist_extension,mendeley-S039-wrist_extension-R03,mendeley-S039-wrist_extension-R04,within_subject_same_session_same_class,0.896030843257904,0.8966121050774861,0.3480367362499237,ALL14,train_only,SUPPORTED
39,session-1,dataset-primary4,1.0.0,wrist_extension,mendeley-S039-wrist_extension-R03,mendeley-S039-wrist_extension-R05,within_subject_same_session_same_class,0.8706899881362915,0.8615464264630437,0.349645733833313,ALL14,train_only,SUPPORTED
39,session-1,dataset-primary4,1.0.0,wrist_extension,mendeley-S039-wrist_extension-R04,mendeley-S039-wrist_extension-R05,within_subject_same_session_same_class,0.8834261894226074,0.8703822325803169,0.3822498321533203,ALL14,train_only,SUPPORTED
39,session-1,dataset-primary4,1.0.0,wrist_flexion,mendeley-S039-wrist_flexion-R01,mendeley-S039-wrist_flexion-R02,within_subject_same_session_same_class,0.22652524709701538,0.08017343310025307,0.8390300273895264,ALL14,train_only,SUPPORTED
39,session-1,dataset-primary4,1.0.0,wrist_flexion,mendeley-S039-wrist_flexion-R01,mendeley-S039-wrist_flexion-R03,within_subject_same_session_same_class,0.41469505429267883,0.3040280303485254,0.917266309261322,ALL14,train_only,SUPPORTED
39,session-1,dataset-primary4,1.0.0,wrist_flexion,mendeley-S039-wrist_flexion-R01,mendeley-S039-wrist_flexion-R04,within_subject_same_session_same_class,0.44139355421066284,0.3324609520385284,0.7324979901313782,ALL14,train_only,SUPPORTED
39,session-1,dataset-primary4,1.0.0,wrist_flexion,mendeley-S039-wrist_flexion-R01,mendeley-S039-wrist_flexion-R05,within_subject_same_session_same_class,0.5434108972549438,0.46146754518084887,0.647280752658844,ALL14,train_only,SUPPORTED
39,session-1,dataset-primary4,1.0.0,wrist_flexion,mendeley-S039-wrist_flexion-R02,mendeley-S039-wrist_flexion-R03,within_subject_same_session_same_class,0.364518404006958,0.14059362820649104,0.8897610306739807,ALL14,train_only,SUPPORTED
39,session-1,dataset-primary4,1.0.0,wrist_flexion,mendeley-S039-wrist_flexion-R02,mendeley-S039-wrist_flexion-R04,within_subject_same_session_same_class,0.6988077759742737,0.5858716145982373,0.46107161045074463,ALL14,train_only,SUPPORTED
39,session-1,dataset-primary4,1.0.0,wrist_flexion,mendeley-S039-wrist_flexion-R02,mendeley-S039-wrist_flexion-R05,within_subject_same_session_same_class,0.5217101573944092,0.32884684399936726,0.5455106496810913,ALL14,train_only,SUPPORTED
39,session-1,dataset-primary4,1.0.0,wrist_flexion,mendeley-S039-wrist_flexion-R03,mendeley-S039-wrist_flexion-R04,within_subject_same_session_same_class,0.5823606252670288,0.4105810827165068,0.7520355582237244,ALL14,train_only,SUPPORTED
39,session-1,dataset-primary4,1.0.0,wrist_flexion,mendeley-S039-wrist_flexion-R03,mendeley-S039-wrist_flexion-R05,within_subject_same_session_same_class,0.4078909754753113,0.1466952754490564,0.8563508987426758,ALL14,train_only,SUPPORTED
39,session-1,dataset-primary4,1.0.0,wrist_flexion,mendeley-S039-wrist_flexion-R04,mendeley-S039-wrist_flexion-R05,within_subject_same_session_same_class,0.7933207154273987,0.6944869613516712,0.3759234547615051,ALL14,train_only,SUPPORTED
4,session-1,dataset-primary4,1.0.0,hand_close,mendeley-S004-grip-R01,mendeley-S004-grip-R02,within_subject_same_session_same_class,0.8540191650390625,0.8859522882922156,0.28048011660575867,ALL14,train_only,SUPPORTED
4,session-1,dataset-primary4,1.0.0,hand_close,mendeley-S004-grip-R01,mendeley-S004-grip-R03,within_subject_same_session_same_class,0.9271618127822876,0.9310025829185273,0.20689891278743744,ALL14,train_only,SUPPORTED
4,session-1,dataset-primary4,1.0.0,hand_close,mendeley-S004-grip-R01,mendeley-S004-grip-R04,within_subject_same_session_same_class,0.7571187615394592,0.7821311686441506,0.3612232804298401,ALL14,train_only,SUPPORTED
4,session-1,dataset-primary4,1.0.0,hand_close,mendeley-S004-grip-R01,mendeley-S004-grip-R05,within_subject_same_session_same_class,0.8662803173065186,0.8900337479036791,0.2690722644329071,ALL14,train_only,SUPPORTED
4,session-1,dataset-primary4,1.0.0,hand_close,mendeley-S004-grip-R02,mendeley-S004-grip-R03,within_subject_same_session_same_class,0.8728511333465576,0.8792949057454748,0.2696515619754791,ALL14,train_only,SUPPORTED
4,session-1,dataset-primary4,1.0.0,hand_close,mendeley-S004-grip-R02,mendeley-S004-grip-R04,within_subject_same_session_same_class,0.9428115487098694,0.9423993725480663,0.17119605839252472,ALL14,train_only,SUPPORTED
4,session-1,dataset-primary4,1.0.0,hand_close,mendeley-S004-grip-R02,mendeley-S004-grip-R05,within_subject_same_session_same_class,0.9557822942733765,0.955795583673717,0.15105792880058289,ALL14,train_only,SUPPORTED
4,session-1,dataset-primary4,1.0.0,hand_close,mendeley-S004-grip-R03,mendeley-S004-grip-R04,within_subject_same_session_same_class,0.8633223176002502,0.8697092624149682,0.27927908301353455,ALL14,train_only,SUPPORTED
4,session-1,dataset-primary4,1.0.0,hand_close,mendeley-S004-grip-R03,mendeley-S004-grip-R05,within_subject_same_session_same_class,0.9389857053756714,0.9432653281364372,0.18928268551826477,ALL14,train_only,SUPPORTED
4,session-1,dataset-primary4,1.0.0,hand_close,mendeley-S004-grip-R04,mendeley-S004-grip-R05,within_subject_same_session_same_class,0.9598803520202637,0.9599880753018739,0.14384828507900238,ALL14,train_only,SUPPORTED
4,session-1,dataset-primary4,1.0.0,rest,mendeley-S004-rest-R01,mendeley-S004-rest-R02,within_subject_same_session_same_class,0.3813352882862091,0.32188893813240377,0.7005342245101929,ALL14,train_only,SUPPORTED
4,session-1,dataset-primary4,1.0.0,rest,mendeley-S004-rest-R01,mendeley-S004-rest-R03,within_subject_same_session_same_class,0.5679315328598022,0.4913062176698378,0.5219959616661072,ALL14,train_only,SUPPORTED
4,session-1,dataset-primary4,1.0.0,rest,mendeley-S004-rest-R01,mendeley-S004-rest-R04,within_subject_same_session_same_class,0.36789563298225403,0.278576878989966,0.6252499222755432,ALL14,train_only,SUPPORTED
4,session-1,dataset-primary4,1.0.0,rest,mendeley-S004-rest-R01,mendeley-S004-rest-R05,within_subject_same_session_same_class,0.3872358798980713,0.374089117695136,0.5834792852401733,ALL14,train_only,SUPPORTED
4,session-1,dataset-primary4,1.0.0,rest,mendeley-S004-rest-R02,mendeley-S004-rest-R03,within_subject_same_session_same_class,0.9246665239334106,0.9270326973726881,0.2775350511074066,ALL14,train_only,SUPPORTED
4,session-1,dataset-primary4,1.0.0,rest,mendeley-S004-rest-R02,mendeley-S004-rest-R04,within_subject_same_session_same_class,0.8666802048683167,0.8592589563660334,0.3559854030609131,ALL14,train_only,SUPPORTED
4,session-1,dataset-primary4,1.0.0,rest,mendeley-S004-rest-R02,mendeley-S004-rest-R05,within_subject_same_session_same_class,0.7587162256240845,0.7565042486234428,0.4638933539390564,ALL14,train_only,SUPPORTED
4,session-1,dataset-primary4,1.0.0,rest,mendeley-S004-rest-R03,mendeley-S004-rest-R04,within_subject_same_session_same_class,0.8563894629478455,0.8413010405677404,0.319894015789032,ALL14,train_only,SUPPORTED
4,session-1,dataset-primary4,1.0.0,rest,mendeley-S004-rest-R03,mendeley-S004-rest-R05,within_subject_same_session_same_class,0.7203022837638855,0.7302018502872627,0.4301169514656067,ALL14,train_only,SUPPORTED
4,session-1,dataset-primary4,1.0.0,rest,mendeley-S004-rest-R04,mendeley-S004-rest-R05,within_subject_same_session_same_class,0.8572381138801575,0.8664152360237876,0.30775532126426697,ALL14,train_only,SUPPORTED
4,session-1,dataset-primary4,1.0.0,wrist_extension,mendeley-S004-wrist_extension-R01,mendeley-S004-wrist_extension-R02,within_subject_same_session_same_class,0.9900068044662476,0.9874627835826987,0.21483144164085388,ALL14,train_only,SUPPORTED
4,session-1,dataset-primary4,1.0.0,wrist_extension,mendeley-S004-wrist_extension-R01,mendeley-S004-wrist_extension-R03,within_subject_same_session_same_class,0.9715999960899353,0.9675987911218237,0.5878438353538513,ALL14,train_only,SUPPORTED
4,session-1,dataset-primary4,1.0.0,wrist_extension,mendeley-S004-wrist_extension-R01,mendeley-S004-wrist_extension-R04,within_subject_same_session_same_class,0.9948956370353699,0.9936362643809753,0.16433922946453094,ALL14,train_only,SUPPORTED
4,session-1,dataset-primary4,1.0.0,wrist_extension,mendeley-S004-wrist_extension-R01,mendeley-S004-wrist_extension-R05,within_subject_same_session_same_class,0.9659719467163086,0.9594572470936256,0.7360121011734009,ALL14,train_only,SUPPORTED
4,session-1,dataset-primary4,1.0.0,wrist_extension,mendeley-S004-wrist_extension-R02,mendeley-S004-wrist_extension-R03,within_subject_same_session_same_class,0.9423428773880005,0.932142971820031,0.7369529604911804,ALL14,train_only,SUPPORTED
4,session-1,dataset-primary4,1.0.0,wrist_extension,mendeley-S004-wrist_extension-R02,mendeley-S004-wrist_extension-R04,within_subject_same_session_same_class,0.9834285974502563,0.9791000453947343,0.2916296124458313,ALL14,train_only,SUPPORTED
4,session-1,dataset-primary4,1.0.0,wrist_extension,mendeley-S004-wrist_extension-R02,mendeley-S004-wrist_extension-R05,within_subject_same_session_same_class,0.9321230053901672,0.9180012851135448,0.8892269730567932,ALL14,train_only,SUPPORTED
4,session-1,dataset-primary4,1.0.0,wrist_extension,mendeley-S004-wrist_extension-R03,mendeley-S004-wrist_extension-R04,within_subject_same_session_same_class,0.9741899371147156,0.971414979077519,0.5419517755508423,ALL14,train_only,SUPPORTED
4,session-1,dataset-primary4,1.0.0,wrist_extension,mendeley-S004-wrist_extension-R03,mendeley-S004-wrist_extension-R05,within_subject_same_session_same_class,0.9938966631889343,0.9928677648193633,0.2671944200992584,ALL14,train_only,SUPPORTED
4,session-1,dataset-primary4,1.0.0,wrist_extension,mendeley-S004-wrist_extension-R04,mendeley-S004-wrist_extension-R05,within_subject_same_session_same_class,0.972981333732605,0.9685110029485782,0.6676465272903442,ALL14,train_only,SUPPORTED
4,session-1,dataset-primary4,1.0.0,wrist_flexion,mendeley-S004-wrist_flexion-R01,mendeley-S004-wrist_flexion-R02,within_subject_same_session_same_class,0.7686787247657776,0.7826588164059664,0.4393637776374817,ALL14,train_only,SUPPORTED
4,session-1,dataset-primary4,1.0.0,wrist_flexion,mendeley-S004-wrist_flexion-R01,mendeley-S004-wrist_flexion-R03,within_subject_same_session_same_class,0.5673114061355591,0.5215287290228412,0.5164548754692078,ALL14,train_only,SUPPORTED
4,session-1,dataset-primary4,1.0.0,wrist_flexion,mendeley-S004-wrist_flexion-R01,mendeley-S004-wrist_flexion-R04,within_subject_same_session_same_class,0.9131953120231628,0.9192307065059152,0.21527709066867828,ALL14,train_only,SUPPORTED
4,session-1,dataset-primary4,1.0.0,wrist_flexion,mendeley-S004-wrist_flexion-R01,mendeley-S004-wrist_flexion-R05,within_subject_same_session_same_class,0.809282124042511,0.838980112136151,0.3343140482902527,ALL14,train_only,SUPPORTED
4,session-1,dataset-primary4,1.0.0,wrist_flexion,mendeley-S004-wrist_flexion-R02,mendeley-S004-wrist_flexion-R03,within_subject_same_session_same_class,0.7713950276374817,0.7891081800600183,0.44070711731910706,ALL14,train_only,SUPPORTED
4,session-1,dataset-primary4,1.0.0,wrist_flexion,mendeley-S004-wrist_flexion-R02,mendeley-S004-wrist_flexion-R04,within_subject_same_session_same_class,0.8853430151939392,0.8864446087575821,0.3236097991466522,ALL14,train_only,SUPPORTED
4,session-1,dataset-primary4,1.0.0,wrist_flexion,mendeley-S004-wrist_flexion-R02,mendeley-S004-wrist_flexion-R05,within_subject_same_session_same_class,0.9454032182693481,0.9464923020965089,0.23141571879386902,ALL14,train_only,SUPPORTED
4,session-1,dataset-primary4,1.0.0,wrist_flexion,mendeley-S004-wrist_flexion-R03,mendeley-S004-wrist_flexion-R04,within_subject_same_session_same_class,0.6034411191940308,0.5910864125392725,0.5142255425453186,ALL14,train_only,SUPPORTED
4,session-1,dataset-primary4,1.0.0,wrist_flexion,mendeley-S004-wrist_flexion-R03,mendeley-S004-wrist_flexion-R05,within_subject_same_session_same_class,0.6603977084159851,0.6867838292192813,0.4905340373516083,ALL14,train_only,SUPPORTED
4,session-1,dataset-primary4,1.0.0,wrist_flexion,mendeley-S004-wrist_flexion-R04,mendeley-S004-wrist_flexion-R05,within_subject_same_session_same_class,0.9539511203765869,0.9615102463204618,0.1717107743024826,ALL14,train_only,SUPPORTED
40,session-1,dataset-primary4,1.0.0,hand_close,mendeley-S040-grip-R01,mendeley-S040-grip-R02,within_subject_same_session_same_class,0.9577323198318481,0.9556805988699827,0.1892033815383911,ALL14,train_only,SUPPORTED
40,session-1,dataset-primary4,1.0.0,hand_close,mendeley-S040-grip-R01,mendeley-S040-grip-R03,within_subject_same_session_same_class,0.7780207395553589,0.7721283795670104,0.4210771918296814,ALL14,train_only,SUPPORTED
40,session-1,dataset-primary4,1.0.0,hand_close,mendeley-S040-grip-R01,mendeley-S040-grip-R04,within_subject_same_session_same_class,0.6505410075187683,0.6483708377270306,0.5124614834785461,ALL14,train_only,SUPPORTED
40,session-1,dataset-primary4,1.0.0,hand_close,mendeley-S040-grip-R01,mendeley-S040-grip-R05,within_subject_same_session_same_class,0.8492231965065002,0.8479219056129973,0.3454321324825287,ALL14,train_only,SUPPORTED
40,session-1,dataset-primary4,1.0.0,hand_close,mendeley-S040-grip-R02,mendeley-S040-grip-R03,within_subject_same_session_same_class,0.8357235789299011,0.831760797950979,0.37034863233566284,ALL14,train_only,SUPPORTED
40,session-1,dataset-primary4,1.0.0,hand_close,mendeley-S040-grip-R02,mendeley-S040-grip-R04,within_subject_same_session_same_class,0.6607964038848877,0.6649281959652601,0.5175858736038208,ALL14,train_only,SUPPORTED
40,session-1,dataset-primary4,1.0.0,hand_close,mendeley-S040-grip-R02,mendeley-S040-grip-R05,within_subject_same_session_same_class,0.8562430739402771,0.857423721114803,0.34542423486709595,ALL14,train_only,SUPPORTED
40,session-1,dataset-primary4,1.0.0,hand_close,mendeley-S040-grip-R03,mendeley-S040-grip-R04,within_subject_same_session_same_class,0.5043851137161255,0.5078803794738812,0.6092952489852905,ALL14,train_only,SUPPORTED
40,session-1,dataset-primary4,1.0.0,hand_close,mendeley-S040-grip-R03,mendeley-S040-grip-R05,within_subject_same_session_same_class,0.6777056455612183,0.6772695914608393,0.5046934485435486,ALL14,train_only,SUPPORTED
40,session-1,dataset-primary4,1.0.0,hand_close,mendeley-S040-grip-R04,mendeley-S040-grip-R05,within_subject_same_session_same_class,0.8788105249404907,0.8671093053628548,0.3012291193008423,ALL14,train_only,SUPPORTED
40,session-1,dataset-primary4,1.0.0,rest,mendeley-S040-rest-R01,mendeley-S040-rest-R02,within_subject_same_session_same_class,0.6861428618431091,0.6230251241191405,0.4571646749973297,ALL14,train_only,SUPPORTED
40,session-1,dataset-primary4,1.0.0,rest,mendeley-S040-rest-R01,mendeley-S040-rest-R03,within_subject_same_session_same_class,0.8674600124359131,0.8656360118645936,0.3031078577041626,ALL14,train_only,SUPPORTED
40,session-1,dataset-primary4,1.0.0,rest,mendeley-S040-rest-R01,mendeley-S040-rest-R04,within_subject_same_session_same_class,0.5345699191093445,0.5413051018150608,0.5866385698318481,ALL14,train_only,SUPPORTED
40,session-1,dataset-primary4,1.0.0,rest,mendeley-S040-rest-R01,mendeley-S040-rest-R05,within_subject_same_session_same_class,0.5200832486152649,0.449275066079858,0.5604122877120972,ALL14,train_only,SUPPORTED
40,session-1,dataset-primary4,1.0.0,rest,mendeley-S040-rest-R02,mendeley-S040-rest-R03,within_subject_same_session_same_class,0.6512394547462463,0.649299657064091,0.5089244246482849,ALL14,train_only,SUPPORTED
40,session-1,dataset-primary4,1.0.0,rest,mendeley-S040-rest-R02,mendeley-S040-rest-R04,within_subject_same_session_same_class,0.4308793842792511,0.4606513678002766,0.6799019575119019,ALL14,train_only,SUPPORTED
40,session-1,dataset-primary4,1.0.0,rest,mendeley-S040-rest-R02,mendeley-S040-rest-R05,within_subject_same_session_same_class,0.6526143550872803,0.5885712366370088,0.506676971912384,ALL14,train_only,SUPPORTED
40,session-1,dataset-primary4,1.0.0,rest,mendeley-S040-rest-R03,mendeley-S040-rest-R04,within_subject_same_session_same_class,0.7477636933326721,0.7498018357334263,0.45429348945617676,ALL14,train_only,SUPPORTED
40,session-1,dataset-primary4,1.0.0,rest,mendeley-S040-rest-R03,mendeley-S040-rest-R05,within_subject_same_session_same_class,0.6909273266792297,0.6701577801019843,0.4778324365615845,ALL14,train_only,SUPPORTED
40,session-1,dataset-primary4,1.0.0,rest,mendeley-S040-rest-R04,mendeley-S040-rest-R05,within_subject_same_session_same_class,0.8100589513778687,0.834210763332623,0.3945627808570862,ALL14,train_only,SUPPORTED
40,session-1,dataset-primary4,1.0.0,wrist_extension,mendeley-S040-wrist_extension-R01,mendeley-S040-wrist_extension-R02,within_subject_same_session_same_class,0.8524330854415894,0.8194884977262152,0.854464590549469,ALL14,train_only,SUPPORTED
40,session-1,dataset-primary4,1.0.0,wrist_extension,mendeley-S040-wrist_extension-R01,mendeley-S040-wrist_extension-R03,within_subject_same_session_same_class,0.9443081021308899,0.93088921235487,0.5232521891593933,ALL14,train_only,SUPPORTED
40,session-1,dataset-primary4,1.0.0,wrist_extension,mendeley-S040-wrist_extension-R01,mendeley-S040-wrist_extension-R04,within_subject_same_session_same_class,0.8373099565505981,0.7925367735893452,0.8375288248062134,ALL14,train_only,SUPPORTED
40,session-1,dataset-primary4,1.0.0,wrist_extension,mendeley-S040-wrist_extension-R01,mendeley-S040-wrist_extension-R05,within_subject_same_session_same_class,0.7162007689476013,0.6427882480504329,1.0588384866714478,ALL14,train_only,SUPPORTED
40,session-1,dataset-primary4,1.0.0,wrist_extension,mendeley-S040-wrist_extension-R02,mendeley-S040-wrist_extension-R03,within_subject_same_session_same_class,0.8502199053764343,0.8175584852257001,0.9171944856643677,ALL14,train_only,SUPPORTED
40,session-1,dataset-primary4,1.0.0,wrist_extension,mendeley-S040-wrist_extension-R02,mendeley-S040-wrist_extension-R04,within_subject_same_session_same_class,0.9655927419662476,0.9610912427433977,0.511699914932251,ALL14,train_only,SUPPORTED
40,session-1,dataset-primary4,1.0.0,wrist_extension,mendeley-S040-wrist_extension-R02,mendeley-S040-wrist_extension-R05,within_subject_same_session_same_class,0.9414467811584473,0.9291107773209851,0.3647070825099945,ALL14,train_only,SUPPORTED
40,session-1,dataset-primary4,1.0.0,wrist_extension,mendeley-S040-wrist_extension-R03,mendeley-S040-wrist_extension-R04,within_subject_same_session_same_class,0.8286381363868713,0.7840830512880868,0.8923970460891724,ALL14,train_only,SUPPORTED
40,session-1,dataset-primary4,1.0.0,wrist_extension,mendeley-S040-wrist_extension-R03,mendeley-S040-wrist_extension-R05,within_subject_same_session_same_class,0.7115851044654846,0.6400439444984252,1.1180367469787598,ALL14,train_only,SUPPORTED
40,session-1,dataset-primary4,1.0.0,wrist_extension,mendeley-S040-wrist_extension-R04,mendeley-S040-wrist_extension-R05,within_subject_same_session_same_class,0.9586553573608398,0.9475146272493227,0.46869298815727234,ALL14,train_only,SUPPORTED
40,session-1,dataset-primary4,1.0.0,wrist_flexion,mendeley-S040-wrist_flexion-R01,mendeley-S040-wrist_flexion-R02,within_subject_same_session_same_class,0.2534385323524475,0.3314739654587025,2.1466050148010254,ALL14,train_only,SUPPORTED
40,session-1,dataset-primary4,1.0.0,wrist_flexion,mendeley-S040-wrist_flexion-R01,mendeley-S040-wrist_flexion-R03,within_subject_same_session_same_class,0.9107972383499146,0.9019656849082979,0.3372017741203308,ALL14,train_only,SUPPORTED
40,session-1,dataset-primary4,1.0.0,wrist_flexion,mendeley-S040-wrist_flexion-R01,mendeley-S040-wrist_flexion-R04,within_subject_same_session_same_class,0.64066082239151,0.6814137963590631,0.9387323260307312,ALL14,train_only,SUPPORTED
40,session-1,dataset-primary4,1.0.0,wrist_flexion,mendeley-S040-wrist_flexion-R01,mendeley-S040-wrist_flexion-R05,within_subject_same_session_same_class,0.9310324788093567,0.9192713728762971,0.31109619140625,ALL14,train_only,SUPPORTED
40,session-1,dataset-primary4,1.0.0,wrist_flexion,mendeley-S040-wrist_flexion-R02,mendeley-S040-wrist_flexion-R03,within_subject_same_session_same_class,0.4674912989139557,0.5397144474239962,1.9633944034576416,ALL14,train_only,SUPPORTED
40,session-1,dataset-primary4,1.0.0,wrist_flexion,mendeley-S040-wrist_flexion-R02,mendeley-S040-wrist_flexion-R04,within_subject_same_session_same_class,0.8827435374259949,0.8946501179983285,1.2650917768478394,ALL14,train_only,SUPPORTED
40,session-1,dataset-primary4,1.0.0,wrist_flexion,mendeley-S040-wrist_flexion-R02,mendeley-S040-wrist_flexion-R05,within_subject_same_session_same_class,0.38168397545814514,0.48521347004042176,2.0393617153167725,ALL14,train_only,SUPPORTED
40,session-1,dataset-primary4,1.0.0,wrist_flexion,mendeley-S040-wrist_flexion-R03,mendeley-S040-wrist_flexion-R04,within_subject_same_session_same_class,0.7700392603874207,0.801174225250563,0.7916304469108582,ALL14,train_only,SUPPORTED
40,session-1,dataset-primary4,1.0.0,wrist_flexion,mendeley-S040-wrist_flexion-R03,mendeley-S040-wrist_flexion-R05,within_subject_same_session_same_class,0.9218350648880005,0.9174193173513949,0.3309885561466217,ALL14,train_only,SUPPORTED
40,session-1,dataset-primary4,1.0.0,wrist_flexion,mendeley-S040-wrist_flexion-R04,mendeley-S040-wrist_flexion-R05,within_subject_same_session_same_class,0.7294656038284302,0.7900816900466818,0.8371903896331787,ALL14,train_only,SUPPORTED
5,session-1,dataset-primary4,1.0.0,hand_close,mendeley-S005-grip-R01,mendeley-S005-grip-R02,within_subject_same_session_same_class,0.8569035530090332,0.8667813997419381,0.37842458486557007,ALL14,train_only,SUPPORTED
5,session-1,dataset-primary4,1.0.0,hand_close,mendeley-S005-grip-R01,mendeley-S005-grip-R03,within_subject_same_session_same_class,0.659289538860321,0.7326519753685612,0.698887050151825,ALL14,train_only,SUPPORTED
5,session-1,dataset-primary4,1.0.0,hand_close,mendeley-S005-grip-R01,mendeley-S005-grip-R04,within_subject_same_session_same_class,0.8004884719848633,0.7811278645659222,0.4457383453845978,ALL14,train_only,SUPPORTED
5,session-1,dataset-primary4,1.0.0,hand_close,mendeley-S005-grip-R01,mendeley-S005-grip-R05,within_subject_same_session_same_class,0.8362104296684265,0.8212789141919213,0.4023250341415405,ALL14,train_only,SUPPORTED
5,session-1,dataset-primary4,1.0.0,hand_close,mendeley-S005-grip-R02,mendeley-S005-grip-R03,within_subject_same_session_same_class,0.8193569779396057,0.8451981947548846,0.5334031581878662,ALL14,train_only,SUPPORTED
5,session-1,dataset-primary4,1.0.0,hand_close,mendeley-S005-grip-R02,mendeley-S005-grip-R04,within_subject_same_session_same_class,0.8672637939453125,0.8775541253362672,0.33675557374954224,ALL14,train_only,SUPPORTED
5,session-1,dataset-primary4,1.0.0,hand_close,mendeley-S005-grip-R02,mendeley-S005-grip-R05,within_subject_same_session_same_class,0.8837884068489075,0.8926953532334455,0.30624687671661377,ALL14,train_only,SUPPORTED
5,session-1,dataset-primary4,1.0.0,hand_close,mendeley-S005-grip-R03,mendeley-S005-grip-R04,within_subject_same_session_same_class,0.5623173713684082,0.6300287314523026,0.7691774368286133,ALL14,train_only,SUPPORTED
5,session-1,dataset-primary4,1.0.0,hand_close,mendeley-S005-grip-R03,mendeley-S005-grip-R05,within_subject_same_session_same_class,0.5820956230163574,0.6461181207594449,0.7478393316268921,ALL14,train_only,SUPPORTED
5,session-1,dataset-primary4,1.0.0,hand_close,mendeley-S005-grip-R04,mendeley-S005-grip-R05,within_subject_same_session_same_class,0.9250860214233398,0.9183423345263387,0.2512289583683014,ALL14,train_only,SUPPORTED
5,session-1,dataset-primary4,1.0.0,rest,mendeley-S005-rest-R01,mendeley-S005-rest-R02,within_subject_same_session_same_class,0.2097690999507904,0.20228576006550467,0.8024869561195374,ALL14,train_only,SUPPORTED
5,session-1,dataset-primary4,1.0.0,rest,mendeley-S005-rest-R01,mendeley-S005-rest-R03,within_subject_same_session_same_class,0.680587887763977,0.5850110420013698,0.5180137157440186,ALL14,train_only,SUPPORTED
5,session-1,dataset-primary4,1.0.0,rest,mendeley-S005-rest-R01,mendeley-S005-rest-R04,within_subject_same_session_same_class,0.4541998505592346,0.3790008514901701,0.6675268411636353,ALL14,train_only,SUPPORTED
5,session-1,dataset-primary4,1.0.0,rest,mendeley-S005-rest-R01,mendeley-S005-rest-R05,within_subject_same_session_same_class,0.15964889526367188,0.11334300581923848,0.9078031182289124,ALL14,train_only,SUPPORTED
5,session-1,dataset-primary4,1.0.0,rest,mendeley-S005-rest-R02,mendeley-S005-rest-R03,within_subject_same_session_same_class,0.41813793778419495,0.4358334011867608,0.6522433161735535,ALL14,train_only,SUPPORTED
5,session-1,dataset-primary4,1.0.0,rest,mendeley-S005-rest-R02,mendeley-S005-rest-R04,within_subject_same_session_same_class,0.5827113389968872,0.5876741214776693,0.544521152973175,ALL14,train_only,SUPPORTED
5,session-1,dataset-primary4,1.0.0,rest,mendeley-S005-rest-R02,mendeley-S005-rest-R05,within_subject_same_session_same_class,0.6256847381591797,0.6233121016188505,0.5825219750404358,ALL14,train_only,SUPPORTED
5,session-1,dataset-primary4,1.0.0,rest,mendeley-S005-rest-R03,mendeley-S005-rest-R04,within_subject_same_session_same_class,0.928634762763977,0.9393136059233068,0.22861991822719574,ALL14,train_only,SUPPORTED
5,session-1,dataset-primary4,1.0.0,rest,mendeley-S005-rest-R03,mendeley-S005-rest-R05,within_subject_same_session_same_class,0.6189939975738525,0.6380440713634985,0.5914454460144043,ALL14,train_only,SUPPORTED
5,session-1,dataset-primary4,1.0.0,rest,mendeley-S005-rest-R04,mendeley-S005-rest-R05,within_subject_same_session_same_class,0.7730017304420471,0.7747124686754523,0.46036043763160706,ALL14,train_only,SUPPORTED
5,session-1,dataset-primary4,1.0.0,wrist_extension,mendeley-S005-wrist_extension-R01,mendeley-S005-wrist_extension-R02,within_subject_same_session_same_class,0.9577696919441223,0.9425679406995405,0.4332564175128937,ALL14,train_only,SUPPORTED
5,session-1,dataset-primary4,1.0.0,wrist_extension,mendeley-S005-wrist_extension-R01,mendeley-S005-wrist_extension-R03,within_subject_same_session_same_class,0.9297776818275452,0.9088614877869271,0.5061078667640686,ALL14,train_only,SUPPORTED
5,session-1,dataset-primary4,1.0.0,wrist_extension,mendeley-S005-wrist_extension-R01,mendeley-S005-wrist_extension-R04,within_subject_same_session_same_class,0.9589947462081909,0.9449488772137604,0.41258737444877625,ALL14,train_only,SUPPORTED
5,session-1,dataset-primary4,1.0.0,wrist_extension,mendeley-S005-wrist_extension-R01,mendeley-S005-wrist_extension-R05,within_subject_same_session_same_class,0.9469046592712402,0.9309439500257278,0.4570431709289551,ALL14,train_only,SUPPORTED
5,session-1,dataset-primary4,1.0.0,wrist_extension,mendeley-S005-wrist_extension-R02,mendeley-S005-wrist_extension-R03,within_subject_same_session_same_class,0.9462279081344604,0.9306365567027459,0.4951941668987274,ALL14,train_only,SUPPORTED
5,session-1,dataset-primary4,1.0.0,wrist_extension,mendeley-S005-wrist_extension-R02,mendeley-S005-wrist_extension-R04,within_subject_same_session_same_class,0.9887204170227051,0.9849939476584121,0.22483010590076447,ALL14,train_only,SUPPORTED
5,session-1,dataset-primary4,1.0.0,wrist_extension,mendeley-S005-wrist_extension-R02,mendeley-S005-wrist_extension-R05,within_subject_same_session_same_class,0.9638127684593201,0.953401397001224,0.3986546993255615,ALL14,train_only,SUPPORTED
5,session-1,dataset-primary4,1.0.0,wrist_extension,mendeley-S005-wrist_extension-R03,mendeley-S005-wrist_extension-R04,within_subject_same_session_same_class,0.9605824947357178,0.9491665399224616,0.41448885202407837,ALL14,train_only,SUPPORTED
5,session-1,dataset-primary4,1.0.0,wrist_extension,mendeley-S005-wrist_extension-R03,mendeley-S005-wrist_extension-R05,within_subject_same_session_same_class,0.9305209517478943,0.9105149621948966,0.5197713375091553,ALL14,train_only,SUPPORTED
5,session-1,dataset-primary4,1.0.0,wrist_extension,mendeley-S005-wrist_extension-R04,mendeley-S005-wrist_extension-R05,within_subject_same_session_same_class,0.9657360911369324,0.9555561953591659,0.37757259607315063,ALL14,train_only,SUPPORTED
5,session-1,dataset-primary4,1.0.0,wrist_flexion,mendeley-S005-wrist_flexion-R01,mendeley-S005-wrist_flexion-R02,within_subject_same_session_same_class,0.8195114135742188,0.8128578723444461,0.43901029229164124,ALL14,train_only,SUPPORTED
5,session-1,dataset-primary4,1.0.0,wrist_flexion,mendeley-S005-wrist_flexion-R01,mendeley-S005-wrist_flexion-R03,within_subject_same_session_same_class,0.9244049787521362,0.9221206872328651,0.2870503067970276,ALL14,train_only,SUPPORTED
5,session-1,dataset-primary4,1.0.0,wrist_flexion,mendeley-S005-wrist_flexion-R01,mendeley-S005-wrist_flexion-R04,within_subject_same_session_same_class,0.6731207370758057,0.6731988662854796,0.6301702857017517,ALL14,train_only,SUPPORTED
5,session-1,dataset-primary4,1.0.0,wrist_flexion,mendeley-S005-wrist_flexion-R01,mendeley-S005-wrist_flexion-R05,within_subject_same_session_same_class,0.7083559036254883,0.7054296766746562,0.5976930260658264,ALL14,train_only,SUPPORTED
5,session-1,dataset-primary4,1.0.0,wrist_flexion,mendeley-S005-wrist_flexion-R02,mendeley-S005-wrist_flexion-R03,within_subject_same_session_same_class,0.8964773416519165,0.8925452156140131,0.32213905453681946,ALL14,train_only,SUPPORTED
5,session-1,dataset-primary4,1.0.0,wrist_flexion,mendeley-S005-wrist_flexion-R02,mendeley-S005-wrist_flexion-R04,within_subject_same_session_same_class,0.8622892498970032,0.866694590776692,0.40690457820892334,ALL14,train_only,SUPPORTED
5,session-1,dataset-primary4,1.0.0,wrist_flexion,mendeley-S005-wrist_flexion-R02,mendeley-S005-wrist_flexion-R05,within_subject_same_session_same_class,0.8451043367385864,0.84562454343344,0.4324342906475067,ALL14,train_only,SUPPORTED
5,session-1,dataset-primary4,1.0.0,wrist_flexion,mendeley-S005-wrist_flexion-R03,mendeley-S005-wrist_flexion-R04,within_subject_same_session_same_class,0.7871010303497314,0.7943546832558717,0.5020186305046082,ALL14,train_only,SUPPORTED
5,session-1,dataset-primary4,1.0.0,wrist_flexion,mendeley-S005-wrist_flexion-R03,mendeley-S005-wrist_flexion-R05,within_subject_same_session_same_class,0.8260494470596313,0.8296152585759232,0.4577035903930664,ALL14,train_only,SUPPORTED
5,session-1,dataset-primary4,1.0.0,wrist_flexion,mendeley-S005-wrist_flexion-R04,mendeley-S005-wrist_flexion-R05,within_subject_same_session_same_class,0.8678995966911316,0.867299138206683,0.41415196657180786,ALL14,train_only,SUPPORTED
6,session-1,dataset-primary4,1.0.0,hand_close,mendeley-S006-grip-R01,mendeley-S006-grip-R02,within_subject_same_session_same_class,0.9551324844360352,0.9568951022366777,0.21979723870754242,ALL14,train_only,SUPPORTED
6,session-1,dataset-primary4,1.0.0,hand_close,mendeley-S006-grip-R01,mendeley-S006-grip-R03,within_subject_same_session_same_class,0.9675390720367432,0.969799467542279,0.18112803995609283,ALL14,train_only,SUPPORTED
6,session-1,dataset-primary4,1.0.0,hand_close,mendeley-S006-grip-R01,mendeley-S006-grip-R04,within_subject_same_session_same_class,0.9616047739982605,0.9641839171684157,0.20369383692741394,ALL14,train_only,SUPPORTED
6,session-1,dataset-primary4,1.0.0,hand_close,mendeley-S006-grip-R01,mendeley-S006-grip-R05,within_subject_same_session_same_class,0.9566794633865356,0.9565610232552922,0.25047963857650757,ALL14,train_only,SUPPORTED
6,session-1,dataset-primary4,1.0.0,hand_close,mendeley-S006-grip-R02,mendeley-S006-grip-R03,within_subject_same_session_same_class,0.9926893711090088,0.9924550148352764,0.08626127243041992,ALL14,train_only,SUPPORTED
6,session-1,dataset-primary4,1.0.0,hand_close,mendeley-S006-grip-R02,mendeley-S006-grip-R04,within_subject_same_session_same_class,0.9680245518684387,0.9670413965023125,0.17615431547164917,ALL14,train_only,SUPPORTED
6,session-1,dataset-primary4,1.0.0,hand_close,mendeley-S006-grip-R02,mendeley-S006-grip-R05,within_subject_same_session_same_class,0.9814760684967041,0.9810516149763248,0.14814533293247223,ALL14,train_only,SUPPORTED
6,session-1,dataset-primary4,1.0.0,hand_close,mendeley-S006-grip-R03,mendeley-S006-grip-R04,within_subject_same_session_same_class,0.9802951812744141,0.979696909746706,0.13700436055660248,ALL14,train_only,SUPPORTED
6,session-1,dataset-primary4,1.0.0,hand_close,mendeley-S006-grip-R03,mendeley-S006-grip-R05,within_subject_same_session_same_class,0.9837698340415955,0.9833887996680332,0.14776168763637543,ALL14,train_only,SUPPORTED
6,session-1,dataset-primary4,1.0.0,hand_close,mendeley-S006-grip-R04,mendeley-S006-grip-R05,within_subject_same_session_same_class,0.9862915277481079,0.9861696913319934,0.13189932703971863,ALL14,train_only,SUPPORTED
6,session-1,dataset-primary4,1.0.0,rest,mendeley-S006-rest-R01,mendeley-S006-rest-R02,within_subject_same_session_same_class,0.9711710214614868,0.9712677169507157,0.13740822672843933,ALL14,train_only,SUPPORTED
6,session-1,dataset-primary4,1.0.0,rest,mendeley-S006-rest-R01,mendeley-S006-rest-R03,within_subject_same_session_same_class,0.8771342039108276,0.8896759091037707,0.308127224445343,ALL14,train_only,SUPPORTED
6,session-1,dataset-primary4,1.0.0,rest,mendeley-S006-rest-R01,mendeley-S006-rest-R04,within_subject_same_session_same_class,0.9616336226463318,0.9675930393413988,0.15586788952350616,ALL14,train_only,SUPPORTED
6,session-1,dataset-primary4,1.0.0,rest,mendeley-S006-rest-R01,mendeley-S006-rest-R05,within_subject_same_session_same_class,0.8891847133636475,0.9116237462318059,0.2574161887168884,ALL14,train_only,SUPPORTED
6,session-1,dataset-primary4,1.0.0,rest,mendeley-S006-rest-R02,mendeley-S006-rest-R03,within_subject_same_session_same_class,0.9125462174415588,0.9208167408107445,0.26236745715141296,ALL14,train_only,SUPPORTED
6,session-1,dataset-primary4,1.0.0,rest,mendeley-S006-rest-R02,mendeley-S006-rest-R04,within_subject_same_session_same_class,0.9665194749832153,0.9691920630122988,0.14809143543243408,ALL14,train_only,SUPPORTED
6,session-1,dataset-primary4,1.0.0,rest,mendeley-S006-rest-R02,mendeley-S006-rest-R05,within_subject_same_session_same_class,0.925494372844696,0.9427026530316204,0.21815550327301025,ALL14,train_only,SUPPORTED
6,session-1,dataset-primary4,1.0.0,rest,mendeley-S006-rest-R03,mendeley-S006-rest-R04,within_subject_same_session_same_class,0.9583281874656677,0.9581225065747324,0.18891437351703644,ALL14,train_only,SUPPORTED
6,session-1,dataset-primary4,1.0.0,rest,mendeley-S006-rest-R03,mendeley-S006-rest-R05,within_subject_same_session_same_class,0.945171594619751,0.9405989331820971,0.21850788593292236,ALL14,train_only,SUPPORTED
6,session-1,dataset-primary4,1.0.0,rest,mendeley-S006-rest-R04,mendeley-S006-rest-R05,within_subject_same_session_same_class,0.9415287971496582,0.9441814700000458,0.191571444272995,ALL14,train_only,SUPPORTED
6,session-1,dataset-primary4,1.0.0,wrist_extension,mendeley-S006-wrist_extension-R01,mendeley-S006-wrist_extension-R02,within_subject_same_session_same_class,0.9330567121505737,0.9111227118248656,0.9120649695396423,ALL14,train_only,SUPPORTED
6,session-1,dataset-primary4,1.0.0,wrist_extension,mendeley-S006-wrist_extension-R01,mendeley-S006-wrist_extension-R03,within_subject_same_session_same_class,0.9194533824920654,0.8944729034091957,1.0641672611236572,ALL14,train_only,SUPPORTED
6,session-1,dataset-primary4,1.0.0,wrist_extension,mendeley-S006-wrist_extension-R01,mendeley-S006-wrist_extension-R04,within_subject_same_session_same_class,0.9836098551750183,0.97864041098971,0.5093193650245667,ALL14,train_only,SUPPORTED
6,session-1,dataset-primary4,1.0.0,wrist_extension,mendeley-S006-wrist_extension-R01,mendeley-S006-wrist_extension-R05,within_subject_same_session_same_class,0.9820369482040405,0.9764970126690032,0.6313578486442566,ALL14,train_only,SUPPORTED
6,session-1,dataset-primary4,1.0.0,wrist_extension,mendeley-S006-wrist_extension-R02,mendeley-S006-wrist_extension-R03,within_subject_same_session_same_class,0.907505214214325,0.8775655663249535,0.7198370099067688,ALL14,train_only,SUPPORTED
6,session-1,dataset-primary4,1.0.0,wrist_extension,mendeley-S006-wrist_extension-R02,mendeley-S006-wrist_extension-R04,within_subject_same_session_same_class,0.9695071578025818,0.9586143319496327,0.49880450963974,ALL14,train_only,SUPPORTED
6,session-1,dataset-primary4,1.0.0,wrist_extension,mendeley-S006-wrist_extension-R02,mendeley-S006-wrist_extension-R05,within_subject_same_session_same_class,0.9500948786735535,0.9323429069909078,0.5514490604400635,ALL14,train_only,SUPPORTED
6,session-1,dataset-primary4,1.0.0,wrist_extension,mendeley-S006-wrist_extension-R03,mendeley-S006-wrist_extension-R04,within_subject_same_session_same_class,0.9264400005340576,0.9027625903287856,0.7782593369483948,ALL14,train_only,SUPPORTED
6,session-1,dataset-primary4,1.0.0,wrist_extension,mendeley-S006-wrist_extension-R03,mendeley-S006-wrist_extension-R05,within_subject_same_session_same_class,0.9605017304420471,0.948110089468259,0.5258506536483765,ALL14,train_only,SUPPORTED
6,session-1,dataset-primary4,1.0.0,wrist_extension,mendeley-S006-wrist_extension-R04,mendeley-S006-wrist_extension-R05,within_subject_same_session_same_class,0.9785661697387695,0.9709292704801432,0.4157354235649109,ALL14,train_only,SUPPORTED
6,session-1,dataset-primary4,1.0.0,wrist_flexion,mendeley-S006-wrist_flexion-R01,mendeley-S006-wrist_flexion-R02,within_subject_same_session_same_class,0.5586931705474854,0.48070428029401546,0.5800390839576721,ALL14,train_only,SUPPORTED
6,session-1,dataset-primary4,1.0.0,wrist_flexion,mendeley-S006-wrist_flexion-R01,mendeley-S006-wrist_flexion-R03,within_subject_same_session_same_class,0.5979111790657043,0.5478928334838384,0.5434539318084717,ALL14,train_only,SUPPORTED
6,session-1,dataset-primary4,1.0.0,wrist_flexion,mendeley-S006-wrist_flexion-R01,mendeley-S006-wrist_flexion-R04,within_subject_same_session_same_class,0.832051694393158,0.8122842975312193,0.31168001890182495,ALL14,train_only,SUPPORTED
6,session-1,dataset-primary4,1.0.0,wrist_flexion,mendeley-S006-wrist_flexion-R01,mendeley-S006-wrist_flexion-R05,within_subject_same_session_same_class,0.6175975799560547,0.6105104290593474,0.5281282067298889,ALL14,train_only,SUPPORTED
6,session-1,dataset-primary4,1.0.0,wrist_flexion,mendeley-S006-wrist_flexion-R02,mendeley-S006-wrist_flexion-R03,within_subject_same_session_same_class,0.9233328104019165,0.9242089967302483,0.26088663935661316,ALL14,train_only,SUPPORTED
6,session-1,dataset-primary4,1.0.0,wrist_flexion,mendeley-S006-wrist_flexion-R02,mendeley-S006-wrist_flexion-R04,within_subject_same_session_same_class,0.7193832993507385,0.682118199522109,0.47178930044174194,ALL14,train_only,SUPPORTED
6,session-1,dataset-primary4,1.0.0,wrist_flexion,mendeley-S006-wrist_flexion-R02,mendeley-S006-wrist_flexion-R05,within_subject_same_session_same_class,0.8021441102027893,0.8446615986591148,0.4173162877559662,ALL14,train_only,SUPPORTED
6,session-1,dataset-primary4,1.0.0,wrist_flexion,mendeley-S006-wrist_flexion-R03,mendeley-S006-wrist_flexion-R04,within_subject_same_session_same_class,0.8023368716239929,0.7794631321548601,0.3914743661880493,ALL14,train_only,SUPPORTED
6,session-1,dataset-primary4,1.0.0,wrist_flexion,mendeley-S006-wrist_flexion-R03,mendeley-S006-wrist_flexion-R05,within_subject_same_session_same_class,0.93450927734375,0.9491849066790907,0.2364087849855423,ALL14,train_only,SUPPORTED
6,session-1,dataset-primary4,1.0.0,wrist_flexion,mendeley-S006-wrist_flexion-R04,mendeley-S006-wrist_flexion-R05,within_subject_same_session_same_class,0.8106727600097656,0.8148278703297908,0.3814990222454071,ALL14,train_only,SUPPORTED
7,session-1,dataset-primary4,1.0.0,hand_close,mendeley-S007-grip-R01,mendeley-S007-grip-R02,within_subject_same_session_same_class,0.9085882902145386,0.909907856523123,0.2552204132080078,ALL14,train_only,SUPPORTED
7,session-1,dataset-primary4,1.0.0,hand_close,mendeley-S007-grip-R01,mendeley-S007-grip-R03,within_subject_same_session_same_class,0.675157368183136,0.6749781458128651,0.43205395340919495,ALL14,train_only,SUPPORTED
7,session-1,dataset-primary4,1.0.0,hand_close,mendeley-S007-grip-R01,mendeley-S007-grip-R04,within_subject_same_session_same_class,0.4650954306125641,0.4460916412800033,0.5947483777999878,ALL14,train_only,SUPPORTED
7,session-1,dataset-primary4,1.0.0,hand_close,mendeley-S007-grip-R01,mendeley-S007-grip-R05,within_subject_same_session_same_class,-0.09276684373617172,-0.09326712565148969,1.2583465576171875,ALL14,train_only,SUPPORTED
7,session-1,dataset-primary4,1.0.0,hand_close,mendeley-S007-grip-R02,mendeley-S007-grip-R03,within_subject_same_session_same_class,0.7728493809700012,0.7542975596917711,0.2932853102684021,ALL14,train_only,SUPPORTED
7,session-1,dataset-primary4,1.0.0,hand_close,mendeley-S007-grip-R02,mendeley-S007-grip-R04,within_subject_same_session_same_class,0.4531450867652893,0.38611495993392625,0.542361855506897,ALL14,train_only,SUPPORTED
7,session-1,dataset-primary4,1.0.0,hand_close,mendeley-S007-grip-R02,mendeley-S007-grip-R05,within_subject_same_session_same_class,-0.15815073251724243,-0.16282796918175618,1.2207486629486084,ALL14,train_only,SUPPORTED
7,session-1,dataset-primary4,1.0.0,hand_close,mendeley-S007-grip-R03,mendeley-S007-grip-R04,within_subject_same_session_same_class,0.623043417930603,0.538885444482165,0.44255754351615906,ALL14,train_only,SUPPORTED
7,session-1,dataset-primary4,1.0.0,hand_close,mendeley-S007-grip-R03,mendeley-S007-grip-R05,within_subject_same_session_same_class,0.06275589019060135,0.07045149452798677,1.106370449066162,ALL14,train_only,SUPPORTED
7,session-1,dataset-primary4,1.0.0,hand_close,mendeley-S007-grip-R04,mendeley-S007-grip-R05,within_subject_same_session_same_class,0.2135697901248932,0.2433123550622718,1.0898150205612183,ALL14,train_only,SUPPORTED
7,session-1,dataset-primary4,1.0.0,rest,mendeley-S007-rest-R01,mendeley-S007-rest-R02,within_subject_same_session_same_class,0.8518744707107544,0.851094609668823,0.4020538926124573,ALL14,train_only,SUPPORTED
7,session-1,dataset-primary4,1.0.0,rest,mendeley-S007-rest-R01,mendeley-S007-rest-R03,within_subject_same_session_same_class,0.5949793457984924,0.5857661518390598,0.6375728249549866,ALL14,train_only,SUPPORTED
7,session-1,dataset-primary4,1.0.0,rest,mendeley-S007-rest-R01,mendeley-S007-rest-R04,within_subject_same_session_same_class,0.5019873976707458,0.49101896713705984,0.7034496665000916,ALL14,train_only,SUPPORTED
7,session-1,dataset-primary4,1.0.0,rest,mendeley-S007-rest-R01,mendeley-S007-rest-R05,within_subject_same_session_same_class,0.5546598434448242,0.5576022519945548,0.6694576740264893,ALL14,train_only,SUPPORTED
7,session-1,dataset-primary4,1.0.0,rest,mendeley-S007-rest-R02,mendeley-S007-rest-R03,within_subject_same_session_same_class,0.6562227606773376,0.6582027012995253,0.5289977788925171,ALL14,train_only,SUPPORTED
7,session-1,dataset-primary4,1.0.0,rest,mendeley-S007-rest-R02,mendeley-S007-rest-R04,within_subject_same_session_same_class,0.6614877581596375,0.6589381139706318,0.5250964760780334,ALL14,train_only,SUPPORTED
7,session-1,dataset-primary4,1.0.0,rest,mendeley-S007-rest-R02,mendeley-S007-rest-R05,within_subject_same_session_same_class,0.7503167986869812,0.7519006555976864,0.45379889011383057,ALL14,train_only,SUPPORTED
7,session-1,dataset-primary4,1.0.0,rest,mendeley-S007-rest-R03,mendeley-S007-rest-R04,within_subject_same_session_same_class,0.9481174349784851,0.9491843536145933,0.1989603042602539,ALL14,train_only,SUPPORTED
7,session-1,dataset-primary4,1.0.0,rest,mendeley-S007-rest-R03,mendeley-S007-rest-R05,within_subject_same_session_same_class,0.8158867359161377,0.8392616338765614,0.3774389326572418,ALL14,train_only,SUPPORTED
7,session-1,dataset-primary4,1.0.0,rest,mendeley-S007-rest-R04,mendeley-S007-rest-R05,within_subject_same_session_same_class,0.8631095290184021,0.8735127273791292,0.32558268308639526,ALL14,train_only,SUPPORTED
7,session-1,dataset-primary4,1.0.0,wrist_extension,mendeley-S007-wrist_extension-R01,mendeley-S007-wrist_extension-R02,within_subject_same_session_same_class,0.9210844039916992,0.8955866206609918,0.7018940448760986,ALL14,train_only,SUPPORTED
7,session-1,dataset-primary4,1.0.0,wrist_extension,mendeley-S007-wrist_extension-R01,mendeley-S007-wrist_extension-R03,within_subject_same_session_same_class,0.9415296912193298,0.9217837234943401,0.47772467136383057,ALL14,train_only,SUPPORTED
7,session-1,dataset-primary4,1.0.0,wrist_extension,mendeley-S007-wrist_extension-R01,mendeley-S007-wrist_extension-R04,within_subject_same_session_same_class,0.958951473236084,0.946366251575716,0.39948001503944397,ALL14,train_only,SUPPORTED
7,session-1,dataset-primary4,1.0.0,wrist_extension,mendeley-S007-wrist_extension-R01,mendeley-S007-wrist_extension-R05,within_subject_same_session_same_class,0.8961989283561707,0.8623038358151868,0.6522867679595947,ALL14,train_only,SUPPORTED
7,session-1,dataset-primary4,1.0.0,wrist_extension,mendeley-S007-wrist_extension-R02,mendeley-S007-wrist_extension-R03,within_subject_same_session_same_class,0.9272028207778931,0.90299214633367,0.8019608855247498,ALL14,train_only,SUPPORTED
7,session-1,dataset-primary4,1.0.0,wrist_extension,mendeley-S007-wrist_extension-R02,mendeley-S007-wrist_extension-R04,within_subject_same_session_same_class,0.9371643662452698,0.9169573036366105,0.7429725527763367,ALL14,train_only,SUPPORTED
7,session-1,dataset-primary4,1.0.0,wrist_extension,mendeley-S007-wrist_extension-R02,mendeley-S007-wrist_extension-R05,within_subject_same_session_same_class,0.7319955229759216,0.6455317694397511,1.2034350633621216,ALL14,train_only,SUPPORTED
7,session-1,dataset-primary4,1.0.0,wrist_extension,mendeley-S007-wrist_extension-R03,mendeley-S007-wrist_extension-R04,within_subject_same_session_same_class,0.9774579405784607,0.9701591690055968,0.24361088871955872,ALL14,train_only,SUPPORTED
7,session-1,dataset-primary4,1.0.0,wrist_extension,mendeley-S007-wrist_extension-R03,mendeley-S007-wrist_extension-R05,within_subject_same_session_same_class,0.8841135501861572,0.8448510422638951,0.5102185010910034,ALL14,train_only,SUPPORTED
7,session-1,dataset-primary4,1.0.0,wrist_extension,mendeley-S007-wrist_extension-R04,mendeley-S007-wrist_extension-R05,within_subject_same_session_same_class,0.9014464020729065,0.866928072534332,0.509000837802887,ALL14,train_only,SUPPORTED
7,session-1,dataset-primary4,1.0.0,wrist_flexion,mendeley-S007-wrist_flexion-R01,mendeley-S007-wrist_flexion-R02,within_subject_same_session_same_class,0.5914438366889954,0.6473503212504668,0.6891018152236938,ALL14,train_only,SUPPORTED
7,session-1,dataset-primary4,1.0.0,wrist_flexion,mendeley-S007-wrist_flexion-R01,mendeley-S007-wrist_flexion-R03,within_subject_same_session_same_class,0.7003761529922485,0.7209692236540834,0.6563131809234619,ALL14,train_only,SUPPORTED
7,session-1,dataset-primary4,1.0.0,wrist_flexion,mendeley-S007-wrist_flexion-R01,mendeley-S007-wrist_flexion-R04,within_subject_same_session_same_class,0.900191068649292,0.8838845158639678,0.3438131809234619,ALL14,train_only,SUPPORTED
7,session-1,dataset-primary4,1.0.0,wrist_flexion,mendeley-S007-wrist_flexion-R01,mendeley-S007-wrist_flexion-R05,within_subject_same_session_same_class,0.8856042623519897,0.8698498730969806,0.33524423837661743,ALL14,train_only,SUPPORTED
7,session-1,dataset-primary4,1.0.0,wrist_flexion,mendeley-S007-wrist_flexion-R02,mendeley-S007-wrist_flexion-R03,within_subject_same_session_same_class,0.8485491275787354,0.8547039821075129,0.48414769768714905,ALL14,train_only,SUPPORTED
7,session-1,dataset-primary4,1.0.0,wrist_flexion,mendeley-S007-wrist_flexion-R02,mendeley-S007-wrist_flexion-R04,within_subject_same_session_same_class,0.516473650932312,0.5706874032355045,0.782210111618042,ALL14,train_only,SUPPORTED
7,session-1,dataset-primary4,1.0.0,wrist_flexion,mendeley-S007-wrist_flexion-R02,mendeley-S007-wrist_flexion-R05,within_subject_same_session_same_class,0.4807279109954834,0.5666565514859127,0.7629432082176208,ALL14,train_only,SUPPORTED
7,session-1,dataset-primary4,1.0.0,wrist_flexion,mendeley-S007-wrist_flexion-R03,mendeley-S007-wrist_flexion-R04,within_subject_same_session_same_class,0.6516807675361633,0.6712123894330957,0.7196767330169678,ALL14,train_only,SUPPORTED
7,session-1,dataset-primary4,1.0.0,wrist_flexion,mendeley-S007-wrist_flexion-R03,mendeley-S007-wrist_flexion-R05,within_subject_same_session_same_class,0.6711462736129761,0.7223329324758269,0.6808865070343018,ALL14,train_only,SUPPORTED
7,session-1,dataset-primary4,1.0.0,wrist_flexion,mendeley-S007-wrist_flexion-R04,mendeley-S007-wrist_flexion-R05,within_subject_same_session_same_class,0.908161997795105,0.8946009159369248,0.3322618901729584,ALL14,train_only,SUPPORTED
8,session-1,dataset-primary4,1.0.0,hand_close,mendeley-S008-grip-R01,mendeley-S008-grip-R02,within_subject_same_session_same_class,0.24802422523498535,0.18926071878992184,1.0724023580551147,ALL14,train_only,SUPPORTED
8,session-1,dataset-primary4,1.0.0,hand_close,mendeley-S008-grip-R01,mendeley-S008-grip-R03,within_subject_same_session_same_class,0.25455141067504883,0.20839463956119952,1.1209546327590942,ALL14,train_only,SUPPORTED
8,session-1,dataset-primary4,1.0.0,hand_close,mendeley-S008-grip-R01,mendeley-S008-grip-R04,within_subject_same_session_same_class,0.3045317828655243,0.2620314747415348,1.1021168231964111,ALL14,train_only,SUPPORTED
8,session-1,dataset-primary4,1.0.0,hand_close,mendeley-S008-grip-R01,mendeley-S008-grip-R05,within_subject_same_session_same_class,0.5309903621673584,0.5203561244143904,0.920728862285614,ALL14,train_only,SUPPORTED
8,session-1,dataset-primary4,1.0.0,hand_close,mendeley-S008-grip-R02,mendeley-S008-grip-R03,within_subject_same_session_same_class,0.8444247245788574,0.8191368647927387,0.3897932767868042,ALL14,train_only,SUPPORTED
8,session-1,dataset-primary4,1.0.0,hand_close,mendeley-S008-grip-R02,mendeley-S008-grip-R04,within_subject_same_session_same_class,0.8078485727310181,0.7630178618902939,0.4533713459968567,ALL14,train_only,SUPPORTED
8,session-1,dataset-primary4,1.0.0,hand_close,mendeley-S008-grip-R02,mendeley-S008-grip-R05,within_subject_same_session_same_class,0.5175101161003113,0.34813502220479964,0.6791408061981201,ALL14,train_only,SUPPORTED
8,session-1,dataset-primary4,1.0.0,hand_close,mendeley-S008-grip-R03,mendeley-S008-grip-R04,within_subject_same_session_same_class,0.9617905020713806,0.954806695720488,0.20989853143692017,ALL14,train_only,SUPPORTED
8,session-1,dataset-primary4,1.0.0,hand_close,mendeley-S008-grip-R03,mendeley-S008-grip-R05,within_subject_same_session_same_class,0.7255809307098389,0.6666907098678294,0.5535190105438232,ALL14,train_only,SUPPORTED
8,session-1,dataset-primary4,1.0.0,hand_close,mendeley-S008-grip-R04,mendeley-S008-grip-R05,within_subject_same_session_same_class,0.800015926361084,0.7531172374257918,0.48437896370887756,ALL14,train_only,SUPPORTED
8,session-1,dataset-primary4,1.0.0,rest,mendeley-S008-rest-R01,mendeley-S008-rest-R02,within_subject_same_session_same_class,0.7518008947372437,0.7047361957145208,0.5869983434677124,ALL14,train_only,SUPPORTED
8,session-1,dataset-primary4,1.0.0,rest,mendeley-S008-rest-R01,mendeley-S008-rest-R03,within_subject_same_session_same_class,0.496192991733551,0.3792656132317712,0.7715663313865662,ALL14,train_only,SUPPORTED
8,session-1,dataset-primary4,1.0.0,rest,mendeley-S008-rest-R01,mendeley-S008-rest-R04,within_subject_same_session_same_class,0.5875877141952515,0.4949866732865599,0.7294864654541016,ALL14,train_only,SUPPORTED
8,session-1,dataset-primary4,1.0.0,rest,mendeley-S008-rest-R01,mendeley-S008-rest-R05,within_subject_same_session_same_class,0.6350710391998291,0.5574549466959292,0.6705450415611267,ALL14,train_only,SUPPORTED
8,session-1,dataset-primary4,1.0.0,rest,mendeley-S008-rest-R02,mendeley-S008-rest-R03,within_subject_same_session_same_class,0.6051377058029175,0.48460678297305765,0.6491184830665588,ALL14,train_only,SUPPORTED
8,session-1,dataset-primary4,1.0.0,rest,mendeley-S008-rest-R02,mendeley-S008-rest-R04,within_subject_same_session_same_class,0.4357621967792511,0.2594774591001551,0.8097035884857178,ALL14,train_only,SUPPORTED
8,session-1,dataset-primary4,1.0.0,rest,mendeley-S008-rest-R02,mendeley-S008-rest-R05,within_subject_same_session_same_class,0.6664136648178101,0.5513235741206813,0.603053867816925,ALL14,train_only,SUPPORTED
8,session-1,dataset-primary4,1.0.0,rest,mendeley-S008-rest-R03,mendeley-S008-rest-R04,within_subject_same_session_same_class,0.5647504329681396,0.3931078004997094,0.6327484250068665,ALL14,train_only,SUPPORTED
8,session-1,dataset-primary4,1.0.0,rest,mendeley-S008-rest-R03,mendeley-S008-rest-R05,within_subject_same_session_same_class,0.7316011190414429,0.5996941359910521,0.45926693081855774,ALL14,train_only,SUPPORTED
8,session-1,dataset-primary4,1.0.0,rest,mendeley-S008-rest-R04,mendeley-S008-rest-R05,within_subject_same_session_same_class,0.6870313286781311,0.5273135487574996,0.5428813695907593,ALL14,train_only,SUPPORTED
8,session-1,dataset-primary4,1.0.0,wrist_extension,mendeley-S008-wrist_extension-R01,mendeley-S008-wrist_extension-R02,within_subject_same_session_same_class,0.9136680364608765,0.9035938035922235,0.560825765132904,ALL14,train_only,SUPPORTED
8,session-1,dataset-primary4,1.0.0,wrist_extension,mendeley-S008-wrist_extension-R01,mendeley-S008-wrist_extension-R03,within_subject_same_session_same_class,0.9115111231803894,0.9012271403783616,0.5941197872161865,ALL14,train_only,SUPPORTED
8,session-1,dataset-primary4,1.0.0,wrist_extension,mendeley-S008-wrist_extension-R01,mendeley-S008-wrist_extension-R04,within_subject_same_session_same_class,0.8266406655311584,0.8139498157529808,0.8237525820732117,ALL14,train_only,SUPPORTED
8,session-1,dataset-primary4,1.0.0,wrist_extension,mendeley-S008-wrist_extension-R01,mendeley-S008-wrist_extension-R05,within_subject_same_session_same_class,0.8907713890075684,0.8778814236118265,0.6258283853530884,ALL14,train_only,SUPPORTED
8,session-1,dataset-primary4,1.0.0,wrist_extension,mendeley-S008-wrist_extension-R02,mendeley-S008-wrist_extension-R03,within_subject_same_session_same_class,0.9453768730163574,0.9383004599942627,0.4947705566883087,ALL14,train_only,SUPPORTED
8,session-1,dataset-primary4,1.0.0,wrist_extension,mendeley-S008-wrist_extension-R02,mendeley-S008-wrist_extension-R04,within_subject_same_session_same_class,0.8361524939537048,0.8251364804935694,0.7793728113174438,ALL14,train_only,SUPPORTED
8,session-1,dataset-primary4,1.0.0,wrist_extension,mendeley-S008-wrist_extension-R02,mendeley-S008-wrist_extension-R05,within_subject_same_session_same_class,0.9548543095588684,0.9487309196700654,0.3570724129676819,ALL14,train_only,SUPPORTED
8,session-1,dataset-primary4,1.0.0,wrist_extension,mendeley-S008-wrist_extension-R03,mendeley-S008-wrist_extension-R04,within_subject_same_session_same_class,0.9019489884376526,0.8970144758914342,0.6327882409095764,ALL14,train_only,SUPPORTED
8,session-1,dataset-primary4,1.0.0,wrist_extension,mendeley-S008-wrist_extension-R03,mendeley-S008-wrist_extension-R05,within_subject_same_session_same_class,0.930279016494751,0.9210297187434037,0.551502525806427,ALL14,train_only,SUPPORTED
8,session-1,dataset-primary4,1.0.0,wrist_extension,mendeley-S008-wrist_extension-R04,mendeley-S008-wrist_extension-R05,within_subject_same_session_same_class,0.8328185081481934,0.8227624878204307,0.7865481376647949,ALL14,train_only,SUPPORTED
8,session-1,dataset-primary4,1.0.0,wrist_flexion,mendeley-S008-wrist_flexion-R01,mendeley-S008-wrist_flexion-R02,within_subject_same_session_same_class,0.5700373649597168,0.44603374518978883,0.7160801291465759,ALL14,train_only,SUPPORTED
8,session-1,dataset-primary4,1.0.0,wrist_flexion,mendeley-S008-wrist_flexion-R01,mendeley-S008-wrist_flexion-R03,within_subject_same_session_same_class,0.8724361062049866,0.8265610677104321,0.4150019884109497,ALL14,train_only,SUPPORTED
8,session-1,dataset-primary4,1.0.0,wrist_flexion,mendeley-S008-wrist_flexion-R01,mendeley-S008-wrist_flexion-R04,within_subject_same_session_same_class,0.8882929086685181,0.8514868119304382,0.39857321977615356,ALL14,train_only,SUPPORTED
8,session-1,dataset-primary4,1.0.0,wrist_flexion,mendeley-S008-wrist_flexion-R01,mendeley-S008-wrist_flexion-R05,within_subject_same_session_same_class,0.6874035596847534,0.5412507641690723,0.580655574798584,ALL14,train_only,SUPPORTED
8,session-1,dataset-primary4,1.0.0,wrist_flexion,mendeley-S008-wrist_flexion-R02,mendeley-S008-wrist_flexion-R03,within_subject_same_session_same_class,0.7808933258056641,0.7210573518178413,0.5317310094833374,ALL14,train_only,SUPPORTED
8,session-1,dataset-primary4,1.0.0,wrist_flexion,mendeley-S008-wrist_flexion-R02,mendeley-S008-wrist_flexion-R04,within_subject_same_session_same_class,0.6449444890022278,0.5234024609731784,0.6875545978546143,ALL14,train_only,SUPPORTED
8,session-1,dataset-primary4,1.0.0,wrist_flexion,mendeley-S008-wrist_flexion-R02,mendeley-S008-wrist_flexion-R05,within_subject_same_session_same_class,0.7134711146354675,0.6260099309632009,0.5266740918159485,ALL14,train_only,SUPPORTED
8,session-1,dataset-primary4,1.0.0,wrist_flexion,mendeley-S008-wrist_flexion-R03,mendeley-S008-wrist_flexion-R04,within_subject_same_session_same_class,0.9526466131210327,0.9195673996718389,0.26365822553634644,ALL14,train_only,SUPPORTED
8,session-1,dataset-primary4,1.0.0,wrist_flexion,mendeley-S008-wrist_flexion-R03,mendeley-S008-wrist_flexion-R05,within_subject_same_session_same_class,0.7756751179695129,0.6056220741904258,0.5318422913551331,ALL14,train_only,SUPPORTED
8,session-1,dataset-primary4,1.0.0,wrist_flexion,mendeley-S008-wrist_flexion-R04,mendeley-S008-wrist_flexion-R05,within_subject_same_session_same_class,0.7785274386405945,0.6072497596621557,0.5483604669570923,ALL14,train_only,SUPPORTED
9,session-1,dataset-primary4,1.0.0,hand_close,mendeley-S009-grip-R01,mendeley-S009-grip-R02,within_subject_same_session_same_class,0.8232549428939819,0.8196716898238029,0.3716874420642853,ALL14,train_only,SUPPORTED
9,session-1,dataset-primary4,1.0.0,hand_close,mendeley-S009-grip-R01,mendeley-S009-grip-R03,within_subject_same_session_same_class,0.3873194754123688,0.3440362333880055,0.565564751625061,ALL14,train_only,SUPPORTED
9,session-1,dataset-primary4,1.0.0,hand_close,mendeley-S009-grip-R01,mendeley-S009-grip-R04,within_subject_same_session_same_class,0.7235536575317383,0.7156514130227384,0.41023194789886475,ALL14,train_only,SUPPORTED
9,session-1,dataset-primary4,1.0.0,hand_close,mendeley-S009-grip-R01,mendeley-S009-grip-R05,within_subject_same_session_same_class,0.32384905219078064,0.34388917837917937,0.6426896452903748,ALL14,train_only,SUPPORTED
9,session-1,dataset-primary4,1.0.0,hand_close,mendeley-S009-grip-R02,mendeley-S009-grip-R03,within_subject_same_session_same_class,0.3359576463699341,0.30120310884821677,0.6543932557106018,ALL14,train_only,SUPPORTED
9,session-1,dataset-primary4,1.0.0,hand_close,mendeley-S009-grip-R02,mendeley-S009-grip-R04,within_subject_same_session_same_class,0.6869138479232788,0.6664251697901636,0.4831470847129822,ALL14,train_only,SUPPORTED
9,session-1,dataset-primary4,1.0.0,hand_close,mendeley-S009-grip-R02,mendeley-S009-grip-R05,within_subject_same_session_same_class,0.3211509883403778,0.3214163759073749,0.7020703554153442,ALL14,train_only,SUPPORTED
9,session-1,dataset-primary4,1.0.0,hand_close,mendeley-S009-grip-R03,mendeley-S009-grip-R04,within_subject_same_session_same_class,0.34324732422828674,0.31320942361143944,0.5675866007804871,ALL14,train_only,SUPPORTED
9,session-1,dataset-primary4,1.0.0,hand_close,mendeley-S009-grip-R03,mendeley-S009-grip-R05,within_subject_same_session_same_class,0.5199609398841858,0.521520275134809,0.4898621737957001,ALL14,train_only,SUPPORTED
9,session-1,dataset-primary4,1.0.0,hand_close,mendeley-S009-grip-R04,mendeley-S009-grip-R05,within_subject_same_session_same_class,0.7658863067626953,0.7776942509272096,0.36961629986763,ALL14,train_only,SUPPORTED
9,session-1,dataset-primary4,1.0.0,rest,mendeley-S009-rest-R01,mendeley-S009-rest-R02,within_subject_same_session_same_class,0.7656264305114746,0.6481425256683151,0.43762901425361633,ALL14,train_only,SUPPORTED
9,session-1,dataset-primary4,1.0.0,rest,mendeley-S009-rest-R01,mendeley-S009-rest-R03,within_subject_same_session_same_class,0.8379366993904114,0.7323888717865856,0.367861807346344,ALL14,train_only,SUPPORTED
9,session-1,dataset-primary4,1.0.0,rest,mendeley-S009-rest-R01,mendeley-S009-rest-R04,within_subject_same_session_same_class,0.4043884575366974,0.25097481435655067,0.727403998374939,ALL14,train_only,SUPPORTED
9,session-1,dataset-primary4,1.0.0,rest,mendeley-S009-rest-R01,mendeley-S009-rest-R05,within_subject_same_session_same_class,0.7812274098396301,0.647267497263873,0.4426584243774414,ALL14,train_only,SUPPORTED
9,session-1,dataset-primary4,1.0.0,rest,mendeley-S009-rest-R02,mendeley-S009-rest-R03,within_subject_same_session_same_class,0.7788999080657959,0.6595126788438377,0.3817038834095001,ALL14,train_only,SUPPORTED
9,session-1,dataset-primary4,1.0.0,rest,mendeley-S009-rest-R02,mendeley-S009-rest-R04,within_subject_same_session_same_class,0.6891974806785583,0.6308074637806208,0.4926793575286865,ALL14,train_only,SUPPORTED
9,session-1,dataset-primary4,1.0.0,rest,mendeley-S009-rest-R02,mendeley-S009-rest-R05,within_subject_same_session_same_class,0.7915366291999817,0.6840252039291164,0.4090089797973633,ALL14,train_only,SUPPORTED
9,session-1,dataset-primary4,1.0.0,rest,mendeley-S009-rest-R03,mendeley-S009-rest-R04,within_subject_same_session_same_class,0.5306603908538818,0.41836091067799963,0.6011013388633728,ALL14,train_only,SUPPORTED
9,session-1,dataset-primary4,1.0.0,rest,mendeley-S009-rest-R03,mendeley-S009-rest-R05,within_subject_same_session_same_class,0.8235874176025391,0.6999850842678961,0.37757372856140137,ALL14,train_only,SUPPORTED
9,session-1,dataset-primary4,1.0.0,rest,mendeley-S009-rest-R04,mendeley-S009-rest-R05,within_subject_same_session_same_class,0.7825875878334045,0.7663300999793649,0.4362555146217346,ALL14,train_only,SUPPORTED
9,session-1,dataset-primary4,1.0.0,wrist_extension,mendeley-S009-wrist_extension-R01,mendeley-S009-wrist_extension-R02,within_subject_same_session_same_class,0.5837003588676453,0.5009320758449435,0.7278600335121155,ALL14,train_only,SUPPORTED
9,session-1,dataset-primary4,1.0.0,wrist_extension,mendeley-S009-wrist_extension-R01,mendeley-S009-wrist_extension-R03,within_subject_same_session_same_class,0.9655588865280151,0.9430443426813795,0.24022504687309265,ALL14,train_only,SUPPORTED
9,session-1,dataset-primary4,1.0.0,wrist_extension,mendeley-S009-wrist_extension-R01,mendeley-S009-wrist_extension-R04,within_subject_same_session_same_class,0.7302331924438477,0.6603393728630415,0.5976806879043579,ALL14,train_only,SUPPORTED
9,session-1,dataset-primary4,1.0.0,wrist_extension,mendeley-S009-wrist_extension-R01,mendeley-S009-wrist_extension-R05,within_subject_same_session_same_class,0.8881101608276367,0.8334232654472977,0.4036657214164734,ALL14,train_only,SUPPORTED
9,session-1,dataset-primary4,1.0.0,wrist_extension,mendeley-S009-wrist_extension-R02,mendeley-S009-wrist_extension-R03,within_subject_same_session_same_class,0.586112916469574,0.5052445568544168,0.7590349912643433,ALL14,train_only,SUPPORTED
9,session-1,dataset-primary4,1.0.0,wrist_extension,mendeley-S009-wrist_extension-R02,mendeley-S009-wrist_extension-R04,within_subject_same_session_same_class,0.5429685711860657,0.466760487640824,0.6094566583633423,ALL14,train_only,SUPPORTED
9,session-1,dataset-primary4,1.0.0,wrist_extension,mendeley-S009-wrist_extension-R02,mendeley-S009-wrist_extension-R05,within_subject_same_session_same_class,0.8621196150779724,0.8582271829174467,0.37076905369758606,ALL14,train_only,SUPPORTED
9,session-1,dataset-primary4,1.0.0,wrist_extension,mendeley-S009-wrist_extension-R03,mendeley-S009-wrist_extension-R04,within_subject_same_session_same_class,0.6613004803657532,0.5631813246096123,0.691178023815155,ALL14,train_only,SUPPORTED
9,session-1,dataset-primary4,1.0.0,wrist_extension,mendeley-S009-wrist_extension-R03,mendeley-S009-wrist_extension-R05,within_subject_same_session_same_class,0.8683562278747559,0.8027697552028963,0.46296411752700806,ALL14,train_only,SUPPORTED
9,session-1,dataset-primary4,1.0.0,wrist_extension,mendeley-S009-wrist_extension-R04,mendeley-S009-wrist_extension-R05,within_subject_same_session_same_class,0.7367168068885803,0.6672854822161703,0.4916892349720001,ALL14,train_only,SUPPORTED
9,session-1,dataset-primary4,1.0.0,wrist_flexion,mendeley-S009-wrist_flexion-R01,mendeley-S009-wrist_flexion-R02,within_subject_same_session_same_class,0.361343115568161,0.2987525783079762,0.7018399834632874,ALL14,train_only,SUPPORTED
9,session-1,dataset-primary4,1.0.0,wrist_flexion,mendeley-S009-wrist_flexion-R01,mendeley-S009-wrist_flexion-R03,within_subject_same_session_same_class,0.8807429075241089,0.8719970675485615,0.2820468544960022,ALL14,train_only,SUPPORTED
9,session-1,dataset-primary4,1.0.0,wrist_flexion,mendeley-S009-wrist_flexion-R01,mendeley-S009-wrist_flexion-R04,within_subject_same_session_same_class,0.4411090314388275,0.32888439969411853,0.6863493323326111,ALL14,train_only,SUPPORTED
9,session-1,dataset-primary4,1.0.0,wrist_flexion,mendeley-S009-wrist_flexion-R01,mendeley-S009-wrist_flexion-R05,within_subject_same_session_same_class,0.5024763941764832,0.40455457085517366,0.6070901155471802,ALL14,train_only,SUPPORTED
9,session-1,dataset-primary4,1.0.0,wrist_flexion,mendeley-S009-wrist_flexion-R02,mendeley-S009-wrist_flexion-R03,within_subject_same_session_same_class,0.47528204321861267,0.407393740211301,0.6515903472900391,ALL14,train_only,SUPPORTED
9,session-1,dataset-primary4,1.0.0,wrist_flexion,mendeley-S009-wrist_flexion-R02,mendeley-S009-wrist_flexion-R04,within_subject_same_session_same_class,0.32986146211624146,0.2188949494264389,0.8054531216621399,ALL14,train_only,SUPPORTED
9,session-1,dataset-primary4,1.0.0,wrist_flexion,mendeley-S009-wrist_flexion-R02,mendeley-S009-wrist_flexion-R05,within_subject_same_session_same_class,0.46637508273124695,0.3934934700107297,0.6840845942497253,ALL14,train_only,SUPPORTED
9,session-1,dataset-primary4,1.0.0,wrist_flexion,mendeley-S009-wrist_flexion-R03,mendeley-S009-wrist_flexion-R04,within_subject_same_session_same_class,0.744021475315094,0.6562964466558956,0.48210984468460083,ALL14,train_only,SUPPORTED
9,session-1,dataset-primary4,1.0.0,wrist_flexion,mendeley-S009-wrist_flexion-R03,mendeley-S009-wrist_flexion-R05,within_subject_same_session_same_class,0.7340100407600403,0.6384574026131181,0.45579710602760315,ALL14,train_only,SUPPORTED
9,session-1,dataset-primary4,1.0.0,wrist_flexion,mendeley-S009-wrist_flexion-R04,mendeley-S009-wrist_flexion-R05,within_subject_same_session_same_class,0.8885626196861267,0.8302760920397793,0.3289148807525635,ALL14,train_only,SUPPORTED
