relative_path,type,encoding,description,session_id,subject_id,gesture_id,trial_id,ok,sig_len,fs,n_sig,units,error,scan_batch
Session1/session1_participant1/session1_participant1_gesture1_trial1,wfdb_header_only_scan,binary(wfdb),"participant-existence check (session1/gesture1/trial1, mọi participant 1-43)",1,1,1,1,True,10240,2048,32,mV,,participant_existence
Session1/session1_participant1/session1_participant1_gesture1_trial2,wfdb_header_only_scan,binary(wfdb),"full grid scan (3 participant mẫu: 1, 22, 43 x mọi session/gesture/trial)",1,1,1,2,True,10240,2048,32,mV,,sample_full_grid
Session1/session1_participant1/session1_participant1_gesture1_trial3,wfdb_header_only_scan,binary(wfdb),"full grid scan (3 participant mẫu: 1, 22, 43 x mọi session/gesture/trial)",1,1,1,3,True,10240,2048,32,mV,,sample_full_grid
Session1/session1_participant1/session1_participant1_gesture1_trial4,wfdb_header_only_scan,binary(wfdb),"full grid scan (3 participant mẫu: 1, 22, 43 x mọi session/gesture/trial)",1,1,1,4,True,10240,2048,32,mV,,sample_full_grid
Session1/session1_participant1/session1_participant1_gesture1_trial5,wfdb_header_only_scan,binary(wfdb),"full grid scan (3 participant mẫu: 1, 22, 43 x mọi session/gesture/trial)",1,1,1,5,True,10240,2048,32,mV,,sample_full_grid
Session1/session1_participant1/session1_participant1_gesture1_trial6,wfdb_header_only_scan,binary(wfdb),"full grid scan (3 participant mẫu: 1, 22, 43 x mọi session/gesture/trial)",1,1,1,6,True,10240,2048,32,mV,,sample_full_grid
Session1/session1_participant1/session1_participant1_gesture1_trial7,wfdb_header_only_scan,binary(wfdb),"full grid scan (3 participant mẫu: 1, 22, 43 x mọi session/gesture/trial)",1,1,1,7,True,10240,2048,32,mV,,sample_full_grid
Session1/session1_participant1/session1_participant1_gesture2_trial1,wfdb_header_only_scan,binary(wfdb),"full grid scan (3 participant mẫu: 1, 22, 43 x mọi session/gesture/trial)",1,1,2,1,True,10240,2048,32,mV,,sample_full_grid
Session1/session1_participant1/session1_participant1_gesture2_trial2,wfdb_header_only_scan,binary(wfdb),"full grid scan (3 participant mẫu: 1, 22, 43 x mọi session/gesture/trial)",1,1,2,2,True,10240,2048,32,mV,,sample_full_grid
Session1/session1_participant1/session1_participant1_gesture2_trial3,wfdb_header_only_scan,binary(wfdb),"full grid scan (3 participant mẫu: 1, 22, 43 x mọi session/gesture/trial)",1,1,2,3,True,10240,2048,32,mV,,sample_full_grid
Session1/session1_participant1/session1_participant1_gesture2_trial4,wfdb_header_only_scan,binary(wfdb),"full grid scan (3 participant mẫu: 1, 22, 43 x mọi session/gesture/trial)",1,1,2,4,True,10240,2048,32,mV,,sample_full_grid
Session1/session1_participant1/session1_participant1_gesture2_trial5,wfdb_header_only_scan,binary(wfdb),"full grid scan (3 participant mẫu: 1, 22, 43 x mọi session/gesture/trial)",1,1,2,5,True,10240,2048,32,mV,,sample_full_grid
Session1/session1_participant1/session1_participant1_gesture2_trial6,wfdb_header_only_scan,binary(wfdb),"full grid scan (3 participant mẫu: 1, 22, 43 x mọi session/gesture/trial)",1,1,2,6,True,10240,2048,32,mV,,sample_full_grid
Session1/session1_participant1/session1_participant1_gesture2_trial7,wfdb_header_only_scan,binary(wfdb),"full grid scan (3 participant mẫu: 1, 22, 43 x mọi session/gesture/trial)",1,1,2,7,True,10240,2048,32,mV,,sample_full_grid
Session1/session1_participant1/session1_participant1_gesture3_trial1,wfdb_header_only_scan,binary(wfdb),"full grid scan (3 participant mẫu: 1, 22, 43 x mọi session/gesture/trial)",1,1,3,1,True,10240,2048,32,mV,,sample_full_grid
Session1/session1_participant1/session1_participant1_gesture3_trial2,wfdb_header_only_scan,binary(wfdb),"full grid scan (3 participant mẫu: 1, 22, 43 x mọi session/gesture/trial)",1,1,3,2,True,10240,2048,32,mV,,sample_full_grid
Session1/session1_participant1/session1_participant1_gesture3_trial3,wfdb_header_only_scan,binary(wfdb),"full grid scan (3 participant mẫu: 1, 22, 43 x mọi session/gesture/trial)",1,1,3,3,True,10240,2048,32,mV,,sample_full_grid
Session1/session1_participant1/session1_participant1_gesture3_trial4,wfdb_header_only_scan,binary(wfdb),"full grid scan (3 participant mẫu: 1, 22, 43 x mọi session/gesture/trial)",1,1,3,4,True,10240,2048,32,mV,,sample_full_grid
Session1/session1_participant1/session1_participant1_gesture3_trial5,wfdb_header_only_scan,binary(wfdb),"full grid scan (3 participant mẫu: 1, 22, 43 x mọi session/gesture/trial)",1,1,3,5,True,10240,2048,32,mV,,sample_full_grid
Session1/session1_participant1/session1_participant1_gesture3_trial6,wfdb_header_only_scan,binary(wfdb),"full grid scan (3 participant mẫu: 1, 22, 43 x mọi session/gesture/trial)",1,1,3,6,True,10240,2048,32,mV,,sample_full_grid
Session1/session1_participant1/session1_participant1_gesture3_trial7,wfdb_header_only_scan,binary(wfdb),"full grid scan (3 participant mẫu: 1, 22, 43 x mọi session/gesture/trial)",1,1,3,7,True,10240,2048,32,mV,,sample_full_grid
Session1/session1_participant1/session1_participant1_gesture4_trial1,wfdb_header_only_scan,binary(wfdb),"full grid scan (3 participant mẫu: 1, 22, 43 x mọi session/gesture/trial)",1,1,4,1,True,10240,2048,32,mV,,sample_full_grid
Session1/session1_participant1/session1_participant1_gesture4_trial2,wfdb_header_only_scan,binary(wfdb),"full grid scan (3 participant mẫu: 1, 22, 43 x mọi session/gesture/trial)",1,1,4,2,True,10240,2048,32,mV,,sample_full_grid
Session1/session1_participant1/session1_participant1_gesture4_trial3,wfdb_header_only_scan,binary(wfdb),"full grid scan (3 participant mẫu: 1, 22, 43 x mọi session/gesture/trial)",1,1,4,3,True,10240,2048,32,mV,,sample_full_grid
Session1/session1_participant1/session1_participant1_gesture4_trial4,wfdb_header_only_scan,binary(wfdb),"full grid scan (3 participant mẫu: 1, 22, 43 x mọi session/gesture/trial)",1,1,4,4,True,10240,2048,32,mV,,sample_full_grid
Session1/session1_participant1/session1_participant1_gesture4_trial5,wfdb_header_only_scan,binary(wfdb),"full grid scan (3 participant mẫu: 1, 22, 43 x mọi session/gesture/trial)",1,1,4,5,True,10240,2048,32,mV,,sample_full_grid
Session1/session1_participant1/session1_participant1_gesture4_trial6,wfdb_header_only_scan,binary(wfdb),"full grid scan (3 participant mẫu: 1, 22, 43 x mọi session/gesture/trial)",1,1,4,6,True,10240,2048,32,mV,,sample_full_grid
Session1/session1_participant1/session1_participant1_gesture4_trial7,wfdb_header_only_scan,binary(wfdb),"full grid scan (3 participant mẫu: 1, 22, 43 x mọi session/gesture/trial)",1,1,4,7,True,10240,2048,32,mV,,sample_full_grid
Session1/session1_participant1/session1_participant1_gesture5_trial1,wfdb_header_only_scan,binary(wfdb),"full grid scan (3 participant mẫu: 1, 22, 43 x mọi session/gesture/trial)",1,1,5,1,True,10240,2048,32,mV,,sample_full_grid
Session1/session1_participant1/session1_participant1_gesture5_trial2,wfdb_header_only_scan,binary(wfdb),"full grid scan (3 participant mẫu: 1, 22, 43 x mọi session/gesture/trial)",1,1,5,2,True,10240,2048,32,mV,,sample_full_grid
Session1/session1_participant1/session1_participant1_gesture5_trial3,wfdb_header_only_scan,binary(wfdb),"full grid scan (3 participant mẫu: 1, 22, 43 x mọi session/gesture/trial)",1,1,5,3,True,10240,2048,32,mV,,sample_full_grid
Session1/session1_participant1/session1_participant1_gesture5_trial4,wfdb_header_only_scan,binary(wfdb),"full grid scan (3 participant mẫu: 1, 22, 43 x mọi session/gesture/trial)",1,1,5,4,True,10240,2048,32,mV,,sample_full_grid
Session1/session1_participant1/session1_participant1_gesture5_trial5,wfdb_header_only_scan,binary(wfdb),"full grid scan (3 participant mẫu: 1, 22, 43 x mọi session/gesture/trial)",1,1,5,5,True,10240,2048,32,mV,,sample_full_grid
Session1/session1_participant1/session1_participant1_gesture5_trial6,wfdb_header_only_scan,binary(wfdb),"full grid scan (3 participant mẫu: 1, 22, 43 x mọi session/gesture/trial)",1,1,5,6,True,10240,2048,32,mV,,sample_full_grid
Session1/session1_participant1/session1_participant1_gesture5_trial7,wfdb_header_only_scan,binary(wfdb),"full grid scan (3 participant mẫu: 1, 22, 43 x mọi session/gesture/trial)",1,1,5,7,True,10240,2048,32,mV,,sample_full_grid
Session1/session1_participant1/session1_participant1_gesture6_trial1,wfdb_header_only_scan,binary(wfdb),"full grid scan (3 participant mẫu: 1, 22, 43 x mọi session/gesture/trial)",1,1,6,1,True,10240,2048,32,mV,,sample_full_grid
Session1/session1_participant1/session1_participant1_gesture6_trial2,wfdb_header_only_scan,binary(wfdb),"full grid scan (3 participant mẫu: 1, 22, 43 x mọi session/gesture/trial)",1,1,6,2,True,10240,2048,32,mV,,sample_full_grid
Session1/session1_participant1/session1_participant1_gesture6_trial3,wfdb_header_only_scan,binary(wfdb),"full grid scan (3 participant mẫu: 1, 22, 43 x mọi session/gesture/trial)",1,1,6,3,True,10240,2048,32,mV,,sample_full_grid
Session1/session1_participant1/session1_participant1_gesture6_trial4,wfdb_header_only_scan,binary(wfdb),"full grid scan (3 participant mẫu: 1, 22, 43 x mọi session/gesture/trial)",1,1,6,4,True,10240,2048,32,mV,,sample_full_grid
Session1/session1_participant1/session1_participant1_gesture6_trial5,wfdb_header_only_scan,binary(wfdb),"full grid scan (3 participant mẫu: 1, 22, 43 x mọi session/gesture/trial)",1,1,6,5,True,10240,2048,32,mV,,sample_full_grid
Session1/session1_participant1/session1_participant1_gesture6_trial6,wfdb_header_only_scan,binary(wfdb),"full grid scan (3 participant mẫu: 1, 22, 43 x mọi session/gesture/trial)",1,1,6,6,True,10240,2048,32,mV,,sample_full_grid
Session1/session1_participant1/session1_participant1_gesture6_trial7,wfdb_header_only_scan,binary(wfdb),"full grid scan (3 participant mẫu: 1, 22, 43 x mọi session/gesture/trial)",1,1,6,7,True,10240,2048,32,mV,,sample_full_grid
Session1/session1_participant1/session1_participant1_gesture7_trial1,wfdb_header_only_scan,binary(wfdb),"full grid scan (3 participant mẫu: 1, 22, 43 x mọi session/gesture/trial)",1,1,7,1,True,10240,2048,32,mV,,sample_full_grid
Session1/session1_participant1/session1_participant1_gesture7_trial2,wfdb_header_only_scan,binary(wfdb),"full grid scan (3 participant mẫu: 1, 22, 43 x mọi session/gesture/trial)",1,1,7,2,True,10240,2048,32,mV,,sample_full_grid
Session1/session1_participant1/session1_participant1_gesture7_trial3,wfdb_header_only_scan,binary(wfdb),"full grid scan (3 participant mẫu: 1, 22, 43 x mọi session/gesture/trial)",1,1,7,3,True,10240,2048,32,mV,,sample_full_grid
Session1/session1_participant1/session1_participant1_gesture7_trial4,wfdb_header_only_scan,binary(wfdb),"full grid scan (3 participant mẫu: 1, 22, 43 x mọi session/gesture/trial)",1,1,7,4,True,10240,2048,32,mV,,sample_full_grid
Session1/session1_participant1/session1_participant1_gesture7_trial5,wfdb_header_only_scan,binary(wfdb),"full grid scan (3 participant mẫu: 1, 22, 43 x mọi session/gesture/trial)",1,1,7,5,True,10240,2048,32,mV,,sample_full_grid
Session1/session1_participant1/session1_participant1_gesture7_trial6,wfdb_header_only_scan,binary(wfdb),"full grid scan (3 participant mẫu: 1, 22, 43 x mọi session/gesture/trial)",1,1,7,6,True,10240,2048,32,mV,,sample_full_grid
Session1/session1_participant1/session1_participant1_gesture7_trial7,wfdb_header_only_scan,binary(wfdb),"full grid scan (3 participant mẫu: 1, 22, 43 x mọi session/gesture/trial)",1,1,7,7,True,10240,2048,32,mV,,sample_full_grid
Session1/session1_participant1/session1_participant1_gesture8_trial1,wfdb_header_only_scan,binary(wfdb),"full grid scan (3 participant mẫu: 1, 22, 43 x mọi session/gesture/trial)",1,1,8,1,True,10240,2048,32,mV,,sample_full_grid
Session1/session1_participant1/session1_participant1_gesture8_trial2,wfdb_header_only_scan,binary(wfdb),"full grid scan (3 participant mẫu: 1, 22, 43 x mọi session/gesture/trial)",1,1,8,2,True,10240,2048,32,mV,,sample_full_grid
Session1/session1_participant1/session1_participant1_gesture8_trial3,wfdb_header_only_scan,binary(wfdb),"full grid scan (3 participant mẫu: 1, 22, 43 x mọi session/gesture/trial)",1,1,8,3,True,10240,2048,32,mV,,sample_full_grid
Session1/session1_participant1/session1_participant1_gesture8_trial4,wfdb_header_only_scan,binary(wfdb),"full grid scan (3 participant mẫu: 1, 22, 43 x mọi session/gesture/trial)",1,1,8,4,True,10240,2048,32,mV,,sample_full_grid
Session1/session1_participant1/session1_participant1_gesture8_trial5,wfdb_header_only_scan,binary(wfdb),"full grid scan (3 participant mẫu: 1, 22, 43 x mọi session/gesture/trial)",1,1,8,5,True,10240,2048,32,mV,,sample_full_grid
Session1/session1_participant1/session1_participant1_gesture8_trial6,wfdb_header_only_scan,binary(wfdb),"full grid scan (3 participant mẫu: 1, 22, 43 x mọi session/gesture/trial)",1,1,8,6,True,10240,2048,32,mV,,sample_full_grid
Session1/session1_participant1/session1_participant1_gesture8_trial7,wfdb_header_only_scan,binary(wfdb),"full grid scan (3 participant mẫu: 1, 22, 43 x mọi session/gesture/trial)",1,1,8,7,True,10240,2048,32,mV,,sample_full_grid
Session1/session1_participant1/session1_participant1_gesture9_trial1,wfdb_header_only_scan,binary(wfdb),"full grid scan (3 participant mẫu: 1, 22, 43 x mọi session/gesture/trial)",1,1,9,1,True,10240,2048,32,mV,,sample_full_grid
Session1/session1_participant1/session1_participant1_gesture9_trial2,wfdb_header_only_scan,binary(wfdb),"full grid scan (3 participant mẫu: 1, 22, 43 x mọi session/gesture/trial)",1,1,9,2,True,10240,2048,32,mV,,sample_full_grid
Session1/session1_participant1/session1_participant1_gesture9_trial3,wfdb_header_only_scan,binary(wfdb),"full grid scan (3 participant mẫu: 1, 22, 43 x mọi session/gesture/trial)",1,1,9,3,True,10240,2048,32,mV,,sample_full_grid
Session1/session1_participant1/session1_participant1_gesture9_trial4,wfdb_header_only_scan,binary(wfdb),"full grid scan (3 participant mẫu: 1, 22, 43 x mọi session/gesture/trial)",1,1,9,4,True,10240,2048,32,mV,,sample_full_grid
Session1/session1_participant1/session1_participant1_gesture9_trial5,wfdb_header_only_scan,binary(wfdb),"full grid scan (3 participant mẫu: 1, 22, 43 x mọi session/gesture/trial)",1,1,9,5,True,10240,2048,32,mV,,sample_full_grid
Session1/session1_participant1/session1_participant1_gesture9_trial6,wfdb_header_only_scan,binary(wfdb),"full grid scan (3 participant mẫu: 1, 22, 43 x mọi session/gesture/trial)",1,1,9,6,True,10240,2048,32,mV,,sample_full_grid
Session1/session1_participant1/session1_participant1_gesture9_trial7,wfdb_header_only_scan,binary(wfdb),"full grid scan (3 participant mẫu: 1, 22, 43 x mọi session/gesture/trial)",1,1,9,7,True,10240,2048,32,mV,,sample_full_grid
Session1/session1_participant1/session1_participant1_gesture10_trial1,wfdb_header_only_scan,binary(wfdb),"full grid scan (3 participant mẫu: 1, 22, 43 x mọi session/gesture/trial)",1,1,10,1,True,10240,2048,32,mV,,sample_full_grid
Session1/session1_participant1/session1_participant1_gesture10_trial2,wfdb_header_only_scan,binary(wfdb),"full grid scan (3 participant mẫu: 1, 22, 43 x mọi session/gesture/trial)",1,1,10,2,True,10240,2048,32,mV,,sample_full_grid
Session1/session1_participant1/session1_participant1_gesture10_trial3,wfdb_header_only_scan,binary(wfdb),"full grid scan (3 participant mẫu: 1, 22, 43 x mọi session/gesture/trial)",1,1,10,3,True,10240,2048,32,mV,,sample_full_grid
Session1/session1_participant1/session1_participant1_gesture10_trial4,wfdb_header_only_scan,binary(wfdb),"full grid scan (3 participant mẫu: 1, 22, 43 x mọi session/gesture/trial)",1,1,10,4,True,10240,2048,32,mV,,sample_full_grid
Session1/session1_participant1/session1_participant1_gesture10_trial5,wfdb_header_only_scan,binary(wfdb),"full grid scan (3 participant mẫu: 1, 22, 43 x mọi session/gesture/trial)",1,1,10,5,True,10240,2048,32,mV,,sample_full_grid
Session1/session1_participant1/session1_participant1_gesture10_trial6,wfdb_header_only_scan,binary(wfdb),"full grid scan (3 participant mẫu: 1, 22, 43 x mọi session/gesture/trial)",1,1,10,6,True,10240,2048,32,mV,,sample_full_grid
Session1/session1_participant1/session1_participant1_gesture10_trial7,wfdb_header_only_scan,binary(wfdb),"full grid scan (3 participant mẫu: 1, 22, 43 x mọi session/gesture/trial)",1,1,10,7,True,10240,2048,32,mV,,sample_full_grid
Session1/session1_participant1/session1_participant1_gesture11_trial1,wfdb_header_only_scan,binary(wfdb),"full grid scan (3 participant mẫu: 1, 22, 43 x mọi session/gesture/trial)",1,1,11,1,True,10240,2048,32,mV,,sample_full_grid
Session1/session1_participant1/session1_participant1_gesture11_trial2,wfdb_header_only_scan,binary(wfdb),"full grid scan (3 participant mẫu: 1, 22, 43 x mọi session/gesture/trial)",1,1,11,2,True,10240,2048,32,mV,,sample_full_grid
Session1/session1_participant1/session1_participant1_gesture11_trial3,wfdb_header_only_scan,binary(wfdb),"full grid scan (3 participant mẫu: 1, 22, 43 x mọi session/gesture/trial)",1,1,11,3,True,10240,2048,32,mV,,sample_full_grid
Session1/session1_participant1/session1_participant1_gesture11_trial4,wfdb_header_only_scan,binary(wfdb),"full grid scan (3 participant mẫu: 1, 22, 43 x mọi session/gesture/trial)",1,1,11,4,True,10240,2048,32,mV,,sample_full_grid
Session1/session1_participant1/session1_participant1_gesture11_trial5,wfdb_header_only_scan,binary(wfdb),"full grid scan (3 participant mẫu: 1, 22, 43 x mọi session/gesture/trial)",1,1,11,5,True,10240,2048,32,mV,,sample_full_grid
Session1/session1_participant1/session1_participant1_gesture11_trial6,wfdb_header_only_scan,binary(wfdb),"full grid scan (3 participant mẫu: 1, 22, 43 x mọi session/gesture/trial)",1,1,11,6,True,10240,2048,32,mV,,sample_full_grid
Session1/session1_participant1/session1_participant1_gesture11_trial7,wfdb_header_only_scan,binary(wfdb),"full grid scan (3 participant mẫu: 1, 22, 43 x mọi session/gesture/trial)",1,1,11,7,True,10240,2048,32,mV,,sample_full_grid
Session1/session1_participant1/session1_participant1_gesture12_trial1,wfdb_header_only_scan,binary(wfdb),"full grid scan (3 participant mẫu: 1, 22, 43 x mọi session/gesture/trial)",1,1,12,1,True,10240,2048,32,mV,,sample_full_grid
Session1/session1_participant1/session1_participant1_gesture12_trial2,wfdb_header_only_scan,binary(wfdb),"full grid scan (3 participant mẫu: 1, 22, 43 x mọi session/gesture/trial)",1,1,12,2,True,10240,2048,32,mV,,sample_full_grid
Session1/session1_participant1/session1_participant1_gesture12_trial3,wfdb_header_only_scan,binary(wfdb),"full grid scan (3 participant mẫu: 1, 22, 43 x mọi session/gesture/trial)",1,1,12,3,True,10240,2048,32,mV,,sample_full_grid
Session1/session1_participant1/session1_participant1_gesture12_trial4,wfdb_header_only_scan,binary(wfdb),"full grid scan (3 participant mẫu: 1, 22, 43 x mọi session/gesture/trial)",1,1,12,4,True,10240,2048,32,mV,,sample_full_grid
Session1/session1_participant1/session1_participant1_gesture12_trial5,wfdb_header_only_scan,binary(wfdb),"full grid scan (3 participant mẫu: 1, 22, 43 x mọi session/gesture/trial)",1,1,12,5,True,10240,2048,32,mV,,sample_full_grid
Session1/session1_participant1/session1_participant1_gesture12_trial6,wfdb_header_only_scan,binary(wfdb),"full grid scan (3 participant mẫu: 1, 22, 43 x mọi session/gesture/trial)",1,1,12,6,True,10240,2048,32,mV,,sample_full_grid
Session1/session1_participant1/session1_participant1_gesture12_trial7,wfdb_header_only_scan,binary(wfdb),"full grid scan (3 participant mẫu: 1, 22, 43 x mọi session/gesture/trial)",1,1,12,7,True,10240,2048,32,mV,,sample_full_grid
Session1/session1_participant1/session1_participant1_gesture13_trial1,wfdb_header_only_scan,binary(wfdb),"full grid scan (3 participant mẫu: 1, 22, 43 x mọi session/gesture/trial)",1,1,13,1,True,10240,2048,32,mV,,sample_full_grid
Session1/session1_participant1/session1_participant1_gesture13_trial2,wfdb_header_only_scan,binary(wfdb),"full grid scan (3 participant mẫu: 1, 22, 43 x mọi session/gesture/trial)",1,1,13,2,True,10240,2048,32,mV,,sample_full_grid
Session1/session1_participant1/session1_participant1_gesture13_trial3,wfdb_header_only_scan,binary(wfdb),"full grid scan (3 participant mẫu: 1, 22, 43 x mọi session/gesture/trial)",1,1,13,3,True,10240,2048,32,mV,,sample_full_grid
Session1/session1_participant1/session1_participant1_gesture13_trial4,wfdb_header_only_scan,binary(wfdb),"full grid scan (3 participant mẫu: 1, 22, 43 x mọi session/gesture/trial)",1,1,13,4,True,10240,2048,32,mV,,sample_full_grid
Session1/session1_participant1/session1_participant1_gesture13_trial5,wfdb_header_only_scan,binary(wfdb),"full grid scan (3 participant mẫu: 1, 22, 43 x mọi session/gesture/trial)",1,1,13,5,True,10240,2048,32,mV,,sample_full_grid
Session1/session1_participant1/session1_participant1_gesture13_trial6,wfdb_header_only_scan,binary(wfdb),"full grid scan (3 participant mẫu: 1, 22, 43 x mọi session/gesture/trial)",1,1,13,6,True,10240,2048,32,mV,,sample_full_grid
Session1/session1_participant1/session1_participant1_gesture13_trial7,wfdb_header_only_scan,binary(wfdb),"full grid scan (3 participant mẫu: 1, 22, 43 x mọi session/gesture/trial)",1,1,13,7,True,10240,2048,32,mV,,sample_full_grid
Session1/session1_participant1/session1_participant1_gesture14_trial1,wfdb_header_only_scan,binary(wfdb),"full grid scan (3 participant mẫu: 1, 22, 43 x mọi session/gesture/trial)",1,1,14,1,True,10240,2048,32,mV,,sample_full_grid
Session1/session1_participant1/session1_participant1_gesture14_trial2,wfdb_header_only_scan,binary(wfdb),"full grid scan (3 participant mẫu: 1, 22, 43 x mọi session/gesture/trial)",1,1,14,2,True,10240,2048,32,mV,,sample_full_grid
Session1/session1_participant1/session1_participant1_gesture14_trial3,wfdb_header_only_scan,binary(wfdb),"full grid scan (3 participant mẫu: 1, 22, 43 x mọi session/gesture/trial)",1,1,14,3,True,10240,2048,32,mV,,sample_full_grid
Session1/session1_participant1/session1_participant1_gesture14_trial4,wfdb_header_only_scan,binary(wfdb),"full grid scan (3 participant mẫu: 1, 22, 43 x mọi session/gesture/trial)",1,1,14,4,True,10240,2048,32,mV,,sample_full_grid
Session1/session1_participant1/session1_participant1_gesture14_trial5,wfdb_header_only_scan,binary(wfdb),"full grid scan (3 participant mẫu: 1, 22, 43 x mọi session/gesture/trial)",1,1,14,5,True,10240,2048,32,mV,,sample_full_grid
Session1/session1_participant1/session1_participant1_gesture14_trial6,wfdb_header_only_scan,binary(wfdb),"full grid scan (3 participant mẫu: 1, 22, 43 x mọi session/gesture/trial)",1,1,14,6,True,10240,2048,32,mV,,sample_full_grid
Session1/session1_participant1/session1_participant1_gesture14_trial7,wfdb_header_only_scan,binary(wfdb),"full grid scan (3 participant mẫu: 1, 22, 43 x mọi session/gesture/trial)",1,1,14,7,True,10240,2048,32,mV,,sample_full_grid
Session1/session1_participant1/session1_participant1_gesture15_trial1,wfdb_header_only_scan,binary(wfdb),"full grid scan (3 participant mẫu: 1, 22, 43 x mọi session/gesture/trial)",1,1,15,1,True,10240,2048,32,mV,,sample_full_grid
Session1/session1_participant1/session1_participant1_gesture15_trial2,wfdb_header_only_scan,binary(wfdb),"full grid scan (3 participant mẫu: 1, 22, 43 x mọi session/gesture/trial)",1,1,15,2,True,10240,2048,32,mV,,sample_full_grid
Session1/session1_participant1/session1_participant1_gesture15_trial3,wfdb_header_only_scan,binary(wfdb),"full grid scan (3 participant mẫu: 1, 22, 43 x mọi session/gesture/trial)",1,1,15,3,True,10240,2048,32,mV,,sample_full_grid
Session1/session1_participant1/session1_participant1_gesture15_trial4,wfdb_header_only_scan,binary(wfdb),"full grid scan (3 participant mẫu: 1, 22, 43 x mọi session/gesture/trial)",1,1,15,4,True,10240,2048,32,mV,,sample_full_grid
Session1/session1_participant1/session1_participant1_gesture15_trial5,wfdb_header_only_scan,binary(wfdb),"full grid scan (3 participant mẫu: 1, 22, 43 x mọi session/gesture/trial)",1,1,15,5,True,10240,2048,32,mV,,sample_full_grid
Session1/session1_participant1/session1_participant1_gesture15_trial6,wfdb_header_only_scan,binary(wfdb),"full grid scan (3 participant mẫu: 1, 22, 43 x mọi session/gesture/trial)",1,1,15,6,True,10240,2048,32,mV,,sample_full_grid
Session1/session1_participant1/session1_participant1_gesture15_trial7,wfdb_header_only_scan,binary(wfdb),"full grid scan (3 participant mẫu: 1, 22, 43 x mọi session/gesture/trial)",1,1,15,7,True,10240,2048,32,mV,,sample_full_grid
Session1/session1_participant1/session1_participant1_gesture16_trial1,wfdb_header_only_scan,binary(wfdb),"full grid scan (3 participant mẫu: 1, 22, 43 x mọi session/gesture/trial)",1,1,16,1,True,10240,2048,32,mV,,sample_full_grid
Session1/session1_participant1/session1_participant1_gesture16_trial2,wfdb_header_only_scan,binary(wfdb),"full grid scan (3 participant mẫu: 1, 22, 43 x mọi session/gesture/trial)",1,1,16,2,True,10240,2048,32,mV,,sample_full_grid
Session1/session1_participant1/session1_participant1_gesture16_trial3,wfdb_header_only_scan,binary(wfdb),"full grid scan (3 participant mẫu: 1, 22, 43 x mọi session/gesture/trial)",1,1,16,3,True,10240,2048,32,mV,,sample_full_grid
Session1/session1_participant1/session1_participant1_gesture16_trial4,wfdb_header_only_scan,binary(wfdb),"full grid scan (3 participant mẫu: 1, 22, 43 x mọi session/gesture/trial)",1,1,16,4,True,10240,2048,32,mV,,sample_full_grid
Session1/session1_participant1/session1_participant1_gesture16_trial5,wfdb_header_only_scan,binary(wfdb),"full grid scan (3 participant mẫu: 1, 22, 43 x mọi session/gesture/trial)",1,1,16,5,True,10240,2048,32,mV,,sample_full_grid
Session1/session1_participant1/session1_participant1_gesture16_trial6,wfdb_header_only_scan,binary(wfdb),"full grid scan (3 participant mẫu: 1, 22, 43 x mọi session/gesture/trial)",1,1,16,6,True,10240,2048,32,mV,,sample_full_grid
Session1/session1_participant1/session1_participant1_gesture16_trial7,wfdb_header_only_scan,binary(wfdb),"full grid scan (3 participant mẫu: 1, 22, 43 x mọi session/gesture/trial)",1,1,16,7,True,10240,2048,32,mV,,sample_full_grid
Session1/session1_participant1/session1_participant1_gesture17_trial1,wfdb_header_only_scan,binary(wfdb),"full grid scan (3 participant mẫu: 1, 22, 43 x mọi session/gesture/trial)",1,1,17,1,True,10240,2048,32,mV,,sample_full_grid
Session1/session1_participant1/session1_participant1_gesture17_trial2,wfdb_header_only_scan,binary(wfdb),"full grid scan (3 participant mẫu: 1, 22, 43 x mọi session/gesture/trial)",1,1,17,2,True,10240,2048,32,mV,,sample_full_grid
Session1/session1_participant1/session1_participant1_gesture17_trial3,wfdb_header_only_scan,binary(wfdb),"full grid scan (3 participant mẫu: 1, 22, 43 x mọi session/gesture/trial)",1,1,17,3,True,10240,2048,32,mV,,sample_full_grid
Session1/session1_participant1/session1_participant1_gesture17_trial4,wfdb_header_only_scan,binary(wfdb),"full grid scan (3 participant mẫu: 1, 22, 43 x mọi session/gesture/trial)",1,1,17,4,True,10240,2048,32,mV,,sample_full_grid
Session1/session1_participant1/session1_participant1_gesture17_trial5,wfdb_header_only_scan,binary(wfdb),"full grid scan (3 participant mẫu: 1, 22, 43 x mọi session/gesture/trial)",1,1,17,5,True,10240,2048,32,mV,,sample_full_grid
Session1/session1_participant1/session1_participant1_gesture17_trial6,wfdb_header_only_scan,binary(wfdb),"full grid scan (3 participant mẫu: 1, 22, 43 x mọi session/gesture/trial)",1,1,17,6,True,10240,2048,32,mV,,sample_full_grid
Session1/session1_participant1/session1_participant1_gesture17_trial7,wfdb_header_only_scan,binary(wfdb),"full grid scan (3 participant mẫu: 1, 22, 43 x mọi session/gesture/trial)",1,1,17,7,True,10240,2048,32,mV,,sample_full_grid
Session1/session1_participant2/session1_participant2_gesture1_trial1,wfdb_header_only_scan,binary(wfdb),"participant-existence check (session1/gesture1/trial1, mọi participant 1-43)",1,2,1,1,True,10240,2048,32,mV,,participant_existence
Session1/session1_participant3/session1_participant3_gesture1_trial1,wfdb_header_only_scan,binary(wfdb),"participant-existence check (session1/gesture1/trial1, mọi participant 1-43)",1,3,1,1,True,10240,2048,32,mV,,participant_existence
Session1/session1_participant4/session1_participant4_gesture1_trial1,wfdb_header_only_scan,binary(wfdb),"participant-existence check (session1/gesture1/trial1, mọi participant 1-43)",1,4,1,1,True,10240,2048,32,mV,,participant_existence
Session1/session1_participant5/session1_participant5_gesture1_trial1,wfdb_header_only_scan,binary(wfdb),"participant-existence check (session1/gesture1/trial1, mọi participant 1-43)",1,5,1,1,True,10240,2048,32,mV,,participant_existence
Session1/session1_participant6/session1_participant6_gesture1_trial1,wfdb_header_only_scan,binary(wfdb),"participant-existence check (session1/gesture1/trial1, mọi participant 1-43)",1,6,1,1,True,10240,2048,32,mV,,participant_existence
Session1/session1_participant7/session1_participant7_gesture1_trial1,wfdb_header_only_scan,binary(wfdb),"participant-existence check (session1/gesture1/trial1, mọi participant 1-43)",1,7,1,1,True,10240,2048,32,mV,,participant_existence
Session1/session1_participant8/session1_participant8_gesture1_trial1,wfdb_header_only_scan,binary(wfdb),"participant-existence check (session1/gesture1/trial1, mọi participant 1-43)",1,8,1,1,True,10240,2048,32,mV,,participant_existence
Session1/session1_participant9/session1_participant9_gesture1_trial1,wfdb_header_only_scan,binary(wfdb),"participant-existence check (session1/gesture1/trial1, mọi participant 1-43)",1,9,1,1,True,10240,2048,32,mV,,participant_existence
Session1/session1_participant10/session1_participant10_gesture1_trial1,wfdb_header_only_scan,binary(wfdb),"participant-existence check (session1/gesture1/trial1, mọi participant 1-43)",1,10,1,1,True,10240,2048,32,mV,,participant_existence
Session1/session1_participant11/session1_participant11_gesture1_trial1,wfdb_header_only_scan,binary(wfdb),"participant-existence check (session1/gesture1/trial1, mọi participant 1-43)",1,11,1,1,True,10240,2048,32,mV,,participant_existence
Session1/session1_participant12/session1_participant12_gesture1_trial1,wfdb_header_only_scan,binary(wfdb),"participant-existence check (session1/gesture1/trial1, mọi participant 1-43)",1,12,1,1,True,10240,2048,32,mV,,participant_existence
Session1/session1_participant13/session1_participant13_gesture1_trial1,wfdb_header_only_scan,binary(wfdb),"participant-existence check (session1/gesture1/trial1, mọi participant 1-43)",1,13,1,1,True,10240,2048,32,mV,,participant_existence
Session1/session1_participant14/session1_participant14_gesture1_trial1,wfdb_header_only_scan,binary(wfdb),"participant-existence check (session1/gesture1/trial1, mọi participant 1-43)",1,14,1,1,True,10240,2048,32,mV,,participant_existence
Session1/session1_participant15/session1_participant15_gesture1_trial1,wfdb_header_only_scan,binary(wfdb),"participant-existence check (session1/gesture1/trial1, mọi participant 1-43)",1,15,1,1,True,10240,2048,32,mV,,participant_existence
Session1/session1_participant16/session1_participant16_gesture1_trial1,wfdb_header_only_scan,binary(wfdb),"participant-existence check (session1/gesture1/trial1, mọi participant 1-43)",1,16,1,1,True,10240,2048,32,mV,,participant_existence
Session1/session1_participant17/session1_participant17_gesture1_trial1,wfdb_header_only_scan,binary(wfdb),"participant-existence check (session1/gesture1/trial1, mọi participant 1-43)",1,17,1,1,True,10240,2048,32,mV,,participant_existence
Session1/session1_participant18/session1_participant18_gesture1_trial1,wfdb_header_only_scan,binary(wfdb),"participant-existence check (session1/gesture1/trial1, mọi participant 1-43)",1,18,1,1,True,10240,2048,32,mV,,participant_existence
Session1/session1_participant19/session1_participant19_gesture1_trial1,wfdb_header_only_scan,binary(wfdb),"participant-existence check (session1/gesture1/trial1, mọi participant 1-43)",1,19,1,1,True,10240,2048,32,mV,,participant_existence
Session1/session1_participant20/session1_participant20_gesture1_trial1,wfdb_header_only_scan,binary(wfdb),"participant-existence check (session1/gesture1/trial1, mọi participant 1-43)",1,20,1,1,True,10240,2048,32,mV,,participant_existence
Session1/session1_participant21/session1_participant21_gesture1_trial1,wfdb_header_only_scan,binary(wfdb),"participant-existence check (session1/gesture1/trial1, mọi participant 1-43)",1,21,1,1,True,10240,2048,32,mV,,participant_existence
Session1/session1_participant22/session1_participant22_gesture1_trial1,wfdb_header_only_scan,binary(wfdb),"participant-existence check (session1/gesture1/trial1, mọi participant 1-43)",1,22,1,1,True,10240,2048,32,mV,,participant_existence
Session1/session1_participant22/session1_participant22_gesture1_trial2,wfdb_header_only_scan,binary(wfdb),"full grid scan (3 participant mẫu: 1, 22, 43 x mọi session/gesture/trial)",1,22,1,2,True,10240,2048,32,mV,,sample_full_grid
Session1/session1_participant22/session1_participant22_gesture1_trial3,wfdb_header_only_scan,binary(wfdb),"full grid scan (3 participant mẫu: 1, 22, 43 x mọi session/gesture/trial)",1,22,1,3,True,10240,2048,32,mV,,sample_full_grid
Session1/session1_participant22/session1_participant22_gesture1_trial4,wfdb_header_only_scan,binary(wfdb),"full grid scan (3 participant mẫu: 1, 22, 43 x mọi session/gesture/trial)",1,22,1,4,True,10240,2048,32,mV,,sample_full_grid
Session1/session1_participant22/session1_participant22_gesture1_trial5,wfdb_header_only_scan,binary(wfdb),"full grid scan (3 participant mẫu: 1, 22, 43 x mọi session/gesture/trial)",1,22,1,5,True,10240,2048,32,mV,,sample_full_grid
Session1/session1_participant22/session1_participant22_gesture1_trial6,wfdb_header_only_scan,binary(wfdb),"full grid scan (3 participant mẫu: 1, 22, 43 x mọi session/gesture/trial)",1,22,1,6,True,10240,2048,32,mV,,sample_full_grid
Session1/session1_participant22/session1_participant22_gesture1_trial7,wfdb_header_only_scan,binary(wfdb),"full grid scan (3 participant mẫu: 1, 22, 43 x mọi session/gesture/trial)",1,22,1,7,True,10240,2048,32,mV,,sample_full_grid
Session1/session1_participant22/session1_participant22_gesture2_trial1,wfdb_header_only_scan,binary(wfdb),"full grid scan (3 participant mẫu: 1, 22, 43 x mọi session/gesture/trial)",1,22,2,1,True,10240,2048,32,mV,,sample_full_grid
Session1/session1_participant22/session1_participant22_gesture2_trial2,wfdb_header_only_scan,binary(wfdb),"full grid scan (3 participant mẫu: 1, 22, 43 x mọi session/gesture/trial)",1,22,2,2,True,10240,2048,32,mV,,sample_full_grid
Session1/session1_participant22/session1_participant22_gesture2_trial3,wfdb_header_only_scan,binary(wfdb),"full grid scan (3 participant mẫu: 1, 22, 43 x mọi session/gesture/trial)",1,22,2,3,True,10240,2048,32,mV,,sample_full_grid
Session1/session1_participant22/session1_participant22_gesture2_trial4,wfdb_header_only_scan,binary(wfdb),"full grid scan (3 participant mẫu: 1, 22, 43 x mọi session/gesture/trial)",1,22,2,4,True,10240,2048,32,mV,,sample_full_grid
Session1/session1_participant22/session1_participant22_gesture2_trial5,wfdb_header_only_scan,binary(wfdb),"full grid scan (3 participant mẫu: 1, 22, 43 x mọi session/gesture/trial)",1,22,2,5,True,10240,2048,32,mV,,sample_full_grid
Session1/session1_participant22/session1_participant22_gesture2_trial6,wfdb_header_only_scan,binary(wfdb),"full grid scan (3 participant mẫu: 1, 22, 43 x mọi session/gesture/trial)",1,22,2,6,True,10240,2048,32,mV,,sample_full_grid
Session1/session1_participant22/session1_participant22_gesture2_trial7,wfdb_header_only_scan,binary(wfdb),"full grid scan (3 participant mẫu: 1, 22, 43 x mọi session/gesture/trial)",1,22,2,7,True,10240,2048,32,mV,,sample_full_grid
Session1/session1_participant22/session1_participant22_gesture3_trial1,wfdb_header_only_scan,binary(wfdb),"full grid scan (3 participant mẫu: 1, 22, 43 x mọi session/gesture/trial)",1,22,3,1,True,10240,2048,32,mV,,sample_full_grid
Session1/session1_participant22/session1_participant22_gesture3_trial2,wfdb_header_only_scan,binary(wfdb),"full grid scan (3 participant mẫu: 1, 22, 43 x mọi session/gesture/trial)",1,22,3,2,True,10240,2048,32,mV,,sample_full_grid
Session1/session1_participant22/session1_participant22_gesture3_trial3,wfdb_header_only_scan,binary(wfdb),"full grid scan (3 participant mẫu: 1, 22, 43 x mọi session/gesture/trial)",1,22,3,3,True,10240,2048,32,mV,,sample_full_grid
Session1/session1_participant22/session1_participant22_gesture3_trial4,wfdb_header_only_scan,binary(wfdb),"full grid scan (3 participant mẫu: 1, 22, 43 x mọi session/gesture/trial)",1,22,3,4,True,10240,2048,32,mV,,sample_full_grid
Session1/session1_participant22/session1_participant22_gesture3_trial5,wfdb_header_only_scan,binary(wfdb),"full grid scan (3 participant mẫu: 1, 22, 43 x mọi session/gesture/trial)",1,22,3,5,True,10240,2048,32,mV,,sample_full_grid
Session1/session1_participant22/session1_participant22_gesture3_trial6,wfdb_header_only_scan,binary(wfdb),"full grid scan (3 participant mẫu: 1, 22, 43 x mọi session/gesture/trial)",1,22,3,6,True,10240,2048,32,mV,,sample_full_grid
Session1/session1_participant22/session1_participant22_gesture3_trial7,wfdb_header_only_scan,binary(wfdb),"full grid scan (3 participant mẫu: 1, 22, 43 x mọi session/gesture/trial)",1,22,3,7,True,10240,2048,32,mV,,sample_full_grid
Session1/session1_participant22/session1_participant22_gesture4_trial1,wfdb_header_only_scan,binary(wfdb),"full grid scan (3 participant mẫu: 1, 22, 43 x mọi session/gesture/trial)",1,22,4,1,True,10240,2048,32,mV,,sample_full_grid
Session1/session1_participant22/session1_participant22_gesture4_trial2,wfdb_header_only_scan,binary(wfdb),"full grid scan (3 participant mẫu: 1, 22, 43 x mọi session/gesture/trial)",1,22,4,2,True,10240,2048,32,mV,,sample_full_grid
Session1/session1_participant22/session1_participant22_gesture4_trial3,wfdb_header_only_scan,binary(wfdb),"full grid scan (3 participant mẫu: 1, 22, 43 x mọi session/gesture/trial)",1,22,4,3,True,10240,2048,32,mV,,sample_full_grid
Session1/session1_participant22/session1_participant22_gesture4_trial4,wfdb_header_only_scan,binary(wfdb),"full grid scan (3 participant mẫu: 1, 22, 43 x mọi session/gesture/trial)",1,22,4,4,True,10240,2048,32,mV,,sample_full_grid
Session1/session1_participant22/session1_participant22_gesture4_trial5,wfdb_header_only_scan,binary(wfdb),"full grid scan (3 participant mẫu: 1, 22, 43 x mọi session/gesture/trial)",1,22,4,5,True,10240,2048,32,mV,,sample_full_grid
Session1/session1_participant22/session1_participant22_gesture4_trial6,wfdb_header_only_scan,binary(wfdb),"full grid scan (3 participant mẫu: 1, 22, 43 x mọi session/gesture/trial)",1,22,4,6,True,10240,2048,32,mV,,sample_full_grid
Session1/session1_participant22/session1_participant22_gesture4_trial7,wfdb_header_only_scan,binary(wfdb),"full grid scan (3 participant mẫu: 1, 22, 43 x mọi session/gesture/trial)",1,22,4,7,True,10240,2048,32,mV,,sample_full_grid
Session1/session1_participant22/session1_participant22_gesture5_trial1,wfdb_header_only_scan,binary(wfdb),"full grid scan (3 participant mẫu: 1, 22, 43 x mọi session/gesture/trial)",1,22,5,1,True,10240,2048,32,mV,,sample_full_grid
Session1/session1_participant22/session1_participant22_gesture5_trial2,wfdb_header_only_scan,binary(wfdb),"full grid scan (3 participant mẫu: 1, 22, 43 x mọi session/gesture/trial)",1,22,5,2,True,10240,2048,32,mV,,sample_full_grid
Session1/session1_participant22/session1_participant22_gesture5_trial3,wfdb_header_only_scan,binary(wfdb),"full grid scan (3 participant mẫu: 1, 22, 43 x mọi session/gesture/trial)",1,22,5,3,True,10240,2048,32,mV,,sample_full_grid
Session1/session1_participant22/session1_participant22_gesture5_trial4,wfdb_header_only_scan,binary(wfdb),"full grid scan (3 participant mẫu: 1, 22, 43 x mọi session/gesture/trial)",1,22,5,4,True,10240,2048,32,mV,,sample_full_grid
Session1/session1_participant22/session1_participant22_gesture5_trial5,wfdb_header_only_scan,binary(wfdb),"full grid scan (3 participant mẫu: 1, 22, 43 x mọi session/gesture/trial)",1,22,5,5,True,10240,2048,32,mV,,sample_full_grid
Session1/session1_participant22/session1_participant22_gesture5_trial6,wfdb_header_only_scan,binary(wfdb),"full grid scan (3 participant mẫu: 1, 22, 43 x mọi session/gesture/trial)",1,22,5,6,True,10240,2048,32,mV,,sample_full_grid
Session1/session1_participant22/session1_participant22_gesture5_trial7,wfdb_header_only_scan,binary(wfdb),"full grid scan (3 participant mẫu: 1, 22, 43 x mọi session/gesture/trial)",1,22,5,7,True,10240,2048,32,mV,,sample_full_grid
Session1/session1_participant22/session1_participant22_gesture6_trial1,wfdb_header_only_scan,binary(wfdb),"full grid scan (3 participant mẫu: 1, 22, 43 x mọi session/gesture/trial)",1,22,6,1,True,10240,2048,32,mV,,sample_full_grid
Session1/session1_participant22/session1_participant22_gesture6_trial2,wfdb_header_only_scan,binary(wfdb),"full grid scan (3 participant mẫu: 1, 22, 43 x mọi session/gesture/trial)",1,22,6,2,True,10240,2048,32,mV,,sample_full_grid
Session1/session1_participant22/session1_participant22_gesture6_trial3,wfdb_header_only_scan,binary(wfdb),"full grid scan (3 participant mẫu: 1, 22, 43 x mọi session/gesture/trial)",1,22,6,3,True,10240,2048,32,mV,,sample_full_grid
Session1/session1_participant22/session1_participant22_gesture6_trial4,wfdb_header_only_scan,binary(wfdb),"full grid scan (3 participant mẫu: 1, 22, 43 x mọi session/gesture/trial)",1,22,6,4,True,10240,2048,32,mV,,sample_full_grid
Session1/session1_participant22/session1_participant22_gesture6_trial5,wfdb_header_only_scan,binary(wfdb),"full grid scan (3 participant mẫu: 1, 22, 43 x mọi session/gesture/trial)",1,22,6,5,True,10240,2048,32,mV,,sample_full_grid
Session1/session1_participant22/session1_participant22_gesture6_trial6,wfdb_header_only_scan,binary(wfdb),"full grid scan (3 participant mẫu: 1, 22, 43 x mọi session/gesture/trial)",1,22,6,6,True,10240,2048,32,mV,,sample_full_grid
Session1/session1_participant22/session1_participant22_gesture6_trial7,wfdb_header_only_scan,binary(wfdb),"full grid scan (3 participant mẫu: 1, 22, 43 x mọi session/gesture/trial)",1,22,6,7,True,10240,2048,32,mV,,sample_full_grid
Session1/session1_participant22/session1_participant22_gesture7_trial1,wfdb_header_only_scan,binary(wfdb),"full grid scan (3 participant mẫu: 1, 22, 43 x mọi session/gesture/trial)",1,22,7,1,True,10240,2048,32,mV,,sample_full_grid
Session1/session1_participant22/session1_participant22_gesture7_trial2,wfdb_header_only_scan,binary(wfdb),"full grid scan (3 participant mẫu: 1, 22, 43 x mọi session/gesture/trial)",1,22,7,2,True,10240,2048,32,mV,,sample_full_grid
Session1/session1_participant22/session1_participant22_gesture7_trial3,wfdb_header_only_scan,binary(wfdb),"full grid scan (3 participant mẫu: 1, 22, 43 x mọi session/gesture/trial)",1,22,7,3,True,10240,2048,32,mV,,sample_full_grid
Session1/session1_participant22/session1_participant22_gesture7_trial4,wfdb_header_only_scan,binary(wfdb),"full grid scan (3 participant mẫu: 1, 22, 43 x mọi session/gesture/trial)",1,22,7,4,True,10240,2048,32,mV,,sample_full_grid
Session1/session1_participant22/session1_participant22_gesture7_trial5,wfdb_header_only_scan,binary(wfdb),"full grid scan (3 participant mẫu: 1, 22, 43 x mọi session/gesture/trial)",1,22,7,5,True,10240,2048,32,mV,,sample_full_grid
Session1/session1_participant22/session1_participant22_gesture7_trial6,wfdb_header_only_scan,binary(wfdb),"full grid scan (3 participant mẫu: 1, 22, 43 x mọi session/gesture/trial)",1,22,7,6,True,10240,2048,32,mV,,sample_full_grid
Session1/session1_participant22/session1_participant22_gesture7_trial7,wfdb_header_only_scan,binary(wfdb),"full grid scan (3 participant mẫu: 1, 22, 43 x mọi session/gesture/trial)",1,22,7,7,True,10240,2048,32,mV,,sample_full_grid
Session1/session1_participant22/session1_participant22_gesture8_trial1,wfdb_header_only_scan,binary(wfdb),"full grid scan (3 participant mẫu: 1, 22, 43 x mọi session/gesture/trial)",1,22,8,1,True,10240,2048,32,mV,,sample_full_grid
Session1/session1_participant22/session1_participant22_gesture8_trial2,wfdb_header_only_scan,binary(wfdb),"full grid scan (3 participant mẫu: 1, 22, 43 x mọi session/gesture/trial)",1,22,8,2,True,10240,2048,32,mV,,sample_full_grid
Session1/session1_participant22/session1_participant22_gesture8_trial3,wfdb_header_only_scan,binary(wfdb),"full grid scan (3 participant mẫu: 1, 22, 43 x mọi session/gesture/trial)",1,22,8,3,True,10240,2048,32,mV,,sample_full_grid
Session1/session1_participant22/session1_participant22_gesture8_trial4,wfdb_header_only_scan,binary(wfdb),"full grid scan (3 participant mẫu: 1, 22, 43 x mọi session/gesture/trial)",1,22,8,4,True,10240,2048,32,mV,,sample_full_grid
Session1/session1_participant22/session1_participant22_gesture8_trial5,wfdb_header_only_scan,binary(wfdb),"full grid scan (3 participant mẫu: 1, 22, 43 x mọi session/gesture/trial)",1,22,8,5,True,10240,2048,32,mV,,sample_full_grid
Session1/session1_participant22/session1_participant22_gesture8_trial6,wfdb_header_only_scan,binary(wfdb),"full grid scan (3 participant mẫu: 1, 22, 43 x mọi session/gesture/trial)",1,22,8,6,True,10240,2048,32,mV,,sample_full_grid
Session1/session1_participant22/session1_participant22_gesture8_trial7,wfdb_header_only_scan,binary(wfdb),"full grid scan (3 participant mẫu: 1, 22, 43 x mọi session/gesture/trial)",1,22,8,7,True,10240,2048,32,mV,,sample_full_grid
Session1/session1_participant22/session1_participant22_gesture9_trial1,wfdb_header_only_scan,binary(wfdb),"full grid scan (3 participant mẫu: 1, 22, 43 x mọi session/gesture/trial)",1,22,9,1,True,10240,2048,32,mV,,sample_full_grid
Session1/session1_participant22/session1_participant22_gesture9_trial2,wfdb_header_only_scan,binary(wfdb),"full grid scan (3 participant mẫu: 1, 22, 43 x mọi session/gesture/trial)",1,22,9,2,True,10240,2048,32,mV,,sample_full_grid
Session1/session1_participant22/session1_participant22_gesture9_trial3,wfdb_header_only_scan,binary(wfdb),"full grid scan (3 participant mẫu: 1, 22, 43 x mọi session/gesture/trial)",1,22,9,3,True,10240,2048,32,mV,,sample_full_grid
Session1/session1_participant22/session1_participant22_gesture9_trial4,wfdb_header_only_scan,binary(wfdb),"full grid scan (3 participant mẫu: 1, 22, 43 x mọi session/gesture/trial)",1,22,9,4,True,10240,2048,32,mV,,sample_full_grid
Session1/session1_participant22/session1_participant22_gesture9_trial5,wfdb_header_only_scan,binary(wfdb),"full grid scan (3 participant mẫu: 1, 22, 43 x mọi session/gesture/trial)",1,22,9,5,True,10240,2048,32,mV,,sample_full_grid
Session1/session1_participant22/session1_participant22_gesture9_trial6,wfdb_header_only_scan,binary(wfdb),"full grid scan (3 participant mẫu: 1, 22, 43 x mọi session/gesture/trial)",1,22,9,6,True,10240,2048,32,mV,,sample_full_grid
Session1/session1_participant22/session1_participant22_gesture9_trial7,wfdb_header_only_scan,binary(wfdb),"full grid scan (3 participant mẫu: 1, 22, 43 x mọi session/gesture/trial)",1,22,9,7,True,10240,2048,32,mV,,sample_full_grid
Session1/session1_participant22/session1_participant22_gesture10_trial1,wfdb_header_only_scan,binary(wfdb),"full grid scan (3 participant mẫu: 1, 22, 43 x mọi session/gesture/trial)",1,22,10,1,True,10240,2048,32,mV,,sample_full_grid
Session1/session1_participant22/session1_participant22_gesture10_trial2,wfdb_header_only_scan,binary(wfdb),"full grid scan (3 participant mẫu: 1, 22, 43 x mọi session/gesture/trial)",1,22,10,2,True,10240,2048,32,mV,,sample_full_grid
Session1/session1_participant22/session1_participant22_gesture10_trial3,wfdb_header_only_scan,binary(wfdb),"full grid scan (3 participant mẫu: 1, 22, 43 x mọi session/gesture/trial)",1,22,10,3,True,10240,2048,32,mV,,sample_full_grid
Session1/session1_participant22/session1_participant22_gesture10_trial4,wfdb_header_only_scan,binary(wfdb),"full grid scan (3 participant mẫu: 1, 22, 43 x mọi session/gesture/trial)",1,22,10,4,True,10240,2048,32,mV,,sample_full_grid
Session1/session1_participant22/session1_participant22_gesture10_trial5,wfdb_header_only_scan,binary(wfdb),"full grid scan (3 participant mẫu: 1, 22, 43 x mọi session/gesture/trial)",1,22,10,5,True,10240,2048,32,mV,,sample_full_grid
Session1/session1_participant22/session1_participant22_gesture10_trial6,wfdb_header_only_scan,binary(wfdb),"full grid scan (3 participant mẫu: 1, 22, 43 x mọi session/gesture/trial)",1,22,10,6,True,10240,2048,32,mV,,sample_full_grid
Session1/session1_participant22/session1_participant22_gesture10_trial7,wfdb_header_only_scan,binary(wfdb),"full grid scan (3 participant mẫu: 1, 22, 43 x mọi session/gesture/trial)",1,22,10,7,True,10240,2048,32,mV,,sample_full_grid
Session1/session1_participant22/session1_participant22_gesture11_trial1,wfdb_header_only_scan,binary(wfdb),"full grid scan (3 participant mẫu: 1, 22, 43 x mọi session/gesture/trial)",1,22,11,1,True,10240,2048,32,mV,,sample_full_grid
Session1/session1_participant22/session1_participant22_gesture11_trial2,wfdb_header_only_scan,binary(wfdb),"full grid scan (3 participant mẫu: 1, 22, 43 x mọi session/gesture/trial)",1,22,11,2,True,10240,2048,32,mV,,sample_full_grid
Session1/session1_participant22/session1_participant22_gesture11_trial3,wfdb_header_only_scan,binary(wfdb),"full grid scan (3 participant mẫu: 1, 22, 43 x mọi session/gesture/trial)",1,22,11,3,True,10240,2048,32,mV,,sample_full_grid
Session1/session1_participant22/session1_participant22_gesture11_trial4,wfdb_header_only_scan,binary(wfdb),"full grid scan (3 participant mẫu: 1, 22, 43 x mọi session/gesture/trial)",1,22,11,4,True,10240,2048,32,mV,,sample_full_grid
Session1/session1_participant22/session1_participant22_gesture11_trial5,wfdb_header_only_scan,binary(wfdb),"full grid scan (3 participant mẫu: 1, 22, 43 x mọi session/gesture/trial)",1,22,11,5,True,10240,2048,32,mV,,sample_full_grid
Session1/session1_participant22/session1_participant22_gesture11_trial6,wfdb_header_only_scan,binary(wfdb),"full grid scan (3 participant mẫu: 1, 22, 43 x mọi session/gesture/trial)",1,22,11,6,True,10240,2048,32,mV,,sample_full_grid
Session1/session1_participant22/session1_participant22_gesture11_trial7,wfdb_header_only_scan,binary(wfdb),"full grid scan (3 participant mẫu: 1, 22, 43 x mọi session/gesture/trial)",1,22,11,7,True,10240,2048,32,mV,,sample_full_grid
Session1/session1_participant22/session1_participant22_gesture12_trial1,wfdb_header_only_scan,binary(wfdb),"full grid scan (3 participant mẫu: 1, 22, 43 x mọi session/gesture/trial)",1,22,12,1,True,10240,2048,32,mV,,sample_full_grid
Session1/session1_participant22/session1_participant22_gesture12_trial2,wfdb_header_only_scan,binary(wfdb),"full grid scan (3 participant mẫu: 1, 22, 43 x mọi session/gesture/trial)",1,22,12,2,True,10240,2048,32,mV,,sample_full_grid
Session1/session1_participant22/session1_participant22_gesture12_trial3,wfdb_header_only_scan,binary(wfdb),"full grid scan (3 participant mẫu: 1, 22, 43 x mọi session/gesture/trial)",1,22,12,3,True,10240,2048,32,mV,,sample_full_grid
Session1/session1_participant22/session1_participant22_gesture12_trial4,wfdb_header_only_scan,binary(wfdb),"full grid scan (3 participant mẫu: 1, 22, 43 x mọi session/gesture/trial)",1,22,12,4,True,10240,2048,32,mV,,sample_full_grid
Session1/session1_participant22/session1_participant22_gesture12_trial5,wfdb_header_only_scan,binary(wfdb),"full grid scan (3 participant mẫu: 1, 22, 43 x mọi session/gesture/trial)",1,22,12,5,True,10240,2048,32,mV,,sample_full_grid
Session1/session1_participant22/session1_participant22_gesture12_trial6,wfdb_header_only_scan,binary(wfdb),"full grid scan (3 participant mẫu: 1, 22, 43 x mọi session/gesture/trial)",1,22,12,6,True,10240,2048,32,mV,,sample_full_grid
Session1/session1_participant22/session1_participant22_gesture12_trial7,wfdb_header_only_scan,binary(wfdb),"full grid scan (3 participant mẫu: 1, 22, 43 x mọi session/gesture/trial)",1,22,12,7,True,10240,2048,32,mV,,sample_full_grid
Session1/session1_participant22/session1_participant22_gesture13_trial1,wfdb_header_only_scan,binary(wfdb),"full grid scan (3 participant mẫu: 1, 22, 43 x mọi session/gesture/trial)",1,22,13,1,True,10240,2048,32,mV,,sample_full_grid
Session1/session1_participant22/session1_participant22_gesture13_trial2,wfdb_header_only_scan,binary(wfdb),"full grid scan (3 participant mẫu: 1, 22, 43 x mọi session/gesture/trial)",1,22,13,2,True,10240,2048,32,mV,,sample_full_grid
Session1/session1_participant22/session1_participant22_gesture13_trial3,wfdb_header_only_scan,binary(wfdb),"full grid scan (3 participant mẫu: 1, 22, 43 x mọi session/gesture/trial)",1,22,13,3,True,10240,2048,32,mV,,sample_full_grid
Session1/session1_participant22/session1_participant22_gesture13_trial4,wfdb_header_only_scan,binary(wfdb),"full grid scan (3 participant mẫu: 1, 22, 43 x mọi session/gesture/trial)",1,22,13,4,True,10240,2048,32,mV,,sample_full_grid
Session1/session1_participant22/session1_participant22_gesture13_trial5,wfdb_header_only_scan,binary(wfdb),"full grid scan (3 participant mẫu: 1, 22, 43 x mọi session/gesture/trial)",1,22,13,5,True,10240,2048,32,mV,,sample_full_grid
Session1/session1_participant22/session1_participant22_gesture13_trial6,wfdb_header_only_scan,binary(wfdb),"full grid scan (3 participant mẫu: 1, 22, 43 x mọi session/gesture/trial)",1,22,13,6,True,10240,2048,32,mV,,sample_full_grid
Session1/session1_participant22/session1_participant22_gesture13_trial7,wfdb_header_only_scan,binary(wfdb),"full grid scan (3 participant mẫu: 1, 22, 43 x mọi session/gesture/trial)",1,22,13,7,True,10240,2048,32,mV,,sample_full_grid
Session1/session1_participant22/session1_participant22_gesture14_trial1,wfdb_header_only_scan,binary(wfdb),"full grid scan (3 participant mẫu: 1, 22, 43 x mọi session/gesture/trial)",1,22,14,1,True,10240,2048,32,mV,,sample_full_grid
Session1/session1_participant22/session1_participant22_gesture14_trial2,wfdb_header_only_scan,binary(wfdb),"full grid scan (3 participant mẫu: 1, 22, 43 x mọi session/gesture/trial)",1,22,14,2,True,10240,2048,32,mV,,sample_full_grid
Session1/session1_participant22/session1_participant22_gesture14_trial3,wfdb_header_only_scan,binary(wfdb),"full grid scan (3 participant mẫu: 1, 22, 43 x mọi session/gesture/trial)",1,22,14,3,True,10240,2048,32,mV,,sample_full_grid
Session1/session1_participant22/session1_participant22_gesture14_trial4,wfdb_header_only_scan,binary(wfdb),"full grid scan (3 participant mẫu: 1, 22, 43 x mọi session/gesture/trial)",1,22,14,4,True,10240,2048,32,mV,,sample_full_grid
Session1/session1_participant22/session1_participant22_gesture14_trial5,wfdb_header_only_scan,binary(wfdb),"full grid scan (3 participant mẫu: 1, 22, 43 x mọi session/gesture/trial)",1,22,14,5,True,10240,2048,32,mV,,sample_full_grid
Session1/session1_participant22/session1_participant22_gesture14_trial6,wfdb_header_only_scan,binary(wfdb),"full grid scan (3 participant mẫu: 1, 22, 43 x mọi session/gesture/trial)",1,22,14,6,True,10240,2048,32,mV,,sample_full_grid
Session1/session1_participant22/session1_participant22_gesture14_trial7,wfdb_header_only_scan,binary(wfdb),"full grid scan (3 participant mẫu: 1, 22, 43 x mọi session/gesture/trial)",1,22,14,7,True,10240,2048,32,mV,,sample_full_grid
Session1/session1_participant22/session1_participant22_gesture15_trial1,wfdb_header_only_scan,binary(wfdb),"full grid scan (3 participant mẫu: 1, 22, 43 x mọi session/gesture/trial)",1,22,15,1,True,10240,2048,32,mV,,sample_full_grid
Session1/session1_participant22/session1_participant22_gesture15_trial2,wfdb_header_only_scan,binary(wfdb),"full grid scan (3 participant mẫu: 1, 22, 43 x mọi session/gesture/trial)",1,22,15,2,True,10240,2048,32,mV,,sample_full_grid
Session1/session1_participant22/session1_participant22_gesture15_trial3,wfdb_header_only_scan,binary(wfdb),"full grid scan (3 participant mẫu: 1, 22, 43 x mọi session/gesture/trial)",1,22,15,3,True,10240,2048,32,mV,,sample_full_grid
Session1/session1_participant22/session1_participant22_gesture15_trial4,wfdb_header_only_scan,binary(wfdb),"full grid scan (3 participant mẫu: 1, 22, 43 x mọi session/gesture/trial)",1,22,15,4,True,10240,2048,32,mV,,sample_full_grid
Session1/session1_participant22/session1_participant22_gesture15_trial5,wfdb_header_only_scan,binary(wfdb),"full grid scan (3 participant mẫu: 1, 22, 43 x mọi session/gesture/trial)",1,22,15,5,True,10240,2048,32,mV,,sample_full_grid
Session1/session1_participant22/session1_participant22_gesture15_trial6,wfdb_header_only_scan,binary(wfdb),"full grid scan (3 participant mẫu: 1, 22, 43 x mọi session/gesture/trial)",1,22,15,6,True,10240,2048,32,mV,,sample_full_grid
Session1/session1_participant22/session1_participant22_gesture15_trial7,wfdb_header_only_scan,binary(wfdb),"full grid scan (3 participant mẫu: 1, 22, 43 x mọi session/gesture/trial)",1,22,15,7,True,10240,2048,32,mV,,sample_full_grid
Session1/session1_participant22/session1_participant22_gesture16_trial1,wfdb_header_only_scan,binary(wfdb),"full grid scan (3 participant mẫu: 1, 22, 43 x mọi session/gesture/trial)",1,22,16,1,True,10240,2048,32,mV,,sample_full_grid
Session1/session1_participant22/session1_participant22_gesture16_trial2,wfdb_header_only_scan,binary(wfdb),"full grid scan (3 participant mẫu: 1, 22, 43 x mọi session/gesture/trial)",1,22,16,2,True,10240,2048,32,mV,,sample_full_grid
Session1/session1_participant22/session1_participant22_gesture16_trial3,wfdb_header_only_scan,binary(wfdb),"full grid scan (3 participant mẫu: 1, 22, 43 x mọi session/gesture/trial)",1,22,16,3,True,10240,2048,32,mV,,sample_full_grid
Session1/session1_participant22/session1_participant22_gesture16_trial4,wfdb_header_only_scan,binary(wfdb),"full grid scan (3 participant mẫu: 1, 22, 43 x mọi session/gesture/trial)",1,22,16,4,True,10240,2048,32,mV,,sample_full_grid
Session1/session1_participant22/session1_participant22_gesture16_trial5,wfdb_header_only_scan,binary(wfdb),"full grid scan (3 participant mẫu: 1, 22, 43 x mọi session/gesture/trial)",1,22,16,5,True,10240,2048,32,mV,,sample_full_grid
Session1/session1_participant22/session1_participant22_gesture16_trial6,wfdb_header_only_scan,binary(wfdb),"full grid scan (3 participant mẫu: 1, 22, 43 x mọi session/gesture/trial)",1,22,16,6,True,10240,2048,32,mV,,sample_full_grid
Session1/session1_participant22/session1_participant22_gesture16_trial7,wfdb_header_only_scan,binary(wfdb),"full grid scan (3 participant mẫu: 1, 22, 43 x mọi session/gesture/trial)",1,22,16,7,True,10240,2048,32,mV,,sample_full_grid
Session1/session1_participant22/session1_participant22_gesture17_trial1,wfdb_header_only_scan,binary(wfdb),"full grid scan (3 participant mẫu: 1, 22, 43 x mọi session/gesture/trial)",1,22,17,1,True,10240,2048,32,mV,,sample_full_grid
Session1/session1_participant22/session1_participant22_gesture17_trial2,wfdb_header_only_scan,binary(wfdb),"full grid scan (3 participant mẫu: 1, 22, 43 x mọi session/gesture/trial)",1,22,17,2,True,10240,2048,32,mV,,sample_full_grid
Session1/session1_participant22/session1_participant22_gesture17_trial3,wfdb_header_only_scan,binary(wfdb),"full grid scan (3 participant mẫu: 1, 22, 43 x mọi session/gesture/trial)",1,22,17,3,True,10240,2048,32,mV,,sample_full_grid
Session1/session1_participant22/session1_participant22_gesture17_trial4,wfdb_header_only_scan,binary(wfdb),"full grid scan (3 participant mẫu: 1, 22, 43 x mọi session/gesture/trial)",1,22,17,4,True,10240,2048,32,mV,,sample_full_grid
Session1/session1_participant22/session1_participant22_gesture17_trial5,wfdb_header_only_scan,binary(wfdb),"full grid scan (3 participant mẫu: 1, 22, 43 x mọi session/gesture/trial)",1,22,17,5,True,10240,2048,32,mV,,sample_full_grid
Session1/session1_participant22/session1_participant22_gesture17_trial6,wfdb_header_only_scan,binary(wfdb),"full grid scan (3 participant mẫu: 1, 22, 43 x mọi session/gesture/trial)",1,22,17,6,True,10240,2048,32,mV,,sample_full_grid
Session1/session1_participant22/session1_participant22_gesture17_trial7,wfdb_header_only_scan,binary(wfdb),"full grid scan (3 participant mẫu: 1, 22, 43 x mọi session/gesture/trial)",1,22,17,7,True,10240,2048,32,mV,,sample_full_grid
Session1/session1_participant23/session1_participant23_gesture1_trial1,wfdb_header_only_scan,binary(wfdb),"participant-existence check (session1/gesture1/trial1, mọi participant 1-43)",1,23,1,1,True,10240,2048,32,mV,,participant_existence
Session1/session1_participant24/session1_participant24_gesture1_trial1,wfdb_header_only_scan,binary(wfdb),"participant-existence check (session1/gesture1/trial1, mọi participant 1-43)",1,24,1,1,True,10240,2048,32,mV,,participant_existence
Session1/session1_participant25/session1_participant25_gesture1_trial1,wfdb_header_only_scan,binary(wfdb),"participant-existence check (session1/gesture1/trial1, mọi participant 1-43)",1,25,1,1,True,10240,2048,32,mV,,participant_existence
Session1/session1_participant26/session1_participant26_gesture1_trial1,wfdb_header_only_scan,binary(wfdb),"participant-existence check (session1/gesture1/trial1, mọi participant 1-43)",1,26,1,1,True,10240,2048,32,mV,,participant_existence
Session1/session1_participant27/session1_participant27_gesture1_trial1,wfdb_header_only_scan,binary(wfdb),"participant-existence check (session1/gesture1/trial1, mọi participant 1-43)",1,27,1,1,True,10240,2048,32,mV,,participant_existence
Session1/session1_participant28/session1_participant28_gesture1_trial1,wfdb_header_only_scan,binary(wfdb),"participant-existence check (session1/gesture1/trial1, mọi participant 1-43)",1,28,1,1,True,10240,2048,32,mV,,participant_existence
Session1/session1_participant29/session1_participant29_gesture1_trial1,wfdb_header_only_scan,binary(wfdb),"participant-existence check (session1/gesture1/trial1, mọi participant 1-43)",1,29,1,1,True,10240,2048,32,mV,,participant_existence
Session1/session1_participant30/session1_participant30_gesture1_trial1,wfdb_header_only_scan,binary(wfdb),"participant-existence check (session1/gesture1/trial1, mọi participant 1-43)",1,30,1,1,True,10240,2048,32,mV,,participant_existence
Session1/session1_participant31/session1_participant31_gesture1_trial1,wfdb_header_only_scan,binary(wfdb),"participant-existence check (session1/gesture1/trial1, mọi participant 1-43)",1,31,1,1,True,10240,2048,32,mV,,participant_existence
Session1/session1_participant32/session1_participant32_gesture1_trial1,wfdb_header_only_scan,binary(wfdb),"participant-existence check (session1/gesture1/trial1, mọi participant 1-43)",1,32,1,1,True,10240,2048,32,mV,,participant_existence
Session1/session1_participant33/session1_participant33_gesture1_trial1,wfdb_header_only_scan,binary(wfdb),"participant-existence check (session1/gesture1/trial1, mọi participant 1-43)",1,33,1,1,True,10240,2048,32,mV,,participant_existence
Session1/session1_participant34/session1_participant34_gesture1_trial1,wfdb_header_only_scan,binary(wfdb),"participant-existence check (session1/gesture1/trial1, mọi participant 1-43)",1,34,1,1,True,10240,2048,32,mV,,participant_existence
Session1/session1_participant35/session1_participant35_gesture1_trial1,wfdb_header_only_scan,binary(wfdb),"participant-existence check (session1/gesture1/trial1, mọi participant 1-43)",1,35,1,1,True,10240,2048,32,mV,,participant_existence
Session1/session1_participant36/session1_participant36_gesture1_trial1,wfdb_header_only_scan,binary(wfdb),"participant-existence check (session1/gesture1/trial1, mọi participant 1-43)",1,36,1,1,True,10240,2048,32,mV,,participant_existence
Session1/session1_participant37/session1_participant37_gesture1_trial1,wfdb_header_only_scan,binary(wfdb),"participant-existence check (session1/gesture1/trial1, mọi participant 1-43)",1,37,1,1,True,10240,2048,32,mV,,participant_existence
Session1/session1_participant38/session1_participant38_gesture1_trial1,wfdb_header_only_scan,binary(wfdb),"participant-existence check (session1/gesture1/trial1, mọi participant 1-43)",1,38,1,1,True,10240,2048,32,mV,,participant_existence
Session1/session1_participant39/session1_participant39_gesture1_trial1,wfdb_header_only_scan,binary(wfdb),"participant-existence check (session1/gesture1/trial1, mọi participant 1-43)",1,39,1,1,True,10240,2048,32,mV,,participant_existence
Session1/session1_participant40/session1_participant40_gesture1_trial1,wfdb_header_only_scan,binary(wfdb),"participant-existence check (session1/gesture1/trial1, mọi participant 1-43)",1,40,1,1,True,10240,2048,32,mV,,participant_existence
Session1/session1_participant41/session1_participant41_gesture1_trial1,wfdb_header_only_scan,binary(wfdb),"participant-existence check (session1/gesture1/trial1, mọi participant 1-43)",1,41,1,1,True,10240,2048,32,mV,,participant_existence
Session1/session1_participant42/session1_participant42_gesture1_trial1,wfdb_header_only_scan,binary(wfdb),"participant-existence check (session1/gesture1/trial1, mọi participant 1-43)",1,42,1,1,True,10240,2048,32,mV,,participant_existence
Session1/session1_participant43/session1_participant43_gesture1_trial1,wfdb_header_only_scan,binary(wfdb),"participant-existence check (session1/gesture1/trial1, mọi participant 1-43)",1,43,1,1,True,10240,2048,32,mV,,participant_existence
Session1/session1_participant43/session1_participant43_gesture1_trial2,wfdb_header_only_scan,binary(wfdb),"full grid scan (3 participant mẫu: 1, 22, 43 x mọi session/gesture/trial)",1,43,1,2,True,10240,2048,32,mV,,sample_full_grid
Session1/session1_participant43/session1_participant43_gesture1_trial3,wfdb_header_only_scan,binary(wfdb),"full grid scan (3 participant mẫu: 1, 22, 43 x mọi session/gesture/trial)",1,43,1,3,True,10240,2048,32,mV,,sample_full_grid
Session1/session1_participant43/session1_participant43_gesture1_trial4,wfdb_header_only_scan,binary(wfdb),"full grid scan (3 participant mẫu: 1, 22, 43 x mọi session/gesture/trial)",1,43,1,4,True,10240,2048,32,mV,,sample_full_grid
Session1/session1_participant43/session1_participant43_gesture1_trial5,wfdb_header_only_scan,binary(wfdb),"full grid scan (3 participant mẫu: 1, 22, 43 x mọi session/gesture/trial)",1,43,1,5,True,10240,2048,32,mV,,sample_full_grid
Session1/session1_participant43/session1_participant43_gesture1_trial6,wfdb_header_only_scan,binary(wfdb),"full grid scan (3 participant mẫu: 1, 22, 43 x mọi session/gesture/trial)",1,43,1,6,True,10240,2048,32,mV,,sample_full_grid
Session1/session1_participant43/session1_participant43_gesture1_trial7,wfdb_header_only_scan,binary(wfdb),"full grid scan (3 participant mẫu: 1, 22, 43 x mọi session/gesture/trial)",1,43,1,7,True,10240,2048,32,mV,,sample_full_grid
Session1/session1_participant43/session1_participant43_gesture2_trial1,wfdb_header_only_scan,binary(wfdb),"full grid scan (3 participant mẫu: 1, 22, 43 x mọi session/gesture/trial)",1,43,2,1,True,10240,2048,32,mV,,sample_full_grid
Session1/session1_participant43/session1_participant43_gesture2_trial2,wfdb_header_only_scan,binary(wfdb),"full grid scan (3 participant mẫu: 1, 22, 43 x mọi session/gesture/trial)",1,43,2,2,True,10240,2048,32,mV,,sample_full_grid
Session1/session1_participant43/session1_participant43_gesture2_trial3,wfdb_header_only_scan,binary(wfdb),"full grid scan (3 participant mẫu: 1, 22, 43 x mọi session/gesture/trial)",1,43,2,3,True,10240,2048,32,mV,,sample_full_grid
Session1/session1_participant43/session1_participant43_gesture2_trial4,wfdb_header_only_scan,binary(wfdb),"full grid scan (3 participant mẫu: 1, 22, 43 x mọi session/gesture/trial)",1,43,2,4,True,10240,2048,32,mV,,sample_full_grid
Session1/session1_participant43/session1_participant43_gesture2_trial5,wfdb_header_only_scan,binary(wfdb),"full grid scan (3 participant mẫu: 1, 22, 43 x mọi session/gesture/trial)",1,43,2,5,True,10240,2048,32,mV,,sample_full_grid
Session1/session1_participant43/session1_participant43_gesture2_trial6,wfdb_header_only_scan,binary(wfdb),"full grid scan (3 participant mẫu: 1, 22, 43 x mọi session/gesture/trial)",1,43,2,6,True,10240,2048,32,mV,,sample_full_grid
Session1/session1_participant43/session1_participant43_gesture2_trial7,wfdb_header_only_scan,binary(wfdb),"full grid scan (3 participant mẫu: 1, 22, 43 x mọi session/gesture/trial)",1,43,2,7,True,10240,2048,32,mV,,sample_full_grid
Session1/session1_participant43/session1_participant43_gesture3_trial1,wfdb_header_only_scan,binary(wfdb),"full grid scan (3 participant mẫu: 1, 22, 43 x mọi session/gesture/trial)",1,43,3,1,True,10240,2048,32,mV,,sample_full_grid
Session1/session1_participant43/session1_participant43_gesture3_trial2,wfdb_header_only_scan,binary(wfdb),"full grid scan (3 participant mẫu: 1, 22, 43 x mọi session/gesture/trial)",1,43,3,2,True,10240,2048,32,mV,,sample_full_grid
Session1/session1_participant43/session1_participant43_gesture3_trial3,wfdb_header_only_scan,binary(wfdb),"full grid scan (3 participant mẫu: 1, 22, 43 x mọi session/gesture/trial)",1,43,3,3,True,10240,2048,32,mV,,sample_full_grid
Session1/session1_participant43/session1_participant43_gesture3_trial4,wfdb_header_only_scan,binary(wfdb),"full grid scan (3 participant mẫu: 1, 22, 43 x mọi session/gesture/trial)",1,43,3,4,True,10240,2048,32,mV,,sample_full_grid
Session1/session1_participant43/session1_participant43_gesture3_trial5,wfdb_header_only_scan,binary(wfdb),"full grid scan (3 participant mẫu: 1, 22, 43 x mọi session/gesture/trial)",1,43,3,5,True,10240,2048,32,mV,,sample_full_grid
Session1/session1_participant43/session1_participant43_gesture3_trial6,wfdb_header_only_scan,binary(wfdb),"full grid scan (3 participant mẫu: 1, 22, 43 x mọi session/gesture/trial)",1,43,3,6,True,10240,2048,32,mV,,sample_full_grid
Session1/session1_participant43/session1_participant43_gesture3_trial7,wfdb_header_only_scan,binary(wfdb),"full grid scan (3 participant mẫu: 1, 22, 43 x mọi session/gesture/trial)",1,43,3,7,True,10240,2048,32,mV,,sample_full_grid
Session1/session1_participant43/session1_participant43_gesture4_trial1,wfdb_header_only_scan,binary(wfdb),"full grid scan (3 participant mẫu: 1, 22, 43 x mọi session/gesture/trial)",1,43,4,1,True,10240,2048,32,mV,,sample_full_grid
Session1/session1_participant43/session1_participant43_gesture4_trial2,wfdb_header_only_scan,binary(wfdb),"full grid scan (3 participant mẫu: 1, 22, 43 x mọi session/gesture/trial)",1,43,4,2,True,10240,2048,32,mV,,sample_full_grid
Session1/session1_participant43/session1_participant43_gesture4_trial3,wfdb_header_only_scan,binary(wfdb),"full grid scan (3 participant mẫu: 1, 22, 43 x mọi session/gesture/trial)",1,43,4,3,True,10240,2048,32,mV,,sample_full_grid
Session1/session1_participant43/session1_participant43_gesture4_trial4,wfdb_header_only_scan,binary(wfdb),"full grid scan (3 participant mẫu: 1, 22, 43 x mọi session/gesture/trial)",1,43,4,4,True,10240,2048,32,mV,,sample_full_grid
Session1/session1_participant43/session1_participant43_gesture4_trial5,wfdb_header_only_scan,binary(wfdb),"full grid scan (3 participant mẫu: 1, 22, 43 x mọi session/gesture/trial)",1,43,4,5,True,10240,2048,32,mV,,sample_full_grid
Session1/session1_participant43/session1_participant43_gesture4_trial6,wfdb_header_only_scan,binary(wfdb),"full grid scan (3 participant mẫu: 1, 22, 43 x mọi session/gesture/trial)",1,43,4,6,True,10240,2048,32,mV,,sample_full_grid
Session1/session1_participant43/session1_participant43_gesture4_trial7,wfdb_header_only_scan,binary(wfdb),"full grid scan (3 participant mẫu: 1, 22, 43 x mọi session/gesture/trial)",1,43,4,7,True,10240,2048,32,mV,,sample_full_grid
Session1/session1_participant43/session1_participant43_gesture5_trial1,wfdb_header_only_scan,binary(wfdb),"full grid scan (3 participant mẫu: 1, 22, 43 x mọi session/gesture/trial)",1,43,5,1,True,10240,2048,32,mV,,sample_full_grid
Session1/session1_participant43/session1_participant43_gesture5_trial2,wfdb_header_only_scan,binary(wfdb),"full grid scan (3 participant mẫu: 1, 22, 43 x mọi session/gesture/trial)",1,43,5,2,True,10240,2048,32,mV,,sample_full_grid
Session1/session1_participant43/session1_participant43_gesture5_trial3,wfdb_header_only_scan,binary(wfdb),"full grid scan (3 participant mẫu: 1, 22, 43 x mọi session/gesture/trial)",1,43,5,3,True,10240,2048,32,mV,,sample_full_grid
Session1/session1_participant43/session1_participant43_gesture5_trial4,wfdb_header_only_scan,binary(wfdb),"full grid scan (3 participant mẫu: 1, 22, 43 x mọi session/gesture/trial)",1,43,5,4,True,10240,2048,32,mV,,sample_full_grid
Session1/session1_participant43/session1_participant43_gesture5_trial5,wfdb_header_only_scan,binary(wfdb),"full grid scan (3 participant mẫu: 1, 22, 43 x mọi session/gesture/trial)",1,43,5,5,True,10240,2048,32,mV,,sample_full_grid
Session1/session1_participant43/session1_participant43_gesture5_trial6,wfdb_header_only_scan,binary(wfdb),"full grid scan (3 participant mẫu: 1, 22, 43 x mọi session/gesture/trial)",1,43,5,6,True,10240,2048,32,mV,,sample_full_grid
Session1/session1_participant43/session1_participant43_gesture5_trial7,wfdb_header_only_scan,binary(wfdb),"full grid scan (3 participant mẫu: 1, 22, 43 x mọi session/gesture/trial)",1,43,5,7,True,10240,2048,32,mV,,sample_full_grid
Session1/session1_participant43/session1_participant43_gesture6_trial1,wfdb_header_only_scan,binary(wfdb),"full grid scan (3 participant mẫu: 1, 22, 43 x mọi session/gesture/trial)",1,43,6,1,True,10240,2048,32,mV,,sample_full_grid
Session1/session1_participant43/session1_participant43_gesture6_trial2,wfdb_header_only_scan,binary(wfdb),"full grid scan (3 participant mẫu: 1, 22, 43 x mọi session/gesture/trial)",1,43,6,2,True,10240,2048,32,mV,,sample_full_grid
Session1/session1_participant43/session1_participant43_gesture6_trial3,wfdb_header_only_scan,binary(wfdb),"full grid scan (3 participant mẫu: 1, 22, 43 x mọi session/gesture/trial)",1,43,6,3,True,10240,2048,32,mV,,sample_full_grid
Session1/session1_participant43/session1_participant43_gesture6_trial4,wfdb_header_only_scan,binary(wfdb),"full grid scan (3 participant mẫu: 1, 22, 43 x mọi session/gesture/trial)",1,43,6,4,True,10240,2048,32,mV,,sample_full_grid
Session1/session1_participant43/session1_participant43_gesture6_trial5,wfdb_header_only_scan,binary(wfdb),"full grid scan (3 participant mẫu: 1, 22, 43 x mọi session/gesture/trial)",1,43,6,5,True,10240,2048,32,mV,,sample_full_grid
Session1/session1_participant43/session1_participant43_gesture6_trial6,wfdb_header_only_scan,binary(wfdb),"full grid scan (3 participant mẫu: 1, 22, 43 x mọi session/gesture/trial)",1,43,6,6,True,10240,2048,32,mV,,sample_full_grid
Session1/session1_participant43/session1_participant43_gesture6_trial7,wfdb_header_only_scan,binary(wfdb),"full grid scan (3 participant mẫu: 1, 22, 43 x mọi session/gesture/trial)",1,43,6,7,True,10240,2048,32,mV,,sample_full_grid
Session1/session1_participant43/session1_participant43_gesture7_trial1,wfdb_header_only_scan,binary(wfdb),"full grid scan (3 participant mẫu: 1, 22, 43 x mọi session/gesture/trial)",1,43,7,1,True,10240,2048,32,mV,,sample_full_grid
Session1/session1_participant43/session1_participant43_gesture7_trial2,wfdb_header_only_scan,binary(wfdb),"full grid scan (3 participant mẫu: 1, 22, 43 x mọi session/gesture/trial)",1,43,7,2,True,10240,2048,32,mV,,sample_full_grid
Session1/session1_participant43/session1_participant43_gesture7_trial3,wfdb_header_only_scan,binary(wfdb),"full grid scan (3 participant mẫu: 1, 22, 43 x mọi session/gesture/trial)",1,43,7,3,True,10240,2048,32,mV,,sample_full_grid
Session1/session1_participant43/session1_participant43_gesture7_trial4,wfdb_header_only_scan,binary(wfdb),"full grid scan (3 participant mẫu: 1, 22, 43 x mọi session/gesture/trial)",1,43,7,4,True,10240,2048,32,mV,,sample_full_grid
Session1/session1_participant43/session1_participant43_gesture7_trial5,wfdb_header_only_scan,binary(wfdb),"full grid scan (3 participant mẫu: 1, 22, 43 x mọi session/gesture/trial)",1,43,7,5,True,10240,2048,32,mV,,sample_full_grid
Session1/session1_participant43/session1_participant43_gesture7_trial6,wfdb_header_only_scan,binary(wfdb),"full grid scan (3 participant mẫu: 1, 22, 43 x mọi session/gesture/trial)",1,43,7,6,True,10240,2048,32,mV,,sample_full_grid
Session1/session1_participant43/session1_participant43_gesture7_trial7,wfdb_header_only_scan,binary(wfdb),"full grid scan (3 participant mẫu: 1, 22, 43 x mọi session/gesture/trial)",1,43,7,7,True,10240,2048,32,mV,,sample_full_grid
Session1/session1_participant43/session1_participant43_gesture8_trial1,wfdb_header_only_scan,binary(wfdb),"full grid scan (3 participant mẫu: 1, 22, 43 x mọi session/gesture/trial)",1,43,8,1,True,10240,2048,32,mV,,sample_full_grid
Session1/session1_participant43/session1_participant43_gesture8_trial2,wfdb_header_only_scan,binary(wfdb),"full grid scan (3 participant mẫu: 1, 22, 43 x mọi session/gesture/trial)",1,43,8,2,True,10240,2048,32,mV,,sample_full_grid
Session1/session1_participant43/session1_participant43_gesture8_trial3,wfdb_header_only_scan,binary(wfdb),"full grid scan (3 participant mẫu: 1, 22, 43 x mọi session/gesture/trial)",1,43,8,3,True,10240,2048,32,mV,,sample_full_grid
Session1/session1_participant43/session1_participant43_gesture8_trial4,wfdb_header_only_scan,binary(wfdb),"full grid scan (3 participant mẫu: 1, 22, 43 x mọi session/gesture/trial)",1,43,8,4,True,10240,2048,32,mV,,sample_full_grid
Session1/session1_participant43/session1_participant43_gesture8_trial5,wfdb_header_only_scan,binary(wfdb),"full grid scan (3 participant mẫu: 1, 22, 43 x mọi session/gesture/trial)",1,43,8,5,True,10240,2048,32,mV,,sample_full_grid
Session1/session1_participant43/session1_participant43_gesture8_trial6,wfdb_header_only_scan,binary(wfdb),"full grid scan (3 participant mẫu: 1, 22, 43 x mọi session/gesture/trial)",1,43,8,6,True,10240,2048,32,mV,,sample_full_grid
Session1/session1_participant43/session1_participant43_gesture8_trial7,wfdb_header_only_scan,binary(wfdb),"full grid scan (3 participant mẫu: 1, 22, 43 x mọi session/gesture/trial)",1,43,8,7,True,10240,2048,32,mV,,sample_full_grid
Session1/session1_participant43/session1_participant43_gesture9_trial1,wfdb_header_only_scan,binary(wfdb),"full grid scan (3 participant mẫu: 1, 22, 43 x mọi session/gesture/trial)",1,43,9,1,True,10240,2048,32,mV,,sample_full_grid
Session1/session1_participant43/session1_participant43_gesture9_trial2,wfdb_header_only_scan,binary(wfdb),"full grid scan (3 participant mẫu: 1, 22, 43 x mọi session/gesture/trial)",1,43,9,2,True,10240,2048,32,mV,,sample_full_grid
Session1/session1_participant43/session1_participant43_gesture9_trial3,wfdb_header_only_scan,binary(wfdb),"full grid scan (3 participant mẫu: 1, 22, 43 x mọi session/gesture/trial)",1,43,9,3,True,10240,2048,32,mV,,sample_full_grid
Session1/session1_participant43/session1_participant43_gesture9_trial4,wfdb_header_only_scan,binary(wfdb),"full grid scan (3 participant mẫu: 1, 22, 43 x mọi session/gesture/trial)",1,43,9,4,True,10240,2048,32,mV,,sample_full_grid
Session1/session1_participant43/session1_participant43_gesture9_trial5,wfdb_header_only_scan,binary(wfdb),"full grid scan (3 participant mẫu: 1, 22, 43 x mọi session/gesture/trial)",1,43,9,5,True,10240,2048,32,mV,,sample_full_grid
Session1/session1_participant43/session1_participant43_gesture9_trial6,wfdb_header_only_scan,binary(wfdb),"full grid scan (3 participant mẫu: 1, 22, 43 x mọi session/gesture/trial)",1,43,9,6,True,10240,2048,32,mV,,sample_full_grid
Session1/session1_participant43/session1_participant43_gesture9_trial7,wfdb_header_only_scan,binary(wfdb),"full grid scan (3 participant mẫu: 1, 22, 43 x mọi session/gesture/trial)",1,43,9,7,True,10240,2048,32,mV,,sample_full_grid
Session1/session1_participant43/session1_participant43_gesture10_trial1,wfdb_header_only_scan,binary(wfdb),"full grid scan (3 participant mẫu: 1, 22, 43 x mọi session/gesture/trial)",1,43,10,1,True,10240,2048,32,mV,,sample_full_grid
Session1/session1_participant43/session1_participant43_gesture10_trial2,wfdb_header_only_scan,binary(wfdb),"full grid scan (3 participant mẫu: 1, 22, 43 x mọi session/gesture/trial)",1,43,10,2,True,10240,2048,32,mV,,sample_full_grid
Session1/session1_participant43/session1_participant43_gesture10_trial3,wfdb_header_only_scan,binary(wfdb),"full grid scan (3 participant mẫu: 1, 22, 43 x mọi session/gesture/trial)",1,43,10,3,True,10240,2048,32,mV,,sample_full_grid
Session1/session1_participant43/session1_participant43_gesture10_trial4,wfdb_header_only_scan,binary(wfdb),"full grid scan (3 participant mẫu: 1, 22, 43 x mọi session/gesture/trial)",1,43,10,4,True,10240,2048,32,mV,,sample_full_grid
Session1/session1_participant43/session1_participant43_gesture10_trial5,wfdb_header_only_scan,binary(wfdb),"full grid scan (3 participant mẫu: 1, 22, 43 x mọi session/gesture/trial)",1,43,10,5,True,10240,2048,32,mV,,sample_full_grid
Session1/session1_participant43/session1_participant43_gesture10_trial6,wfdb_header_only_scan,binary(wfdb),"full grid scan (3 participant mẫu: 1, 22, 43 x mọi session/gesture/trial)",1,43,10,6,True,10240,2048,32,mV,,sample_full_grid
Session1/session1_participant43/session1_participant43_gesture10_trial7,wfdb_header_only_scan,binary(wfdb),"full grid scan (3 participant mẫu: 1, 22, 43 x mọi session/gesture/trial)",1,43,10,7,True,10240,2048,32,mV,,sample_full_grid
Session1/session1_participant43/session1_participant43_gesture11_trial1,wfdb_header_only_scan,binary(wfdb),"full grid scan (3 participant mẫu: 1, 22, 43 x mọi session/gesture/trial)",1,43,11,1,True,10240,2048,32,mV,,sample_full_grid
Session1/session1_participant43/session1_participant43_gesture11_trial2,wfdb_header_only_scan,binary(wfdb),"full grid scan (3 participant mẫu: 1, 22, 43 x mọi session/gesture/trial)",1,43,11,2,True,10240,2048,32,mV,,sample_full_grid
Session1/session1_participant43/session1_participant43_gesture11_trial3,wfdb_header_only_scan,binary(wfdb),"full grid scan (3 participant mẫu: 1, 22, 43 x mọi session/gesture/trial)",1,43,11,3,True,10240,2048,32,mV,,sample_full_grid
Session1/session1_participant43/session1_participant43_gesture11_trial4,wfdb_header_only_scan,binary(wfdb),"full grid scan (3 participant mẫu: 1, 22, 43 x mọi session/gesture/trial)",1,43,11,4,True,10240,2048,32,mV,,sample_full_grid
Session1/session1_participant43/session1_participant43_gesture11_trial5,wfdb_header_only_scan,binary(wfdb),"full grid scan (3 participant mẫu: 1, 22, 43 x mọi session/gesture/trial)",1,43,11,5,True,10240,2048,32,mV,,sample_full_grid
Session1/session1_participant43/session1_participant43_gesture11_trial6,wfdb_header_only_scan,binary(wfdb),"full grid scan (3 participant mẫu: 1, 22, 43 x mọi session/gesture/trial)",1,43,11,6,True,10240,2048,32,mV,,sample_full_grid
Session1/session1_participant43/session1_participant43_gesture11_trial7,wfdb_header_only_scan,binary(wfdb),"full grid scan (3 participant mẫu: 1, 22, 43 x mọi session/gesture/trial)",1,43,11,7,True,10240,2048,32,mV,,sample_full_grid
Session1/session1_participant43/session1_participant43_gesture12_trial1,wfdb_header_only_scan,binary(wfdb),"full grid scan (3 participant mẫu: 1, 22, 43 x mọi session/gesture/trial)",1,43,12,1,True,10240,2048,32,mV,,sample_full_grid
Session1/session1_participant43/session1_participant43_gesture12_trial2,wfdb_header_only_scan,binary(wfdb),"full grid scan (3 participant mẫu: 1, 22, 43 x mọi session/gesture/trial)",1,43,12,2,True,10240,2048,32,mV,,sample_full_grid
Session1/session1_participant43/session1_participant43_gesture12_trial3,wfdb_header_only_scan,binary(wfdb),"full grid scan (3 participant mẫu: 1, 22, 43 x mọi session/gesture/trial)",1,43,12,3,True,10240,2048,32,mV,,sample_full_grid
Session1/session1_participant43/session1_participant43_gesture12_trial4,wfdb_header_only_scan,binary(wfdb),"full grid scan (3 participant mẫu: 1, 22, 43 x mọi session/gesture/trial)",1,43,12,4,True,10240,2048,32,mV,,sample_full_grid
Session1/session1_participant43/session1_participant43_gesture12_trial5,wfdb_header_only_scan,binary(wfdb),"full grid scan (3 participant mẫu: 1, 22, 43 x mọi session/gesture/trial)",1,43,12,5,True,10240,2048,32,mV,,sample_full_grid
Session1/session1_participant43/session1_participant43_gesture12_trial6,wfdb_header_only_scan,binary(wfdb),"full grid scan (3 participant mẫu: 1, 22, 43 x mọi session/gesture/trial)",1,43,12,6,True,10240,2048,32,mV,,sample_full_grid
Session1/session1_participant43/session1_participant43_gesture12_trial7,wfdb_header_only_scan,binary(wfdb),"full grid scan (3 participant mẫu: 1, 22, 43 x mọi session/gesture/trial)",1,43,12,7,True,10240,2048,32,mV,,sample_full_grid
Session1/session1_participant43/session1_participant43_gesture13_trial1,wfdb_header_only_scan,binary(wfdb),"full grid scan (3 participant mẫu: 1, 22, 43 x mọi session/gesture/trial)",1,43,13,1,True,10240,2048,32,mV,,sample_full_grid
Session1/session1_participant43/session1_participant43_gesture13_trial2,wfdb_header_only_scan,binary(wfdb),"full grid scan (3 participant mẫu: 1, 22, 43 x mọi session/gesture/trial)",1,43,13,2,True,10240,2048,32,mV,,sample_full_grid
Session1/session1_participant43/session1_participant43_gesture13_trial3,wfdb_header_only_scan,binary(wfdb),"full grid scan (3 participant mẫu: 1, 22, 43 x mọi session/gesture/trial)",1,43,13,3,True,10240,2048,32,mV,,sample_full_grid
Session1/session1_participant43/session1_participant43_gesture13_trial4,wfdb_header_only_scan,binary(wfdb),"full grid scan (3 participant mẫu: 1, 22, 43 x mọi session/gesture/trial)",1,43,13,4,True,10240,2048,32,mV,,sample_full_grid
Session1/session1_participant43/session1_participant43_gesture13_trial5,wfdb_header_only_scan,binary(wfdb),"full grid scan (3 participant mẫu: 1, 22, 43 x mọi session/gesture/trial)",1,43,13,5,True,10240,2048,32,mV,,sample_full_grid
Session1/session1_participant43/session1_participant43_gesture13_trial6,wfdb_header_only_scan,binary(wfdb),"full grid scan (3 participant mẫu: 1, 22, 43 x mọi session/gesture/trial)",1,43,13,6,True,10240,2048,32,mV,,sample_full_grid
Session1/session1_participant43/session1_participant43_gesture13_trial7,wfdb_header_only_scan,binary(wfdb),"full grid scan (3 participant mẫu: 1, 22, 43 x mọi session/gesture/trial)",1,43,13,7,True,10240,2048,32,mV,,sample_full_grid
Session1/session1_participant43/session1_participant43_gesture14_trial1,wfdb_header_only_scan,binary(wfdb),"full grid scan (3 participant mẫu: 1, 22, 43 x mọi session/gesture/trial)",1,43,14,1,True,10240,2048,32,mV,,sample_full_grid
Session1/session1_participant43/session1_participant43_gesture14_trial2,wfdb_header_only_scan,binary(wfdb),"full grid scan (3 participant mẫu: 1, 22, 43 x mọi session/gesture/trial)",1,43,14,2,True,10240,2048,32,mV,,sample_full_grid
Session1/session1_participant43/session1_participant43_gesture14_trial3,wfdb_header_only_scan,binary(wfdb),"full grid scan (3 participant mẫu: 1, 22, 43 x mọi session/gesture/trial)",1,43,14,3,True,10240,2048,32,mV,,sample_full_grid
Session1/session1_participant43/session1_participant43_gesture14_trial4,wfdb_header_only_scan,binary(wfdb),"full grid scan (3 participant mẫu: 1, 22, 43 x mọi session/gesture/trial)",1,43,14,4,True,10240,2048,32,mV,,sample_full_grid
Session1/session1_participant43/session1_participant43_gesture14_trial5,wfdb_header_only_scan,binary(wfdb),"full grid scan (3 participant mẫu: 1, 22, 43 x mọi session/gesture/trial)",1,43,14,5,True,10240,2048,32,mV,,sample_full_grid
Session1/session1_participant43/session1_participant43_gesture14_trial6,wfdb_header_only_scan,binary(wfdb),"full grid scan (3 participant mẫu: 1, 22, 43 x mọi session/gesture/trial)",1,43,14,6,True,10240,2048,32,mV,,sample_full_grid
Session1/session1_participant43/session1_participant43_gesture14_trial7,wfdb_header_only_scan,binary(wfdb),"full grid scan (3 participant mẫu: 1, 22, 43 x mọi session/gesture/trial)",1,43,14,7,True,10240,2048,32,mV,,sample_full_grid
Session1/session1_participant43/session1_participant43_gesture15_trial1,wfdb_header_only_scan,binary(wfdb),"full grid scan (3 participant mẫu: 1, 22, 43 x mọi session/gesture/trial)",1,43,15,1,True,10240,2048,32,mV,,sample_full_grid
Session1/session1_participant43/session1_participant43_gesture15_trial2,wfdb_header_only_scan,binary(wfdb),"full grid scan (3 participant mẫu: 1, 22, 43 x mọi session/gesture/trial)",1,43,15,2,True,10240,2048,32,mV,,sample_full_grid
Session1/session1_participant43/session1_participant43_gesture15_trial3,wfdb_header_only_scan,binary(wfdb),"full grid scan (3 participant mẫu: 1, 22, 43 x mọi session/gesture/trial)",1,43,15,3,True,10240,2048,32,mV,,sample_full_grid
Session1/session1_participant43/session1_participant43_gesture15_trial4,wfdb_header_only_scan,binary(wfdb),"full grid scan (3 participant mẫu: 1, 22, 43 x mọi session/gesture/trial)",1,43,15,4,True,10240,2048,32,mV,,sample_full_grid
Session1/session1_participant43/session1_participant43_gesture15_trial5,wfdb_header_only_scan,binary(wfdb),"full grid scan (3 participant mẫu: 1, 22, 43 x mọi session/gesture/trial)",1,43,15,5,True,10240,2048,32,mV,,sample_full_grid
Session1/session1_participant43/session1_participant43_gesture15_trial6,wfdb_header_only_scan,binary(wfdb),"full grid scan (3 participant mẫu: 1, 22, 43 x mọi session/gesture/trial)",1,43,15,6,True,10240,2048,32,mV,,sample_full_grid
Session1/session1_participant43/session1_participant43_gesture15_trial7,wfdb_header_only_scan,binary(wfdb),"full grid scan (3 participant mẫu: 1, 22, 43 x mọi session/gesture/trial)",1,43,15,7,True,10240,2048,32,mV,,sample_full_grid
Session1/session1_participant43/session1_participant43_gesture16_trial1,wfdb_header_only_scan,binary(wfdb),"full grid scan (3 participant mẫu: 1, 22, 43 x mọi session/gesture/trial)",1,43,16,1,True,10240,2048,32,mV,,sample_full_grid
Session1/session1_participant43/session1_participant43_gesture16_trial2,wfdb_header_only_scan,binary(wfdb),"full grid scan (3 participant mẫu: 1, 22, 43 x mọi session/gesture/trial)",1,43,16,2,True,10240,2048,32,mV,,sample_full_grid
Session1/session1_participant43/session1_participant43_gesture16_trial3,wfdb_header_only_scan,binary(wfdb),"full grid scan (3 participant mẫu: 1, 22, 43 x mọi session/gesture/trial)",1,43,16,3,True,10240,2048,32,mV,,sample_full_grid
Session1/session1_participant43/session1_participant43_gesture16_trial4,wfdb_header_only_scan,binary(wfdb),"full grid scan (3 participant mẫu: 1, 22, 43 x mọi session/gesture/trial)",1,43,16,4,True,10240,2048,32,mV,,sample_full_grid
Session1/session1_participant43/session1_participant43_gesture16_trial5,wfdb_header_only_scan,binary(wfdb),"full grid scan (3 participant mẫu: 1, 22, 43 x mọi session/gesture/trial)",1,43,16,5,True,10240,2048,32,mV,,sample_full_grid
Session1/session1_participant43/session1_participant43_gesture16_trial6,wfdb_header_only_scan,binary(wfdb),"full grid scan (3 participant mẫu: 1, 22, 43 x mọi session/gesture/trial)",1,43,16,6,True,10240,2048,32,mV,,sample_full_grid
Session1/session1_participant43/session1_participant43_gesture16_trial7,wfdb_header_only_scan,binary(wfdb),"full grid scan (3 participant mẫu: 1, 22, 43 x mọi session/gesture/trial)",1,43,16,7,True,10240,2048,32,mV,,sample_full_grid
Session1/session1_participant43/session1_participant43_gesture17_trial1,wfdb_header_only_scan,binary(wfdb),"full grid scan (3 participant mẫu: 1, 22, 43 x mọi session/gesture/trial)",1,43,17,1,True,10240,2048,32,mV,,sample_full_grid
Session1/session1_participant43/session1_participant43_gesture17_trial2,wfdb_header_only_scan,binary(wfdb),"full grid scan (3 participant mẫu: 1, 22, 43 x mọi session/gesture/trial)",1,43,17,2,True,10240,2048,32,mV,,sample_full_grid
Session1/session1_participant43/session1_participant43_gesture17_trial3,wfdb_header_only_scan,binary(wfdb),"full grid scan (3 participant mẫu: 1, 22, 43 x mọi session/gesture/trial)",1,43,17,3,True,10240,2048,32,mV,,sample_full_grid
Session1/session1_participant43/session1_participant43_gesture17_trial4,wfdb_header_only_scan,binary(wfdb),"full grid scan (3 participant mẫu: 1, 22, 43 x mọi session/gesture/trial)",1,43,17,4,True,10240,2048,32,mV,,sample_full_grid
Session1/session1_participant43/session1_participant43_gesture17_trial5,wfdb_header_only_scan,binary(wfdb),"full grid scan (3 participant mẫu: 1, 22, 43 x mọi session/gesture/trial)",1,43,17,5,True,10240,2048,32,mV,,sample_full_grid
Session1/session1_participant43/session1_participant43_gesture17_trial6,wfdb_header_only_scan,binary(wfdb),"full grid scan (3 participant mẫu: 1, 22, 43 x mọi session/gesture/trial)",1,43,17,6,True,10240,2048,32,mV,,sample_full_grid
Session1/session1_participant43/session1_participant43_gesture17_trial7,wfdb_header_only_scan,binary(wfdb),"full grid scan (3 participant mẫu: 1, 22, 43 x mọi session/gesture/trial)",1,43,17,7,True,10240,2048,32,mV,,sample_full_grid
Session2/session2_participant1/session2_participant1_gesture1_trial1,wfdb_header_only_scan,binary(wfdb),"full grid scan (3 participant mẫu: 1, 22, 43 x mọi session/gesture/trial)",2,1,1,1,True,10240,2048,32,mV,,sample_full_grid
Session2/session2_participant1/session2_participant1_gesture1_trial2,wfdb_header_only_scan,binary(wfdb),"full grid scan (3 participant mẫu: 1, 22, 43 x mọi session/gesture/trial)",2,1,1,2,True,10240,2048,32,mV,,sample_full_grid
Session2/session2_participant1/session2_participant1_gesture1_trial3,wfdb_header_only_scan,binary(wfdb),"full grid scan (3 participant mẫu: 1, 22, 43 x mọi session/gesture/trial)",2,1,1,3,True,10240,2048,32,mV,,sample_full_grid
Session2/session2_participant1/session2_participant1_gesture1_trial4,wfdb_header_only_scan,binary(wfdb),"full grid scan (3 participant mẫu: 1, 22, 43 x mọi session/gesture/trial)",2,1,1,4,True,10240,2048,32,mV,,sample_full_grid
Session2/session2_participant1/session2_participant1_gesture1_trial5,wfdb_header_only_scan,binary(wfdb),"full grid scan (3 participant mẫu: 1, 22, 43 x mọi session/gesture/trial)",2,1,1,5,True,10240,2048,32,mV,,sample_full_grid
Session2/session2_participant1/session2_participant1_gesture1_trial6,wfdb_header_only_scan,binary(wfdb),"full grid scan (3 participant mẫu: 1, 22, 43 x mọi session/gesture/trial)",2,1,1,6,True,10240,2048,32,mV,,sample_full_grid
Session2/session2_participant1/session2_participant1_gesture1_trial7,wfdb_header_only_scan,binary(wfdb),"full grid scan (3 participant mẫu: 1, 22, 43 x mọi session/gesture/trial)",2,1,1,7,True,10240,2048,32,mV,,sample_full_grid
Session2/session2_participant1/session2_participant1_gesture2_trial1,wfdb_header_only_scan,binary(wfdb),"full grid scan (3 participant mẫu: 1, 22, 43 x mọi session/gesture/trial)",2,1,2,1,True,10240,2048,32,mV,,sample_full_grid
Session2/session2_participant1/session2_participant1_gesture2_trial2,wfdb_header_only_scan,binary(wfdb),"full grid scan (3 participant mẫu: 1, 22, 43 x mọi session/gesture/trial)",2,1,2,2,True,10240,2048,32,mV,,sample_full_grid
Session2/session2_participant1/session2_participant1_gesture2_trial3,wfdb_header_only_scan,binary(wfdb),"full grid scan (3 participant mẫu: 1, 22, 43 x mọi session/gesture/trial)",2,1,2,3,True,10240,2048,32,mV,,sample_full_grid
Session2/session2_participant1/session2_participant1_gesture2_trial4,wfdb_header_only_scan,binary(wfdb),"full grid scan (3 participant mẫu: 1, 22, 43 x mọi session/gesture/trial)",2,1,2,4,True,10240,2048,32,mV,,sample_full_grid
Session2/session2_participant1/session2_participant1_gesture2_trial5,wfdb_header_only_scan,binary(wfdb),"full grid scan (3 participant mẫu: 1, 22, 43 x mọi session/gesture/trial)",2,1,2,5,True,10240,2048,32,mV,,sample_full_grid
Session2/session2_participant1/session2_participant1_gesture2_trial6,wfdb_header_only_scan,binary(wfdb),"full grid scan (3 participant mẫu: 1, 22, 43 x mọi session/gesture/trial)",2,1,2,6,True,10240,2048,32,mV,,sample_full_grid
Session2/session2_participant1/session2_participant1_gesture2_trial7,wfdb_header_only_scan,binary(wfdb),"full grid scan (3 participant mẫu: 1, 22, 43 x mọi session/gesture/trial)",2,1,2,7,True,10240,2048,32,mV,,sample_full_grid
Session2/session2_participant1/session2_participant1_gesture3_trial1,wfdb_header_only_scan,binary(wfdb),"full grid scan (3 participant mẫu: 1, 22, 43 x mọi session/gesture/trial)",2,1,3,1,True,10240,2048,32,mV,,sample_full_grid
Session2/session2_participant1/session2_participant1_gesture3_trial2,wfdb_header_only_scan,binary(wfdb),"full grid scan (3 participant mẫu: 1, 22, 43 x mọi session/gesture/trial)",2,1,3,2,True,10240,2048,32,mV,,sample_full_grid
Session2/session2_participant1/session2_participant1_gesture3_trial3,wfdb_header_only_scan,binary(wfdb),"full grid scan (3 participant mẫu: 1, 22, 43 x mọi session/gesture/trial)",2,1,3,3,True,10240,2048,32,mV,,sample_full_grid
Session2/session2_participant1/session2_participant1_gesture3_trial4,wfdb_header_only_scan,binary(wfdb),"full grid scan (3 participant mẫu: 1, 22, 43 x mọi session/gesture/trial)",2,1,3,4,True,10240,2048,32,mV,,sample_full_grid
Session2/session2_participant1/session2_participant1_gesture3_trial5,wfdb_header_only_scan,binary(wfdb),"full grid scan (3 participant mẫu: 1, 22, 43 x mọi session/gesture/trial)",2,1,3,5,True,10240,2048,32,mV,,sample_full_grid
Session2/session2_participant1/session2_participant1_gesture3_trial6,wfdb_header_only_scan,binary(wfdb),"full grid scan (3 participant mẫu: 1, 22, 43 x mọi session/gesture/trial)",2,1,3,6,True,10240,2048,32,mV,,sample_full_grid
Session2/session2_participant1/session2_participant1_gesture3_trial7,wfdb_header_only_scan,binary(wfdb),"full grid scan (3 participant mẫu: 1, 22, 43 x mọi session/gesture/trial)",2,1,3,7,True,10240,2048,32,mV,,sample_full_grid
Session2/session2_participant1/session2_participant1_gesture4_trial1,wfdb_header_only_scan,binary(wfdb),"full grid scan (3 participant mẫu: 1, 22, 43 x mọi session/gesture/trial)",2,1,4,1,True,10240,2048,32,mV,,sample_full_grid
Session2/session2_participant1/session2_participant1_gesture4_trial2,wfdb_header_only_scan,binary(wfdb),"full grid scan (3 participant mẫu: 1, 22, 43 x mọi session/gesture/trial)",2,1,4,2,True,10240,2048,32,mV,,sample_full_grid
Session2/session2_participant1/session2_participant1_gesture4_trial3,wfdb_header_only_scan,binary(wfdb),"full grid scan (3 participant mẫu: 1, 22, 43 x mọi session/gesture/trial)",2,1,4,3,True,10240,2048,32,mV,,sample_full_grid
Session2/session2_participant1/session2_participant1_gesture4_trial4,wfdb_header_only_scan,binary(wfdb),"full grid scan (3 participant mẫu: 1, 22, 43 x mọi session/gesture/trial)",2,1,4,4,True,10240,2048,32,mV,,sample_full_grid
Session2/session2_participant1/session2_participant1_gesture4_trial5,wfdb_header_only_scan,binary(wfdb),"full grid scan (3 participant mẫu: 1, 22, 43 x mọi session/gesture/trial)",2,1,4,5,True,10240,2048,32,mV,,sample_full_grid
Session2/session2_participant1/session2_participant1_gesture4_trial6,wfdb_header_only_scan,binary(wfdb),"full grid scan (3 participant mẫu: 1, 22, 43 x mọi session/gesture/trial)",2,1,4,6,True,10240,2048,32,mV,,sample_full_grid
Session2/session2_participant1/session2_participant1_gesture4_trial7,wfdb_header_only_scan,binary(wfdb),"full grid scan (3 participant mẫu: 1, 22, 43 x mọi session/gesture/trial)",2,1,4,7,True,10240,2048,32,mV,,sample_full_grid
Session2/session2_participant1/session2_participant1_gesture5_trial1,wfdb_header_only_scan,binary(wfdb),"full grid scan (3 participant mẫu: 1, 22, 43 x mọi session/gesture/trial)",2,1,5,1,True,10240,2048,32,mV,,sample_full_grid
Session2/session2_participant1/session2_participant1_gesture5_trial2,wfdb_header_only_scan,binary(wfdb),"full grid scan (3 participant mẫu: 1, 22, 43 x mọi session/gesture/trial)",2,1,5,2,True,10240,2048,32,mV,,sample_full_grid
Session2/session2_participant1/session2_participant1_gesture5_trial3,wfdb_header_only_scan,binary(wfdb),"full grid scan (3 participant mẫu: 1, 22, 43 x mọi session/gesture/trial)",2,1,5,3,True,10240,2048,32,mV,,sample_full_grid
Session2/session2_participant1/session2_participant1_gesture5_trial4,wfdb_header_only_scan,binary(wfdb),"full grid scan (3 participant mẫu: 1, 22, 43 x mọi session/gesture/trial)",2,1,5,4,True,10240,2048,32,mV,,sample_full_grid
Session2/session2_participant1/session2_participant1_gesture5_trial5,wfdb_header_only_scan,binary(wfdb),"full grid scan (3 participant mẫu: 1, 22, 43 x mọi session/gesture/trial)",2,1,5,5,True,10240,2048,32,mV,,sample_full_grid
Session2/session2_participant1/session2_participant1_gesture5_trial6,wfdb_header_only_scan,binary(wfdb),"full grid scan (3 participant mẫu: 1, 22, 43 x mọi session/gesture/trial)",2,1,5,6,True,10240,2048,32,mV,,sample_full_grid
Session2/session2_participant1/session2_participant1_gesture5_trial7,wfdb_header_only_scan,binary(wfdb),"full grid scan (3 participant mẫu: 1, 22, 43 x mọi session/gesture/trial)",2,1,5,7,True,10240,2048,32,mV,,sample_full_grid
Session2/session2_participant1/session2_participant1_gesture6_trial1,wfdb_header_only_scan,binary(wfdb),"full grid scan (3 participant mẫu: 1, 22, 43 x mọi session/gesture/trial)",2,1,6,1,True,10240,2048,32,mV,,sample_full_grid
Session2/session2_participant1/session2_participant1_gesture6_trial2,wfdb_header_only_scan,binary(wfdb),"full grid scan (3 participant mẫu: 1, 22, 43 x mọi session/gesture/trial)",2,1,6,2,True,10240,2048,32,mV,,sample_full_grid
Session2/session2_participant1/session2_participant1_gesture6_trial3,wfdb_header_only_scan,binary(wfdb),"full grid scan (3 participant mẫu: 1, 22, 43 x mọi session/gesture/trial)",2,1,6,3,True,10240,2048,32,mV,,sample_full_grid
Session2/session2_participant1/session2_participant1_gesture6_trial4,wfdb_header_only_scan,binary(wfdb),"full grid scan (3 participant mẫu: 1, 22, 43 x mọi session/gesture/trial)",2,1,6,4,True,10240,2048,32,mV,,sample_full_grid
Session2/session2_participant1/session2_participant1_gesture6_trial5,wfdb_header_only_scan,binary(wfdb),"full grid scan (3 participant mẫu: 1, 22, 43 x mọi session/gesture/trial)",2,1,6,5,True,10240,2048,32,mV,,sample_full_grid
Session2/session2_participant1/session2_participant1_gesture6_trial6,wfdb_header_only_scan,binary(wfdb),"full grid scan (3 participant mẫu: 1, 22, 43 x mọi session/gesture/trial)",2,1,6,6,True,10240,2048,32,mV,,sample_full_grid
Session2/session2_participant1/session2_participant1_gesture6_trial7,wfdb_header_only_scan,binary(wfdb),"full grid scan (3 participant mẫu: 1, 22, 43 x mọi session/gesture/trial)",2,1,6,7,True,10240,2048,32,mV,,sample_full_grid
Session2/session2_participant1/session2_participant1_gesture7_trial1,wfdb_header_only_scan,binary(wfdb),"full grid scan (3 participant mẫu: 1, 22, 43 x mọi session/gesture/trial)",2,1,7,1,True,10240,2048,32,mV,,sample_full_grid
Session2/session2_participant1/session2_participant1_gesture7_trial2,wfdb_header_only_scan,binary(wfdb),"full grid scan (3 participant mẫu: 1, 22, 43 x mọi session/gesture/trial)",2,1,7,2,True,10240,2048,32,mV,,sample_full_grid
Session2/session2_participant1/session2_participant1_gesture7_trial3,wfdb_header_only_scan,binary(wfdb),"full grid scan (3 participant mẫu: 1, 22, 43 x mọi session/gesture/trial)",2,1,7,3,True,10240,2048,32,mV,,sample_full_grid
Session2/session2_participant1/session2_participant1_gesture7_trial4,wfdb_header_only_scan,binary(wfdb),"full grid scan (3 participant mẫu: 1, 22, 43 x mọi session/gesture/trial)",2,1,7,4,True,10240,2048,32,mV,,sample_full_grid
Session2/session2_participant1/session2_participant1_gesture7_trial5,wfdb_header_only_scan,binary(wfdb),"full grid scan (3 participant mẫu: 1, 22, 43 x mọi session/gesture/trial)",2,1,7,5,True,10240,2048,32,mV,,sample_full_grid
Session2/session2_participant1/session2_participant1_gesture7_trial6,wfdb_header_only_scan,binary(wfdb),"full grid scan (3 participant mẫu: 1, 22, 43 x mọi session/gesture/trial)",2,1,7,6,True,10240,2048,32,mV,,sample_full_grid
Session2/session2_participant1/session2_participant1_gesture7_trial7,wfdb_header_only_scan,binary(wfdb),"full grid scan (3 participant mẫu: 1, 22, 43 x mọi session/gesture/trial)",2,1,7,7,True,10240,2048,32,mV,,sample_full_grid
Session2/session2_participant1/session2_participant1_gesture8_trial1,wfdb_header_only_scan,binary(wfdb),"full grid scan (3 participant mẫu: 1, 22, 43 x mọi session/gesture/trial)",2,1,8,1,True,10240,2048,32,mV,,sample_full_grid
Session2/session2_participant1/session2_participant1_gesture8_trial2,wfdb_header_only_scan,binary(wfdb),"full grid scan (3 participant mẫu: 1, 22, 43 x mọi session/gesture/trial)",2,1,8,2,True,10240,2048,32,mV,,sample_full_grid
Session2/session2_participant1/session2_participant1_gesture8_trial3,wfdb_header_only_scan,binary(wfdb),"full grid scan (3 participant mẫu: 1, 22, 43 x mọi session/gesture/trial)",2,1,8,3,True,10240,2048,32,mV,,sample_full_grid
Session2/session2_participant1/session2_participant1_gesture8_trial4,wfdb_header_only_scan,binary(wfdb),"full grid scan (3 participant mẫu: 1, 22, 43 x mọi session/gesture/trial)",2,1,8,4,True,10240,2048,32,mV,,sample_full_grid
Session2/session2_participant1/session2_participant1_gesture8_trial5,wfdb_header_only_scan,binary(wfdb),"full grid scan (3 participant mẫu: 1, 22, 43 x mọi session/gesture/trial)",2,1,8,5,True,10240,2048,32,mV,,sample_full_grid
Session2/session2_participant1/session2_participant1_gesture8_trial6,wfdb_header_only_scan,binary(wfdb),"full grid scan (3 participant mẫu: 1, 22, 43 x mọi session/gesture/trial)",2,1,8,6,True,10240,2048,32,mV,,sample_full_grid
Session2/session2_participant1/session2_participant1_gesture8_trial7,wfdb_header_only_scan,binary(wfdb),"full grid scan (3 participant mẫu: 1, 22, 43 x mọi session/gesture/trial)",2,1,8,7,True,10240,2048,32,mV,,sample_full_grid
Session2/session2_participant1/session2_participant1_gesture9_trial1,wfdb_header_only_scan,binary(wfdb),"full grid scan (3 participant mẫu: 1, 22, 43 x mọi session/gesture/trial)",2,1,9,1,True,10240,2048,32,mV,,sample_full_grid
Session2/session2_participant1/session2_participant1_gesture9_trial2,wfdb_header_only_scan,binary(wfdb),"full grid scan (3 participant mẫu: 1, 22, 43 x mọi session/gesture/trial)",2,1,9,2,True,10240,2048,32,mV,,sample_full_grid
Session2/session2_participant1/session2_participant1_gesture9_trial3,wfdb_header_only_scan,binary(wfdb),"full grid scan (3 participant mẫu: 1, 22, 43 x mọi session/gesture/trial)",2,1,9,3,True,10240,2048,32,mV,,sample_full_grid
Session2/session2_participant1/session2_participant1_gesture9_trial4,wfdb_header_only_scan,binary(wfdb),"full grid scan (3 participant mẫu: 1, 22, 43 x mọi session/gesture/trial)",2,1,9,4,True,10240,2048,32,mV,,sample_full_grid
Session2/session2_participant1/session2_participant1_gesture9_trial5,wfdb_header_only_scan,binary(wfdb),"full grid scan (3 participant mẫu: 1, 22, 43 x mọi session/gesture/trial)",2,1,9,5,True,10240,2048,32,mV,,sample_full_grid
Session2/session2_participant1/session2_participant1_gesture9_trial6,wfdb_header_only_scan,binary(wfdb),"full grid scan (3 participant mẫu: 1, 22, 43 x mọi session/gesture/trial)",2,1,9,6,True,10240,2048,32,mV,,sample_full_grid
Session2/session2_participant1/session2_participant1_gesture9_trial7,wfdb_header_only_scan,binary(wfdb),"full grid scan (3 participant mẫu: 1, 22, 43 x mọi session/gesture/trial)",2,1,9,7,True,10240,2048,32,mV,,sample_full_grid
Session2/session2_participant1/session2_participant1_gesture10_trial1,wfdb_header_only_scan,binary(wfdb),"full grid scan (3 participant mẫu: 1, 22, 43 x mọi session/gesture/trial)",2,1,10,1,True,10240,2048,32,mV,,sample_full_grid
Session2/session2_participant1/session2_participant1_gesture10_trial2,wfdb_header_only_scan,binary(wfdb),"full grid scan (3 participant mẫu: 1, 22, 43 x mọi session/gesture/trial)",2,1,10,2,True,10240,2048,32,mV,,sample_full_grid
Session2/session2_participant1/session2_participant1_gesture10_trial3,wfdb_header_only_scan,binary(wfdb),"full grid scan (3 participant mẫu: 1, 22, 43 x mọi session/gesture/trial)",2,1,10,3,True,10240,2048,32,mV,,sample_full_grid
Session2/session2_participant1/session2_participant1_gesture10_trial4,wfdb_header_only_scan,binary(wfdb),"full grid scan (3 participant mẫu: 1, 22, 43 x mọi session/gesture/trial)",2,1,10,4,True,10240,2048,32,mV,,sample_full_grid
Session2/session2_participant1/session2_participant1_gesture10_trial5,wfdb_header_only_scan,binary(wfdb),"full grid scan (3 participant mẫu: 1, 22, 43 x mọi session/gesture/trial)",2,1,10,5,True,10240,2048,32,mV,,sample_full_grid
Session2/session2_participant1/session2_participant1_gesture10_trial6,wfdb_header_only_scan,binary(wfdb),"full grid scan (3 participant mẫu: 1, 22, 43 x mọi session/gesture/trial)",2,1,10,6,True,10240,2048,32,mV,,sample_full_grid
Session2/session2_participant1/session2_participant1_gesture10_trial7,wfdb_header_only_scan,binary(wfdb),"full grid scan (3 participant mẫu: 1, 22, 43 x mọi session/gesture/trial)",2,1,10,7,True,10240,2048,32,mV,,sample_full_grid
Session2/session2_participant1/session2_participant1_gesture11_trial1,wfdb_header_only_scan,binary(wfdb),"full grid scan (3 participant mẫu: 1, 22, 43 x mọi session/gesture/trial)",2,1,11,1,True,10240,2048,32,mV,,sample_full_grid
Session2/session2_participant1/session2_participant1_gesture11_trial2,wfdb_header_only_scan,binary(wfdb),"full grid scan (3 participant mẫu: 1, 22, 43 x mọi session/gesture/trial)",2,1,11,2,True,10240,2048,32,mV,,sample_full_grid
Session2/session2_participant1/session2_participant1_gesture11_trial3,wfdb_header_only_scan,binary(wfdb),"full grid scan (3 participant mẫu: 1, 22, 43 x mọi session/gesture/trial)",2,1,11,3,True,10240,2048,32,mV,,sample_full_grid
Session2/session2_participant1/session2_participant1_gesture11_trial4,wfdb_header_only_scan,binary(wfdb),"full grid scan (3 participant mẫu: 1, 22, 43 x mọi session/gesture/trial)",2,1,11,4,True,10240,2048,32,mV,,sample_full_grid
Session2/session2_participant1/session2_participant1_gesture11_trial5,wfdb_header_only_scan,binary(wfdb),"full grid scan (3 participant mẫu: 1, 22, 43 x mọi session/gesture/trial)",2,1,11,5,True,10240,2048,32,mV,,sample_full_grid
Session2/session2_participant1/session2_participant1_gesture11_trial6,wfdb_header_only_scan,binary(wfdb),"full grid scan (3 participant mẫu: 1, 22, 43 x mọi session/gesture/trial)",2,1,11,6,True,10240,2048,32,mV,,sample_full_grid
Session2/session2_participant1/session2_participant1_gesture11_trial7,wfdb_header_only_scan,binary(wfdb),"full grid scan (3 participant mẫu: 1, 22, 43 x mọi session/gesture/trial)",2,1,11,7,True,10240,2048,32,mV,,sample_full_grid
Session2/session2_participant1/session2_participant1_gesture12_trial1,wfdb_header_only_scan,binary(wfdb),"full grid scan (3 participant mẫu: 1, 22, 43 x mọi session/gesture/trial)",2,1,12,1,True,10240,2048,32,mV,,sample_full_grid
Session2/session2_participant1/session2_participant1_gesture12_trial2,wfdb_header_only_scan,binary(wfdb),"full grid scan (3 participant mẫu: 1, 22, 43 x mọi session/gesture/trial)",2,1,12,2,True,10240,2048,32,mV,,sample_full_grid
Session2/session2_participant1/session2_participant1_gesture12_trial3,wfdb_header_only_scan,binary(wfdb),"full grid scan (3 participant mẫu: 1, 22, 43 x mọi session/gesture/trial)",2,1,12,3,True,10240,2048,32,mV,,sample_full_grid
Session2/session2_participant1/session2_participant1_gesture12_trial4,wfdb_header_only_scan,binary(wfdb),"full grid scan (3 participant mẫu: 1, 22, 43 x mọi session/gesture/trial)",2,1,12,4,True,10240,2048,32,mV,,sample_full_grid
Session2/session2_participant1/session2_participant1_gesture12_trial5,wfdb_header_only_scan,binary(wfdb),"full grid scan (3 participant mẫu: 1, 22, 43 x mọi session/gesture/trial)",2,1,12,5,True,10240,2048,32,mV,,sample_full_grid
Session2/session2_participant1/session2_participant1_gesture12_trial6,wfdb_header_only_scan,binary(wfdb),"full grid scan (3 participant mẫu: 1, 22, 43 x mọi session/gesture/trial)",2,1,12,6,True,10240,2048,32,mV,,sample_full_grid
Session2/session2_participant1/session2_participant1_gesture12_trial7,wfdb_header_only_scan,binary(wfdb),"full grid scan (3 participant mẫu: 1, 22, 43 x mọi session/gesture/trial)",2,1,12,7,True,10240,2048,32,mV,,sample_full_grid
Session2/session2_participant1/session2_participant1_gesture13_trial1,wfdb_header_only_scan,binary(wfdb),"full grid scan (3 participant mẫu: 1, 22, 43 x mọi session/gesture/trial)",2,1,13,1,True,10240,2048,32,mV,,sample_full_grid
Session2/session2_participant1/session2_participant1_gesture13_trial2,wfdb_header_only_scan,binary(wfdb),"full grid scan (3 participant mẫu: 1, 22, 43 x mọi session/gesture/trial)",2,1,13,2,True,10240,2048,32,mV,,sample_full_grid
Session2/session2_participant1/session2_participant1_gesture13_trial3,wfdb_header_only_scan,binary(wfdb),"full grid scan (3 participant mẫu: 1, 22, 43 x mọi session/gesture/trial)",2,1,13,3,True,10240,2048,32,mV,,sample_full_grid
Session2/session2_participant1/session2_participant1_gesture13_trial4,wfdb_header_only_scan,binary(wfdb),"full grid scan (3 participant mẫu: 1, 22, 43 x mọi session/gesture/trial)",2,1,13,4,True,10240,2048,32,mV,,sample_full_grid
Session2/session2_participant1/session2_participant1_gesture13_trial5,wfdb_header_only_scan,binary(wfdb),"full grid scan (3 participant mẫu: 1, 22, 43 x mọi session/gesture/trial)",2,1,13,5,True,10240,2048,32,mV,,sample_full_grid
Session2/session2_participant1/session2_participant1_gesture13_trial6,wfdb_header_only_scan,binary(wfdb),"full grid scan (3 participant mẫu: 1, 22, 43 x mọi session/gesture/trial)",2,1,13,6,True,10240,2048,32,mV,,sample_full_grid
Session2/session2_participant1/session2_participant1_gesture13_trial7,wfdb_header_only_scan,binary(wfdb),"full grid scan (3 participant mẫu: 1, 22, 43 x mọi session/gesture/trial)",2,1,13,7,True,10240,2048,32,mV,,sample_full_grid
Session2/session2_participant1/session2_participant1_gesture14_trial1,wfdb_header_only_scan,binary(wfdb),"full grid scan (3 participant mẫu: 1, 22, 43 x mọi session/gesture/trial)",2,1,14,1,True,10240,2048,32,mV,,sample_full_grid
Session2/session2_participant1/session2_participant1_gesture14_trial2,wfdb_header_only_scan,binary(wfdb),"full grid scan (3 participant mẫu: 1, 22, 43 x mọi session/gesture/trial)",2,1,14,2,True,10240,2048,32,mV,,sample_full_grid
Session2/session2_participant1/session2_participant1_gesture14_trial3,wfdb_header_only_scan,binary(wfdb),"full grid scan (3 participant mẫu: 1, 22, 43 x mọi session/gesture/trial)",2,1,14,3,True,10240,2048,32,mV,,sample_full_grid
Session2/session2_participant1/session2_participant1_gesture14_trial4,wfdb_header_only_scan,binary(wfdb),"full grid scan (3 participant mẫu: 1, 22, 43 x mọi session/gesture/trial)",2,1,14,4,True,10240,2048,32,mV,,sample_full_grid
Session2/session2_participant1/session2_participant1_gesture14_trial5,wfdb_header_only_scan,binary(wfdb),"full grid scan (3 participant mẫu: 1, 22, 43 x mọi session/gesture/trial)",2,1,14,5,True,10240,2048,32,mV,,sample_full_grid
Session2/session2_participant1/session2_participant1_gesture14_trial6,wfdb_header_only_scan,binary(wfdb),"full grid scan (3 participant mẫu: 1, 22, 43 x mọi session/gesture/trial)",2,1,14,6,True,10240,2048,32,mV,,sample_full_grid
Session2/session2_participant1/session2_participant1_gesture14_trial7,wfdb_header_only_scan,binary(wfdb),"full grid scan (3 participant mẫu: 1, 22, 43 x mọi session/gesture/trial)",2,1,14,7,True,10240,2048,32,mV,,sample_full_grid
Session2/session2_participant1/session2_participant1_gesture15_trial1,wfdb_header_only_scan,binary(wfdb),"full grid scan (3 participant mẫu: 1, 22, 43 x mọi session/gesture/trial)",2,1,15,1,True,10240,2048,32,mV,,sample_full_grid
Session2/session2_participant1/session2_participant1_gesture15_trial2,wfdb_header_only_scan,binary(wfdb),"full grid scan (3 participant mẫu: 1, 22, 43 x mọi session/gesture/trial)",2,1,15,2,True,10240,2048,32,mV,,sample_full_grid
Session2/session2_participant1/session2_participant1_gesture15_trial3,wfdb_header_only_scan,binary(wfdb),"full grid scan (3 participant mẫu: 1, 22, 43 x mọi session/gesture/trial)",2,1,15,3,True,10240,2048,32,mV,,sample_full_grid
Session2/session2_participant1/session2_participant1_gesture15_trial4,wfdb_header_only_scan,binary(wfdb),"full grid scan (3 participant mẫu: 1, 22, 43 x mọi session/gesture/trial)",2,1,15,4,True,10240,2048,32,mV,,sample_full_grid
Session2/session2_participant1/session2_participant1_gesture15_trial5,wfdb_header_only_scan,binary(wfdb),"full grid scan (3 participant mẫu: 1, 22, 43 x mọi session/gesture/trial)",2,1,15,5,True,10240,2048,32,mV,,sample_full_grid
Session2/session2_participant1/session2_participant1_gesture15_trial6,wfdb_header_only_scan,binary(wfdb),"full grid scan (3 participant mẫu: 1, 22, 43 x mọi session/gesture/trial)",2,1,15,6,True,10240,2048,32,mV,,sample_full_grid
Session2/session2_participant1/session2_participant1_gesture15_trial7,wfdb_header_only_scan,binary(wfdb),"full grid scan (3 participant mẫu: 1, 22, 43 x mọi session/gesture/trial)",2,1,15,7,True,10240,2048,32,mV,,sample_full_grid
Session2/session2_participant1/session2_participant1_gesture16_trial1,wfdb_header_only_scan,binary(wfdb),"full grid scan (3 participant mẫu: 1, 22, 43 x mọi session/gesture/trial)",2,1,16,1,True,10240,2048,32,mV,,sample_full_grid
Session2/session2_participant1/session2_participant1_gesture16_trial2,wfdb_header_only_scan,binary(wfdb),"full grid scan (3 participant mẫu: 1, 22, 43 x mọi session/gesture/trial)",2,1,16,2,True,10240,2048,32,mV,,sample_full_grid
Session2/session2_participant1/session2_participant1_gesture16_trial3,wfdb_header_only_scan,binary(wfdb),"full grid scan (3 participant mẫu: 1, 22, 43 x mọi session/gesture/trial)",2,1,16,3,True,10240,2048,32,mV,,sample_full_grid
Session2/session2_participant1/session2_participant1_gesture16_trial4,wfdb_header_only_scan,binary(wfdb),"full grid scan (3 participant mẫu: 1, 22, 43 x mọi session/gesture/trial)",2,1,16,4,True,10240,2048,32,mV,,sample_full_grid
Session2/session2_participant1/session2_participant1_gesture16_trial5,wfdb_header_only_scan,binary(wfdb),"full grid scan (3 participant mẫu: 1, 22, 43 x mọi session/gesture/trial)",2,1,16,5,True,10240,2048,32,mV,,sample_full_grid
Session2/session2_participant1/session2_participant1_gesture16_trial6,wfdb_header_only_scan,binary(wfdb),"full grid scan (3 participant mẫu: 1, 22, 43 x mọi session/gesture/trial)",2,1,16,6,True,10240,2048,32,mV,,sample_full_grid
Session2/session2_participant1/session2_participant1_gesture16_trial7,wfdb_header_only_scan,binary(wfdb),"full grid scan (3 participant mẫu: 1, 22, 43 x mọi session/gesture/trial)",2,1,16,7,True,10240,2048,32,mV,,sample_full_grid
Session2/session2_participant1/session2_participant1_gesture17_trial1,wfdb_header_only_scan,binary(wfdb),"full grid scan (3 participant mẫu: 1, 22, 43 x mọi session/gesture/trial)",2,1,17,1,True,10240,2048,32,mV,,sample_full_grid
Session2/session2_participant1/session2_participant1_gesture17_trial2,wfdb_header_only_scan,binary(wfdb),"full grid scan (3 participant mẫu: 1, 22, 43 x mọi session/gesture/trial)",2,1,17,2,True,10240,2048,32,mV,,sample_full_grid
Session2/session2_participant1/session2_participant1_gesture17_trial3,wfdb_header_only_scan,binary(wfdb),"full grid scan (3 participant mẫu: 1, 22, 43 x mọi session/gesture/trial)",2,1,17,3,True,10240,2048,32,mV,,sample_full_grid
Session2/session2_participant1/session2_participant1_gesture17_trial4,wfdb_header_only_scan,binary(wfdb),"full grid scan (3 participant mẫu: 1, 22, 43 x mọi session/gesture/trial)",2,1,17,4,True,10240,2048,32,mV,,sample_full_grid
Session2/session2_participant1/session2_participant1_gesture17_trial5,wfdb_header_only_scan,binary(wfdb),"full grid scan (3 participant mẫu: 1, 22, 43 x mọi session/gesture/trial)",2,1,17,5,True,10240,2048,32,mV,,sample_full_grid
Session2/session2_participant1/session2_participant1_gesture17_trial6,wfdb_header_only_scan,binary(wfdb),"full grid scan (3 participant mẫu: 1, 22, 43 x mọi session/gesture/trial)",2,1,17,6,True,10240,2048,32,mV,,sample_full_grid
Session2/session2_participant1/session2_participant1_gesture17_trial7,wfdb_header_only_scan,binary(wfdb),"full grid scan (3 participant mẫu: 1, 22, 43 x mọi session/gesture/trial)",2,1,17,7,True,10240,2048,32,mV,,sample_full_grid
Session2/session2_participant22/session2_participant22_gesture1_trial1,wfdb_header_only_scan,binary(wfdb),"full grid scan (3 participant mẫu: 1, 22, 43 x mọi session/gesture/trial)",2,22,1,1,True,10240,2048,32,mV,,sample_full_grid
Session2/session2_participant22/session2_participant22_gesture1_trial2,wfdb_header_only_scan,binary(wfdb),"full grid scan (3 participant mẫu: 1, 22, 43 x mọi session/gesture/trial)",2,22,1,2,True,10240,2048,32,mV,,sample_full_grid
Session2/session2_participant22/session2_participant22_gesture1_trial3,wfdb_header_only_scan,binary(wfdb),"full grid scan (3 participant mẫu: 1, 22, 43 x mọi session/gesture/trial)",2,22,1,3,True,10240,2048,32,mV,,sample_full_grid
Session2/session2_participant22/session2_participant22_gesture1_trial4,wfdb_header_only_scan,binary(wfdb),"full grid scan (3 participant mẫu: 1, 22, 43 x mọi session/gesture/trial)",2,22,1,4,True,10240,2048,32,mV,,sample_full_grid
Session2/session2_participant22/session2_participant22_gesture1_trial5,wfdb_header_only_scan,binary(wfdb),"full grid scan (3 participant mẫu: 1, 22, 43 x mọi session/gesture/trial)",2,22,1,5,True,10240,2048,32,mV,,sample_full_grid
Session2/session2_participant22/session2_participant22_gesture1_trial6,wfdb_header_only_scan,binary(wfdb),"full grid scan (3 participant mẫu: 1, 22, 43 x mọi session/gesture/trial)",2,22,1,6,True,10240,2048,32,mV,,sample_full_grid
Session2/session2_participant22/session2_participant22_gesture1_trial7,wfdb_header_only_scan,binary(wfdb),"full grid scan (3 participant mẫu: 1, 22, 43 x mọi session/gesture/trial)",2,22,1,7,True,10240,2048,32,mV,,sample_full_grid
Session2/session2_participant22/session2_participant22_gesture2_trial1,wfdb_header_only_scan,binary(wfdb),"full grid scan (3 participant mẫu: 1, 22, 43 x mọi session/gesture/trial)",2,22,2,1,True,10240,2048,32,mV,,sample_full_grid
Session2/session2_participant22/session2_participant22_gesture2_trial2,wfdb_header_only_scan,binary(wfdb),"full grid scan (3 participant mẫu: 1, 22, 43 x mọi session/gesture/trial)",2,22,2,2,True,10240,2048,32,mV,,sample_full_grid
Session2/session2_participant22/session2_participant22_gesture2_trial3,wfdb_header_only_scan,binary(wfdb),"full grid scan (3 participant mẫu: 1, 22, 43 x mọi session/gesture/trial)",2,22,2,3,True,10240,2048,32,mV,,sample_full_grid
Session2/session2_participant22/session2_participant22_gesture2_trial4,wfdb_header_only_scan,binary(wfdb),"full grid scan (3 participant mẫu: 1, 22, 43 x mọi session/gesture/trial)",2,22,2,4,True,10240,2048,32,mV,,sample_full_grid
Session2/session2_participant22/session2_participant22_gesture2_trial5,wfdb_header_only_scan,binary(wfdb),"full grid scan (3 participant mẫu: 1, 22, 43 x mọi session/gesture/trial)",2,22,2,5,True,10240,2048,32,mV,,sample_full_grid
Session2/session2_participant22/session2_participant22_gesture2_trial6,wfdb_header_only_scan,binary(wfdb),"full grid scan (3 participant mẫu: 1, 22, 43 x mọi session/gesture/trial)",2,22,2,6,True,10240,2048,32,mV,,sample_full_grid
Session2/session2_participant22/session2_participant22_gesture2_trial7,wfdb_header_only_scan,binary(wfdb),"full grid scan (3 participant mẫu: 1, 22, 43 x mọi session/gesture/trial)",2,22,2,7,True,10240,2048,32,mV,,sample_full_grid
Session2/session2_participant22/session2_participant22_gesture3_trial1,wfdb_header_only_scan,binary(wfdb),"full grid scan (3 participant mẫu: 1, 22, 43 x mọi session/gesture/trial)",2,22,3,1,True,10240,2048,32,mV,,sample_full_grid
Session2/session2_participant22/session2_participant22_gesture3_trial2,wfdb_header_only_scan,binary(wfdb),"full grid scan (3 participant mẫu: 1, 22, 43 x mọi session/gesture/trial)",2,22,3,2,True,10240,2048,32,mV,,sample_full_grid
Session2/session2_participant22/session2_participant22_gesture3_trial3,wfdb_header_only_scan,binary(wfdb),"full grid scan (3 participant mẫu: 1, 22, 43 x mọi session/gesture/trial)",2,22,3,3,True,10240,2048,32,mV,,sample_full_grid
Session2/session2_participant22/session2_participant22_gesture3_trial4,wfdb_header_only_scan,binary(wfdb),"full grid scan (3 participant mẫu: 1, 22, 43 x mọi session/gesture/trial)",2,22,3,4,True,10240,2048,32,mV,,sample_full_grid
Session2/session2_participant22/session2_participant22_gesture3_trial5,wfdb_header_only_scan,binary(wfdb),"full grid scan (3 participant mẫu: 1, 22, 43 x mọi session/gesture/trial)",2,22,3,5,True,10240,2048,32,mV,,sample_full_grid
Session2/session2_participant22/session2_participant22_gesture3_trial6,wfdb_header_only_scan,binary(wfdb),"full grid scan (3 participant mẫu: 1, 22, 43 x mọi session/gesture/trial)",2,22,3,6,True,10240,2048,32,mV,,sample_full_grid
Session2/session2_participant22/session2_participant22_gesture3_trial7,wfdb_header_only_scan,binary(wfdb),"full grid scan (3 participant mẫu: 1, 22, 43 x mọi session/gesture/trial)",2,22,3,7,True,10240,2048,32,mV,,sample_full_grid
Session2/session2_participant22/session2_participant22_gesture4_trial1,wfdb_header_only_scan,binary(wfdb),"full grid scan (3 participant mẫu: 1, 22, 43 x mọi session/gesture/trial)",2,22,4,1,True,10240,2048,32,mV,,sample_full_grid
Session2/session2_participant22/session2_participant22_gesture4_trial2,wfdb_header_only_scan,binary(wfdb),"full grid scan (3 participant mẫu: 1, 22, 43 x mọi session/gesture/trial)",2,22,4,2,True,10240,2048,32,mV,,sample_full_grid
Session2/session2_participant22/session2_participant22_gesture4_trial3,wfdb_header_only_scan,binary(wfdb),"full grid scan (3 participant mẫu: 1, 22, 43 x mọi session/gesture/trial)",2,22,4,3,True,10240,2048,32,mV,,sample_full_grid
Session2/session2_participant22/session2_participant22_gesture4_trial4,wfdb_header_only_scan,binary(wfdb),"full grid scan (3 participant mẫu: 1, 22, 43 x mọi session/gesture/trial)",2,22,4,4,True,10240,2048,32,mV,,sample_full_grid
Session2/session2_participant22/session2_participant22_gesture4_trial5,wfdb_header_only_scan,binary(wfdb),"full grid scan (3 participant mẫu: 1, 22, 43 x mọi session/gesture/trial)",2,22,4,5,True,10240,2048,32,mV,,sample_full_grid
Session2/session2_participant22/session2_participant22_gesture4_trial6,wfdb_header_only_scan,binary(wfdb),"full grid scan (3 participant mẫu: 1, 22, 43 x mọi session/gesture/trial)",2,22,4,6,True,10240,2048,32,mV,,sample_full_grid
Session2/session2_participant22/session2_participant22_gesture4_trial7,wfdb_header_only_scan,binary(wfdb),"full grid scan (3 participant mẫu: 1, 22, 43 x mọi session/gesture/trial)",2,22,4,7,True,10240,2048,32,mV,,sample_full_grid
Session2/session2_participant22/session2_participant22_gesture5_trial1,wfdb_header_only_scan,binary(wfdb),"full grid scan (3 participant mẫu: 1, 22, 43 x mọi session/gesture/trial)",2,22,5,1,True,10240,2048,32,mV,,sample_full_grid
Session2/session2_participant22/session2_participant22_gesture5_trial2,wfdb_header_only_scan,binary(wfdb),"full grid scan (3 participant mẫu: 1, 22, 43 x mọi session/gesture/trial)",2,22,5,2,True,10240,2048,32,mV,,sample_full_grid
Session2/session2_participant22/session2_participant22_gesture5_trial3,wfdb_header_only_scan,binary(wfdb),"full grid scan (3 participant mẫu: 1, 22, 43 x mọi session/gesture/trial)",2,22,5,3,True,10240,2048,32,mV,,sample_full_grid
Session2/session2_participant22/session2_participant22_gesture5_trial4,wfdb_header_only_scan,binary(wfdb),"full grid scan (3 participant mẫu: 1, 22, 43 x mọi session/gesture/trial)",2,22,5,4,True,10240,2048,32,mV,,sample_full_grid
Session2/session2_participant22/session2_participant22_gesture5_trial5,wfdb_header_only_scan,binary(wfdb),"full grid scan (3 participant mẫu: 1, 22, 43 x mọi session/gesture/trial)",2,22,5,5,True,10240,2048,32,mV,,sample_full_grid
Session2/session2_participant22/session2_participant22_gesture5_trial6,wfdb_header_only_scan,binary(wfdb),"full grid scan (3 participant mẫu: 1, 22, 43 x mọi session/gesture/trial)",2,22,5,6,True,10240,2048,32,mV,,sample_full_grid
Session2/session2_participant22/session2_participant22_gesture5_trial7,wfdb_header_only_scan,binary(wfdb),"full grid scan (3 participant mẫu: 1, 22, 43 x mọi session/gesture/trial)",2,22,5,7,True,10240,2048,32,mV,,sample_full_grid
Session2/session2_participant22/session2_participant22_gesture6_trial1,wfdb_header_only_scan,binary(wfdb),"full grid scan (3 participant mẫu: 1, 22, 43 x mọi session/gesture/trial)",2,22,6,1,True,10240,2048,32,mV,,sample_full_grid
Session2/session2_participant22/session2_participant22_gesture6_trial2,wfdb_header_only_scan,binary(wfdb),"full grid scan (3 participant mẫu: 1, 22, 43 x mọi session/gesture/trial)",2,22,6,2,True,10240,2048,32,mV,,sample_full_grid
Session2/session2_participant22/session2_participant22_gesture6_trial3,wfdb_header_only_scan,binary(wfdb),"full grid scan (3 participant mẫu: 1, 22, 43 x mọi session/gesture/trial)",2,22,6,3,True,10240,2048,32,mV,,sample_full_grid
Session2/session2_participant22/session2_participant22_gesture6_trial4,wfdb_header_only_scan,binary(wfdb),"full grid scan (3 participant mẫu: 1, 22, 43 x mọi session/gesture/trial)",2,22,6,4,True,10240,2048,32,mV,,sample_full_grid
Session2/session2_participant22/session2_participant22_gesture6_trial5,wfdb_header_only_scan,binary(wfdb),"full grid scan (3 participant mẫu: 1, 22, 43 x mọi session/gesture/trial)",2,22,6,5,True,10240,2048,32,mV,,sample_full_grid
Session2/session2_participant22/session2_participant22_gesture6_trial6,wfdb_header_only_scan,binary(wfdb),"full grid scan (3 participant mẫu: 1, 22, 43 x mọi session/gesture/trial)",2,22,6,6,True,10240,2048,32,mV,,sample_full_grid
Session2/session2_participant22/session2_participant22_gesture6_trial7,wfdb_header_only_scan,binary(wfdb),"full grid scan (3 participant mẫu: 1, 22, 43 x mọi session/gesture/trial)",2,22,6,7,True,10240,2048,32,mV,,sample_full_grid
Session2/session2_participant22/session2_participant22_gesture7_trial1,wfdb_header_only_scan,binary(wfdb),"full grid scan (3 participant mẫu: 1, 22, 43 x mọi session/gesture/trial)",2,22,7,1,True,10240,2048,32,mV,,sample_full_grid
Session2/session2_participant22/session2_participant22_gesture7_trial2,wfdb_header_only_scan,binary(wfdb),"full grid scan (3 participant mẫu: 1, 22, 43 x mọi session/gesture/trial)",2,22,7,2,True,10240,2048,32,mV,,sample_full_grid
Session2/session2_participant22/session2_participant22_gesture7_trial3,wfdb_header_only_scan,binary(wfdb),"full grid scan (3 participant mẫu: 1, 22, 43 x mọi session/gesture/trial)",2,22,7,3,True,10240,2048,32,mV,,sample_full_grid
Session2/session2_participant22/session2_participant22_gesture7_trial4,wfdb_header_only_scan,binary(wfdb),"full grid scan (3 participant mẫu: 1, 22, 43 x mọi session/gesture/trial)",2,22,7,4,True,10240,2048,32,mV,,sample_full_grid
Session2/session2_participant22/session2_participant22_gesture7_trial5,wfdb_header_only_scan,binary(wfdb),"full grid scan (3 participant mẫu: 1, 22, 43 x mọi session/gesture/trial)",2,22,7,5,True,10240,2048,32,mV,,sample_full_grid
Session2/session2_participant22/session2_participant22_gesture7_trial6,wfdb_header_only_scan,binary(wfdb),"full grid scan (3 participant mẫu: 1, 22, 43 x mọi session/gesture/trial)",2,22,7,6,True,10240,2048,32,mV,,sample_full_grid
Session2/session2_participant22/session2_participant22_gesture7_trial7,wfdb_header_only_scan,binary(wfdb),"full grid scan (3 participant mẫu: 1, 22, 43 x mọi session/gesture/trial)",2,22,7,7,True,10240,2048,32,mV,,sample_full_grid
Session2/session2_participant22/session2_participant22_gesture8_trial1,wfdb_header_only_scan,binary(wfdb),"full grid scan (3 participant mẫu: 1, 22, 43 x mọi session/gesture/trial)",2,22,8,1,True,10240,2048,32,mV,,sample_full_grid
Session2/session2_participant22/session2_participant22_gesture8_trial2,wfdb_header_only_scan,binary(wfdb),"full grid scan (3 participant mẫu: 1, 22, 43 x mọi session/gesture/trial)",2,22,8,2,True,10240,2048,32,mV,,sample_full_grid
Session2/session2_participant22/session2_participant22_gesture8_trial3,wfdb_header_only_scan,binary(wfdb),"full grid scan (3 participant mẫu: 1, 22, 43 x mọi session/gesture/trial)",2,22,8,3,True,10240,2048,32,mV,,sample_full_grid
Session2/session2_participant22/session2_participant22_gesture8_trial4,wfdb_header_only_scan,binary(wfdb),"full grid scan (3 participant mẫu: 1, 22, 43 x mọi session/gesture/trial)",2,22,8,4,True,10240,2048,32,mV,,sample_full_grid
Session2/session2_participant22/session2_participant22_gesture8_trial5,wfdb_header_only_scan,binary(wfdb),"full grid scan (3 participant mẫu: 1, 22, 43 x mọi session/gesture/trial)",2,22,8,5,True,10240,2048,32,mV,,sample_full_grid
Session2/session2_participant22/session2_participant22_gesture8_trial6,wfdb_header_only_scan,binary(wfdb),"full grid scan (3 participant mẫu: 1, 22, 43 x mọi session/gesture/trial)",2,22,8,6,True,10240,2048,32,mV,,sample_full_grid
Session2/session2_participant22/session2_participant22_gesture8_trial7,wfdb_header_only_scan,binary(wfdb),"full grid scan (3 participant mẫu: 1, 22, 43 x mọi session/gesture/trial)",2,22,8,7,True,10240,2048,32,mV,,sample_full_grid
Session2/session2_participant22/session2_participant22_gesture9_trial1,wfdb_header_only_scan,binary(wfdb),"full grid scan (3 participant mẫu: 1, 22, 43 x mọi session/gesture/trial)",2,22,9,1,True,10240,2048,32,mV,,sample_full_grid
Session2/session2_participant22/session2_participant22_gesture9_trial2,wfdb_header_only_scan,binary(wfdb),"full grid scan (3 participant mẫu: 1, 22, 43 x mọi session/gesture/trial)",2,22,9,2,True,10240,2048,32,mV,,sample_full_grid
Session2/session2_participant22/session2_participant22_gesture9_trial3,wfdb_header_only_scan,binary(wfdb),"full grid scan (3 participant mẫu: 1, 22, 43 x mọi session/gesture/trial)",2,22,9,3,True,10240,2048,32,mV,,sample_full_grid
Session2/session2_participant22/session2_participant22_gesture9_trial4,wfdb_header_only_scan,binary(wfdb),"full grid scan (3 participant mẫu: 1, 22, 43 x mọi session/gesture/trial)",2,22,9,4,True,10240,2048,32,mV,,sample_full_grid
Session2/session2_participant22/session2_participant22_gesture9_trial5,wfdb_header_only_scan,binary(wfdb),"full grid scan (3 participant mẫu: 1, 22, 43 x mọi session/gesture/trial)",2,22,9,5,True,10240,2048,32,mV,,sample_full_grid
Session2/session2_participant22/session2_participant22_gesture9_trial6,wfdb_header_only_scan,binary(wfdb),"full grid scan (3 participant mẫu: 1, 22, 43 x mọi session/gesture/trial)",2,22,9,6,True,10240,2048,32,mV,,sample_full_grid
Session2/session2_participant22/session2_participant22_gesture9_trial7,wfdb_header_only_scan,binary(wfdb),"full grid scan (3 participant mẫu: 1, 22, 43 x mọi session/gesture/trial)",2,22,9,7,True,10240,2048,32,mV,,sample_full_grid
Session2/session2_participant22/session2_participant22_gesture10_trial1,wfdb_header_only_scan,binary(wfdb),"full grid scan (3 participant mẫu: 1, 22, 43 x mọi session/gesture/trial)",2,22,10,1,True,10240,2048,32,mV,,sample_full_grid
Session2/session2_participant22/session2_participant22_gesture10_trial2,wfdb_header_only_scan,binary(wfdb),"full grid scan (3 participant mẫu: 1, 22, 43 x mọi session/gesture/trial)",2,22,10,2,True,10240,2048,32,mV,,sample_full_grid
Session2/session2_participant22/session2_participant22_gesture10_trial3,wfdb_header_only_scan,binary(wfdb),"full grid scan (3 participant mẫu: 1, 22, 43 x mọi session/gesture/trial)",2,22,10,3,True,10240,2048,32,mV,,sample_full_grid
Session2/session2_participant22/session2_participant22_gesture10_trial4,wfdb_header_only_scan,binary(wfdb),"full grid scan (3 participant mẫu: 1, 22, 43 x mọi session/gesture/trial)",2,22,10,4,True,10240,2048,32,mV,,sample_full_grid
Session2/session2_participant22/session2_participant22_gesture10_trial5,wfdb_header_only_scan,binary(wfdb),"full grid scan (3 participant mẫu: 1, 22, 43 x mọi session/gesture/trial)",2,22,10,5,True,10240,2048,32,mV,,sample_full_grid
Session2/session2_participant22/session2_participant22_gesture10_trial6,wfdb_header_only_scan,binary(wfdb),"full grid scan (3 participant mẫu: 1, 22, 43 x mọi session/gesture/trial)",2,22,10,6,True,10240,2048,32,mV,,sample_full_grid
Session2/session2_participant22/session2_participant22_gesture10_trial7,wfdb_header_only_scan,binary(wfdb),"full grid scan (3 participant mẫu: 1, 22, 43 x mọi session/gesture/trial)",2,22,10,7,True,10240,2048,32,mV,,sample_full_grid
Session2/session2_participant22/session2_participant22_gesture11_trial1,wfdb_header_only_scan,binary(wfdb),"full grid scan (3 participant mẫu: 1, 22, 43 x mọi session/gesture/trial)",2,22,11,1,True,10240,2048,32,mV,,sample_full_grid
Session2/session2_participant22/session2_participant22_gesture11_trial2,wfdb_header_only_scan,binary(wfdb),"full grid scan (3 participant mẫu: 1, 22, 43 x mọi session/gesture/trial)",2,22,11,2,True,10240,2048,32,mV,,sample_full_grid
Session2/session2_participant22/session2_participant22_gesture11_trial3,wfdb_header_only_scan,binary(wfdb),"full grid scan (3 participant mẫu: 1, 22, 43 x mọi session/gesture/trial)",2,22,11,3,True,10240,2048,32,mV,,sample_full_grid
Session2/session2_participant22/session2_participant22_gesture11_trial4,wfdb_header_only_scan,binary(wfdb),"full grid scan (3 participant mẫu: 1, 22, 43 x mọi session/gesture/trial)",2,22,11,4,True,10240,2048,32,mV,,sample_full_grid
Session2/session2_participant22/session2_participant22_gesture11_trial5,wfdb_header_only_scan,binary(wfdb),"full grid scan (3 participant mẫu: 1, 22, 43 x mọi session/gesture/trial)",2,22,11,5,True,10240,2048,32,mV,,sample_full_grid
Session2/session2_participant22/session2_participant22_gesture11_trial6,wfdb_header_only_scan,binary(wfdb),"full grid scan (3 participant mẫu: 1, 22, 43 x mọi session/gesture/trial)",2,22,11,6,True,10240,2048,32,mV,,sample_full_grid
Session2/session2_participant22/session2_participant22_gesture11_trial7,wfdb_header_only_scan,binary(wfdb),"full grid scan (3 participant mẫu: 1, 22, 43 x mọi session/gesture/trial)",2,22,11,7,True,10240,2048,32,mV,,sample_full_grid
Session2/session2_participant22/session2_participant22_gesture12_trial1,wfdb_header_only_scan,binary(wfdb),"full grid scan (3 participant mẫu: 1, 22, 43 x mọi session/gesture/trial)",2,22,12,1,True,10240,2048,32,mV,,sample_full_grid
Session2/session2_participant22/session2_participant22_gesture12_trial2,wfdb_header_only_scan,binary(wfdb),"full grid scan (3 participant mẫu: 1, 22, 43 x mọi session/gesture/trial)",2,22,12,2,True,10240,2048,32,mV,,sample_full_grid
Session2/session2_participant22/session2_participant22_gesture12_trial3,wfdb_header_only_scan,binary(wfdb),"full grid scan (3 participant mẫu: 1, 22, 43 x mọi session/gesture/trial)",2,22,12,3,True,10240,2048,32,mV,,sample_full_grid
Session2/session2_participant22/session2_participant22_gesture12_trial4,wfdb_header_only_scan,binary(wfdb),"full grid scan (3 participant mẫu: 1, 22, 43 x mọi session/gesture/trial)",2,22,12,4,True,10240,2048,32,mV,,sample_full_grid
Session2/session2_participant22/session2_participant22_gesture12_trial5,wfdb_header_only_scan,binary(wfdb),"full grid scan (3 participant mẫu: 1, 22, 43 x mọi session/gesture/trial)",2,22,12,5,True,10240,2048,32,mV,,sample_full_grid
Session2/session2_participant22/session2_participant22_gesture12_trial6,wfdb_header_only_scan,binary(wfdb),"full grid scan (3 participant mẫu: 1, 22, 43 x mọi session/gesture/trial)",2,22,12,6,True,10240,2048,32,mV,,sample_full_grid
Session2/session2_participant22/session2_participant22_gesture12_trial7,wfdb_header_only_scan,binary(wfdb),"full grid scan (3 participant mẫu: 1, 22, 43 x mọi session/gesture/trial)",2,22,12,7,True,10240,2048,32,mV,,sample_full_grid
Session2/session2_participant22/session2_participant22_gesture13_trial1,wfdb_header_only_scan,binary(wfdb),"full grid scan (3 participant mẫu: 1, 22, 43 x mọi session/gesture/trial)",2,22,13,1,True,10240,2048,32,mV,,sample_full_grid
Session2/session2_participant22/session2_participant22_gesture13_trial2,wfdb_header_only_scan,binary(wfdb),"full grid scan (3 participant mẫu: 1, 22, 43 x mọi session/gesture/trial)",2,22,13,2,True,10240,2048,32,mV,,sample_full_grid
Session2/session2_participant22/session2_participant22_gesture13_trial3,wfdb_header_only_scan,binary(wfdb),"full grid scan (3 participant mẫu: 1, 22, 43 x mọi session/gesture/trial)",2,22,13,3,True,10240,2048,32,mV,,sample_full_grid
Session2/session2_participant22/session2_participant22_gesture13_trial4,wfdb_header_only_scan,binary(wfdb),"full grid scan (3 participant mẫu: 1, 22, 43 x mọi session/gesture/trial)",2,22,13,4,True,10240,2048,32,mV,,sample_full_grid
Session2/session2_participant22/session2_participant22_gesture13_trial5,wfdb_header_only_scan,binary(wfdb),"full grid scan (3 participant mẫu: 1, 22, 43 x mọi session/gesture/trial)",2,22,13,5,True,10240,2048,32,mV,,sample_full_grid
Session2/session2_participant22/session2_participant22_gesture13_trial6,wfdb_header_only_scan,binary(wfdb),"full grid scan (3 participant mẫu: 1, 22, 43 x mọi session/gesture/trial)",2,22,13,6,True,10240,2048,32,mV,,sample_full_grid
Session2/session2_participant22/session2_participant22_gesture13_trial7,wfdb_header_only_scan,binary(wfdb),"full grid scan (3 participant mẫu: 1, 22, 43 x mọi session/gesture/trial)",2,22,13,7,True,10240,2048,32,mV,,sample_full_grid
Session2/session2_participant22/session2_participant22_gesture14_trial1,wfdb_header_only_scan,binary(wfdb),"full grid scan (3 participant mẫu: 1, 22, 43 x mọi session/gesture/trial)",2,22,14,1,True,10240,2048,32,mV,,sample_full_grid
Session2/session2_participant22/session2_participant22_gesture14_trial2,wfdb_header_only_scan,binary(wfdb),"full grid scan (3 participant mẫu: 1, 22, 43 x mọi session/gesture/trial)",2,22,14,2,True,10240,2048,32,mV,,sample_full_grid
Session2/session2_participant22/session2_participant22_gesture14_trial3,wfdb_header_only_scan,binary(wfdb),"full grid scan (3 participant mẫu: 1, 22, 43 x mọi session/gesture/trial)",2,22,14,3,True,10240,2048,32,mV,,sample_full_grid
Session2/session2_participant22/session2_participant22_gesture14_trial4,wfdb_header_only_scan,binary(wfdb),"full grid scan (3 participant mẫu: 1, 22, 43 x mọi session/gesture/trial)",2,22,14,4,True,10240,2048,32,mV,,sample_full_grid
Session2/session2_participant22/session2_participant22_gesture14_trial5,wfdb_header_only_scan,binary(wfdb),"full grid scan (3 participant mẫu: 1, 22, 43 x mọi session/gesture/trial)",2,22,14,5,True,10240,2048,32,mV,,sample_full_grid
Session2/session2_participant22/session2_participant22_gesture14_trial6,wfdb_header_only_scan,binary(wfdb),"full grid scan (3 participant mẫu: 1, 22, 43 x mọi session/gesture/trial)",2,22,14,6,True,10240,2048,32,mV,,sample_full_grid
Session2/session2_participant22/session2_participant22_gesture14_trial7,wfdb_header_only_scan,binary(wfdb),"full grid scan (3 participant mẫu: 1, 22, 43 x mọi session/gesture/trial)",2,22,14,7,True,10240,2048,32,mV,,sample_full_grid
Session2/session2_participant22/session2_participant22_gesture15_trial1,wfdb_header_only_scan,binary(wfdb),"full grid scan (3 participant mẫu: 1, 22, 43 x mọi session/gesture/trial)",2,22,15,1,True,10240,2048,32,mV,,sample_full_grid
Session2/session2_participant22/session2_participant22_gesture15_trial2,wfdb_header_only_scan,binary(wfdb),"full grid scan (3 participant mẫu: 1, 22, 43 x mọi session/gesture/trial)",2,22,15,2,True,10240,2048,32,mV,,sample_full_grid
Session2/session2_participant22/session2_participant22_gesture15_trial3,wfdb_header_only_scan,binary(wfdb),"full grid scan (3 participant mẫu: 1, 22, 43 x mọi session/gesture/trial)",2,22,15,3,True,10240,2048,32,mV,,sample_full_grid
Session2/session2_participant22/session2_participant22_gesture15_trial4,wfdb_header_only_scan,binary(wfdb),"full grid scan (3 participant mẫu: 1, 22, 43 x mọi session/gesture/trial)",2,22,15,4,True,10240,2048,32,mV,,sample_full_grid
Session2/session2_participant22/session2_participant22_gesture15_trial5,wfdb_header_only_scan,binary(wfdb),"full grid scan (3 participant mẫu: 1, 22, 43 x mọi session/gesture/trial)",2,22,15,5,True,10240,2048,32,mV,,sample_full_grid
Session2/session2_participant22/session2_participant22_gesture15_trial6,wfdb_header_only_scan,binary(wfdb),"full grid scan (3 participant mẫu: 1, 22, 43 x mọi session/gesture/trial)",2,22,15,6,True,10240,2048,32,mV,,sample_full_grid
Session2/session2_participant22/session2_participant22_gesture15_trial7,wfdb_header_only_scan,binary(wfdb),"full grid scan (3 participant mẫu: 1, 22, 43 x mọi session/gesture/trial)",2,22,15,7,True,10240,2048,32,mV,,sample_full_grid
Session2/session2_participant22/session2_participant22_gesture16_trial1,wfdb_header_only_scan,binary(wfdb),"full grid scan (3 participant mẫu: 1, 22, 43 x mọi session/gesture/trial)",2,22,16,1,True,10240,2048,32,mV,,sample_full_grid
Session2/session2_participant22/session2_participant22_gesture16_trial2,wfdb_header_only_scan,binary(wfdb),"full grid scan (3 participant mẫu: 1, 22, 43 x mọi session/gesture/trial)",2,22,16,2,True,10240,2048,32,mV,,sample_full_grid
Session2/session2_participant22/session2_participant22_gesture16_trial3,wfdb_header_only_scan,binary(wfdb),"full grid scan (3 participant mẫu: 1, 22, 43 x mọi session/gesture/trial)",2,22,16,3,True,10240,2048,32,mV,,sample_full_grid
Session2/session2_participant22/session2_participant22_gesture16_trial4,wfdb_header_only_scan,binary(wfdb),"full grid scan (3 participant mẫu: 1, 22, 43 x mọi session/gesture/trial)",2,22,16,4,True,10240,2048,32,mV,,sample_full_grid
Session2/session2_participant22/session2_participant22_gesture16_trial5,wfdb_header_only_scan,binary(wfdb),"full grid scan (3 participant mẫu: 1, 22, 43 x mọi session/gesture/trial)",2,22,16,5,True,10240,2048,32,mV,,sample_full_grid
Session2/session2_participant22/session2_participant22_gesture16_trial6,wfdb_header_only_scan,binary(wfdb),"full grid scan (3 participant mẫu: 1, 22, 43 x mọi session/gesture/trial)",2,22,16,6,True,10240,2048,32,mV,,sample_full_grid
Session2/session2_participant22/session2_participant22_gesture16_trial7,wfdb_header_only_scan,binary(wfdb),"full grid scan (3 participant mẫu: 1, 22, 43 x mọi session/gesture/trial)",2,22,16,7,True,10240,2048,32,mV,,sample_full_grid
Session2/session2_participant22/session2_participant22_gesture17_trial1,wfdb_header_only_scan,binary(wfdb),"full grid scan (3 participant mẫu: 1, 22, 43 x mọi session/gesture/trial)",2,22,17,1,True,10240,2048,32,mV,,sample_full_grid
Session2/session2_participant22/session2_participant22_gesture17_trial2,wfdb_header_only_scan,binary(wfdb),"full grid scan (3 participant mẫu: 1, 22, 43 x mọi session/gesture/trial)",2,22,17,2,True,10240,2048,32,mV,,sample_full_grid
Session2/session2_participant22/session2_participant22_gesture17_trial3,wfdb_header_only_scan,binary(wfdb),"full grid scan (3 participant mẫu: 1, 22, 43 x mọi session/gesture/trial)",2,22,17,3,True,10240,2048,32,mV,,sample_full_grid
Session2/session2_participant22/session2_participant22_gesture17_trial4,wfdb_header_only_scan,binary(wfdb),"full grid scan (3 participant mẫu: 1, 22, 43 x mọi session/gesture/trial)",2,22,17,4,True,10240,2048,32,mV,,sample_full_grid
Session2/session2_participant22/session2_participant22_gesture17_trial5,wfdb_header_only_scan,binary(wfdb),"full grid scan (3 participant mẫu: 1, 22, 43 x mọi session/gesture/trial)",2,22,17,5,True,10240,2048,32,mV,,sample_full_grid
Session2/session2_participant22/session2_participant22_gesture17_trial6,wfdb_header_only_scan,binary(wfdb),"full grid scan (3 participant mẫu: 1, 22, 43 x mọi session/gesture/trial)",2,22,17,6,True,10240,2048,32,mV,,sample_full_grid
Session2/session2_participant22/session2_participant22_gesture17_trial7,wfdb_header_only_scan,binary(wfdb),"full grid scan (3 participant mẫu: 1, 22, 43 x mọi session/gesture/trial)",2,22,17,7,True,10240,2048,32,mV,,sample_full_grid
Session2/session2_participant43/session2_participant43_gesture1_trial1,wfdb_header_only_scan,binary(wfdb),"full grid scan (3 participant mẫu: 1, 22, 43 x mọi session/gesture/trial)",2,43,1,1,True,10240,2048,32,mV,,sample_full_grid
Session2/session2_participant43/session2_participant43_gesture1_trial2,wfdb_header_only_scan,binary(wfdb),"full grid scan (3 participant mẫu: 1, 22, 43 x mọi session/gesture/trial)",2,43,1,2,True,10240,2048,32,mV,,sample_full_grid
Session2/session2_participant43/session2_participant43_gesture1_trial3,wfdb_header_only_scan,binary(wfdb),"full grid scan (3 participant mẫu: 1, 22, 43 x mọi session/gesture/trial)",2,43,1,3,True,10240,2048,32,mV,,sample_full_grid
Session2/session2_participant43/session2_participant43_gesture1_trial4,wfdb_header_only_scan,binary(wfdb),"full grid scan (3 participant mẫu: 1, 22, 43 x mọi session/gesture/trial)",2,43,1,4,True,10240,2048,32,mV,,sample_full_grid
Session2/session2_participant43/session2_participant43_gesture1_trial5,wfdb_header_only_scan,binary(wfdb),"full grid scan (3 participant mẫu: 1, 22, 43 x mọi session/gesture/trial)",2,43,1,5,True,10240,2048,32,mV,,sample_full_grid
Session2/session2_participant43/session2_participant43_gesture1_trial6,wfdb_header_only_scan,binary(wfdb),"full grid scan (3 participant mẫu: 1, 22, 43 x mọi session/gesture/trial)",2,43,1,6,True,10240,2048,32,mV,,sample_full_grid
Session2/session2_participant43/session2_participant43_gesture1_trial7,wfdb_header_only_scan,binary(wfdb),"full grid scan (3 participant mẫu: 1, 22, 43 x mọi session/gesture/trial)",2,43,1,7,True,10240,2048,32,mV,,sample_full_grid
Session2/session2_participant43/session2_participant43_gesture2_trial1,wfdb_header_only_scan,binary(wfdb),"full grid scan (3 participant mẫu: 1, 22, 43 x mọi session/gesture/trial)",2,43,2,1,True,10240,2048,32,mV,,sample_full_grid
Session2/session2_participant43/session2_participant43_gesture2_trial2,wfdb_header_only_scan,binary(wfdb),"full grid scan (3 participant mẫu: 1, 22, 43 x mọi session/gesture/trial)",2,43,2,2,True,10240,2048,32,mV,,sample_full_grid
Session2/session2_participant43/session2_participant43_gesture2_trial3,wfdb_header_only_scan,binary(wfdb),"full grid scan (3 participant mẫu: 1, 22, 43 x mọi session/gesture/trial)",2,43,2,3,True,10240,2048,32,mV,,sample_full_grid
Session2/session2_participant43/session2_participant43_gesture2_trial4,wfdb_header_only_scan,binary(wfdb),"full grid scan (3 participant mẫu: 1, 22, 43 x mọi session/gesture/trial)",2,43,2,4,True,10240,2048,32,mV,,sample_full_grid
Session2/session2_participant43/session2_participant43_gesture2_trial5,wfdb_header_only_scan,binary(wfdb),"full grid scan (3 participant mẫu: 1, 22, 43 x mọi session/gesture/trial)",2,43,2,5,True,10240,2048,32,mV,,sample_full_grid
Session2/session2_participant43/session2_participant43_gesture2_trial6,wfdb_header_only_scan,binary(wfdb),"full grid scan (3 participant mẫu: 1, 22, 43 x mọi session/gesture/trial)",2,43,2,6,True,10240,2048,32,mV,,sample_full_grid
Session2/session2_participant43/session2_participant43_gesture2_trial7,wfdb_header_only_scan,binary(wfdb),"full grid scan (3 participant mẫu: 1, 22, 43 x mọi session/gesture/trial)",2,43,2,7,True,10240,2048,32,mV,,sample_full_grid
Session2/session2_participant43/session2_participant43_gesture3_trial1,wfdb_header_only_scan,binary(wfdb),"full grid scan (3 participant mẫu: 1, 22, 43 x mọi session/gesture/trial)",2,43,3,1,True,10240,2048,32,mV,,sample_full_grid
Session2/session2_participant43/session2_participant43_gesture3_trial2,wfdb_header_only_scan,binary(wfdb),"full grid scan (3 participant mẫu: 1, 22, 43 x mọi session/gesture/trial)",2,43,3,2,True,10240,2048,32,mV,,sample_full_grid
Session2/session2_participant43/session2_participant43_gesture3_trial3,wfdb_header_only_scan,binary(wfdb),"full grid scan (3 participant mẫu: 1, 22, 43 x mọi session/gesture/trial)",2,43,3,3,True,10240,2048,32,mV,,sample_full_grid
Session2/session2_participant43/session2_participant43_gesture3_trial4,wfdb_header_only_scan,binary(wfdb),"full grid scan (3 participant mẫu: 1, 22, 43 x mọi session/gesture/trial)",2,43,3,4,True,10240,2048,32,mV,,sample_full_grid
Session2/session2_participant43/session2_participant43_gesture3_trial5,wfdb_header_only_scan,binary(wfdb),"full grid scan (3 participant mẫu: 1, 22, 43 x mọi session/gesture/trial)",2,43,3,5,True,10240,2048,32,mV,,sample_full_grid
Session2/session2_participant43/session2_participant43_gesture3_trial6,wfdb_header_only_scan,binary(wfdb),"full grid scan (3 participant mẫu: 1, 22, 43 x mọi session/gesture/trial)",2,43,3,6,True,10240,2048,32,mV,,sample_full_grid
Session2/session2_participant43/session2_participant43_gesture3_trial7,wfdb_header_only_scan,binary(wfdb),"full grid scan (3 participant mẫu: 1, 22, 43 x mọi session/gesture/trial)",2,43,3,7,True,10240,2048,32,mV,,sample_full_grid
Session2/session2_participant43/session2_participant43_gesture4_trial1,wfdb_header_only_scan,binary(wfdb),"full grid scan (3 participant mẫu: 1, 22, 43 x mọi session/gesture/trial)",2,43,4,1,True,10240,2048,32,mV,,sample_full_grid
Session2/session2_participant43/session2_participant43_gesture4_trial2,wfdb_header_only_scan,binary(wfdb),"full grid scan (3 participant mẫu: 1, 22, 43 x mọi session/gesture/trial)",2,43,4,2,True,10240,2048,32,mV,,sample_full_grid
Session2/session2_participant43/session2_participant43_gesture4_trial3,wfdb_header_only_scan,binary(wfdb),"full grid scan (3 participant mẫu: 1, 22, 43 x mọi session/gesture/trial)",2,43,4,3,True,10240,2048,32,mV,,sample_full_grid
Session2/session2_participant43/session2_participant43_gesture4_trial4,wfdb_header_only_scan,binary(wfdb),"full grid scan (3 participant mẫu: 1, 22, 43 x mọi session/gesture/trial)",2,43,4,4,True,10240,2048,32,mV,,sample_full_grid
Session2/session2_participant43/session2_participant43_gesture4_trial5,wfdb_header_only_scan,binary(wfdb),"full grid scan (3 participant mẫu: 1, 22, 43 x mọi session/gesture/trial)",2,43,4,5,True,10240,2048,32,mV,,sample_full_grid
Session2/session2_participant43/session2_participant43_gesture4_trial6,wfdb_header_only_scan,binary(wfdb),"full grid scan (3 participant mẫu: 1, 22, 43 x mọi session/gesture/trial)",2,43,4,6,True,10240,2048,32,mV,,sample_full_grid
Session2/session2_participant43/session2_participant43_gesture4_trial7,wfdb_header_only_scan,binary(wfdb),"full grid scan (3 participant mẫu: 1, 22, 43 x mọi session/gesture/trial)",2,43,4,7,True,10240,2048,32,mV,,sample_full_grid
Session2/session2_participant43/session2_participant43_gesture5_trial1,wfdb_header_only_scan,binary(wfdb),"full grid scan (3 participant mẫu: 1, 22, 43 x mọi session/gesture/trial)",2,43,5,1,True,10240,2048,32,mV,,sample_full_grid
Session2/session2_participant43/session2_participant43_gesture5_trial2,wfdb_header_only_scan,binary(wfdb),"full grid scan (3 participant mẫu: 1, 22, 43 x mọi session/gesture/trial)",2,43,5,2,True,10240,2048,32,mV,,sample_full_grid
Session2/session2_participant43/session2_participant43_gesture5_trial3,wfdb_header_only_scan,binary(wfdb),"full grid scan (3 participant mẫu: 1, 22, 43 x mọi session/gesture/trial)",2,43,5,3,True,10240,2048,32,mV,,sample_full_grid
Session2/session2_participant43/session2_participant43_gesture5_trial4,wfdb_header_only_scan,binary(wfdb),"full grid scan (3 participant mẫu: 1, 22, 43 x mọi session/gesture/trial)",2,43,5,4,True,10240,2048,32,mV,,sample_full_grid
Session2/session2_participant43/session2_participant43_gesture5_trial5,wfdb_header_only_scan,binary(wfdb),"full grid scan (3 participant mẫu: 1, 22, 43 x mọi session/gesture/trial)",2,43,5,5,True,10240,2048,32,mV,,sample_full_grid
Session2/session2_participant43/session2_participant43_gesture5_trial6,wfdb_header_only_scan,binary(wfdb),"full grid scan (3 participant mẫu: 1, 22, 43 x mọi session/gesture/trial)",2,43,5,6,True,10240,2048,32,mV,,sample_full_grid
Session2/session2_participant43/session2_participant43_gesture5_trial7,wfdb_header_only_scan,binary(wfdb),"full grid scan (3 participant mẫu: 1, 22, 43 x mọi session/gesture/trial)",2,43,5,7,True,10240,2048,32,mV,,sample_full_grid
Session2/session2_participant43/session2_participant43_gesture6_trial1,wfdb_header_only_scan,binary(wfdb),"full grid scan (3 participant mẫu: 1, 22, 43 x mọi session/gesture/trial)",2,43,6,1,True,10240,2048,32,mV,,sample_full_grid
Session2/session2_participant43/session2_participant43_gesture6_trial2,wfdb_header_only_scan,binary(wfdb),"full grid scan (3 participant mẫu: 1, 22, 43 x mọi session/gesture/trial)",2,43,6,2,True,10240,2048,32,mV,,sample_full_grid
Session2/session2_participant43/session2_participant43_gesture6_trial3,wfdb_header_only_scan,binary(wfdb),"full grid scan (3 participant mẫu: 1, 22, 43 x mọi session/gesture/trial)",2,43,6,3,True,10240,2048,32,mV,,sample_full_grid
Session2/session2_participant43/session2_participant43_gesture6_trial4,wfdb_header_only_scan,binary(wfdb),"full grid scan (3 participant mẫu: 1, 22, 43 x mọi session/gesture/trial)",2,43,6,4,True,10240,2048,32,mV,,sample_full_grid
Session2/session2_participant43/session2_participant43_gesture6_trial5,wfdb_header_only_scan,binary(wfdb),"full grid scan (3 participant mẫu: 1, 22, 43 x mọi session/gesture/trial)",2,43,6,5,True,10240,2048,32,mV,,sample_full_grid
Session2/session2_participant43/session2_participant43_gesture6_trial6,wfdb_header_only_scan,binary(wfdb),"full grid scan (3 participant mẫu: 1, 22, 43 x mọi session/gesture/trial)",2,43,6,6,True,10240,2048,32,mV,,sample_full_grid
Session2/session2_participant43/session2_participant43_gesture6_trial7,wfdb_header_only_scan,binary(wfdb),"full grid scan (3 participant mẫu: 1, 22, 43 x mọi session/gesture/trial)",2,43,6,7,True,10240,2048,32,mV,,sample_full_grid
Session2/session2_participant43/session2_participant43_gesture7_trial1,wfdb_header_only_scan,binary(wfdb),"full grid scan (3 participant mẫu: 1, 22, 43 x mọi session/gesture/trial)",2,43,7,1,True,10240,2048,32,mV,,sample_full_grid
Session2/session2_participant43/session2_participant43_gesture7_trial2,wfdb_header_only_scan,binary(wfdb),"full grid scan (3 participant mẫu: 1, 22, 43 x mọi session/gesture/trial)",2,43,7,2,True,10240,2048,32,mV,,sample_full_grid
Session2/session2_participant43/session2_participant43_gesture7_trial3,wfdb_header_only_scan,binary(wfdb),"full grid scan (3 participant mẫu: 1, 22, 43 x mọi session/gesture/trial)",2,43,7,3,True,10240,2048,32,mV,,sample_full_grid
Session2/session2_participant43/session2_participant43_gesture7_trial4,wfdb_header_only_scan,binary(wfdb),"full grid scan (3 participant mẫu: 1, 22, 43 x mọi session/gesture/trial)",2,43,7,4,True,10240,2048,32,mV,,sample_full_grid
Session2/session2_participant43/session2_participant43_gesture7_trial5,wfdb_header_only_scan,binary(wfdb),"full grid scan (3 participant mẫu: 1, 22, 43 x mọi session/gesture/trial)",2,43,7,5,True,10240,2048,32,mV,,sample_full_grid
Session2/session2_participant43/session2_participant43_gesture7_trial6,wfdb_header_only_scan,binary(wfdb),"full grid scan (3 participant mẫu: 1, 22, 43 x mọi session/gesture/trial)",2,43,7,6,True,10240,2048,32,mV,,sample_full_grid
Session2/session2_participant43/session2_participant43_gesture7_trial7,wfdb_header_only_scan,binary(wfdb),"full grid scan (3 participant mẫu: 1, 22, 43 x mọi session/gesture/trial)",2,43,7,7,True,10240,2048,32,mV,,sample_full_grid
Session2/session2_participant43/session2_participant43_gesture8_trial1,wfdb_header_only_scan,binary(wfdb),"full grid scan (3 participant mẫu: 1, 22, 43 x mọi session/gesture/trial)",2,43,8,1,True,10240,2048,32,mV,,sample_full_grid
Session2/session2_participant43/session2_participant43_gesture8_trial2,wfdb_header_only_scan,binary(wfdb),"full grid scan (3 participant mẫu: 1, 22, 43 x mọi session/gesture/trial)",2,43,8,2,True,10240,2048,32,mV,,sample_full_grid
Session2/session2_participant43/session2_participant43_gesture8_trial3,wfdb_header_only_scan,binary(wfdb),"full grid scan (3 participant mẫu: 1, 22, 43 x mọi session/gesture/trial)",2,43,8,3,True,10240,2048,32,mV,,sample_full_grid
Session2/session2_participant43/session2_participant43_gesture8_trial4,wfdb_header_only_scan,binary(wfdb),"full grid scan (3 participant mẫu: 1, 22, 43 x mọi session/gesture/trial)",2,43,8,4,True,10240,2048,32,mV,,sample_full_grid
Session2/session2_participant43/session2_participant43_gesture8_trial5,wfdb_header_only_scan,binary(wfdb),"full grid scan (3 participant mẫu: 1, 22, 43 x mọi session/gesture/trial)",2,43,8,5,True,10240,2048,32,mV,,sample_full_grid
Session2/session2_participant43/session2_participant43_gesture8_trial6,wfdb_header_only_scan,binary(wfdb),"full grid scan (3 participant mẫu: 1, 22, 43 x mọi session/gesture/trial)",2,43,8,6,True,10240,2048,32,mV,,sample_full_grid
Session2/session2_participant43/session2_participant43_gesture8_trial7,wfdb_header_only_scan,binary(wfdb),"full grid scan (3 participant mẫu: 1, 22, 43 x mọi session/gesture/trial)",2,43,8,7,True,10240,2048,32,mV,,sample_full_grid
Session2/session2_participant43/session2_participant43_gesture9_trial1,wfdb_header_only_scan,binary(wfdb),"full grid scan (3 participant mẫu: 1, 22, 43 x mọi session/gesture/trial)",2,43,9,1,True,10240,2048,32,mV,,sample_full_grid
Session2/session2_participant43/session2_participant43_gesture9_trial2,wfdb_header_only_scan,binary(wfdb),"full grid scan (3 participant mẫu: 1, 22, 43 x mọi session/gesture/trial)",2,43,9,2,True,10240,2048,32,mV,,sample_full_grid
Session2/session2_participant43/session2_participant43_gesture9_trial3,wfdb_header_only_scan,binary(wfdb),"full grid scan (3 participant mẫu: 1, 22, 43 x mọi session/gesture/trial)",2,43,9,3,True,10240,2048,32,mV,,sample_full_grid
Session2/session2_participant43/session2_participant43_gesture9_trial4,wfdb_header_only_scan,binary(wfdb),"full grid scan (3 participant mẫu: 1, 22, 43 x mọi session/gesture/trial)",2,43,9,4,True,10240,2048,32,mV,,sample_full_grid
Session2/session2_participant43/session2_participant43_gesture9_trial5,wfdb_header_only_scan,binary(wfdb),"full grid scan (3 participant mẫu: 1, 22, 43 x mọi session/gesture/trial)",2,43,9,5,True,10240,2048,32,mV,,sample_full_grid
Session2/session2_participant43/session2_participant43_gesture9_trial6,wfdb_header_only_scan,binary(wfdb),"full grid scan (3 participant mẫu: 1, 22, 43 x mọi session/gesture/trial)",2,43,9,6,True,10240,2048,32,mV,,sample_full_grid
Session2/session2_participant43/session2_participant43_gesture9_trial7,wfdb_header_only_scan,binary(wfdb),"full grid scan (3 participant mẫu: 1, 22, 43 x mọi session/gesture/trial)",2,43,9,7,True,10240,2048,32,mV,,sample_full_grid
Session2/session2_participant43/session2_participant43_gesture10_trial1,wfdb_header_only_scan,binary(wfdb),"full grid scan (3 participant mẫu: 1, 22, 43 x mọi session/gesture/trial)",2,43,10,1,True,10240,2048,32,mV,,sample_full_grid
Session2/session2_participant43/session2_participant43_gesture10_trial2,wfdb_header_only_scan,binary(wfdb),"full grid scan (3 participant mẫu: 1, 22, 43 x mọi session/gesture/trial)",2,43,10,2,True,10240,2048,32,mV,,sample_full_grid
Session2/session2_participant43/session2_participant43_gesture10_trial3,wfdb_header_only_scan,binary(wfdb),"full grid scan (3 participant mẫu: 1, 22, 43 x mọi session/gesture/trial)",2,43,10,3,True,10240,2048,32,mV,,sample_full_grid
Session2/session2_participant43/session2_participant43_gesture10_trial4,wfdb_header_only_scan,binary(wfdb),"full grid scan (3 participant mẫu: 1, 22, 43 x mọi session/gesture/trial)",2,43,10,4,True,10240,2048,32,mV,,sample_full_grid
Session2/session2_participant43/session2_participant43_gesture10_trial5,wfdb_header_only_scan,binary(wfdb),"full grid scan (3 participant mẫu: 1, 22, 43 x mọi session/gesture/trial)",2,43,10,5,True,10240,2048,32,mV,,sample_full_grid
Session2/session2_participant43/session2_participant43_gesture10_trial6,wfdb_header_only_scan,binary(wfdb),"full grid scan (3 participant mẫu: 1, 22, 43 x mọi session/gesture/trial)",2,43,10,6,True,10240,2048,32,mV,,sample_full_grid
Session2/session2_participant43/session2_participant43_gesture10_trial7,wfdb_header_only_scan,binary(wfdb),"full grid scan (3 participant mẫu: 1, 22, 43 x mọi session/gesture/trial)",2,43,10,7,True,10240,2048,32,mV,,sample_full_grid
Session2/session2_participant43/session2_participant43_gesture11_trial1,wfdb_header_only_scan,binary(wfdb),"full grid scan (3 participant mẫu: 1, 22, 43 x mọi session/gesture/trial)",2,43,11,1,True,10240,2048,32,mV,,sample_full_grid
Session2/session2_participant43/session2_participant43_gesture11_trial2,wfdb_header_only_scan,binary(wfdb),"full grid scan (3 participant mẫu: 1, 22, 43 x mọi session/gesture/trial)",2,43,11,2,True,10240,2048,32,mV,,sample_full_grid
Session2/session2_participant43/session2_participant43_gesture11_trial3,wfdb_header_only_scan,binary(wfdb),"full grid scan (3 participant mẫu: 1, 22, 43 x mọi session/gesture/trial)",2,43,11,3,True,10240,2048,32,mV,,sample_full_grid
Session2/session2_participant43/session2_participant43_gesture11_trial4,wfdb_header_only_scan,binary(wfdb),"full grid scan (3 participant mẫu: 1, 22, 43 x mọi session/gesture/trial)",2,43,11,4,True,10240,2048,32,mV,,sample_full_grid
Session2/session2_participant43/session2_participant43_gesture11_trial5,wfdb_header_only_scan,binary(wfdb),"full grid scan (3 participant mẫu: 1, 22, 43 x mọi session/gesture/trial)",2,43,11,5,True,10240,2048,32,mV,,sample_full_grid
Session2/session2_participant43/session2_participant43_gesture11_trial6,wfdb_header_only_scan,binary(wfdb),"full grid scan (3 participant mẫu: 1, 22, 43 x mọi session/gesture/trial)",2,43,11,6,True,10240,2048,32,mV,,sample_full_grid
Session2/session2_participant43/session2_participant43_gesture11_trial7,wfdb_header_only_scan,binary(wfdb),"full grid scan (3 participant mẫu: 1, 22, 43 x mọi session/gesture/trial)",2,43,11,7,True,10240,2048,32,mV,,sample_full_grid
Session2/session2_participant43/session2_participant43_gesture12_trial1,wfdb_header_only_scan,binary(wfdb),"full grid scan (3 participant mẫu: 1, 22, 43 x mọi session/gesture/trial)",2,43,12,1,True,10240,2048,32,mV,,sample_full_grid
Session2/session2_participant43/session2_participant43_gesture12_trial2,wfdb_header_only_scan,binary(wfdb),"full grid scan (3 participant mẫu: 1, 22, 43 x mọi session/gesture/trial)",2,43,12,2,True,10240,2048,32,mV,,sample_full_grid
Session2/session2_participant43/session2_participant43_gesture12_trial3,wfdb_header_only_scan,binary(wfdb),"full grid scan (3 participant mẫu: 1, 22, 43 x mọi session/gesture/trial)",2,43,12,3,True,10240,2048,32,mV,,sample_full_grid
Session2/session2_participant43/session2_participant43_gesture12_trial4,wfdb_header_only_scan,binary(wfdb),"full grid scan (3 participant mẫu: 1, 22, 43 x mọi session/gesture/trial)",2,43,12,4,True,10240,2048,32,mV,,sample_full_grid
Session2/session2_participant43/session2_participant43_gesture12_trial5,wfdb_header_only_scan,binary(wfdb),"full grid scan (3 participant mẫu: 1, 22, 43 x mọi session/gesture/trial)",2,43,12,5,True,10240,2048,32,mV,,sample_full_grid
Session2/session2_participant43/session2_participant43_gesture12_trial6,wfdb_header_only_scan,binary(wfdb),"full grid scan (3 participant mẫu: 1, 22, 43 x mọi session/gesture/trial)",2,43,12,6,True,10240,2048,32,mV,,sample_full_grid
Session2/session2_participant43/session2_participant43_gesture12_trial7,wfdb_header_only_scan,binary(wfdb),"full grid scan (3 participant mẫu: 1, 22, 43 x mọi session/gesture/trial)",2,43,12,7,True,10240,2048,32,mV,,sample_full_grid
Session2/session2_participant43/session2_participant43_gesture13_trial1,wfdb_header_only_scan,binary(wfdb),"full grid scan (3 participant mẫu: 1, 22, 43 x mọi session/gesture/trial)",2,43,13,1,True,10240,2048,32,mV,,sample_full_grid
Session2/session2_participant43/session2_participant43_gesture13_trial2,wfdb_header_only_scan,binary(wfdb),"full grid scan (3 participant mẫu: 1, 22, 43 x mọi session/gesture/trial)",2,43,13,2,True,10240,2048,32,mV,,sample_full_grid
Session2/session2_participant43/session2_participant43_gesture13_trial3,wfdb_header_only_scan,binary(wfdb),"full grid scan (3 participant mẫu: 1, 22, 43 x mọi session/gesture/trial)",2,43,13,3,True,10240,2048,32,mV,,sample_full_grid
Session2/session2_participant43/session2_participant43_gesture13_trial4,wfdb_header_only_scan,binary(wfdb),"full grid scan (3 participant mẫu: 1, 22, 43 x mọi session/gesture/trial)",2,43,13,4,True,10240,2048,32,mV,,sample_full_grid
Session2/session2_participant43/session2_participant43_gesture13_trial5,wfdb_header_only_scan,binary(wfdb),"full grid scan (3 participant mẫu: 1, 22, 43 x mọi session/gesture/trial)",2,43,13,5,True,10240,2048,32,mV,,sample_full_grid
Session2/session2_participant43/session2_participant43_gesture13_trial6,wfdb_header_only_scan,binary(wfdb),"full grid scan (3 participant mẫu: 1, 22, 43 x mọi session/gesture/trial)",2,43,13,6,True,10240,2048,32,mV,,sample_full_grid
Session2/session2_participant43/session2_participant43_gesture13_trial7,wfdb_header_only_scan,binary(wfdb),"full grid scan (3 participant mẫu: 1, 22, 43 x mọi session/gesture/trial)",2,43,13,7,True,10240,2048,32,mV,,sample_full_grid
Session2/session2_participant43/session2_participant43_gesture14_trial1,wfdb_header_only_scan,binary(wfdb),"full grid scan (3 participant mẫu: 1, 22, 43 x mọi session/gesture/trial)",2,43,14,1,True,10240,2048,32,mV,,sample_full_grid
Session2/session2_participant43/session2_participant43_gesture14_trial2,wfdb_header_only_scan,binary(wfdb),"full grid scan (3 participant mẫu: 1, 22, 43 x mọi session/gesture/trial)",2,43,14,2,True,10240,2048,32,mV,,sample_full_grid
Session2/session2_participant43/session2_participant43_gesture14_trial3,wfdb_header_only_scan,binary(wfdb),"full grid scan (3 participant mẫu: 1, 22, 43 x mọi session/gesture/trial)",2,43,14,3,True,10240,2048,32,mV,,sample_full_grid
Session2/session2_participant43/session2_participant43_gesture14_trial4,wfdb_header_only_scan,binary(wfdb),"full grid scan (3 participant mẫu: 1, 22, 43 x mọi session/gesture/trial)",2,43,14,4,True,10240,2048,32,mV,,sample_full_grid
Session2/session2_participant43/session2_participant43_gesture14_trial5,wfdb_header_only_scan,binary(wfdb),"full grid scan (3 participant mẫu: 1, 22, 43 x mọi session/gesture/trial)",2,43,14,5,True,10240,2048,32,mV,,sample_full_grid
Session2/session2_participant43/session2_participant43_gesture14_trial6,wfdb_header_only_scan,binary(wfdb),"full grid scan (3 participant mẫu: 1, 22, 43 x mọi session/gesture/trial)",2,43,14,6,True,10240,2048,32,mV,,sample_full_grid
Session2/session2_participant43/session2_participant43_gesture14_trial7,wfdb_header_only_scan,binary(wfdb),"full grid scan (3 participant mẫu: 1, 22, 43 x mọi session/gesture/trial)",2,43,14,7,True,10240,2048,32,mV,,sample_full_grid
Session2/session2_participant43/session2_participant43_gesture15_trial1,wfdb_header_only_scan,binary(wfdb),"full grid scan (3 participant mẫu: 1, 22, 43 x mọi session/gesture/trial)",2,43,15,1,True,10240,2048,32,mV,,sample_full_grid
Session2/session2_participant43/session2_participant43_gesture15_trial2,wfdb_header_only_scan,binary(wfdb),"full grid scan (3 participant mẫu: 1, 22, 43 x mọi session/gesture/trial)",2,43,15,2,True,10240,2048,32,mV,,sample_full_grid
Session2/session2_participant43/session2_participant43_gesture15_trial3,wfdb_header_only_scan,binary(wfdb),"full grid scan (3 participant mẫu: 1, 22, 43 x mọi session/gesture/trial)",2,43,15,3,True,10240,2048,32,mV,,sample_full_grid
Session2/session2_participant43/session2_participant43_gesture15_trial4,wfdb_header_only_scan,binary(wfdb),"full grid scan (3 participant mẫu: 1, 22, 43 x mọi session/gesture/trial)",2,43,15,4,True,10240,2048,32,mV,,sample_full_grid
Session2/session2_participant43/session2_participant43_gesture15_trial5,wfdb_header_only_scan,binary(wfdb),"full grid scan (3 participant mẫu: 1, 22, 43 x mọi session/gesture/trial)",2,43,15,5,True,10240,2048,32,mV,,sample_full_grid
Session2/session2_participant43/session2_participant43_gesture15_trial6,wfdb_header_only_scan,binary(wfdb),"full grid scan (3 participant mẫu: 1, 22, 43 x mọi session/gesture/trial)",2,43,15,6,True,10240,2048,32,mV,,sample_full_grid
Session2/session2_participant43/session2_participant43_gesture15_trial7,wfdb_header_only_scan,binary(wfdb),"full grid scan (3 participant mẫu: 1, 22, 43 x mọi session/gesture/trial)",2,43,15,7,True,10240,2048,32,mV,,sample_full_grid
Session2/session2_participant43/session2_participant43_gesture16_trial1,wfdb_header_only_scan,binary(wfdb),"full grid scan (3 participant mẫu: 1, 22, 43 x mọi session/gesture/trial)",2,43,16,1,True,10240,2048,32,mV,,sample_full_grid
Session2/session2_participant43/session2_participant43_gesture16_trial2,wfdb_header_only_scan,binary(wfdb),"full grid scan (3 participant mẫu: 1, 22, 43 x mọi session/gesture/trial)",2,43,16,2,True,10240,2048,32,mV,,sample_full_grid
Session2/session2_participant43/session2_participant43_gesture16_trial3,wfdb_header_only_scan,binary(wfdb),"full grid scan (3 participant mẫu: 1, 22, 43 x mọi session/gesture/trial)",2,43,16,3,True,10240,2048,32,mV,,sample_full_grid
Session2/session2_participant43/session2_participant43_gesture16_trial4,wfdb_header_only_scan,binary(wfdb),"full grid scan (3 participant mẫu: 1, 22, 43 x mọi session/gesture/trial)",2,43,16,4,True,10240,2048,32,mV,,sample_full_grid
Session2/session2_participant43/session2_participant43_gesture16_trial5,wfdb_header_only_scan,binary(wfdb),"full grid scan (3 participant mẫu: 1, 22, 43 x mọi session/gesture/trial)",2,43,16,5,True,10240,2048,32,mV,,sample_full_grid
Session2/session2_participant43/session2_participant43_gesture16_trial6,wfdb_header_only_scan,binary(wfdb),"full grid scan (3 participant mẫu: 1, 22, 43 x mọi session/gesture/trial)",2,43,16,6,True,10240,2048,32,mV,,sample_full_grid
Session2/session2_participant43/session2_participant43_gesture16_trial7,wfdb_header_only_scan,binary(wfdb),"full grid scan (3 participant mẫu: 1, 22, 43 x mọi session/gesture/trial)",2,43,16,7,True,10240,2048,32,mV,,sample_full_grid
Session2/session2_participant43/session2_participant43_gesture17_trial1,wfdb_header_only_scan,binary(wfdb),"full grid scan (3 participant mẫu: 1, 22, 43 x mọi session/gesture/trial)",2,43,17,1,True,10240,2048,32,mV,,sample_full_grid
Session2/session2_participant43/session2_participant43_gesture17_trial2,wfdb_header_only_scan,binary(wfdb),"full grid scan (3 participant mẫu: 1, 22, 43 x mọi session/gesture/trial)",2,43,17,2,True,10240,2048,32,mV,,sample_full_grid
Session2/session2_participant43/session2_participant43_gesture17_trial3,wfdb_header_only_scan,binary(wfdb),"full grid scan (3 participant mẫu: 1, 22, 43 x mọi session/gesture/trial)",2,43,17,3,True,10240,2048,32,mV,,sample_full_grid
Session2/session2_participant43/session2_participant43_gesture17_trial4,wfdb_header_only_scan,binary(wfdb),"full grid scan (3 participant mẫu: 1, 22, 43 x mọi session/gesture/trial)",2,43,17,4,True,10240,2048,32,mV,,sample_full_grid
Session2/session2_participant43/session2_participant43_gesture17_trial5,wfdb_header_only_scan,binary(wfdb),"full grid scan (3 participant mẫu: 1, 22, 43 x mọi session/gesture/trial)",2,43,17,5,True,10240,2048,32,mV,,sample_full_grid
Session2/session2_participant43/session2_participant43_gesture17_trial6,wfdb_header_only_scan,binary(wfdb),"full grid scan (3 participant mẫu: 1, 22, 43 x mọi session/gesture/trial)",2,43,17,6,True,10240,2048,32,mV,,sample_full_grid
Session2/session2_participant43/session2_participant43_gesture17_trial7,wfdb_header_only_scan,binary(wfdb),"full grid scan (3 participant mẫu: 1, 22, 43 x mọi session/gesture/trial)",2,43,17,7,True,10240,2048,32,mV,,sample_full_grid
Session3/session3_participant1/session3_participant1_gesture1_trial1,wfdb_header_only_scan,binary(wfdb),"full grid scan (3 participant mẫu: 1, 22, 43 x mọi session/gesture/trial)",3,1,1,1,True,10240,2048,32,mV,,sample_full_grid
Session3/session3_participant1/session3_participant1_gesture1_trial2,wfdb_header_only_scan,binary(wfdb),"full grid scan (3 participant mẫu: 1, 22, 43 x mọi session/gesture/trial)",3,1,1,2,True,10240,2048,32,mV,,sample_full_grid
Session3/session3_participant1/session3_participant1_gesture1_trial3,wfdb_header_only_scan,binary(wfdb),"full grid scan (3 participant mẫu: 1, 22, 43 x mọi session/gesture/trial)",3,1,1,3,True,10240,2048,32,mV,,sample_full_grid
Session3/session3_participant1/session3_participant1_gesture1_trial4,wfdb_header_only_scan,binary(wfdb),"full grid scan (3 participant mẫu: 1, 22, 43 x mọi session/gesture/trial)",3,1,1,4,True,10240,2048,32,mV,,sample_full_grid
Session3/session3_participant1/session3_participant1_gesture1_trial5,wfdb_header_only_scan,binary(wfdb),"full grid scan (3 participant mẫu: 1, 22, 43 x mọi session/gesture/trial)",3,1,1,5,True,10240,2048,32,mV,,sample_full_grid
Session3/session3_participant1/session3_participant1_gesture1_trial6,wfdb_header_only_scan,binary(wfdb),"full grid scan (3 participant mẫu: 1, 22, 43 x mọi session/gesture/trial)",3,1,1,6,True,10240,2048,32,mV,,sample_full_grid
Session3/session3_participant1/session3_participant1_gesture1_trial7,wfdb_header_only_scan,binary(wfdb),"full grid scan (3 participant mẫu: 1, 22, 43 x mọi session/gesture/trial)",3,1,1,7,True,10240,2048,32,mV,,sample_full_grid
Session3/session3_participant1/session3_participant1_gesture2_trial1,wfdb_header_only_scan,binary(wfdb),"full grid scan (3 participant mẫu: 1, 22, 43 x mọi session/gesture/trial)",3,1,2,1,True,10240,2048,32,mV,,sample_full_grid
Session3/session3_participant1/session3_participant1_gesture2_trial2,wfdb_header_only_scan,binary(wfdb),"full grid scan (3 participant mẫu: 1, 22, 43 x mọi session/gesture/trial)",3,1,2,2,True,10240,2048,32,mV,,sample_full_grid
Session3/session3_participant1/session3_participant1_gesture2_trial3,wfdb_header_only_scan,binary(wfdb),"full grid scan (3 participant mẫu: 1, 22, 43 x mọi session/gesture/trial)",3,1,2,3,True,10240,2048,32,mV,,sample_full_grid
Session3/session3_participant1/session3_participant1_gesture2_trial4,wfdb_header_only_scan,binary(wfdb),"full grid scan (3 participant mẫu: 1, 22, 43 x mọi session/gesture/trial)",3,1,2,4,True,10240,2048,32,mV,,sample_full_grid
Session3/session3_participant1/session3_participant1_gesture2_trial5,wfdb_header_only_scan,binary(wfdb),"full grid scan (3 participant mẫu: 1, 22, 43 x mọi session/gesture/trial)",3,1,2,5,True,10240,2048,32,mV,,sample_full_grid
Session3/session3_participant1/session3_participant1_gesture2_trial6,wfdb_header_only_scan,binary(wfdb),"full grid scan (3 participant mẫu: 1, 22, 43 x mọi session/gesture/trial)",3,1,2,6,True,10240,2048,32,mV,,sample_full_grid
Session3/session3_participant1/session3_participant1_gesture2_trial7,wfdb_header_only_scan,binary(wfdb),"full grid scan (3 participant mẫu: 1, 22, 43 x mọi session/gesture/trial)",3,1,2,7,True,10240,2048,32,mV,,sample_full_grid
Session3/session3_participant1/session3_participant1_gesture3_trial1,wfdb_header_only_scan,binary(wfdb),"full grid scan (3 participant mẫu: 1, 22, 43 x mọi session/gesture/trial)",3,1,3,1,True,10240,2048,32,mV,,sample_full_grid
Session3/session3_participant1/session3_participant1_gesture3_trial2,wfdb_header_only_scan,binary(wfdb),"full grid scan (3 participant mẫu: 1, 22, 43 x mọi session/gesture/trial)",3,1,3,2,True,10240,2048,32,mV,,sample_full_grid
Session3/session3_participant1/session3_participant1_gesture3_trial3,wfdb_header_only_scan,binary(wfdb),"full grid scan (3 participant mẫu: 1, 22, 43 x mọi session/gesture/trial)",3,1,3,3,True,10240,2048,32,mV,,sample_full_grid
Session3/session3_participant1/session3_participant1_gesture3_trial4,wfdb_header_only_scan,binary(wfdb),"full grid scan (3 participant mẫu: 1, 22, 43 x mọi session/gesture/trial)",3,1,3,4,True,10240,2048,32,mV,,sample_full_grid
Session3/session3_participant1/session3_participant1_gesture3_trial5,wfdb_header_only_scan,binary(wfdb),"full grid scan (3 participant mẫu: 1, 22, 43 x mọi session/gesture/trial)",3,1,3,5,True,10240,2048,32,mV,,sample_full_grid
Session3/session3_participant1/session3_participant1_gesture3_trial6,wfdb_header_only_scan,binary(wfdb),"full grid scan (3 participant mẫu: 1, 22, 43 x mọi session/gesture/trial)",3,1,3,6,True,10240,2048,32,mV,,sample_full_grid
Session3/session3_participant1/session3_participant1_gesture3_trial7,wfdb_header_only_scan,binary(wfdb),"full grid scan (3 participant mẫu: 1, 22, 43 x mọi session/gesture/trial)",3,1,3,7,True,10240,2048,32,mV,,sample_full_grid
Session3/session3_participant1/session3_participant1_gesture4_trial1,wfdb_header_only_scan,binary(wfdb),"full grid scan (3 participant mẫu: 1, 22, 43 x mọi session/gesture/trial)",3,1,4,1,True,10240,2048,32,mV,,sample_full_grid
Session3/session3_participant1/session3_participant1_gesture4_trial2,wfdb_header_only_scan,binary(wfdb),"full grid scan (3 participant mẫu: 1, 22, 43 x mọi session/gesture/trial)",3,1,4,2,True,10240,2048,32,mV,,sample_full_grid
Session3/session3_participant1/session3_participant1_gesture4_trial3,wfdb_header_only_scan,binary(wfdb),"full grid scan (3 participant mẫu: 1, 22, 43 x mọi session/gesture/trial)",3,1,4,3,True,10240,2048,32,mV,,sample_full_grid
Session3/session3_participant1/session3_participant1_gesture4_trial4,wfdb_header_only_scan,binary(wfdb),"full grid scan (3 participant mẫu: 1, 22, 43 x mọi session/gesture/trial)",3,1,4,4,True,10240,2048,32,mV,,sample_full_grid
Session3/session3_participant1/session3_participant1_gesture4_trial5,wfdb_header_only_scan,binary(wfdb),"full grid scan (3 participant mẫu: 1, 22, 43 x mọi session/gesture/trial)",3,1,4,5,True,10240,2048,32,mV,,sample_full_grid
Session3/session3_participant1/session3_participant1_gesture4_trial6,wfdb_header_only_scan,binary(wfdb),"full grid scan (3 participant mẫu: 1, 22, 43 x mọi session/gesture/trial)",3,1,4,6,True,10240,2048,32,mV,,sample_full_grid
Session3/session3_participant1/session3_participant1_gesture4_trial7,wfdb_header_only_scan,binary(wfdb),"full grid scan (3 participant mẫu: 1, 22, 43 x mọi session/gesture/trial)",3,1,4,7,True,10240,2048,32,mV,,sample_full_grid
Session3/session3_participant1/session3_participant1_gesture5_trial1,wfdb_header_only_scan,binary(wfdb),"full grid scan (3 participant mẫu: 1, 22, 43 x mọi session/gesture/trial)",3,1,5,1,True,10240,2048,32,mV,,sample_full_grid
Session3/session3_participant1/session3_participant1_gesture5_trial2,wfdb_header_only_scan,binary(wfdb),"full grid scan (3 participant mẫu: 1, 22, 43 x mọi session/gesture/trial)",3,1,5,2,True,10240,2048,32,mV,,sample_full_grid
Session3/session3_participant1/session3_participant1_gesture5_trial3,wfdb_header_only_scan,binary(wfdb),"full grid scan (3 participant mẫu: 1, 22, 43 x mọi session/gesture/trial)",3,1,5,3,True,10240,2048,32,mV,,sample_full_grid
Session3/session3_participant1/session3_participant1_gesture5_trial4,wfdb_header_only_scan,binary(wfdb),"full grid scan (3 participant mẫu: 1, 22, 43 x mọi session/gesture/trial)",3,1,5,4,True,10240,2048,32,mV,,sample_full_grid
Session3/session3_participant1/session3_participant1_gesture5_trial5,wfdb_header_only_scan,binary(wfdb),"full grid scan (3 participant mẫu: 1, 22, 43 x mọi session/gesture/trial)",3,1,5,5,True,10240,2048,32,mV,,sample_full_grid
Session3/session3_participant1/session3_participant1_gesture5_trial6,wfdb_header_only_scan,binary(wfdb),"full grid scan (3 participant mẫu: 1, 22, 43 x mọi session/gesture/trial)",3,1,5,6,True,10240,2048,32,mV,,sample_full_grid
Session3/session3_participant1/session3_participant1_gesture5_trial7,wfdb_header_only_scan,binary(wfdb),"full grid scan (3 participant mẫu: 1, 22, 43 x mọi session/gesture/trial)",3,1,5,7,True,10240,2048,32,mV,,sample_full_grid
Session3/session3_participant1/session3_participant1_gesture6_trial1,wfdb_header_only_scan,binary(wfdb),"full grid scan (3 participant mẫu: 1, 22, 43 x mọi session/gesture/trial)",3,1,6,1,True,10240,2048,32,mV,,sample_full_grid
Session3/session3_participant1/session3_participant1_gesture6_trial2,wfdb_header_only_scan,binary(wfdb),"full grid scan (3 participant mẫu: 1, 22, 43 x mọi session/gesture/trial)",3,1,6,2,True,10240,2048,32,mV,,sample_full_grid
Session3/session3_participant1/session3_participant1_gesture6_trial3,wfdb_header_only_scan,binary(wfdb),"full grid scan (3 participant mẫu: 1, 22, 43 x mọi session/gesture/trial)",3,1,6,3,True,10240,2048,32,mV,,sample_full_grid
Session3/session3_participant1/session3_participant1_gesture6_trial4,wfdb_header_only_scan,binary(wfdb),"full grid scan (3 participant mẫu: 1, 22, 43 x mọi session/gesture/trial)",3,1,6,4,True,10240,2048,32,mV,,sample_full_grid
Session3/session3_participant1/session3_participant1_gesture6_trial5,wfdb_header_only_scan,binary(wfdb),"full grid scan (3 participant mẫu: 1, 22, 43 x mọi session/gesture/trial)",3,1,6,5,True,10240,2048,32,mV,,sample_full_grid
Session3/session3_participant1/session3_participant1_gesture6_trial6,wfdb_header_only_scan,binary(wfdb),"full grid scan (3 participant mẫu: 1, 22, 43 x mọi session/gesture/trial)",3,1,6,6,True,10240,2048,32,mV,,sample_full_grid
Session3/session3_participant1/session3_participant1_gesture6_trial7,wfdb_header_only_scan,binary(wfdb),"full grid scan (3 participant mẫu: 1, 22, 43 x mọi session/gesture/trial)",3,1,6,7,True,10240,2048,32,mV,,sample_full_grid
Session3/session3_participant1/session3_participant1_gesture7_trial1,wfdb_header_only_scan,binary(wfdb),"full grid scan (3 participant mẫu: 1, 22, 43 x mọi session/gesture/trial)",3,1,7,1,True,10240,2048,32,mV,,sample_full_grid
Session3/session3_participant1/session3_participant1_gesture7_trial2,wfdb_header_only_scan,binary(wfdb),"full grid scan (3 participant mẫu: 1, 22, 43 x mọi session/gesture/trial)",3,1,7,2,True,10240,2048,32,mV,,sample_full_grid
Session3/session3_participant1/session3_participant1_gesture7_trial3,wfdb_header_only_scan,binary(wfdb),"full grid scan (3 participant mẫu: 1, 22, 43 x mọi session/gesture/trial)",3,1,7,3,True,10240,2048,32,mV,,sample_full_grid
Session3/session3_participant1/session3_participant1_gesture7_trial4,wfdb_header_only_scan,binary(wfdb),"full grid scan (3 participant mẫu: 1, 22, 43 x mọi session/gesture/trial)",3,1,7,4,True,10240,2048,32,mV,,sample_full_grid
Session3/session3_participant1/session3_participant1_gesture7_trial5,wfdb_header_only_scan,binary(wfdb),"full grid scan (3 participant mẫu: 1, 22, 43 x mọi session/gesture/trial)",3,1,7,5,True,10240,2048,32,mV,,sample_full_grid
Session3/session3_participant1/session3_participant1_gesture7_trial6,wfdb_header_only_scan,binary(wfdb),"full grid scan (3 participant mẫu: 1, 22, 43 x mọi session/gesture/trial)",3,1,7,6,True,10240,2048,32,mV,,sample_full_grid
Session3/session3_participant1/session3_participant1_gesture7_trial7,wfdb_header_only_scan,binary(wfdb),"full grid scan (3 participant mẫu: 1, 22, 43 x mọi session/gesture/trial)",3,1,7,7,True,10240,2048,32,mV,,sample_full_grid
Session3/session3_participant1/session3_participant1_gesture8_trial1,wfdb_header_only_scan,binary(wfdb),"full grid scan (3 participant mẫu: 1, 22, 43 x mọi session/gesture/trial)",3,1,8,1,True,10240,2048,32,mV,,sample_full_grid
Session3/session3_participant1/session3_participant1_gesture8_trial2,wfdb_header_only_scan,binary(wfdb),"full grid scan (3 participant mẫu: 1, 22, 43 x mọi session/gesture/trial)",3,1,8,2,True,10240,2048,32,mV,,sample_full_grid
Session3/session3_participant1/session3_participant1_gesture8_trial3,wfdb_header_only_scan,binary(wfdb),"full grid scan (3 participant mẫu: 1, 22, 43 x mọi session/gesture/trial)",3,1,8,3,True,10240,2048,32,mV,,sample_full_grid
Session3/session3_participant1/session3_participant1_gesture8_trial4,wfdb_header_only_scan,binary(wfdb),"full grid scan (3 participant mẫu: 1, 22, 43 x mọi session/gesture/trial)",3,1,8,4,True,10240,2048,32,mV,,sample_full_grid
Session3/session3_participant1/session3_participant1_gesture8_trial5,wfdb_header_only_scan,binary(wfdb),"full grid scan (3 participant mẫu: 1, 22, 43 x mọi session/gesture/trial)",3,1,8,5,True,10240,2048,32,mV,,sample_full_grid
Session3/session3_participant1/session3_participant1_gesture8_trial6,wfdb_header_only_scan,binary(wfdb),"full grid scan (3 participant mẫu: 1, 22, 43 x mọi session/gesture/trial)",3,1,8,6,True,10240,2048,32,mV,,sample_full_grid
Session3/session3_participant1/session3_participant1_gesture8_trial7,wfdb_header_only_scan,binary(wfdb),"full grid scan (3 participant mẫu: 1, 22, 43 x mọi session/gesture/trial)",3,1,8,7,True,10240,2048,32,mV,,sample_full_grid
Session3/session3_participant1/session3_participant1_gesture9_trial1,wfdb_header_only_scan,binary(wfdb),"full grid scan (3 participant mẫu: 1, 22, 43 x mọi session/gesture/trial)",3,1,9,1,True,10240,2048,32,mV,,sample_full_grid
Session3/session3_participant1/session3_participant1_gesture9_trial2,wfdb_header_only_scan,binary(wfdb),"full grid scan (3 participant mẫu: 1, 22, 43 x mọi session/gesture/trial)",3,1,9,2,True,10240,2048,32,mV,,sample_full_grid
Session3/session3_participant1/session3_participant1_gesture9_trial3,wfdb_header_only_scan,binary(wfdb),"full grid scan (3 participant mẫu: 1, 22, 43 x mọi session/gesture/trial)",3,1,9,3,True,10240,2048,32,mV,,sample_full_grid
Session3/session3_participant1/session3_participant1_gesture9_trial4,wfdb_header_only_scan,binary(wfdb),"full grid scan (3 participant mẫu: 1, 22, 43 x mọi session/gesture/trial)",3,1,9,4,True,10240,2048,32,mV,,sample_full_grid
Session3/session3_participant1/session3_participant1_gesture9_trial5,wfdb_header_only_scan,binary(wfdb),"full grid scan (3 participant mẫu: 1, 22, 43 x mọi session/gesture/trial)",3,1,9,5,True,10240,2048,32,mV,,sample_full_grid
Session3/session3_participant1/session3_participant1_gesture9_trial6,wfdb_header_only_scan,binary(wfdb),"full grid scan (3 participant mẫu: 1, 22, 43 x mọi session/gesture/trial)",3,1,9,6,True,10240,2048,32,mV,,sample_full_grid
Session3/session3_participant1/session3_participant1_gesture9_trial7,wfdb_header_only_scan,binary(wfdb),"full grid scan (3 participant mẫu: 1, 22, 43 x mọi session/gesture/trial)",3,1,9,7,True,10240,2048,32,mV,,sample_full_grid
Session3/session3_participant1/session3_participant1_gesture10_trial1,wfdb_header_only_scan,binary(wfdb),"full grid scan (3 participant mẫu: 1, 22, 43 x mọi session/gesture/trial)",3,1,10,1,True,10240,2048,32,mV,,sample_full_grid
Session3/session3_participant1/session3_participant1_gesture10_trial2,wfdb_header_only_scan,binary(wfdb),"full grid scan (3 participant mẫu: 1, 22, 43 x mọi session/gesture/trial)",3,1,10,2,True,10240,2048,32,mV,,sample_full_grid
Session3/session3_participant1/session3_participant1_gesture10_trial3,wfdb_header_only_scan,binary(wfdb),"full grid scan (3 participant mẫu: 1, 22, 43 x mọi session/gesture/trial)",3,1,10,3,True,10240,2048,32,mV,,sample_full_grid
Session3/session3_participant1/session3_participant1_gesture10_trial4,wfdb_header_only_scan,binary(wfdb),"full grid scan (3 participant mẫu: 1, 22, 43 x mọi session/gesture/trial)",3,1,10,4,True,10240,2048,32,mV,,sample_full_grid
Session3/session3_participant1/session3_participant1_gesture10_trial5,wfdb_header_only_scan,binary(wfdb),"full grid scan (3 participant mẫu: 1, 22, 43 x mọi session/gesture/trial)",3,1,10,5,True,10240,2048,32,mV,,sample_full_grid
Session3/session3_participant1/session3_participant1_gesture10_trial6,wfdb_header_only_scan,binary(wfdb),"full grid scan (3 participant mẫu: 1, 22, 43 x mọi session/gesture/trial)",3,1,10,6,True,10240,2048,32,mV,,sample_full_grid
Session3/session3_participant1/session3_participant1_gesture10_trial7,wfdb_header_only_scan,binary(wfdb),"full grid scan (3 participant mẫu: 1, 22, 43 x mọi session/gesture/trial)",3,1,10,7,True,10240,2048,32,mV,,sample_full_grid
Session3/session3_participant1/session3_participant1_gesture11_trial1,wfdb_header_only_scan,binary(wfdb),"full grid scan (3 participant mẫu: 1, 22, 43 x mọi session/gesture/trial)",3,1,11,1,True,10240,2048,32,mV,,sample_full_grid
Session3/session3_participant1/session3_participant1_gesture11_trial2,wfdb_header_only_scan,binary(wfdb),"full grid scan (3 participant mẫu: 1, 22, 43 x mọi session/gesture/trial)",3,1,11,2,True,10240,2048,32,mV,,sample_full_grid
Session3/session3_participant1/session3_participant1_gesture11_trial3,wfdb_header_only_scan,binary(wfdb),"full grid scan (3 participant mẫu: 1, 22, 43 x mọi session/gesture/trial)",3,1,11,3,True,10240,2048,32,mV,,sample_full_grid
Session3/session3_participant1/session3_participant1_gesture11_trial4,wfdb_header_only_scan,binary(wfdb),"full grid scan (3 participant mẫu: 1, 22, 43 x mọi session/gesture/trial)",3,1,11,4,True,10240,2048,32,mV,,sample_full_grid
Session3/session3_participant1/session3_participant1_gesture11_trial5,wfdb_header_only_scan,binary(wfdb),"full grid scan (3 participant mẫu: 1, 22, 43 x mọi session/gesture/trial)",3,1,11,5,True,10240,2048,32,mV,,sample_full_grid
Session3/session3_participant1/session3_participant1_gesture11_trial6,wfdb_header_only_scan,binary(wfdb),"full grid scan (3 participant mẫu: 1, 22, 43 x mọi session/gesture/trial)",3,1,11,6,True,10240,2048,32,mV,,sample_full_grid
Session3/session3_participant1/session3_participant1_gesture11_trial7,wfdb_header_only_scan,binary(wfdb),"full grid scan (3 participant mẫu: 1, 22, 43 x mọi session/gesture/trial)",3,1,11,7,True,10240,2048,32,mV,,sample_full_grid
Session3/session3_participant1/session3_participant1_gesture12_trial1,wfdb_header_only_scan,binary(wfdb),"full grid scan (3 participant mẫu: 1, 22, 43 x mọi session/gesture/trial)",3,1,12,1,True,10240,2048,32,mV,,sample_full_grid
Session3/session3_participant1/session3_participant1_gesture12_trial2,wfdb_header_only_scan,binary(wfdb),"full grid scan (3 participant mẫu: 1, 22, 43 x mọi session/gesture/trial)",3,1,12,2,True,10240,2048,32,mV,,sample_full_grid
Session3/session3_participant1/session3_participant1_gesture12_trial3,wfdb_header_only_scan,binary(wfdb),"full grid scan (3 participant mẫu: 1, 22, 43 x mọi session/gesture/trial)",3,1,12,3,True,10240,2048,32,mV,,sample_full_grid
Session3/session3_participant1/session3_participant1_gesture12_trial4,wfdb_header_only_scan,binary(wfdb),"full grid scan (3 participant mẫu: 1, 22, 43 x mọi session/gesture/trial)",3,1,12,4,True,10240,2048,32,mV,,sample_full_grid
Session3/session3_participant1/session3_participant1_gesture12_trial5,wfdb_header_only_scan,binary(wfdb),"full grid scan (3 participant mẫu: 1, 22, 43 x mọi session/gesture/trial)",3,1,12,5,True,10240,2048,32,mV,,sample_full_grid
Session3/session3_participant1/session3_participant1_gesture12_trial6,wfdb_header_only_scan,binary(wfdb),"full grid scan (3 participant mẫu: 1, 22, 43 x mọi session/gesture/trial)",3,1,12,6,True,10240,2048,32,mV,,sample_full_grid
Session3/session3_participant1/session3_participant1_gesture12_trial7,wfdb_header_only_scan,binary(wfdb),"full grid scan (3 participant mẫu: 1, 22, 43 x mọi session/gesture/trial)",3,1,12,7,True,10240,2048,32,mV,,sample_full_grid
Session3/session3_participant1/session3_participant1_gesture13_trial1,wfdb_header_only_scan,binary(wfdb),"full grid scan (3 participant mẫu: 1, 22, 43 x mọi session/gesture/trial)",3,1,13,1,True,10240,2048,32,mV,,sample_full_grid
Session3/session3_participant1/session3_participant1_gesture13_trial2,wfdb_header_only_scan,binary(wfdb),"full grid scan (3 participant mẫu: 1, 22, 43 x mọi session/gesture/trial)",3,1,13,2,True,10240,2048,32,mV,,sample_full_grid
Session3/session3_participant1/session3_participant1_gesture13_trial3,wfdb_header_only_scan,binary(wfdb),"full grid scan (3 participant mẫu: 1, 22, 43 x mọi session/gesture/trial)",3,1,13,3,True,10240,2048,32,mV,,sample_full_grid
Session3/session3_participant1/session3_participant1_gesture13_trial4,wfdb_header_only_scan,binary(wfdb),"full grid scan (3 participant mẫu: 1, 22, 43 x mọi session/gesture/trial)",3,1,13,4,True,10240,2048,32,mV,,sample_full_grid
Session3/session3_participant1/session3_participant1_gesture13_trial5,wfdb_header_only_scan,binary(wfdb),"full grid scan (3 participant mẫu: 1, 22, 43 x mọi session/gesture/trial)",3,1,13,5,True,10240,2048,32,mV,,sample_full_grid
Session3/session3_participant1/session3_participant1_gesture13_trial6,wfdb_header_only_scan,binary(wfdb),"full grid scan (3 participant mẫu: 1, 22, 43 x mọi session/gesture/trial)",3,1,13,6,True,10240,2048,32,mV,,sample_full_grid
Session3/session3_participant1/session3_participant1_gesture13_trial7,wfdb_header_only_scan,binary(wfdb),"full grid scan (3 participant mẫu: 1, 22, 43 x mọi session/gesture/trial)",3,1,13,7,True,10240,2048,32,mV,,sample_full_grid
Session3/session3_participant1/session3_participant1_gesture14_trial1,wfdb_header_only_scan,binary(wfdb),"full grid scan (3 participant mẫu: 1, 22, 43 x mọi session/gesture/trial)",3,1,14,1,True,10240,2048,32,mV,,sample_full_grid
Session3/session3_participant1/session3_participant1_gesture14_trial2,wfdb_header_only_scan,binary(wfdb),"full grid scan (3 participant mẫu: 1, 22, 43 x mọi session/gesture/trial)",3,1,14,2,True,10240,2048,32,mV,,sample_full_grid
Session3/session3_participant1/session3_participant1_gesture14_trial3,wfdb_header_only_scan,binary(wfdb),"full grid scan (3 participant mẫu: 1, 22, 43 x mọi session/gesture/trial)",3,1,14,3,True,10240,2048,32,mV,,sample_full_grid
Session3/session3_participant1/session3_participant1_gesture14_trial4,wfdb_header_only_scan,binary(wfdb),"full grid scan (3 participant mẫu: 1, 22, 43 x mọi session/gesture/trial)",3,1,14,4,True,10240,2048,32,mV,,sample_full_grid
Session3/session3_participant1/session3_participant1_gesture14_trial5,wfdb_header_only_scan,binary(wfdb),"full grid scan (3 participant mẫu: 1, 22, 43 x mọi session/gesture/trial)",3,1,14,5,True,10240,2048,32,mV,,sample_full_grid
Session3/session3_participant1/session3_participant1_gesture14_trial6,wfdb_header_only_scan,binary(wfdb),"full grid scan (3 participant mẫu: 1, 22, 43 x mọi session/gesture/trial)",3,1,14,6,True,10240,2048,32,mV,,sample_full_grid
Session3/session3_participant1/session3_participant1_gesture14_trial7,wfdb_header_only_scan,binary(wfdb),"full grid scan (3 participant mẫu: 1, 22, 43 x mọi session/gesture/trial)",3,1,14,7,True,10240,2048,32,mV,,sample_full_grid
Session3/session3_participant1/session3_participant1_gesture15_trial1,wfdb_header_only_scan,binary(wfdb),"full grid scan (3 participant mẫu: 1, 22, 43 x mọi session/gesture/trial)",3,1,15,1,True,10240,2048,32,mV,,sample_full_grid
Session3/session3_participant1/session3_participant1_gesture15_trial2,wfdb_header_only_scan,binary(wfdb),"full grid scan (3 participant mẫu: 1, 22, 43 x mọi session/gesture/trial)",3,1,15,2,True,10240,2048,32,mV,,sample_full_grid
Session3/session3_participant1/session3_participant1_gesture15_trial3,wfdb_header_only_scan,binary(wfdb),"full grid scan (3 participant mẫu: 1, 22, 43 x mọi session/gesture/trial)",3,1,15,3,True,10240,2048,32,mV,,sample_full_grid
Session3/session3_participant1/session3_participant1_gesture15_trial4,wfdb_header_only_scan,binary(wfdb),"full grid scan (3 participant mẫu: 1, 22, 43 x mọi session/gesture/trial)",3,1,15,4,True,10240,2048,32,mV,,sample_full_grid
Session3/session3_participant1/session3_participant1_gesture15_trial5,wfdb_header_only_scan,binary(wfdb),"full grid scan (3 participant mẫu: 1, 22, 43 x mọi session/gesture/trial)",3,1,15,5,True,10240,2048,32,mV,,sample_full_grid
Session3/session3_participant1/session3_participant1_gesture15_trial6,wfdb_header_only_scan,binary(wfdb),"full grid scan (3 participant mẫu: 1, 22, 43 x mọi session/gesture/trial)",3,1,15,6,True,10240,2048,32,mV,,sample_full_grid
Session3/session3_participant1/session3_participant1_gesture15_trial7,wfdb_header_only_scan,binary(wfdb),"full grid scan (3 participant mẫu: 1, 22, 43 x mọi session/gesture/trial)",3,1,15,7,True,10240,2048,32,mV,,sample_full_grid
Session3/session3_participant1/session3_participant1_gesture16_trial1,wfdb_header_only_scan,binary(wfdb),"full grid scan (3 participant mẫu: 1, 22, 43 x mọi session/gesture/trial)",3,1,16,1,True,10240,2048,32,mV,,sample_full_grid
Session3/session3_participant1/session3_participant1_gesture16_trial2,wfdb_header_only_scan,binary(wfdb),"full grid scan (3 participant mẫu: 1, 22, 43 x mọi session/gesture/trial)",3,1,16,2,True,10240,2048,32,mV,,sample_full_grid
Session3/session3_participant1/session3_participant1_gesture16_trial3,wfdb_header_only_scan,binary(wfdb),"full grid scan (3 participant mẫu: 1, 22, 43 x mọi session/gesture/trial)",3,1,16,3,True,10240,2048,32,mV,,sample_full_grid
Session3/session3_participant1/session3_participant1_gesture16_trial4,wfdb_header_only_scan,binary(wfdb),"full grid scan (3 participant mẫu: 1, 22, 43 x mọi session/gesture/trial)",3,1,16,4,True,10240,2048,32,mV,,sample_full_grid
Session3/session3_participant1/session3_participant1_gesture16_trial5,wfdb_header_only_scan,binary(wfdb),"full grid scan (3 participant mẫu: 1, 22, 43 x mọi session/gesture/trial)",3,1,16,5,True,10240,2048,32,mV,,sample_full_grid
Session3/session3_participant1/session3_participant1_gesture16_trial6,wfdb_header_only_scan,binary(wfdb),"full grid scan (3 participant mẫu: 1, 22, 43 x mọi session/gesture/trial)",3,1,16,6,True,10240,2048,32,mV,,sample_full_grid
Session3/session3_participant1/session3_participant1_gesture16_trial7,wfdb_header_only_scan,binary(wfdb),"full grid scan (3 participant mẫu: 1, 22, 43 x mọi session/gesture/trial)",3,1,16,7,True,10240,2048,32,mV,,sample_full_grid
Session3/session3_participant1/session3_participant1_gesture17_trial1,wfdb_header_only_scan,binary(wfdb),"full grid scan (3 participant mẫu: 1, 22, 43 x mọi session/gesture/trial)",3,1,17,1,True,10240,2048,32,mV,,sample_full_grid
Session3/session3_participant1/session3_participant1_gesture17_trial2,wfdb_header_only_scan,binary(wfdb),"full grid scan (3 participant mẫu: 1, 22, 43 x mọi session/gesture/trial)",3,1,17,2,True,10240,2048,32,mV,,sample_full_grid
Session3/session3_participant1/session3_participant1_gesture17_trial3,wfdb_header_only_scan,binary(wfdb),"full grid scan (3 participant mẫu: 1, 22, 43 x mọi session/gesture/trial)",3,1,17,3,True,10240,2048,32,mV,,sample_full_grid
Session3/session3_participant1/session3_participant1_gesture17_trial4,wfdb_header_only_scan,binary(wfdb),"full grid scan (3 participant mẫu: 1, 22, 43 x mọi session/gesture/trial)",3,1,17,4,True,10240,2048,32,mV,,sample_full_grid
Session3/session3_participant1/session3_participant1_gesture17_trial5,wfdb_header_only_scan,binary(wfdb),"full grid scan (3 participant mẫu: 1, 22, 43 x mọi session/gesture/trial)",3,1,17,5,True,10240,2048,32,mV,,sample_full_grid
Session3/session3_participant1/session3_participant1_gesture17_trial6,wfdb_header_only_scan,binary(wfdb),"full grid scan (3 participant mẫu: 1, 22, 43 x mọi session/gesture/trial)",3,1,17,6,True,10240,2048,32,mV,,sample_full_grid
Session3/session3_participant1/session3_participant1_gesture17_trial7,wfdb_header_only_scan,binary(wfdb),"full grid scan (3 participant mẫu: 1, 22, 43 x mọi session/gesture/trial)",3,1,17,7,True,10240,2048,32,mV,,sample_full_grid
Session3/session3_participant22/session3_participant22_gesture1_trial1,wfdb_header_only_scan,binary(wfdb),"full grid scan (3 participant mẫu: 1, 22, 43 x mọi session/gesture/trial)",3,22,1,1,True,10240,2048,32,mV,,sample_full_grid
Session3/session3_participant22/session3_participant22_gesture1_trial2,wfdb_header_only_scan,binary(wfdb),"full grid scan (3 participant mẫu: 1, 22, 43 x mọi session/gesture/trial)",3,22,1,2,True,10240,2048,32,mV,,sample_full_grid
Session3/session3_participant22/session3_participant22_gesture1_trial3,wfdb_header_only_scan,binary(wfdb),"full grid scan (3 participant mẫu: 1, 22, 43 x mọi session/gesture/trial)",3,22,1,3,True,10240,2048,32,mV,,sample_full_grid
Session3/session3_participant22/session3_participant22_gesture1_trial4,wfdb_header_only_scan,binary(wfdb),"full grid scan (3 participant mẫu: 1, 22, 43 x mọi session/gesture/trial)",3,22,1,4,True,10240,2048,32,mV,,sample_full_grid
Session3/session3_participant22/session3_participant22_gesture1_trial5,wfdb_header_only_scan,binary(wfdb),"full grid scan (3 participant mẫu: 1, 22, 43 x mọi session/gesture/trial)",3,22,1,5,True,10240,2048,32,mV,,sample_full_grid
Session3/session3_participant22/session3_participant22_gesture1_trial6,wfdb_header_only_scan,binary(wfdb),"full grid scan (3 participant mẫu: 1, 22, 43 x mọi session/gesture/trial)",3,22,1,6,True,10240,2048,32,mV,,sample_full_grid
Session3/session3_participant22/session3_participant22_gesture1_trial7,wfdb_header_only_scan,binary(wfdb),"full grid scan (3 participant mẫu: 1, 22, 43 x mọi session/gesture/trial)",3,22,1,7,True,10240,2048,32,mV,,sample_full_grid
Session3/session3_participant22/session3_participant22_gesture2_trial1,wfdb_header_only_scan,binary(wfdb),"full grid scan (3 participant mẫu: 1, 22, 43 x mọi session/gesture/trial)",3,22,2,1,True,10240,2048,32,mV,,sample_full_grid
Session3/session3_participant22/session3_participant22_gesture2_trial2,wfdb_header_only_scan,binary(wfdb),"full grid scan (3 participant mẫu: 1, 22, 43 x mọi session/gesture/trial)",3,22,2,2,True,10240,2048,32,mV,,sample_full_grid
Session3/session3_participant22/session3_participant22_gesture2_trial3,wfdb_header_only_scan,binary(wfdb),"full grid scan (3 participant mẫu: 1, 22, 43 x mọi session/gesture/trial)",3,22,2,3,True,10240,2048,32,mV,,sample_full_grid
Session3/session3_participant22/session3_participant22_gesture2_trial4,wfdb_header_only_scan,binary(wfdb),"full grid scan (3 participant mẫu: 1, 22, 43 x mọi session/gesture/trial)",3,22,2,4,True,10240,2048,32,mV,,sample_full_grid
Session3/session3_participant22/session3_participant22_gesture2_trial5,wfdb_header_only_scan,binary(wfdb),"full grid scan (3 participant mẫu: 1, 22, 43 x mọi session/gesture/trial)",3,22,2,5,True,10240,2048,32,mV,,sample_full_grid
Session3/session3_participant22/session3_participant22_gesture2_trial6,wfdb_header_only_scan,binary(wfdb),"full grid scan (3 participant mẫu: 1, 22, 43 x mọi session/gesture/trial)",3,22,2,6,True,10240,2048,32,mV,,sample_full_grid
Session3/session3_participant22/session3_participant22_gesture2_trial7,wfdb_header_only_scan,binary(wfdb),"full grid scan (3 participant mẫu: 1, 22, 43 x mọi session/gesture/trial)",3,22,2,7,True,10240,2048,32,mV,,sample_full_grid
Session3/session3_participant22/session3_participant22_gesture3_trial1,wfdb_header_only_scan,binary(wfdb),"full grid scan (3 participant mẫu: 1, 22, 43 x mọi session/gesture/trial)",3,22,3,1,True,10240,2048,32,mV,,sample_full_grid
Session3/session3_participant22/session3_participant22_gesture3_trial2,wfdb_header_only_scan,binary(wfdb),"full grid scan (3 participant mẫu: 1, 22, 43 x mọi session/gesture/trial)",3,22,3,2,True,10240,2048,32,mV,,sample_full_grid
Session3/session3_participant22/session3_participant22_gesture3_trial3,wfdb_header_only_scan,binary(wfdb),"full grid scan (3 participant mẫu: 1, 22, 43 x mọi session/gesture/trial)",3,22,3,3,True,10240,2048,32,mV,,sample_full_grid
Session3/session3_participant22/session3_participant22_gesture3_trial4,wfdb_header_only_scan,binary(wfdb),"full grid scan (3 participant mẫu: 1, 22, 43 x mọi session/gesture/trial)",3,22,3,4,True,10240,2048,32,mV,,sample_full_grid
Session3/session3_participant22/session3_participant22_gesture3_trial5,wfdb_header_only_scan,binary(wfdb),"full grid scan (3 participant mẫu: 1, 22, 43 x mọi session/gesture/trial)",3,22,3,5,True,10240,2048,32,mV,,sample_full_grid
Session3/session3_participant22/session3_participant22_gesture3_trial6,wfdb_header_only_scan,binary(wfdb),"full grid scan (3 participant mẫu: 1, 22, 43 x mọi session/gesture/trial)",3,22,3,6,True,10240,2048,32,mV,,sample_full_grid
Session3/session3_participant22/session3_participant22_gesture3_trial7,wfdb_header_only_scan,binary(wfdb),"full grid scan (3 participant mẫu: 1, 22, 43 x mọi session/gesture/trial)",3,22,3,7,True,10240,2048,32,mV,,sample_full_grid
Session3/session3_participant22/session3_participant22_gesture4_trial1,wfdb_header_only_scan,binary(wfdb),"full grid scan (3 participant mẫu: 1, 22, 43 x mọi session/gesture/trial)",3,22,4,1,True,10240,2048,32,mV,,sample_full_grid
Session3/session3_participant22/session3_participant22_gesture4_trial2,wfdb_header_only_scan,binary(wfdb),"full grid scan (3 participant mẫu: 1, 22, 43 x mọi session/gesture/trial)",3,22,4,2,True,10240,2048,32,mV,,sample_full_grid
Session3/session3_participant22/session3_participant22_gesture4_trial3,wfdb_header_only_scan,binary(wfdb),"full grid scan (3 participant mẫu: 1, 22, 43 x mọi session/gesture/trial)",3,22,4,3,True,10240,2048,32,mV,,sample_full_grid
Session3/session3_participant22/session3_participant22_gesture4_trial4,wfdb_header_only_scan,binary(wfdb),"full grid scan (3 participant mẫu: 1, 22, 43 x mọi session/gesture/trial)",3,22,4,4,True,10240,2048,32,mV,,sample_full_grid
Session3/session3_participant22/session3_participant22_gesture4_trial5,wfdb_header_only_scan,binary(wfdb),"full grid scan (3 participant mẫu: 1, 22, 43 x mọi session/gesture/trial)",3,22,4,5,True,10240,2048,32,mV,,sample_full_grid
Session3/session3_participant22/session3_participant22_gesture4_trial6,wfdb_header_only_scan,binary(wfdb),"full grid scan (3 participant mẫu: 1, 22, 43 x mọi session/gesture/trial)",3,22,4,6,True,10240,2048,32,mV,,sample_full_grid
Session3/session3_participant22/session3_participant22_gesture4_trial7,wfdb_header_only_scan,binary(wfdb),"full grid scan (3 participant mẫu: 1, 22, 43 x mọi session/gesture/trial)",3,22,4,7,True,10240,2048,32,mV,,sample_full_grid
Session3/session3_participant22/session3_participant22_gesture5_trial1,wfdb_header_only_scan,binary(wfdb),"full grid scan (3 participant mẫu: 1, 22, 43 x mọi session/gesture/trial)",3,22,5,1,True,10240,2048,32,mV,,sample_full_grid
Session3/session3_participant22/session3_participant22_gesture5_trial2,wfdb_header_only_scan,binary(wfdb),"full grid scan (3 participant mẫu: 1, 22, 43 x mọi session/gesture/trial)",3,22,5,2,True,10240,2048,32,mV,,sample_full_grid
Session3/session3_participant22/session3_participant22_gesture5_trial3,wfdb_header_only_scan,binary(wfdb),"full grid scan (3 participant mẫu: 1, 22, 43 x mọi session/gesture/trial)",3,22,5,3,True,10240,2048,32,mV,,sample_full_grid
Session3/session3_participant22/session3_participant22_gesture5_trial4,wfdb_header_only_scan,binary(wfdb),"full grid scan (3 participant mẫu: 1, 22, 43 x mọi session/gesture/trial)",3,22,5,4,True,10240,2048,32,mV,,sample_full_grid
Session3/session3_participant22/session3_participant22_gesture5_trial5,wfdb_header_only_scan,binary(wfdb),"full grid scan (3 participant mẫu: 1, 22, 43 x mọi session/gesture/trial)",3,22,5,5,True,10240,2048,32,mV,,sample_full_grid
Session3/session3_participant22/session3_participant22_gesture5_trial6,wfdb_header_only_scan,binary(wfdb),"full grid scan (3 participant mẫu: 1, 22, 43 x mọi session/gesture/trial)",3,22,5,6,True,10240,2048,32,mV,,sample_full_grid
Session3/session3_participant22/session3_participant22_gesture5_trial7,wfdb_header_only_scan,binary(wfdb),"full grid scan (3 participant mẫu: 1, 22, 43 x mọi session/gesture/trial)",3,22,5,7,True,10240,2048,32,mV,,sample_full_grid
Session3/session3_participant22/session3_participant22_gesture6_trial1,wfdb_header_only_scan,binary(wfdb),"full grid scan (3 participant mẫu: 1, 22, 43 x mọi session/gesture/trial)",3,22,6,1,True,10240,2048,32,mV,,sample_full_grid
Session3/session3_participant22/session3_participant22_gesture6_trial2,wfdb_header_only_scan,binary(wfdb),"full grid scan (3 participant mẫu: 1, 22, 43 x mọi session/gesture/trial)",3,22,6,2,True,10240,2048,32,mV,,sample_full_grid
Session3/session3_participant22/session3_participant22_gesture6_trial3,wfdb_header_only_scan,binary(wfdb),"full grid scan (3 participant mẫu: 1, 22, 43 x mọi session/gesture/trial)",3,22,6,3,True,10240,2048,32,mV,,sample_full_grid
Session3/session3_participant22/session3_participant22_gesture6_trial4,wfdb_header_only_scan,binary(wfdb),"full grid scan (3 participant mẫu: 1, 22, 43 x mọi session/gesture/trial)",3,22,6,4,True,10240,2048,32,mV,,sample_full_grid
Session3/session3_participant22/session3_participant22_gesture6_trial5,wfdb_header_only_scan,binary(wfdb),"full grid scan (3 participant mẫu: 1, 22, 43 x mọi session/gesture/trial)",3,22,6,5,True,10240,2048,32,mV,,sample_full_grid
Session3/session3_participant22/session3_participant22_gesture6_trial6,wfdb_header_only_scan,binary(wfdb),"full grid scan (3 participant mẫu: 1, 22, 43 x mọi session/gesture/trial)",3,22,6,6,True,10240,2048,32,mV,,sample_full_grid
Session3/session3_participant22/session3_participant22_gesture6_trial7,wfdb_header_only_scan,binary(wfdb),"full grid scan (3 participant mẫu: 1, 22, 43 x mọi session/gesture/trial)",3,22,6,7,True,10240,2048,32,mV,,sample_full_grid
Session3/session3_participant22/session3_participant22_gesture7_trial1,wfdb_header_only_scan,binary(wfdb),"full grid scan (3 participant mẫu: 1, 22, 43 x mọi session/gesture/trial)",3,22,7,1,True,10240,2048,32,mV,,sample_full_grid
Session3/session3_participant22/session3_participant22_gesture7_trial2,wfdb_header_only_scan,binary(wfdb),"full grid scan (3 participant mẫu: 1, 22, 43 x mọi session/gesture/trial)",3,22,7,2,True,10240,2048,32,mV,,sample_full_grid
Session3/session3_participant22/session3_participant22_gesture7_trial3,wfdb_header_only_scan,binary(wfdb),"full grid scan (3 participant mẫu: 1, 22, 43 x mọi session/gesture/trial)",3,22,7,3,True,10240,2048,32,mV,,sample_full_grid
Session3/session3_participant22/session3_participant22_gesture7_trial4,wfdb_header_only_scan,binary(wfdb),"full grid scan (3 participant mẫu: 1, 22, 43 x mọi session/gesture/trial)",3,22,7,4,True,10240,2048,32,mV,,sample_full_grid
Session3/session3_participant22/session3_participant22_gesture7_trial5,wfdb_header_only_scan,binary(wfdb),"full grid scan (3 participant mẫu: 1, 22, 43 x mọi session/gesture/trial)",3,22,7,5,True,10240,2048,32,mV,,sample_full_grid
Session3/session3_participant22/session3_participant22_gesture7_trial6,wfdb_header_only_scan,binary(wfdb),"full grid scan (3 participant mẫu: 1, 22, 43 x mọi session/gesture/trial)",3,22,7,6,True,10240,2048,32,mV,,sample_full_grid
Session3/session3_participant22/session3_participant22_gesture7_trial7,wfdb_header_only_scan,binary(wfdb),"full grid scan (3 participant mẫu: 1, 22, 43 x mọi session/gesture/trial)",3,22,7,7,True,10240,2048,32,mV,,sample_full_grid
Session3/session3_participant22/session3_participant22_gesture8_trial1,wfdb_header_only_scan,binary(wfdb),"full grid scan (3 participant mẫu: 1, 22, 43 x mọi session/gesture/trial)",3,22,8,1,True,10240,2048,32,mV,,sample_full_grid
Session3/session3_participant22/session3_participant22_gesture8_trial2,wfdb_header_only_scan,binary(wfdb),"full grid scan (3 participant mẫu: 1, 22, 43 x mọi session/gesture/trial)",3,22,8,2,True,10240,2048,32,mV,,sample_full_grid
Session3/session3_participant22/session3_participant22_gesture8_trial3,wfdb_header_only_scan,binary(wfdb),"full grid scan (3 participant mẫu: 1, 22, 43 x mọi session/gesture/trial)",3,22,8,3,True,10240,2048,32,mV,,sample_full_grid
Session3/session3_participant22/session3_participant22_gesture8_trial4,wfdb_header_only_scan,binary(wfdb),"full grid scan (3 participant mẫu: 1, 22, 43 x mọi session/gesture/trial)",3,22,8,4,True,10240,2048,32,mV,,sample_full_grid
Session3/session3_participant22/session3_participant22_gesture8_trial5,wfdb_header_only_scan,binary(wfdb),"full grid scan (3 participant mẫu: 1, 22, 43 x mọi session/gesture/trial)",3,22,8,5,True,10240,2048,32,mV,,sample_full_grid
Session3/session3_participant22/session3_participant22_gesture8_trial6,wfdb_header_only_scan,binary(wfdb),"full grid scan (3 participant mẫu: 1, 22, 43 x mọi session/gesture/trial)",3,22,8,6,True,10240,2048,32,mV,,sample_full_grid
Session3/session3_participant22/session3_participant22_gesture8_trial7,wfdb_header_only_scan,binary(wfdb),"full grid scan (3 participant mẫu: 1, 22, 43 x mọi session/gesture/trial)",3,22,8,7,True,10240,2048,32,mV,,sample_full_grid
Session3/session3_participant22/session3_participant22_gesture9_trial1,wfdb_header_only_scan,binary(wfdb),"full grid scan (3 participant mẫu: 1, 22, 43 x mọi session/gesture/trial)",3,22,9,1,True,10240,2048,32,mV,,sample_full_grid
Session3/session3_participant22/session3_participant22_gesture9_trial2,wfdb_header_only_scan,binary(wfdb),"full grid scan (3 participant mẫu: 1, 22, 43 x mọi session/gesture/trial)",3,22,9,2,True,10240,2048,32,mV,,sample_full_grid
Session3/session3_participant22/session3_participant22_gesture9_trial3,wfdb_header_only_scan,binary(wfdb),"full grid scan (3 participant mẫu: 1, 22, 43 x mọi session/gesture/trial)",3,22,9,3,True,10240,2048,32,mV,,sample_full_grid
Session3/session3_participant22/session3_participant22_gesture9_trial4,wfdb_header_only_scan,binary(wfdb),"full grid scan (3 participant mẫu: 1, 22, 43 x mọi session/gesture/trial)",3,22,9,4,True,10240,2048,32,mV,,sample_full_grid
Session3/session3_participant22/session3_participant22_gesture9_trial5,wfdb_header_only_scan,binary(wfdb),"full grid scan (3 participant mẫu: 1, 22, 43 x mọi session/gesture/trial)",3,22,9,5,True,10240,2048,32,mV,,sample_full_grid
Session3/session3_participant22/session3_participant22_gesture9_trial6,wfdb_header_only_scan,binary(wfdb),"full grid scan (3 participant mẫu: 1, 22, 43 x mọi session/gesture/trial)",3,22,9,6,True,10240,2048,32,mV,,sample_full_grid
Session3/session3_participant22/session3_participant22_gesture9_trial7,wfdb_header_only_scan,binary(wfdb),"full grid scan (3 participant mẫu: 1, 22, 43 x mọi session/gesture/trial)",3,22,9,7,True,10240,2048,32,mV,,sample_full_grid
Session3/session3_participant22/session3_participant22_gesture10_trial1,wfdb_header_only_scan,binary(wfdb),"full grid scan (3 participant mẫu: 1, 22, 43 x mọi session/gesture/trial)",3,22,10,1,True,10240,2048,32,mV,,sample_full_grid
Session3/session3_participant22/session3_participant22_gesture10_trial2,wfdb_header_only_scan,binary(wfdb),"full grid scan (3 participant mẫu: 1, 22, 43 x mọi session/gesture/trial)",3,22,10,2,True,10240,2048,32,mV,,sample_full_grid
Session3/session3_participant22/session3_participant22_gesture10_trial3,wfdb_header_only_scan,binary(wfdb),"full grid scan (3 participant mẫu: 1, 22, 43 x mọi session/gesture/trial)",3,22,10,3,True,10240,2048,32,mV,,sample_full_grid
Session3/session3_participant22/session3_participant22_gesture10_trial4,wfdb_header_only_scan,binary(wfdb),"full grid scan (3 participant mẫu: 1, 22, 43 x mọi session/gesture/trial)",3,22,10,4,True,10240,2048,32,mV,,sample_full_grid
Session3/session3_participant22/session3_participant22_gesture10_trial5,wfdb_header_only_scan,binary(wfdb),"full grid scan (3 participant mẫu: 1, 22, 43 x mọi session/gesture/trial)",3,22,10,5,True,10240,2048,32,mV,,sample_full_grid
Session3/session3_participant22/session3_participant22_gesture10_trial6,wfdb_header_only_scan,binary(wfdb),"full grid scan (3 participant mẫu: 1, 22, 43 x mọi session/gesture/trial)",3,22,10,6,True,10240,2048,32,mV,,sample_full_grid
Session3/session3_participant22/session3_participant22_gesture10_trial7,wfdb_header_only_scan,binary(wfdb),"full grid scan (3 participant mẫu: 1, 22, 43 x mọi session/gesture/trial)",3,22,10,7,True,10240,2048,32,mV,,sample_full_grid
Session3/session3_participant22/session3_participant22_gesture11_trial1,wfdb_header_only_scan,binary(wfdb),"full grid scan (3 participant mẫu: 1, 22, 43 x mọi session/gesture/trial)",3,22,11,1,True,10240,2048,32,mV,,sample_full_grid
Session3/session3_participant22/session3_participant22_gesture11_trial2,wfdb_header_only_scan,binary(wfdb),"full grid scan (3 participant mẫu: 1, 22, 43 x mọi session/gesture/trial)",3,22,11,2,True,10240,2048,32,mV,,sample_full_grid
Session3/session3_participant22/session3_participant22_gesture11_trial3,wfdb_header_only_scan,binary(wfdb),"full grid scan (3 participant mẫu: 1, 22, 43 x mọi session/gesture/trial)",3,22,11,3,True,10240,2048,32,mV,,sample_full_grid
Session3/session3_participant22/session3_participant22_gesture11_trial4,wfdb_header_only_scan,binary(wfdb),"full grid scan (3 participant mẫu: 1, 22, 43 x mọi session/gesture/trial)",3,22,11,4,True,10240,2048,32,mV,,sample_full_grid
Session3/session3_participant22/session3_participant22_gesture11_trial5,wfdb_header_only_scan,binary(wfdb),"full grid scan (3 participant mẫu: 1, 22, 43 x mọi session/gesture/trial)",3,22,11,5,True,10240,2048,32,mV,,sample_full_grid
Session3/session3_participant22/session3_participant22_gesture11_trial6,wfdb_header_only_scan,binary(wfdb),"full grid scan (3 participant mẫu: 1, 22, 43 x mọi session/gesture/trial)",3,22,11,6,True,10240,2048,32,mV,,sample_full_grid
Session3/session3_participant22/session3_participant22_gesture11_trial7,wfdb_header_only_scan,binary(wfdb),"full grid scan (3 participant mẫu: 1, 22, 43 x mọi session/gesture/trial)",3,22,11,7,True,10240,2048,32,mV,,sample_full_grid
Session3/session3_participant22/session3_participant22_gesture12_trial1,wfdb_header_only_scan,binary(wfdb),"full grid scan (3 participant mẫu: 1, 22, 43 x mọi session/gesture/trial)",3,22,12,1,True,10240,2048,32,mV,,sample_full_grid
Session3/session3_participant22/session3_participant22_gesture12_trial2,wfdb_header_only_scan,binary(wfdb),"full grid scan (3 participant mẫu: 1, 22, 43 x mọi session/gesture/trial)",3,22,12,2,True,10240,2048,32,mV,,sample_full_grid
Session3/session3_participant22/session3_participant22_gesture12_trial3,wfdb_header_only_scan,binary(wfdb),"full grid scan (3 participant mẫu: 1, 22, 43 x mọi session/gesture/trial)",3,22,12,3,True,10240,2048,32,mV,,sample_full_grid
Session3/session3_participant22/session3_participant22_gesture12_trial4,wfdb_header_only_scan,binary(wfdb),"full grid scan (3 participant mẫu: 1, 22, 43 x mọi session/gesture/trial)",3,22,12,4,True,10240,2048,32,mV,,sample_full_grid
Session3/session3_participant22/session3_participant22_gesture12_trial5,wfdb_header_only_scan,binary(wfdb),"full grid scan (3 participant mẫu: 1, 22, 43 x mọi session/gesture/trial)",3,22,12,5,True,10240,2048,32,mV,,sample_full_grid
Session3/session3_participant22/session3_participant22_gesture12_trial6,wfdb_header_only_scan,binary(wfdb),"full grid scan (3 participant mẫu: 1, 22, 43 x mọi session/gesture/trial)",3,22,12,6,True,10240,2048,32,mV,,sample_full_grid
Session3/session3_participant22/session3_participant22_gesture12_trial7,wfdb_header_only_scan,binary(wfdb),"full grid scan (3 participant mẫu: 1, 22, 43 x mọi session/gesture/trial)",3,22,12,7,True,10240,2048,32,mV,,sample_full_grid
Session3/session3_participant22/session3_participant22_gesture13_trial1,wfdb_header_only_scan,binary(wfdb),"full grid scan (3 participant mẫu: 1, 22, 43 x mọi session/gesture/trial)",3,22,13,1,True,10240,2048,32,mV,,sample_full_grid
Session3/session3_participant22/session3_participant22_gesture13_trial2,wfdb_header_only_scan,binary(wfdb),"full grid scan (3 participant mẫu: 1, 22, 43 x mọi session/gesture/trial)",3,22,13,2,True,10240,2048,32,mV,,sample_full_grid
Session3/session3_participant22/session3_participant22_gesture13_trial3,wfdb_header_only_scan,binary(wfdb),"full grid scan (3 participant mẫu: 1, 22, 43 x mọi session/gesture/trial)",3,22,13,3,True,10240,2048,32,mV,,sample_full_grid
Session3/session3_participant22/session3_participant22_gesture13_trial4,wfdb_header_only_scan,binary(wfdb),"full grid scan (3 participant mẫu: 1, 22, 43 x mọi session/gesture/trial)",3,22,13,4,True,10240,2048,32,mV,,sample_full_grid
Session3/session3_participant22/session3_participant22_gesture13_trial5,wfdb_header_only_scan,binary(wfdb),"full grid scan (3 participant mẫu: 1, 22, 43 x mọi session/gesture/trial)",3,22,13,5,True,10240,2048,32,mV,,sample_full_grid
Session3/session3_participant22/session3_participant22_gesture13_trial6,wfdb_header_only_scan,binary(wfdb),"full grid scan (3 participant mẫu: 1, 22, 43 x mọi session/gesture/trial)",3,22,13,6,True,10240,2048,32,mV,,sample_full_grid
Session3/session3_participant22/session3_participant22_gesture13_trial7,wfdb_header_only_scan,binary(wfdb),"full grid scan (3 participant mẫu: 1, 22, 43 x mọi session/gesture/trial)",3,22,13,7,True,10240,2048,32,mV,,sample_full_grid
Session3/session3_participant22/session3_participant22_gesture14_trial1,wfdb_header_only_scan,binary(wfdb),"full grid scan (3 participant mẫu: 1, 22, 43 x mọi session/gesture/trial)",3,22,14,1,True,10240,2048,32,mV,,sample_full_grid
Session3/session3_participant22/session3_participant22_gesture14_trial2,wfdb_header_only_scan,binary(wfdb),"full grid scan (3 participant mẫu: 1, 22, 43 x mọi session/gesture/trial)",3,22,14,2,True,10240,2048,32,mV,,sample_full_grid
Session3/session3_participant22/session3_participant22_gesture14_trial3,wfdb_header_only_scan,binary(wfdb),"full grid scan (3 participant mẫu: 1, 22, 43 x mọi session/gesture/trial)",3,22,14,3,True,10240,2048,32,mV,,sample_full_grid
Session3/session3_participant22/session3_participant22_gesture14_trial4,wfdb_header_only_scan,binary(wfdb),"full grid scan (3 participant mẫu: 1, 22, 43 x mọi session/gesture/trial)",3,22,14,4,True,10240,2048,32,mV,,sample_full_grid
Session3/session3_participant22/session3_participant22_gesture14_trial5,wfdb_header_only_scan,binary(wfdb),"full grid scan (3 participant mẫu: 1, 22, 43 x mọi session/gesture/trial)",3,22,14,5,True,10240,2048,32,mV,,sample_full_grid
Session3/session3_participant22/session3_participant22_gesture14_trial6,wfdb_header_only_scan,binary(wfdb),"full grid scan (3 participant mẫu: 1, 22, 43 x mọi session/gesture/trial)",3,22,14,6,True,10240,2048,32,mV,,sample_full_grid
Session3/session3_participant22/session3_participant22_gesture14_trial7,wfdb_header_only_scan,binary(wfdb),"full grid scan (3 participant mẫu: 1, 22, 43 x mọi session/gesture/trial)",3,22,14,7,True,10240,2048,32,mV,,sample_full_grid
Session3/session3_participant22/session3_participant22_gesture15_trial1,wfdb_header_only_scan,binary(wfdb),"full grid scan (3 participant mẫu: 1, 22, 43 x mọi session/gesture/trial)",3,22,15,1,True,10240,2048,32,mV,,sample_full_grid
Session3/session3_participant22/session3_participant22_gesture15_trial2,wfdb_header_only_scan,binary(wfdb),"full grid scan (3 participant mẫu: 1, 22, 43 x mọi session/gesture/trial)",3,22,15,2,True,10240,2048,32,mV,,sample_full_grid
Session3/session3_participant22/session3_participant22_gesture15_trial3,wfdb_header_only_scan,binary(wfdb),"full grid scan (3 participant mẫu: 1, 22, 43 x mọi session/gesture/trial)",3,22,15,3,True,10240,2048,32,mV,,sample_full_grid
Session3/session3_participant22/session3_participant22_gesture15_trial4,wfdb_header_only_scan,binary(wfdb),"full grid scan (3 participant mẫu: 1, 22, 43 x mọi session/gesture/trial)",3,22,15,4,True,10240,2048,32,mV,,sample_full_grid
Session3/session3_participant22/session3_participant22_gesture15_trial5,wfdb_header_only_scan,binary(wfdb),"full grid scan (3 participant mẫu: 1, 22, 43 x mọi session/gesture/trial)",3,22,15,5,True,10240,2048,32,mV,,sample_full_grid
Session3/session3_participant22/session3_participant22_gesture15_trial6,wfdb_header_only_scan,binary(wfdb),"full grid scan (3 participant mẫu: 1, 22, 43 x mọi session/gesture/trial)",3,22,15,6,True,10240,2048,32,mV,,sample_full_grid
Session3/session3_participant22/session3_participant22_gesture15_trial7,wfdb_header_only_scan,binary(wfdb),"full grid scan (3 participant mẫu: 1, 22, 43 x mọi session/gesture/trial)",3,22,15,7,True,10240,2048,32,mV,,sample_full_grid
Session3/session3_participant22/session3_participant22_gesture16_trial1,wfdb_header_only_scan,binary(wfdb),"full grid scan (3 participant mẫu: 1, 22, 43 x mọi session/gesture/trial)",3,22,16,1,True,10240,2048,32,mV,,sample_full_grid
Session3/session3_participant22/session3_participant22_gesture16_trial2,wfdb_header_only_scan,binary(wfdb),"full grid scan (3 participant mẫu: 1, 22, 43 x mọi session/gesture/trial)",3,22,16,2,True,10240,2048,32,mV,,sample_full_grid
Session3/session3_participant22/session3_participant22_gesture16_trial3,wfdb_header_only_scan,binary(wfdb),"full grid scan (3 participant mẫu: 1, 22, 43 x mọi session/gesture/trial)",3,22,16,3,True,10240,2048,32,mV,,sample_full_grid
Session3/session3_participant22/session3_participant22_gesture16_trial4,wfdb_header_only_scan,binary(wfdb),"full grid scan (3 participant mẫu: 1, 22, 43 x mọi session/gesture/trial)",3,22,16,4,True,10240,2048,32,mV,,sample_full_grid
Session3/session3_participant22/session3_participant22_gesture16_trial5,wfdb_header_only_scan,binary(wfdb),"full grid scan (3 participant mẫu: 1, 22, 43 x mọi session/gesture/trial)",3,22,16,5,True,10240,2048,32,mV,,sample_full_grid
Session3/session3_participant22/session3_participant22_gesture16_trial6,wfdb_header_only_scan,binary(wfdb),"full grid scan (3 participant mẫu: 1, 22, 43 x mọi session/gesture/trial)",3,22,16,6,True,10240,2048,32,mV,,sample_full_grid
Session3/session3_participant22/session3_participant22_gesture16_trial7,wfdb_header_only_scan,binary(wfdb),"full grid scan (3 participant mẫu: 1, 22, 43 x mọi session/gesture/trial)",3,22,16,7,True,10240,2048,32,mV,,sample_full_grid
Session3/session3_participant22/session3_participant22_gesture17_trial1,wfdb_header_only_scan,binary(wfdb),"full grid scan (3 participant mẫu: 1, 22, 43 x mọi session/gesture/trial)",3,22,17,1,True,10240,2048,32,mV,,sample_full_grid
Session3/session3_participant22/session3_participant22_gesture17_trial2,wfdb_header_only_scan,binary(wfdb),"full grid scan (3 participant mẫu: 1, 22, 43 x mọi session/gesture/trial)",3,22,17,2,True,10240,2048,32,mV,,sample_full_grid
Session3/session3_participant22/session3_participant22_gesture17_trial3,wfdb_header_only_scan,binary(wfdb),"full grid scan (3 participant mẫu: 1, 22, 43 x mọi session/gesture/trial)",3,22,17,3,True,10240,2048,32,mV,,sample_full_grid
Session3/session3_participant22/session3_participant22_gesture17_trial4,wfdb_header_only_scan,binary(wfdb),"full grid scan (3 participant mẫu: 1, 22, 43 x mọi session/gesture/trial)",3,22,17,4,True,10240,2048,32,mV,,sample_full_grid
Session3/session3_participant22/session3_participant22_gesture17_trial5,wfdb_header_only_scan,binary(wfdb),"full grid scan (3 participant mẫu: 1, 22, 43 x mọi session/gesture/trial)",3,22,17,5,True,10240,2048,32,mV,,sample_full_grid
Session3/session3_participant22/session3_participant22_gesture17_trial6,wfdb_header_only_scan,binary(wfdb),"full grid scan (3 participant mẫu: 1, 22, 43 x mọi session/gesture/trial)",3,22,17,6,True,10240,2048,32,mV,,sample_full_grid
Session3/session3_participant22/session3_participant22_gesture17_trial7,wfdb_header_only_scan,binary(wfdb),"full grid scan (3 participant mẫu: 1, 22, 43 x mọi session/gesture/trial)",3,22,17,7,True,10240,2048,32,mV,,sample_full_grid
Session3/session3_participant43/session3_participant43_gesture1_trial1,wfdb_header_only_scan,binary(wfdb),"full grid scan (3 participant mẫu: 1, 22, 43 x mọi session/gesture/trial)",3,43,1,1,True,10240,2048,32,mV,,sample_full_grid
Session3/session3_participant43/session3_participant43_gesture1_trial2,wfdb_header_only_scan,binary(wfdb),"full grid scan (3 participant mẫu: 1, 22, 43 x mọi session/gesture/trial)",3,43,1,2,True,10240,2048,32,mV,,sample_full_grid
Session3/session3_participant43/session3_participant43_gesture1_trial3,wfdb_header_only_scan,binary(wfdb),"full grid scan (3 participant mẫu: 1, 22, 43 x mọi session/gesture/trial)",3,43,1,3,True,10240,2048,32,mV,,sample_full_grid
Session3/session3_participant43/session3_participant43_gesture1_trial4,wfdb_header_only_scan,binary(wfdb),"full grid scan (3 participant mẫu: 1, 22, 43 x mọi session/gesture/trial)",3,43,1,4,True,10240,2048,32,mV,,sample_full_grid
Session3/session3_participant43/session3_participant43_gesture1_trial5,wfdb_header_only_scan,binary(wfdb),"full grid scan (3 participant mẫu: 1, 22, 43 x mọi session/gesture/trial)",3,43,1,5,True,10240,2048,32,mV,,sample_full_grid
Session3/session3_participant43/session3_participant43_gesture1_trial6,wfdb_header_only_scan,binary(wfdb),"full grid scan (3 participant mẫu: 1, 22, 43 x mọi session/gesture/trial)",3,43,1,6,True,10240,2048,32,mV,,sample_full_grid
Session3/session3_participant43/session3_participant43_gesture1_trial7,wfdb_header_only_scan,binary(wfdb),"full grid scan (3 participant mẫu: 1, 22, 43 x mọi session/gesture/trial)",3,43,1,7,True,10240,2048,32,mV,,sample_full_grid
Session3/session3_participant43/session3_participant43_gesture2_trial1,wfdb_header_only_scan,binary(wfdb),"full grid scan (3 participant mẫu: 1, 22, 43 x mọi session/gesture/trial)",3,43,2,1,True,10240,2048,32,mV,,sample_full_grid
Session3/session3_participant43/session3_participant43_gesture2_trial2,wfdb_header_only_scan,binary(wfdb),"full grid scan (3 participant mẫu: 1, 22, 43 x mọi session/gesture/trial)",3,43,2,2,True,10240,2048,32,mV,,sample_full_grid
Session3/session3_participant43/session3_participant43_gesture2_trial3,wfdb_header_only_scan,binary(wfdb),"full grid scan (3 participant mẫu: 1, 22, 43 x mọi session/gesture/trial)",3,43,2,3,True,10240,2048,32,mV,,sample_full_grid
Session3/session3_participant43/session3_participant43_gesture2_trial4,wfdb_header_only_scan,binary(wfdb),"full grid scan (3 participant mẫu: 1, 22, 43 x mọi session/gesture/trial)",3,43,2,4,True,10240,2048,32,mV,,sample_full_grid
Session3/session3_participant43/session3_participant43_gesture2_trial5,wfdb_header_only_scan,binary(wfdb),"full grid scan (3 participant mẫu: 1, 22, 43 x mọi session/gesture/trial)",3,43,2,5,True,10240,2048,32,mV,,sample_full_grid
Session3/session3_participant43/session3_participant43_gesture2_trial6,wfdb_header_only_scan,binary(wfdb),"full grid scan (3 participant mẫu: 1, 22, 43 x mọi session/gesture/trial)",3,43,2,6,True,10240,2048,32,mV,,sample_full_grid
Session3/session3_participant43/session3_participant43_gesture2_trial7,wfdb_header_only_scan,binary(wfdb),"full grid scan (3 participant mẫu: 1, 22, 43 x mọi session/gesture/trial)",3,43,2,7,True,10240,2048,32,mV,,sample_full_grid
Session3/session3_participant43/session3_participant43_gesture3_trial1,wfdb_header_only_scan,binary(wfdb),"full grid scan (3 participant mẫu: 1, 22, 43 x mọi session/gesture/trial)",3,43,3,1,True,10240,2048,32,mV,,sample_full_grid
Session3/session3_participant43/session3_participant43_gesture3_trial2,wfdb_header_only_scan,binary(wfdb),"full grid scan (3 participant mẫu: 1, 22, 43 x mọi session/gesture/trial)",3,43,3,2,True,10240,2048,32,mV,,sample_full_grid
Session3/session3_participant43/session3_participant43_gesture3_trial3,wfdb_header_only_scan,binary(wfdb),"full grid scan (3 participant mẫu: 1, 22, 43 x mọi session/gesture/trial)",3,43,3,3,True,10240,2048,32,mV,,sample_full_grid
Session3/session3_participant43/session3_participant43_gesture3_trial4,wfdb_header_only_scan,binary(wfdb),"full grid scan (3 participant mẫu: 1, 22, 43 x mọi session/gesture/trial)",3,43,3,4,True,10240,2048,32,mV,,sample_full_grid
Session3/session3_participant43/session3_participant43_gesture3_trial5,wfdb_header_only_scan,binary(wfdb),"full grid scan (3 participant mẫu: 1, 22, 43 x mọi session/gesture/trial)",3,43,3,5,True,10240,2048,32,mV,,sample_full_grid
Session3/session3_participant43/session3_participant43_gesture3_trial6,wfdb_header_only_scan,binary(wfdb),"full grid scan (3 participant mẫu: 1, 22, 43 x mọi session/gesture/trial)",3,43,3,6,True,10240,2048,32,mV,,sample_full_grid
Session3/session3_participant43/session3_participant43_gesture3_trial7,wfdb_header_only_scan,binary(wfdb),"full grid scan (3 participant mẫu: 1, 22, 43 x mọi session/gesture/trial)",3,43,3,7,True,10240,2048,32,mV,,sample_full_grid
Session3/session3_participant43/session3_participant43_gesture4_trial1,wfdb_header_only_scan,binary(wfdb),"full grid scan (3 participant mẫu: 1, 22, 43 x mọi session/gesture/trial)",3,43,4,1,True,10240,2048,32,mV,,sample_full_grid
Session3/session3_participant43/session3_participant43_gesture4_trial2,wfdb_header_only_scan,binary(wfdb),"full grid scan (3 participant mẫu: 1, 22, 43 x mọi session/gesture/trial)",3,43,4,2,True,10240,2048,32,mV,,sample_full_grid
Session3/session3_participant43/session3_participant43_gesture4_trial3,wfdb_header_only_scan,binary(wfdb),"full grid scan (3 participant mẫu: 1, 22, 43 x mọi session/gesture/trial)",3,43,4,3,True,10240,2048,32,mV,,sample_full_grid
Session3/session3_participant43/session3_participant43_gesture4_trial4,wfdb_header_only_scan,binary(wfdb),"full grid scan (3 participant mẫu: 1, 22, 43 x mọi session/gesture/trial)",3,43,4,4,True,10240,2048,32,mV,,sample_full_grid
Session3/session3_participant43/session3_participant43_gesture4_trial5,wfdb_header_only_scan,binary(wfdb),"full grid scan (3 participant mẫu: 1, 22, 43 x mọi session/gesture/trial)",3,43,4,5,True,10240,2048,32,mV,,sample_full_grid
Session3/session3_participant43/session3_participant43_gesture4_trial6,wfdb_header_only_scan,binary(wfdb),"full grid scan (3 participant mẫu: 1, 22, 43 x mọi session/gesture/trial)",3,43,4,6,True,10240,2048,32,mV,,sample_full_grid
Session3/session3_participant43/session3_participant43_gesture4_trial7,wfdb_header_only_scan,binary(wfdb),"full grid scan (3 participant mẫu: 1, 22, 43 x mọi session/gesture/trial)",3,43,4,7,True,10240,2048,32,mV,,sample_full_grid
Session3/session3_participant43/session3_participant43_gesture5_trial1,wfdb_header_only_scan,binary(wfdb),"full grid scan (3 participant mẫu: 1, 22, 43 x mọi session/gesture/trial)",3,43,5,1,True,10240,2048,32,mV,,sample_full_grid
Session3/session3_participant43/session3_participant43_gesture5_trial2,wfdb_header_only_scan,binary(wfdb),"full grid scan (3 participant mẫu: 1, 22, 43 x mọi session/gesture/trial)",3,43,5,2,True,10240,2048,32,mV,,sample_full_grid
Session3/session3_participant43/session3_participant43_gesture5_trial3,wfdb_header_only_scan,binary(wfdb),"full grid scan (3 participant mẫu: 1, 22, 43 x mọi session/gesture/trial)",3,43,5,3,True,10240,2048,32,mV,,sample_full_grid
Session3/session3_participant43/session3_participant43_gesture5_trial4,wfdb_header_only_scan,binary(wfdb),"full grid scan (3 participant mẫu: 1, 22, 43 x mọi session/gesture/trial)",3,43,5,4,True,10240,2048,32,mV,,sample_full_grid
Session3/session3_participant43/session3_participant43_gesture5_trial5,wfdb_header_only_scan,binary(wfdb),"full grid scan (3 participant mẫu: 1, 22, 43 x mọi session/gesture/trial)",3,43,5,5,True,10240,2048,32,mV,,sample_full_grid
Session3/session3_participant43/session3_participant43_gesture5_trial6,wfdb_header_only_scan,binary(wfdb),"full grid scan (3 participant mẫu: 1, 22, 43 x mọi session/gesture/trial)",3,43,5,6,True,10240,2048,32,mV,,sample_full_grid
Session3/session3_participant43/session3_participant43_gesture5_trial7,wfdb_header_only_scan,binary(wfdb),"full grid scan (3 participant mẫu: 1, 22, 43 x mọi session/gesture/trial)",3,43,5,7,True,10240,2048,32,mV,,sample_full_grid
Session3/session3_participant43/session3_participant43_gesture6_trial1,wfdb_header_only_scan,binary(wfdb),"full grid scan (3 participant mẫu: 1, 22, 43 x mọi session/gesture/trial)",3,43,6,1,True,10240,2048,32,mV,,sample_full_grid
Session3/session3_participant43/session3_participant43_gesture6_trial2,wfdb_header_only_scan,binary(wfdb),"full grid scan (3 participant mẫu: 1, 22, 43 x mọi session/gesture/trial)",3,43,6,2,True,10240,2048,32,mV,,sample_full_grid
Session3/session3_participant43/session3_participant43_gesture6_trial3,wfdb_header_only_scan,binary(wfdb),"full grid scan (3 participant mẫu: 1, 22, 43 x mọi session/gesture/trial)",3,43,6,3,True,10240,2048,32,mV,,sample_full_grid
Session3/session3_participant43/session3_participant43_gesture6_trial4,wfdb_header_only_scan,binary(wfdb),"full grid scan (3 participant mẫu: 1, 22, 43 x mọi session/gesture/trial)",3,43,6,4,True,10240,2048,32,mV,,sample_full_grid
Session3/session3_participant43/session3_participant43_gesture6_trial5,wfdb_header_only_scan,binary(wfdb),"full grid scan (3 participant mẫu: 1, 22, 43 x mọi session/gesture/trial)",3,43,6,5,True,10240,2048,32,mV,,sample_full_grid
Session3/session3_participant43/session3_participant43_gesture6_trial6,wfdb_header_only_scan,binary(wfdb),"full grid scan (3 participant mẫu: 1, 22, 43 x mọi session/gesture/trial)",3,43,6,6,True,10240,2048,32,mV,,sample_full_grid
Session3/session3_participant43/session3_participant43_gesture6_trial7,wfdb_header_only_scan,binary(wfdb),"full grid scan (3 participant mẫu: 1, 22, 43 x mọi session/gesture/trial)",3,43,6,7,True,10240,2048,32,mV,,sample_full_grid
Session3/session3_participant43/session3_participant43_gesture7_trial1,wfdb_header_only_scan,binary(wfdb),"full grid scan (3 participant mẫu: 1, 22, 43 x mọi session/gesture/trial)",3,43,7,1,True,10240,2048,32,mV,,sample_full_grid
Session3/session3_participant43/session3_participant43_gesture7_trial2,wfdb_header_only_scan,binary(wfdb),"full grid scan (3 participant mẫu: 1, 22, 43 x mọi session/gesture/trial)",3,43,7,2,True,10240,2048,32,mV,,sample_full_grid
Session3/session3_participant43/session3_participant43_gesture7_trial3,wfdb_header_only_scan,binary(wfdb),"full grid scan (3 participant mẫu: 1, 22, 43 x mọi session/gesture/trial)",3,43,7,3,True,10240,2048,32,mV,,sample_full_grid
Session3/session3_participant43/session3_participant43_gesture7_trial4,wfdb_header_only_scan,binary(wfdb),"full grid scan (3 participant mẫu: 1, 22, 43 x mọi session/gesture/trial)",3,43,7,4,True,10240,2048,32,mV,,sample_full_grid
Session3/session3_participant43/session3_participant43_gesture7_trial5,wfdb_header_only_scan,binary(wfdb),"full grid scan (3 participant mẫu: 1, 22, 43 x mọi session/gesture/trial)",3,43,7,5,True,10240,2048,32,mV,,sample_full_grid
Session3/session3_participant43/session3_participant43_gesture7_trial6,wfdb_header_only_scan,binary(wfdb),"full grid scan (3 participant mẫu: 1, 22, 43 x mọi session/gesture/trial)",3,43,7,6,True,10240,2048,32,mV,,sample_full_grid
Session3/session3_participant43/session3_participant43_gesture7_trial7,wfdb_header_only_scan,binary(wfdb),"full grid scan (3 participant mẫu: 1, 22, 43 x mọi session/gesture/trial)",3,43,7,7,True,10240,2048,32,mV,,sample_full_grid
Session3/session3_participant43/session3_participant43_gesture8_trial1,wfdb_header_only_scan,binary(wfdb),"full grid scan (3 participant mẫu: 1, 22, 43 x mọi session/gesture/trial)",3,43,8,1,True,10240,2048,32,mV,,sample_full_grid
Session3/session3_participant43/session3_participant43_gesture8_trial2,wfdb_header_only_scan,binary(wfdb),"full grid scan (3 participant mẫu: 1, 22, 43 x mọi session/gesture/trial)",3,43,8,2,True,10240,2048,32,mV,,sample_full_grid
Session3/session3_participant43/session3_participant43_gesture8_trial3,wfdb_header_only_scan,binary(wfdb),"full grid scan (3 participant mẫu: 1, 22, 43 x mọi session/gesture/trial)",3,43,8,3,True,10240,2048,32,mV,,sample_full_grid
Session3/session3_participant43/session3_participant43_gesture8_trial4,wfdb_header_only_scan,binary(wfdb),"full grid scan (3 participant mẫu: 1, 22, 43 x mọi session/gesture/trial)",3,43,8,4,True,10240,2048,32,mV,,sample_full_grid
Session3/session3_participant43/session3_participant43_gesture8_trial5,wfdb_header_only_scan,binary(wfdb),"full grid scan (3 participant mẫu: 1, 22, 43 x mọi session/gesture/trial)",3,43,8,5,True,10240,2048,32,mV,,sample_full_grid
Session3/session3_participant43/session3_participant43_gesture8_trial6,wfdb_header_only_scan,binary(wfdb),"full grid scan (3 participant mẫu: 1, 22, 43 x mọi session/gesture/trial)",3,43,8,6,True,10240,2048,32,mV,,sample_full_grid
Session3/session3_participant43/session3_participant43_gesture8_trial7,wfdb_header_only_scan,binary(wfdb),"full grid scan (3 participant mẫu: 1, 22, 43 x mọi session/gesture/trial)",3,43,8,7,True,10240,2048,32,mV,,sample_full_grid
Session3/session3_participant43/session3_participant43_gesture9_trial1,wfdb_header_only_scan,binary(wfdb),"full grid scan (3 participant mẫu: 1, 22, 43 x mọi session/gesture/trial)",3,43,9,1,True,10240,2048,32,mV,,sample_full_grid
Session3/session3_participant43/session3_participant43_gesture9_trial2,wfdb_header_only_scan,binary(wfdb),"full grid scan (3 participant mẫu: 1, 22, 43 x mọi session/gesture/trial)",3,43,9,2,True,10240,2048,32,mV,,sample_full_grid
Session3/session3_participant43/session3_participant43_gesture9_trial3,wfdb_header_only_scan,binary(wfdb),"full grid scan (3 participant mẫu: 1, 22, 43 x mọi session/gesture/trial)",3,43,9,3,True,10240,2048,32,mV,,sample_full_grid
Session3/session3_participant43/session3_participant43_gesture9_trial4,wfdb_header_only_scan,binary(wfdb),"full grid scan (3 participant mẫu: 1, 22, 43 x mọi session/gesture/trial)",3,43,9,4,True,10240,2048,32,mV,,sample_full_grid
Session3/session3_participant43/session3_participant43_gesture9_trial5,wfdb_header_only_scan,binary(wfdb),"full grid scan (3 participant mẫu: 1, 22, 43 x mọi session/gesture/trial)",3,43,9,5,True,10240,2048,32,mV,,sample_full_grid
Session3/session3_participant43/session3_participant43_gesture9_trial6,wfdb_header_only_scan,binary(wfdb),"full grid scan (3 participant mẫu: 1, 22, 43 x mọi session/gesture/trial)",3,43,9,6,True,10240,2048,32,mV,,sample_full_grid
Session3/session3_participant43/session3_participant43_gesture9_trial7,wfdb_header_only_scan,binary(wfdb),"full grid scan (3 participant mẫu: 1, 22, 43 x mọi session/gesture/trial)",3,43,9,7,True,10240,2048,32,mV,,sample_full_grid
Session3/session3_participant43/session3_participant43_gesture10_trial1,wfdb_header_only_scan,binary(wfdb),"full grid scan (3 participant mẫu: 1, 22, 43 x mọi session/gesture/trial)",3,43,10,1,True,10240,2048,32,mV,,sample_full_grid
Session3/session3_participant43/session3_participant43_gesture10_trial2,wfdb_header_only_scan,binary(wfdb),"full grid scan (3 participant mẫu: 1, 22, 43 x mọi session/gesture/trial)",3,43,10,2,True,10240,2048,32,mV,,sample_full_grid
Session3/session3_participant43/session3_participant43_gesture10_trial3,wfdb_header_only_scan,binary(wfdb),"full grid scan (3 participant mẫu: 1, 22, 43 x mọi session/gesture/trial)",3,43,10,3,True,10240,2048,32,mV,,sample_full_grid
Session3/session3_participant43/session3_participant43_gesture10_trial4,wfdb_header_only_scan,binary(wfdb),"full grid scan (3 participant mẫu: 1, 22, 43 x mọi session/gesture/trial)",3,43,10,4,True,10240,2048,32,mV,,sample_full_grid
Session3/session3_participant43/session3_participant43_gesture10_trial5,wfdb_header_only_scan,binary(wfdb),"full grid scan (3 participant mẫu: 1, 22, 43 x mọi session/gesture/trial)",3,43,10,5,True,10240,2048,32,mV,,sample_full_grid
Session3/session3_participant43/session3_participant43_gesture10_trial6,wfdb_header_only_scan,binary(wfdb),"full grid scan (3 participant mẫu: 1, 22, 43 x mọi session/gesture/trial)",3,43,10,6,True,10240,2048,32,mV,,sample_full_grid
Session3/session3_participant43/session3_participant43_gesture10_trial7,wfdb_header_only_scan,binary(wfdb),"full grid scan (3 participant mẫu: 1, 22, 43 x mọi session/gesture/trial)",3,43,10,7,True,10240,2048,32,mV,,sample_full_grid
Session3/session3_participant43/session3_participant43_gesture11_trial1,wfdb_header_only_scan,binary(wfdb),"full grid scan (3 participant mẫu: 1, 22, 43 x mọi session/gesture/trial)",3,43,11,1,True,10240,2048,32,mV,,sample_full_grid
Session3/session3_participant43/session3_participant43_gesture11_trial2,wfdb_header_only_scan,binary(wfdb),"full grid scan (3 participant mẫu: 1, 22, 43 x mọi session/gesture/trial)",3,43,11,2,True,10240,2048,32,mV,,sample_full_grid
Session3/session3_participant43/session3_participant43_gesture11_trial3,wfdb_header_only_scan,binary(wfdb),"full grid scan (3 participant mẫu: 1, 22, 43 x mọi session/gesture/trial)",3,43,11,3,True,10240,2048,32,mV,,sample_full_grid
Session3/session3_participant43/session3_participant43_gesture11_trial4,wfdb_header_only_scan,binary(wfdb),"full grid scan (3 participant mẫu: 1, 22, 43 x mọi session/gesture/trial)",3,43,11,4,True,10240,2048,32,mV,,sample_full_grid
Session3/session3_participant43/session3_participant43_gesture11_trial5,wfdb_header_only_scan,binary(wfdb),"full grid scan (3 participant mẫu: 1, 22, 43 x mọi session/gesture/trial)",3,43,11,5,True,10240,2048,32,mV,,sample_full_grid
Session3/session3_participant43/session3_participant43_gesture11_trial6,wfdb_header_only_scan,binary(wfdb),"full grid scan (3 participant mẫu: 1, 22, 43 x mọi session/gesture/trial)",3,43,11,6,True,10240,2048,32,mV,,sample_full_grid
Session3/session3_participant43/session3_participant43_gesture11_trial7,wfdb_header_only_scan,binary(wfdb),"full grid scan (3 participant mẫu: 1, 22, 43 x mọi session/gesture/trial)",3,43,11,7,True,10240,2048,32,mV,,sample_full_grid
Session3/session3_participant43/session3_participant43_gesture12_trial1,wfdb_header_only_scan,binary(wfdb),"full grid scan (3 participant mẫu: 1, 22, 43 x mọi session/gesture/trial)",3,43,12,1,True,10240,2048,32,mV,,sample_full_grid
Session3/session3_participant43/session3_participant43_gesture12_trial2,wfdb_header_only_scan,binary(wfdb),"full grid scan (3 participant mẫu: 1, 22, 43 x mọi session/gesture/trial)",3,43,12,2,True,10240,2048,32,mV,,sample_full_grid
Session3/session3_participant43/session3_participant43_gesture12_trial3,wfdb_header_only_scan,binary(wfdb),"full grid scan (3 participant mẫu: 1, 22, 43 x mọi session/gesture/trial)",3,43,12,3,True,10240,2048,32,mV,,sample_full_grid
Session3/session3_participant43/session3_participant43_gesture12_trial4,wfdb_header_only_scan,binary(wfdb),"full grid scan (3 participant mẫu: 1, 22, 43 x mọi session/gesture/trial)",3,43,12,4,True,10240,2048,32,mV,,sample_full_grid
Session3/session3_participant43/session3_participant43_gesture12_trial5,wfdb_header_only_scan,binary(wfdb),"full grid scan (3 participant mẫu: 1, 22, 43 x mọi session/gesture/trial)",3,43,12,5,True,10240,2048,32,mV,,sample_full_grid
Session3/session3_participant43/session3_participant43_gesture12_trial6,wfdb_header_only_scan,binary(wfdb),"full grid scan (3 participant mẫu: 1, 22, 43 x mọi session/gesture/trial)",3,43,12,6,True,10240,2048,32,mV,,sample_full_grid
Session3/session3_participant43/session3_participant43_gesture12_trial7,wfdb_header_only_scan,binary(wfdb),"full grid scan (3 participant mẫu: 1, 22, 43 x mọi session/gesture/trial)",3,43,12,7,True,10240,2048,32,mV,,sample_full_grid
Session3/session3_participant43/session3_participant43_gesture13_trial1,wfdb_header_only_scan,binary(wfdb),"full grid scan (3 participant mẫu: 1, 22, 43 x mọi session/gesture/trial)",3,43,13,1,True,10240,2048,32,mV,,sample_full_grid
Session3/session3_participant43/session3_participant43_gesture13_trial2,wfdb_header_only_scan,binary(wfdb),"full grid scan (3 participant mẫu: 1, 22, 43 x mọi session/gesture/trial)",3,43,13,2,True,10240,2048,32,mV,,sample_full_grid
Session3/session3_participant43/session3_participant43_gesture13_trial3,wfdb_header_only_scan,binary(wfdb),"full grid scan (3 participant mẫu: 1, 22, 43 x mọi session/gesture/trial)",3,43,13,3,True,10240,2048,32,mV,,sample_full_grid
Session3/session3_participant43/session3_participant43_gesture13_trial4,wfdb_header_only_scan,binary(wfdb),"full grid scan (3 participant mẫu: 1, 22, 43 x mọi session/gesture/trial)",3,43,13,4,True,10240,2048,32,mV,,sample_full_grid
Session3/session3_participant43/session3_participant43_gesture13_trial5,wfdb_header_only_scan,binary(wfdb),"full grid scan (3 participant mẫu: 1, 22, 43 x mọi session/gesture/trial)",3,43,13,5,True,10240,2048,32,mV,,sample_full_grid
Session3/session3_participant43/session3_participant43_gesture13_trial6,wfdb_header_only_scan,binary(wfdb),"full grid scan (3 participant mẫu: 1, 22, 43 x mọi session/gesture/trial)",3,43,13,6,True,10240,2048,32,mV,,sample_full_grid
Session3/session3_participant43/session3_participant43_gesture13_trial7,wfdb_header_only_scan,binary(wfdb),"full grid scan (3 participant mẫu: 1, 22, 43 x mọi session/gesture/trial)",3,43,13,7,True,10240,2048,32,mV,,sample_full_grid
Session3/session3_participant43/session3_participant43_gesture14_trial1,wfdb_header_only_scan,binary(wfdb),"full grid scan (3 participant mẫu: 1, 22, 43 x mọi session/gesture/trial)",3,43,14,1,True,10240,2048,32,mV,,sample_full_grid
Session3/session3_participant43/session3_participant43_gesture14_trial2,wfdb_header_only_scan,binary(wfdb),"full grid scan (3 participant mẫu: 1, 22, 43 x mọi session/gesture/trial)",3,43,14,2,True,10240,2048,32,mV,,sample_full_grid
Session3/session3_participant43/session3_participant43_gesture14_trial3,wfdb_header_only_scan,binary(wfdb),"full grid scan (3 participant mẫu: 1, 22, 43 x mọi session/gesture/trial)",3,43,14,3,True,10240,2048,32,mV,,sample_full_grid
Session3/session3_participant43/session3_participant43_gesture14_trial4,wfdb_header_only_scan,binary(wfdb),"full grid scan (3 participant mẫu: 1, 22, 43 x mọi session/gesture/trial)",3,43,14,4,True,10240,2048,32,mV,,sample_full_grid
Session3/session3_participant43/session3_participant43_gesture14_trial5,wfdb_header_only_scan,binary(wfdb),"full grid scan (3 participant mẫu: 1, 22, 43 x mọi session/gesture/trial)",3,43,14,5,True,10240,2048,32,mV,,sample_full_grid
Session3/session3_participant43/session3_participant43_gesture14_trial6,wfdb_header_only_scan,binary(wfdb),"full grid scan (3 participant mẫu: 1, 22, 43 x mọi session/gesture/trial)",3,43,14,6,True,10240,2048,32,mV,,sample_full_grid
Session3/session3_participant43/session3_participant43_gesture14_trial7,wfdb_header_only_scan,binary(wfdb),"full grid scan (3 participant mẫu: 1, 22, 43 x mọi session/gesture/trial)",3,43,14,7,True,10240,2048,32,mV,,sample_full_grid
Session3/session3_participant43/session3_participant43_gesture15_trial1,wfdb_header_only_scan,binary(wfdb),"full grid scan (3 participant mẫu: 1, 22, 43 x mọi session/gesture/trial)",3,43,15,1,True,10240,2048,32,mV,,sample_full_grid
Session3/session3_participant43/session3_participant43_gesture15_trial2,wfdb_header_only_scan,binary(wfdb),"full grid scan (3 participant mẫu: 1, 22, 43 x mọi session/gesture/trial)",3,43,15,2,True,10240,2048,32,mV,,sample_full_grid
Session3/session3_participant43/session3_participant43_gesture15_trial3,wfdb_header_only_scan,binary(wfdb),"full grid scan (3 participant mẫu: 1, 22, 43 x mọi session/gesture/trial)",3,43,15,3,True,10240,2048,32,mV,,sample_full_grid
Session3/session3_participant43/session3_participant43_gesture15_trial4,wfdb_header_only_scan,binary(wfdb),"full grid scan (3 participant mẫu: 1, 22, 43 x mọi session/gesture/trial)",3,43,15,4,True,10240,2048,32,mV,,sample_full_grid
Session3/session3_participant43/session3_participant43_gesture15_trial5,wfdb_header_only_scan,binary(wfdb),"full grid scan (3 participant mẫu: 1, 22, 43 x mọi session/gesture/trial)",3,43,15,5,True,10240,2048,32,mV,,sample_full_grid
Session3/session3_participant43/session3_participant43_gesture15_trial6,wfdb_header_only_scan,binary(wfdb),"full grid scan (3 participant mẫu: 1, 22, 43 x mọi session/gesture/trial)",3,43,15,6,True,10240,2048,32,mV,,sample_full_grid
Session3/session3_participant43/session3_participant43_gesture15_trial7,wfdb_header_only_scan,binary(wfdb),"full grid scan (3 participant mẫu: 1, 22, 43 x mọi session/gesture/trial)",3,43,15,7,True,10240,2048,32,mV,,sample_full_grid
Session3/session3_participant43/session3_participant43_gesture16_trial1,wfdb_header_only_scan,binary(wfdb),"full grid scan (3 participant mẫu: 1, 22, 43 x mọi session/gesture/trial)",3,43,16,1,True,10240,2048,32,mV,,sample_full_grid
Session3/session3_participant43/session3_participant43_gesture16_trial2,wfdb_header_only_scan,binary(wfdb),"full grid scan (3 participant mẫu: 1, 22, 43 x mọi session/gesture/trial)",3,43,16,2,True,10240,2048,32,mV,,sample_full_grid
Session3/session3_participant43/session3_participant43_gesture16_trial3,wfdb_header_only_scan,binary(wfdb),"full grid scan (3 participant mẫu: 1, 22, 43 x mọi session/gesture/trial)",3,43,16,3,True,10240,2048,32,mV,,sample_full_grid
Session3/session3_participant43/session3_participant43_gesture16_trial4,wfdb_header_only_scan,binary(wfdb),"full grid scan (3 participant mẫu: 1, 22, 43 x mọi session/gesture/trial)",3,43,16,4,True,10240,2048,32,mV,,sample_full_grid
Session3/session3_participant43/session3_participant43_gesture16_trial5,wfdb_header_only_scan,binary(wfdb),"full grid scan (3 participant mẫu: 1, 22, 43 x mọi session/gesture/trial)",3,43,16,5,True,10240,2048,32,mV,,sample_full_grid
Session3/session3_participant43/session3_participant43_gesture16_trial6,wfdb_header_only_scan,binary(wfdb),"full grid scan (3 participant mẫu: 1, 22, 43 x mọi session/gesture/trial)",3,43,16,6,True,10240,2048,32,mV,,sample_full_grid
Session3/session3_participant43/session3_participant43_gesture16_trial7,wfdb_header_only_scan,binary(wfdb),"full grid scan (3 participant mẫu: 1, 22, 43 x mọi session/gesture/trial)",3,43,16,7,True,10240,2048,32,mV,,sample_full_grid
Session3/session3_participant43/session3_participant43_gesture17_trial1,wfdb_header_only_scan,binary(wfdb),"full grid scan (3 participant mẫu: 1, 22, 43 x mọi session/gesture/trial)",3,43,17,1,True,10240,2048,32,mV,,sample_full_grid
Session3/session3_participant43/session3_participant43_gesture17_trial2,wfdb_header_only_scan,binary(wfdb),"full grid scan (3 participant mẫu: 1, 22, 43 x mọi session/gesture/trial)",3,43,17,2,True,10240,2048,32,mV,,sample_full_grid
Session3/session3_participant43/session3_participant43_gesture17_trial3,wfdb_header_only_scan,binary(wfdb),"full grid scan (3 participant mẫu: 1, 22, 43 x mọi session/gesture/trial)",3,43,17,3,True,10240,2048,32,mV,,sample_full_grid
Session3/session3_participant43/session3_participant43_gesture17_trial4,wfdb_header_only_scan,binary(wfdb),"full grid scan (3 participant mẫu: 1, 22, 43 x mọi session/gesture/trial)",3,43,17,4,True,10240,2048,32,mV,,sample_full_grid
Session3/session3_participant43/session3_participant43_gesture17_trial5,wfdb_header_only_scan,binary(wfdb),"full grid scan (3 participant mẫu: 1, 22, 43 x mọi session/gesture/trial)",3,43,17,5,True,10240,2048,32,mV,,sample_full_grid
Session3/session3_participant43/session3_participant43_gesture17_trial6,wfdb_header_only_scan,binary(wfdb),"full grid scan (3 participant mẫu: 1, 22, 43 x mọi session/gesture/trial)",3,43,17,6,True,10240,2048,32,mV,,sample_full_grid
Session3/session3_participant43/session3_participant43_gesture17_trial7,wfdb_header_only_scan,binary(wfdb),"full grid scan (3 participant mẫu: 1, 22, 43 x mọi session/gesture/trial)",3,43,17,7,True,10240,2048,32,mV,,sample_full_grid
